# neutron spectrum : NEAR-SKopanos-nomod-20cm-ver2
# binning mode     : Late Rebin/Bin (Master Grid)
# ssf model        : normal
# flux interp flag : 1/E
# extrap mode      : 1
# filter thickness :      0.0 mm
# sample thickness : 5.907e-07 atoms/b (    0.10 um)
# kT fitted        :    0.039 eV ( 3.867e-02 eV)
# MB-SACS          :  7.148e+01 b
# MACS             :  8.065e+01 b
#   elow[eV]     eup[eV]       nflux       f-nflux     ssf-nflux    mb-nflux    iso_xs[b]
1.049519e-03 1.061671e-03 2.907867e+07 2.907867e+07 2.907446e+07 8.561666e+06 4.788546e+02
1.061671e-03 1.073963e-03 2.881847e+07 2.881847e+07 2.881432e+07 8.626994e+06 4.761088e+02
1.073963e-03 1.086398e-03 2.767950e+07 2.767950e+07 2.767558e+07 8.912955e+06 4.733787e+02
1.086398e-03 1.098977e-03 2.767950e+07 2.767950e+07 2.767558e+07 8.912955e+06 4.706641e+02
1.098977e-03 1.111702e-03 2.767950e+07 2.767950e+07 2.767558e+07 8.912955e+06 4.679652e+02
1.111702e-03 1.124574e-03 2.767950e+07 2.767950e+07 2.767558e+07 8.912955e+06 4.652817e+02
1.124574e-03 1.137594e-03 2.767950e+07 2.767950e+07 2.767558e+07 8.912955e+06 4.626137e+02
1.137594e-03 1.150766e-03 2.883605e+07 2.883605e+07 2.883212e+07 9.588954e+06 4.599610e+02
1.150766e-03 1.164090e-03 2.887350e+07 2.887350e+07 2.886956e+07 9.610841e+06 4.573234e+02
1.164090e-03 1.177569e-03 2.887350e+07 2.887350e+07 2.886956e+07 9.610841e+06 4.547009e+02
1.177569e-03 1.191203e-03 2.887350e+07 2.887350e+07 2.886956e+07 9.610841e+06 4.520935e+02
1.191203e-03 1.204995e-03 2.910908e+07 2.910908e+07 2.910514e+07 9.751300e+06 4.495012e+02
1.204995e-03 1.218947e-03 2.925113e+07 2.925113e+07 2.924719e+07 9.836006e+06 4.469237e+02
1.218947e-03 1.233061e-03 2.925505e+07 2.925505e+07 2.925111e+07 9.838357e+06 4.443608e+02
1.233061e-03 1.247338e-03 2.925505e+07 2.925505e+07 2.925111e+07 9.838357e+06 4.418127e+02
1.247338e-03 1.261780e-03 2.925505e+07 2.925505e+07 2.925111e+07 9.838357e+06 4.392793e+02
1.261780e-03 1.276390e-03 2.925505e+07 2.925505e+07 2.925111e+07 9.838357e+06 4.367603e+02
1.276390e-03 1.291168e-03 2.925505e+07 2.925505e+07 2.925111e+07 9.838357e+06 4.342558e+02
1.291168e-03 1.306118e-03 2.925505e+07 2.925505e+07 2.925111e+07 9.838357e+06 4.317657e+02
1.306118e-03 1.321241e-03 2.930758e+07 2.930758e+07 2.930364e+07 9.870888e+06 4.292898e+02
1.321241e-03 1.336539e-03 3.203164e+07 3.203164e+07 3.202767e+07 1.155783e+07 4.268281e+02
1.336539e-03 1.352014e-03 3.203164e+07 3.203164e+07 3.202767e+07 1.155783e+07 4.243806e+02
1.352014e-03 1.367668e-03 3.203164e+07 3.203164e+07 3.202767e+07 1.155783e+07 4.219471e+02
1.367668e-03 1.383504e-03 3.203164e+07 3.203164e+07 3.202767e+07 1.155783e+07 4.195275e+02
1.383504e-03 1.399523e-03 3.203164e+07 3.203164e+07 3.202767e+07 1.155783e+07 4.171218e+02
1.399523e-03 1.415727e-03 3.203164e+07 3.203164e+07 3.202767e+07 1.155783e+07 4.147299e+02
1.415727e-03 1.432119e-03 3.203164e+07 3.203164e+07 3.202767e+07 1.155783e+07 4.123518e+02
1.432119e-03 1.448701e-03 3.203165e+07 3.203165e+07 3.202768e+07 1.155784e+07 4.099877e+02
1.448701e-03 1.465475e-03 3.203165e+07 3.203165e+07 3.202768e+07 1.155784e+07 4.076374e+02
1.465475e-03 1.482443e-03 3.203165e+07 3.203165e+07 3.202768e+07 1.155784e+07 4.053006e+02
1.482443e-03 1.499607e-03 3.203165e+07 3.203165e+07 3.202768e+07 1.155784e+07 4.029773e+02
1.499607e-03 1.516970e-03 3.203165e+07 3.203165e+07 3.202768e+07 1.155784e+07 4.006673e+02
1.516970e-03 1.534535e-03 3.203165e+07 3.203165e+07 3.202768e+07 1.155784e+07 3.983705e+02
1.534535e-03 1.552302e-03 3.203165e+07 3.203165e+07 3.202768e+07 1.155784e+07 3.960868e+02
1.552302e-03 1.570276e-03 3.358148e+07 3.358148e+07 3.357749e+07 1.258059e+07 3.938163e+02
1.570276e-03 1.588457e-03 3.508258e+07 3.508258e+07 3.507857e+07 1.357118e+07 3.915587e+02
1.588457e-03 1.606849e-03 3.508258e+07 3.508258e+07 3.507857e+07 1.357118e+07 3.893141e+02
1.606849e-03 1.625454e-03 3.508258e+07 3.508258e+07 3.507857e+07 1.357118e+07 3.870824e+02
1.625454e-03 1.644274e-03 3.508258e+07 3.508258e+07 3.507857e+07 1.357118e+07 3.848635e+02
1.644274e-03 1.663312e-03 3.508258e+07 3.508258e+07 3.507857e+07 1.357118e+07 3.826573e+02
1.663312e-03 1.682571e-03 3.508258e+07 3.508258e+07 3.507857e+07 1.357118e+07 3.804638e+02
1.682571e-03 1.702053e-03 3.508258e+07 3.508258e+07 3.507857e+07 1.357118e+07 3.782827e+02
1.702053e-03 1.721760e-03 3.531568e+07 3.531568e+07 3.531167e+07 1.373046e+07 3.761142e+02
1.721760e-03 1.741695e-03 3.553485e+07 3.553485e+07 3.553083e+07 1.388021e+07 3.739582e+02
1.741695e-03 1.761861e-03 3.553518e+07 3.553518e+07 3.553117e+07 1.388044e+07 3.718146e+02
1.761861e-03 1.782261e-03 3.553518e+07 3.553518e+07 3.553117e+07 1.388044e+07 3.696831e+02
1.782261e-03 1.802897e-03 3.553518e+07 3.553518e+07 3.553117e+07 1.388044e+07 3.675639e+02
1.802897e-03 1.823772e-03 3.553518e+07 3.553518e+07 3.553117e+07 1.388044e+07 3.654569e+02
1.823772e-03 1.844888e-03 3.588335e+07 3.588335e+07 3.587933e+07 1.412464e+07 3.633619e+02
1.844888e-03 1.866249e-03 3.792286e+07 3.792286e+07 3.791882e+07 1.555514e+07 3.612790e+02
1.866249e-03 1.887858e-03 3.792286e+07 3.792286e+07 3.791882e+07 1.555514e+07 3.592080e+02
1.887858e-03 1.909716e-03 3.792286e+07 3.792286e+07 3.791882e+07 1.555514e+07 3.571488e+02
1.909716e-03 1.931828e-03 3.792286e+07 3.792286e+07 3.791882e+07 1.555514e+07 3.551015e+02
1.931828e-03 1.954196e-03 3.792287e+07 3.792287e+07 3.791882e+07 1.555514e+07 3.530659e+02
1.954196e-03 1.976822e-03 3.792288e+07 3.792288e+07 3.791884e+07 1.555515e+07 3.510426e+02
1.976822e-03 1.999711e-03 3.792288e+07 3.792288e+07 3.791884e+07 1.555515e+07 3.490312e+02
1.999711e-03 2.022864e-03 3.792288e+07 3.792288e+07 3.791884e+07 1.555515e+07 3.470315e+02
2.022864e-03 2.046286e-03 3.899161e+07 3.899161e+07 3.898756e+07 1.633131e+07 3.450431e+02
2.046286e-03 2.069979e-03 3.956740e+07 3.956740e+07 3.956334e+07 1.674947e+07 3.430661e+02
2.069979e-03 2.093946e-03 3.956740e+07 3.956740e+07 3.956334e+07 1.674947e+07 3.411005e+02
2.093946e-03 2.118191e-03 3.956740e+07 3.956740e+07 3.956334e+07 1.674947e+07 3.391462e+02
2.118191e-03 2.142717e-03 3.956740e+07 3.956740e+07 3.956334e+07 1.674947e+07 3.372030e+02
2.142717e-03 2.167526e-03 3.956740e+07 3.956740e+07 3.956334e+07 1.674947e+07 3.352709e+02
2.167526e-03 2.192623e-03 3.956740e+07 3.956740e+07 3.956334e+07 1.674947e+07 3.333500e+02
2.192623e-03 2.218010e-03 3.956740e+07 3.956740e+07 3.956334e+07 1.674947e+07 3.314400e+02
2.218010e-03 2.243691e-03 2.786384e+07 2.786384e+07 2.786101e+07 1.754710e+07 3.295410e+02
2.243691e-03 2.269670e-03 1.284750e+07 1.284750e+07 1.284625e+07 1.857052e+07 3.276529e+02
2.269670e-03 2.295949e-03 1.284750e+07 1.284750e+07 1.284625e+07 1.857052e+07 3.257755e+02
2.295949e-03 2.322533e-03 1.284750e+07 1.284750e+07 1.284625e+07 1.857052e+07 3.239090e+02
2.322533e-03 2.349424e-03 1.284750e+07 1.284750e+07 1.284625e+07 1.857052e+07 3.220531e+02
2.349424e-03 2.376627e-03 1.284750e+07 1.284750e+07 1.284625e+07 1.857052e+07 3.202079e+02
2.376627e-03 2.404145e-03 1.284750e+07 1.284750e+07 1.284625e+07 1.857052e+07 3.183732e+02
2.404145e-03 2.431981e-03 1.248706e+07 1.248706e+07 1.248586e+07 1.908617e+07 3.165491e+02
2.431981e-03 2.460140e-03 1.221141e+07 1.221141e+07 1.221025e+07 1.948052e+07 3.147354e+02
2.460140e-03 2.488624e-03 1.221141e+07 1.221141e+07 1.221025e+07 1.948052e+07 3.129321e+02
2.488624e-03 2.517439e-03 1.211242e+07 1.211242e+07 1.211127e+07 1.963233e+07 3.111391e+02
2.517439e-03 2.546587e-03 1.192853e+07 1.192853e+07 1.192741e+07 1.991436e+07 3.093564e+02
2.546587e-03 2.576073e-03 1.192821e+07 1.192821e+07 1.192709e+07 1.991485e+07 3.075839e+02
2.576073e-03 2.605900e-03 1.179959e+07 1.179959e+07 1.179848e+07 2.012563e+07 3.058216e+02
2.605900e-03 2.636072e-03 1.137497e+07 1.137497e+07 1.137392e+07 2.082144e+07 3.040693e+02
2.636072e-03 2.666594e-03 1.137496e+07 1.137496e+07 1.137392e+07 2.082144e+07 3.023272e+02
2.666594e-03 2.697469e-03 1.137496e+07 1.137496e+07 1.137392e+07 2.082145e+07 3.005960e+02
2.697469e-03 2.728702e-03 1.137496e+07 1.137496e+07 1.137392e+07 2.082145e+07 2.988752e+02
2.728702e-03 2.760296e-03 1.137496e+07 1.137496e+07 1.137392e+07 2.082145e+07 2.971643e+02
2.760296e-03 2.792256e-03 1.137496e+07 1.137496e+07 1.137392e+07 2.082145e+07 2.954632e+02
2.792256e-03 2.824586e-03 1.045468e+07 1.045468e+07 1.045376e+07 2.254488e+07 2.937718e+02
2.824586e-03 2.857290e-03 1.033120e+07 1.033120e+07 1.033030e+07 2.277614e+07 2.920902e+02
2.857290e-03 2.890374e-03 1.033120e+07 1.033120e+07 1.033030e+07 2.277614e+07 2.904181e+02
2.890374e-03 2.923840e-03 1.033120e+07 1.033120e+07 1.033030e+07 2.277614e+07 2.887556e+02
2.923840e-03 2.957693e-03 1.033120e+07 1.033120e+07 1.033030e+07 2.277614e+07 2.871026e+02
2.957693e-03 2.991939e-03 1.033120e+07 1.033120e+07 1.033030e+07 2.277614e+07 2.854591e+02
2.991939e-03 3.026581e-03 1.033120e+07 1.033120e+07 1.033030e+07 2.277614e+07 2.838250e+02
3.026581e-03 3.061624e-03 1.033120e+07 1.033120e+07 1.033030e+07 2.277614e+07 2.822003e+02
3.061624e-03 3.097073e-03 1.033120e+07 1.033120e+07 1.033030e+07 2.277614e+07 2.805848e+02
3.097073e-03 3.132933e-03 1.763707e+07 1.763707e+07 1.763561e+07 2.493753e+07 2.789786e+02
3.132933e-03 3.169207e-03 1.849200e+07 1.849200e+07 1.849047e+07 2.519046e+07 2.773816e+02
3.169207e-03 3.205902e-03 1.849200e+07 1.849200e+07 1.849047e+07 2.519046e+07 2.757937e+02
3.205902e-03 3.243022e-03 1.849200e+07 1.849200e+07 1.849047e+07 2.519046e+07 2.742149e+02
3.243022e-03 3.280571e-03 1.849200e+07 1.849200e+07 1.849047e+07 2.519046e+07 2.726452e+02
3.280571e-03 3.318555e-03 1.849200e+07 1.849200e+07 1.849047e+07 2.519046e+07 2.710844e+02
3.318555e-03 3.356979e-03 1.849200e+07 1.849200e+07 1.849047e+07 2.519046e+07 2.695326e+02
3.356979e-03 3.395848e-03 1.849200e+07 1.849200e+07 1.849047e+07 2.519046e+07 2.679897e+02
3.395848e-03 3.435166e-03 1.849200e+07 1.849200e+07 1.849047e+07 2.519046e+07 2.664556e+02
3.435166e-03 3.474940e-03 1.840195e+07 1.840195e+07 1.840047e+07 2.675401e+07 2.649303e+02
3.474940e-03 3.515175e-03 1.834747e+07 1.834747e+07 1.834603e+07 2.769991e+07 2.634137e+02
3.515175e-03 3.555875e-03 1.834747e+07 1.834747e+07 1.834603e+07 2.769991e+07 2.619058e+02
3.555875e-03 3.597047e-03 1.834747e+07 1.834747e+07 1.834603e+07 2.769991e+07 2.604065e+02
3.597047e-03 3.638695e-03 1.834747e+07 1.834747e+07 1.834603e+07 2.769991e+07 2.589158e+02
3.638695e-03 3.680826e-03 1.834033e+07 1.834033e+07 1.833888e+07 2.783009e+07 2.574354e+02
3.680826e-03 3.723444e-03 1.588126e+07 1.588126e+07 1.588002e+07 2.827652e+07 2.559642e+02
3.723444e-03 3.766556e-03 1.576595e+07 1.576595e+07 1.576472e+07 2.829735e+07 2.545013e+02
3.766556e-03 3.810167e-03 1.490596e+07 1.490596e+07 1.490480e+07 2.850351e+07 2.530469e+02
3.810167e-03 3.854283e-03 1.084553e+07 1.084553e+07 1.084470e+07 2.947688e+07 2.516007e+02
3.854283e-03 3.898910e-03 1.081877e+07 1.081877e+07 1.081794e+07 2.948488e+07 2.501628e+02
3.898910e-03 3.944054e-03 1.062958e+07 1.062958e+07 1.062877e+07 2.954149e+07 2.487331e+02
3.944054e-03 3.989720e-03 1.028065e+07 1.028065e+07 1.027987e+07 2.966932e+07 2.473116e+02
3.989720e-03 4.035915e-03 7.421810e+06 7.421810e+06 7.421256e+06 3.071663e+07 2.458982e+02
4.035915e-03 4.082645e-03 7.421810e+06 7.421810e+06 7.421256e+06 3.071663e+07 2.444929e+02
4.082645e-03 4.129915e-03 7.421810e+06 7.421810e+06 7.421256e+06 3.071663e+07 2.430957e+02
4.129915e-03 4.177734e-03 7.421810e+06 7.421810e+06 7.421256e+06 3.071663e+07 2.417064e+02
4.177734e-03 4.226105e-03 7.421810e+06 7.421810e+06 7.421256e+06 3.071663e+07 2.403250e+02
4.226105e-03 4.275037e-03 7.421810e+06 7.421810e+06 7.421256e+06 3.071663e+07 2.389516e+02
4.275037e-03 4.324536e-03 7.146309e+06 7.146309e+06 7.145784e+06 3.182850e+07 2.375860e+02
4.324536e-03 4.374608e-03 6.643710e+06 6.643710e+06 6.643240e+06 3.385689e+07 2.362282e+02
4.374608e-03 4.425259e-03 6.643710e+06 6.643710e+06 6.643240e+06 3.385689e+07 2.348781e+02
4.425259e-03 4.476497e-03 6.643710e+06 6.643710e+06 6.643240e+06 3.385689e+07 2.335358e+02
4.476497e-03 4.528328e-03 6.643710e+06 6.643710e+06 6.643240e+06 3.385689e+07 2.322012e+02
4.528328e-03 4.580759e-03 6.643710e+06 6.643710e+06 6.643240e+06 3.385689e+07 2.308742e+02
4.580759e-03 4.633797e-03 6.643710e+06 6.643710e+06 6.643240e+06 3.385689e+07 2.295547e+02
4.633797e-03 4.687450e-03 6.643710e+06 6.643710e+06 6.643240e+06 3.385689e+07 2.282428e+02
4.687450e-03 4.741723e-03 6.643710e+06 6.643710e+06 6.643240e+06 3.385689e+07 2.269384e+02
4.741723e-03 4.796625e-03 2.041149e+07 2.041149e+07 2.041010e+07 3.630875e+07 2.256415e+02
4.796625e-03 4.852163e-03 2.147386e+07 2.147386e+07 2.147240e+07 3.649795e+07 2.243519e+02
4.852163e-03 4.908344e-03 2.147386e+07 2.147386e+07 2.147240e+07 3.649795e+07 2.230698e+02
4.908344e-03 4.965175e-03 2.147390e+07 2.147390e+07 2.147244e+07 3.649795e+07 2.217949e+02
4.965175e-03 5.022664e-03 2.351724e+07 2.351724e+07 2.351565e+07 3.668635e+07 2.205284e+02
5.022664e-03 5.080819e-03 2.979940e+07 2.979940e+07 2.979740e+07 3.726558e+07 2.192693e+02
5.080819e-03 5.139647e-03 2.979940e+07 2.979940e+07 2.979740e+07 3.726558e+07 2.180175e+02
5.139647e-03 5.199157e-03 2.979940e+07 2.979940e+07 2.979740e+07 3.726558e+07 2.167728e+02
5.199157e-03 5.259355e-03 2.979940e+07 2.979940e+07 2.979740e+07 3.726558e+07 2.155352e+02
5.259355e-03 5.320250e-03 2.979940e+07 2.979940e+07 2.979740e+07 3.726558e+07 2.143046e+02
5.320250e-03 5.381851e-03 3.038930e+07 3.038930e+07 3.038730e+07 3.846822e+07 2.130811e+02
5.381851e-03 5.444165e-03 3.160810e+07 3.160810e+07 3.160609e+07 4.095300e+07 2.118646e+02
5.444165e-03 5.507200e-03 3.160810e+07 3.160810e+07 3.160609e+07 4.095300e+07 2.106550e+02
5.507200e-03 5.570965e-03 3.160810e+07 3.160810e+07 3.160609e+07 4.095300e+07 2.094523e+02
5.570965e-03 5.635468e-03 3.160810e+07 3.160810e+07 3.160609e+07 4.095300e+07 2.082565e+02
5.635468e-03 5.700718e-03 3.160810e+07 3.160810e+07 3.160609e+07 4.095300e+07 2.070675e+02
5.700718e-03 5.766724e-03 3.104957e+07 3.104957e+07 3.104760e+07 4.121038e+07 2.058853e+02
5.766724e-03 5.833494e-03 2.900716e+07 2.900716e+07 2.900534e+07 4.215157e+07 2.047099e+02
5.833494e-03 5.901037e-03 2.900716e+07 2.900716e+07 2.900534e+07 4.215157e+07 2.035412e+02
5.901037e-03 5.969362e-03 2.900716e+07 2.900716e+07 2.900534e+07 4.215157e+07 2.023791e+02
5.969362e-03 6.038478e-03 2.900716e+07 2.900716e+07 2.900534e+07 4.215157e+07 2.012237e+02
6.038478e-03 6.108395e-03 2.611271e+07 2.611271e+07 2.611111e+07 4.372833e+07 2.000748e+02
6.108395e-03 6.179121e-03 2.421224e+07 2.421224e+07 2.421077e+07 4.476362e+07 1.989326e+02
6.179121e-03 6.250666e-03 2.421224e+07 2.421224e+07 2.421077e+07 4.476362e+07 1.977968e+02
6.250666e-03 6.323039e-03 2.411349e+07 2.411349e+07 2.411203e+07 4.482438e+07 1.966676e+02
6.323039e-03 6.396250e-03 2.720482e+07 2.720482e+07 2.720318e+07 4.520712e+07 1.955447e+02
6.396250e-03 6.470309e-03 3.156898e+07 3.156898e+07 3.156709e+07 4.558336e+07 1.944283e+02
6.470309e-03 6.545226e-03 3.156898e+07 3.156898e+07 3.156709e+07 4.558336e+07 1.933183e+02
6.545226e-03 6.621010e-03 4.966668e+07 4.966668e+07 4.966375e+07 4.649374e+07 1.922146e+02
6.621010e-03 6.697671e-03 7.007890e+07 7.007890e+07 7.007480e+07 4.752056e+07 1.911172e+02
6.697671e-03 6.775220e-03 7.007891e+07 7.007891e+07 7.007480e+07 4.752056e+07 1.900261e+02
6.775220e-03 6.853667e-03 7.007892e+07 7.007892e+07 7.007482e+07 4.752056e+07 1.889420e+02
6.853667e-03 6.933022e-03 1.017461e+08 1.017461e+08 1.017402e+08 4.831455e+07 1.878644e+02
6.933022e-03 7.013296e-03 1.366090e+08 1.366090e+08 1.366012e+08 4.918866e+07 1.867929e+02
7.013296e-03 7.094499e-03 1.366090e+08 1.366090e+08 1.366012e+08 4.918866e+07 1.857275e+02
7.094499e-03 7.176643e-03 1.366090e+08 1.366090e+08 1.366012e+08 4.918866e+07 1.846682e+02
7.176643e-03 7.259737e-03 1.366090e+08 1.366090e+08 1.366012e+08 4.918866e+07 1.836150e+02
7.259737e-03 7.343794e-03 1.366090e+08 1.366090e+08 1.366012e+08 4.918866e+07 1.825677e+02
7.343794e-03 7.428824e-03 1.366090e+08 1.366090e+08 1.366012e+08 4.918866e+07 1.815264e+02
7.428824e-03 7.514839e-03 5.126046e+07 5.126046e+07 5.125758e+07 5.275484e+07 1.804911e+02
7.514839e-03 7.601849e-03 2.773530e+07 2.773530e+07 2.773379e+07 5.373780e+07 1.794616e+02
7.601849e-03 7.689867e-03 2.773530e+07 2.773530e+07 2.773379e+07 5.373780e+07 1.784381e+02
7.689867e-03 7.778904e-03 2.773530e+07 2.773530e+07 2.773379e+07 5.373780e+07 1.774203e+02
7.778904e-03 7.868972e-03 2.773530e+07 2.773530e+07 2.773379e+07 5.373780e+07 1.764084e+02
7.868972e-03 7.960083e-03 2.773530e+07 2.773530e+07 2.773379e+07 5.373780e+07 1.754023e+02
7.960083e-03 8.052249e-03 2.773530e+07 2.773530e+07 2.773379e+07 5.373780e+07 1.744018e+02
8.052249e-03 8.145482e-03 2.773530e+07 2.773530e+07 2.773379e+07 5.373780e+07 1.734071e+02
8.145482e-03 8.239794e-03 2.773530e+07 2.773530e+07 2.773379e+07 5.373780e+07 1.724181e+02
8.239794e-03 8.335198e-03 3.285820e+07 3.285820e+07 3.285644e+07 5.504165e+07 1.714347e+02
8.335198e-03 8.431708e-03 4.670030e+07 4.670030e+07 4.669788e+07 5.856464e+07 1.704569e+02
8.431708e-03 8.529334e-03 4.670030e+07 4.670030e+07 4.669788e+07 5.856464e+07 1.694847e+02
8.529334e-03 8.628091e-03 4.670030e+07 4.670030e+07 4.669788e+07 5.856464e+07 1.685180e+02
8.628091e-03 8.727991e-03 4.670030e+07 4.670030e+07 4.669788e+07 5.856464e+07 1.675569e+02
8.727991e-03 8.829048e-03 4.670030e+07 4.670030e+07 4.669788e+07 5.856464e+07 1.666012e+02
8.829048e-03 8.931275e-03 4.670030e+07 4.670030e+07 4.669788e+07 5.856464e+07 1.656510e+02
8.931275e-03 9.034686e-03 4.033809e+07 4.033809e+07 4.033602e+07 5.967139e+07 1.647062e+02
9.034686e-03 9.139294e-03 3.382218e+07 3.382218e+07 3.382047e+07 6.080487e+07 1.637668e+02
9.139294e-03 9.245113e-03 3.382216e+07 3.382216e+07 3.382045e+07 6.080488e+07 1.628327e+02
9.245113e-03 9.352158e-03 3.212318e+07 3.212318e+07 3.212157e+07 6.118851e+07 1.619054e+02
9.352158e-03 9.460441e-03 2.884043e+07 2.884043e+07 2.883899e+07 6.192977e+07 1.609835e+02
9.460441e-03 9.569979e-03 2.884043e+07 2.884043e+07 2.883899e+07 6.192977e+07 1.600668e+02
9.569979e-03 9.680785e-03 2.452436e+07 2.452436e+07 2.452315e+07 6.313420e+07 1.591554e+02
9.680785e-03 9.792874e-03 2.267010e+07 2.267010e+07 2.266899e+07 6.365164e+07 1.582491e+02
9.792874e-03 9.906261e-03 2.267010e+07 2.267010e+07 2.266899e+07 6.365164e+07 1.573480e+02
9.906261e-03 1.002096e-02 2.846828e+07 2.846828e+07 2.846690e+07 6.465898e+07 1.564520e+02
1.002096e-02 1.013699e-02 3.226779e+07 3.226779e+07 3.226623e+07 6.531909e+07 1.555612e+02
1.013699e-02 1.025436e-02 3.226779e+07 3.226779e+07 3.226623e+07 6.531909e+07 1.546754e+02
1.025436e-02 1.037309e-02 3.226779e+07 3.226779e+07 3.226623e+07 6.531909e+07 1.537946e+02
1.037309e-02 1.049319e-02 3.226779e+07 3.226779e+07 3.226623e+07 6.531909e+07 1.529189e+02
1.049319e-02 1.061469e-02 6.148523e+07 6.148523e+07 6.148235e+07 6.823788e+07 1.520482e+02
1.061469e-02 1.073759e-02 6.882060e+07 6.882060e+07 6.881739e+07 6.897067e+07 1.511824e+02
1.073759e-02 1.086192e-02 6.882060e+07 6.882060e+07 6.881739e+07 6.897067e+07 1.503215e+02
1.086192e-02 1.098768e-02 6.882060e+07 6.882060e+07 6.881739e+07 6.897067e+07 1.494656e+02
1.098768e-02 1.111490e-02 7.718807e+07 7.718807e+07 7.718449e+07 6.970212e+07 1.486145e+02
1.111490e-02 1.124360e-02 8.061234e+07 8.061234e+07 8.060862e+07 7.000145e+07 1.477683e+02
1.124360e-02 1.137378e-02 8.061234e+07 8.061234e+07 8.060862e+07 7.000145e+07 1.469268e+02
1.137378e-02 1.150547e-02 8.948065e+07 8.948065e+07 8.947654e+07 7.057502e+07 1.460902e+02
1.150547e-02 1.163869e-02 1.268279e+08 1.268279e+08 1.268222e+08 7.299049e+07 1.452584e+02
1.163869e-02 1.177344e-02 1.268279e+08 1.268279e+08 1.268222e+08 7.299049e+07 1.444313e+02
1.177344e-02 1.190976e-02 1.268279e+08 1.268279e+08 1.268222e+08 7.299049e+07 1.436089e+02
1.190976e-02 1.204766e-02 1.384404e+08 1.384404e+08 1.384342e+08 7.353578e+07 1.427911e+02
1.204766e-02 1.218715e-02 1.585780e+08 1.585780e+08 1.585710e+08 7.448137e+07 1.419780e+02
1.218715e-02 1.232826e-02 1.585780e+08 1.585780e+08 1.585710e+08 7.448137e+07 1.411696e+02
1.232826e-02 1.247101e-02 1.274485e+08 1.274485e+08 1.274429e+08 7.566925e+07 1.403657e+02
1.247101e-02 1.261540e-02 1.172158e+08 1.172158e+08 1.172106e+08 7.605973e+07 1.395665e+02
1.261540e-02 1.276147e-02 1.172149e+08 1.172149e+08 1.172098e+08 7.605976e+07 1.387739e+02
1.276147e-02 1.290923e-02 1.029037e+08 1.029037e+08 1.028992e+08 7.686410e+07 1.379860e+02
1.290923e-02 1.305870e-02 7.340931e+07 7.340931e+07 7.340618e+07 7.852178e+07 1.372025e+02
1.305870e-02 1.320990e-02 7.340931e+07 7.340931e+07 7.340618e+07 7.852178e+07 1.364236e+02
1.320990e-02 1.336285e-02 7.340931e+07 7.340931e+07 7.340618e+07 7.852178e+07 1.356490e+02
1.336285e-02 1.351757e-02 5.568166e+07 5.568166e+07 5.567931e+07 8.000367e+07 1.348788e+02
1.351757e-02 1.367408e-02 5.418110e+07 5.418110e+07 5.417882e+07 8.012910e+07 1.341131e+02
1.367408e-02 1.383241e-02 5.418110e+07 5.418110e+07 5.417882e+07 8.012910e+07 1.333516e+02
1.383241e-02 1.399257e-02 5.418110e+07 5.418110e+07 5.417882e+07 8.012910e+07 1.325945e+02
1.399257e-02 1.415458e-02 5.418110e+07 5.418110e+07 5.417882e+07 8.012910e+07 1.318417e+02
1.415458e-02 1.431847e-02 5.418110e+07 5.418110e+07 5.417882e+07 8.012910e+07 1.310931e+02
1.431847e-02 1.448425e-02 5.843800e+07 5.843800e+07 5.843562e+07 8.413191e+07 1.303488e+02
1.448425e-02 1.465196e-02 6.025700e+07 6.025700e+07 6.025459e+07 8.584234e+07 1.296088e+02
1.465196e-02 1.482161e-02 6.025700e+07 6.025700e+07 6.025459e+07 8.584234e+07 1.288729e+02
1.482161e-02 1.499322e-02 6.025700e+07 6.025700e+07 6.025459e+07 8.584234e+07 1.281412e+02
1.499322e-02 1.516682e-02 6.025700e+07 6.025700e+07 6.025459e+07 8.584234e+07 1.274136e+02
1.516682e-02 1.534243e-02 6.025700e+07 6.025700e+07 6.025459e+07 8.584234e+07 1.266902e+02
1.534243e-02 1.552007e-02 6.025700e+07 6.025700e+07 6.025459e+07 8.584234e+07 1.259709e+02
1.552007e-02 1.569977e-02 6.025700e+07 6.025700e+07 6.025459e+07 8.584234e+07 1.252557e+02
1.569977e-02 1.588155e-02 6.025700e+07 6.025700e+07 6.025459e+07 8.584234e+07 1.245446e+02
1.588155e-02 1.606543e-02 6.417124e+07 6.417124e+07 6.416870e+07 8.690213e+07 1.238375e+02
1.606543e-02 1.625144e-02 8.126830e+07 8.126830e+07 8.126521e+07 9.153118e+07 1.231344e+02
1.625144e-02 1.643961e-02 8.126830e+07 8.126830e+07 8.126521e+07 9.153118e+07 1.224353e+02
1.643961e-02 1.662996e-02 8.126830e+07 8.126830e+07 8.126521e+07 9.153118e+07 1.217401e+02
1.662996e-02 1.682251e-02 8.126830e+07 8.126830e+07 8.126521e+07 9.153118e+07 1.210489e+02
1.682251e-02 1.701729e-02 8.132684e+07 8.132684e+07 8.132374e+07 9.154883e+07 1.203616e+02
1.701729e-02 1.721432e-02 8.334575e+07 8.334575e+07 8.334260e+07 9.215774e+07 1.196783e+02
1.721432e-02 1.741364e-02 8.334576e+07 8.334576e+07 8.334261e+07 9.215774e+07 1.190013e+02
1.741364e-02 1.761526e-02 8.334576e+07 8.334576e+07 8.334261e+07 9.215774e+07 1.183282e+02
1.761526e-02 1.781922e-02 8.768506e+07 8.768506e+07 8.768178e+07 9.334248e+07 1.176589e+02
1.781922e-02 1.802554e-02 9.673224e+07 9.673224e+07 9.672870e+07 9.581258e+07 1.169934e+02
1.802554e-02 1.823425e-02 9.673224e+07 9.673224e+07 9.672870e+07 9.581258e+07 1.163317e+02
1.823425e-02 1.844537e-02 9.673224e+07 9.673224e+07 9.672870e+07 9.581258e+07 1.156736e+02
1.844537e-02 1.865894e-02 9.749060e+07 9.749060e+07 9.748704e+07 9.599675e+07 1.150194e+02
1.865894e-02 1.887498e-02 1.019760e+08 1.019760e+08 1.019723e+08 9.708604e+07 1.143688e+02
1.887498e-02 1.909353e-02 1.019760e+08 1.019760e+08 1.019723e+08 9.708604e+07 1.137219e+02
1.909353e-02 1.931460e-02 1.019760e+08 1.019760e+08 1.019723e+08 9.708604e+07 1.130786e+02
1.931460e-02 1.953824e-02 1.019760e+08 1.019760e+08 1.019723e+08 9.708604e+07 1.124390e+02
1.953824e-02 1.976446e-02 1.019760e+08 1.019760e+08 1.019723e+08 9.708604e+07 1.118030e+02
1.976446e-02 1.999330e-02 1.067529e+08 1.067529e+08 1.067492e+08 1.011133e+08 1.111706e+02
1.999330e-02 2.022479e-02 1.073623e+08 1.073623e+08 1.073586e+08 1.016271e+08 1.105418e+02
2.022479e-02 2.045897e-02 1.073623e+08 1.073623e+08 1.073586e+08 1.016271e+08 1.099166e+02
2.045897e-02 2.069585e-02 1.073623e+08 1.073623e+08 1.073586e+08 1.016271e+08 1.092948e+02
2.069585e-02 2.093548e-02 1.075731e+08 1.075731e+08 1.075694e+08 1.017938e+08 1.086766e+02
2.093548e-02 2.117788e-02 1.083100e+08 1.083100e+08 1.083063e+08 1.023766e+08 1.080619e+02
2.117788e-02 2.142309e-02 1.083100e+08 1.083100e+08 1.083063e+08 1.023766e+08 1.074507e+02
2.142309e-02 2.167113e-02 1.083100e+08 1.083100e+08 1.083063e+08 1.023766e+08 1.068429e+02
2.167113e-02 2.192205e-02 1.083100e+08 1.083100e+08 1.083063e+08 1.023766e+08 1.062386e+02
2.192205e-02 2.217588e-02 1.083100e+08 1.083100e+08 1.083063e+08 1.023766e+08 1.056377e+02
2.217588e-02 2.243264e-02 9.624209e+07 9.624209e+07 9.623892e+07 1.066029e+08 1.050401e+02
2.243264e-02 2.269238e-02 9.510008e+07 9.510008e+07 9.509696e+07 1.070028e+08 1.044460e+02
2.269238e-02 2.295512e-02 9.510008e+07 9.510008e+07 9.509696e+07 1.070028e+08 1.038552e+02
2.295512e-02 2.322091e-02 9.510008e+07 9.510008e+07 9.509696e+07 1.070028e+08 1.032678e+02
2.322091e-02 2.348977e-02 9.490829e+07 9.490829e+07 9.490518e+07 1.070710e+08 1.026837e+02
2.348977e-02 2.376175e-02 9.439870e+07 9.439870e+07 9.439561e+07 1.072521e+08 1.021047e+02
2.376175e-02 2.403687e-02 9.589620e+07 9.589620e+07 9.589308e+07 1.075640e+08 1.015290e+02
2.403687e-02 2.431518e-02 1.026436e+08 1.026436e+08 1.026403e+08 1.089697e+08 1.009566e+02
2.431518e-02 2.459671e-02 1.026436e+08 1.026436e+08 1.026403e+08 1.089697e+08 1.003873e+02
2.459671e-02 2.488151e-02 1.049365e+08 1.049365e+08 1.049332e+08 1.094039e+08 9.982130e+01
2.488151e-02 2.516960e-02 1.071998e+08 1.071998e+08 1.071964e+08 1.098212e+08 9.925846e+01
2.516960e-02 2.546102e-02 1.093176e+08 1.093176e+08 1.093141e+08 1.101994e+08 9.869917e+01
2.546102e-02 2.575582e-02 1.096739e+08 1.096739e+08 1.096704e+08 1.102606e+08 9.814520e+01
2.575582e-02 2.605404e-02 1.175400e+08 1.175400e+08 1.175363e+08 1.115434e+08 9.759433e+01
2.605404e-02 2.635570e-02 1.175400e+08 1.175400e+08 1.175363e+08 1.115434e+08 9.704656e+01
2.635570e-02 2.666086e-02 1.175400e+08 1.175400e+08 1.175363e+08 1.115434e+08 9.650187e+01
2.666086e-02 2.696956e-02 1.175400e+08 1.175400e+08 1.175363e+08 1.115434e+08 9.596022e+01
2.696956e-02 2.728182e-02 1.175400e+08 1.175400e+08 1.175363e+08 1.115434e+08 9.542162e+01
2.728182e-02 2.759770e-02 1.175400e+08 1.175400e+08 1.175363e+08 1.115434e+08 9.488605e+01
2.759770e-02 2.791724e-02 1.178250e+08 1.178250e+08 1.178214e+08 1.137164e+08 9.435348e+01
2.791724e-02 2.824048e-02 1.180020e+08 1.180020e+08 1.179985e+08 1.150664e+08 9.382390e+01
2.824048e-02 2.856747e-02 1.180020e+08 1.180020e+08 1.179985e+08 1.150664e+08 9.329728e+01
2.856747e-02 2.889823e-02 1.180020e+08 1.180020e+08 1.179985e+08 1.150664e+08 9.277363e+01
2.889823e-02 2.923283e-02 1.180020e+08 1.180020e+08 1.179985e+08 1.150664e+08 9.225292e+01
2.923283e-02 2.957130e-02 1.180020e+08 1.180020e+08 1.179985e+08 1.150664e+08 9.173513e+01
2.957130e-02 2.991370e-02 1.180020e+08 1.180020e+08 1.179985e+08 1.150664e+08 9.122024e+01
2.991370e-02 3.026005e-02 1.180020e+08 1.180020e+08 1.179985e+08 1.150664e+08 9.070824e+01
3.026005e-02 3.061042e-02 1.180020e+08 1.180020e+08 1.179985e+08 1.150664e+08 9.019912e+01
3.061042e-02 3.096484e-02 1.186088e+08 1.186088e+08 1.186053e+08 1.153278e+08 8.969285e+01
3.096484e-02 3.132337e-02 1.239490e+08 1.239490e+08 1.239455e+08 1.176280e+08 8.918943e+01
3.132337e-02 3.168604e-02 1.239490e+08 1.239490e+08 1.239455e+08 1.176280e+08 8.868883e+01
3.168604e-02 3.205292e-02 1.239490e+08 1.239490e+08 1.239455e+08 1.176280e+08 8.819104e+01
3.205292e-02 3.242404e-02 1.239490e+08 1.239490e+08 1.239455e+08 1.176280e+08 8.769605e+01
3.242404e-02 3.279947e-02 1.239490e+08 1.239490e+08 1.239455e+08 1.176280e+08 8.720383e+01
3.279947e-02 3.317923e-02 1.239490e+08 1.239490e+08 1.239455e+08 1.176280e+08 8.671438e+01
3.317923e-02 3.356340e-02 1.239490e+08 1.239490e+08 1.239455e+08 1.176280e+08 8.622768e+01
3.356340e-02 3.395201e-02 1.205502e+08 1.205502e+08 1.205469e+08 1.185015e+08 8.574370e+01
3.395201e-02 3.434513e-02 1.205247e+08 1.205247e+08 1.205214e+08 1.185080e+08 8.526244e+01
3.434513e-02 3.474279e-02 1.205247e+08 1.205247e+08 1.205214e+08 1.185080e+08 8.478419e+01
3.474279e-02 3.514506e-02 1.197515e+08 1.197515e+08 1.197482e+08 1.186574e+08 8.431209e+01
3.514506e-02 3.555199e-02 1.191203e+08 1.191203e+08 1.191171e+08 1.187793e+08 8.384261e+01
3.555199e-02 3.596362e-02 1.187072e+08 1.187072e+08 1.187040e+08 1.188400e+08 8.337575e+01
3.596362e-02 3.638003e-02 1.173810e+08 1.173810e+08 1.173778e+08 1.190348e+08 8.291149e+01
3.638003e-02 3.680125e-02 1.173810e+08 1.173810e+08 1.173778e+08 1.190348e+08 8.244981e+01
3.680125e-02 3.722736e-02 1.173810e+08 1.173810e+08 1.173778e+08 1.190348e+08 8.199070e+01
3.722736e-02 3.765839e-02 1.173810e+08 1.173810e+08 1.173778e+08 1.190348e+08 8.153415e+01
3.765839e-02 3.809442e-02 1.173810e+08 1.173810e+08 1.173778e+08 1.190348e+08 8.108014e+01
3.809442e-02 3.853550e-02 1.174063e+08 1.174063e+08 1.174032e+08 1.190400e+08 8.062866e+01
3.853550e-02 3.898168e-02 1.177230e+08 1.177230e+08 1.177200e+08 1.191049e+08 8.017969e+01
3.898168e-02 3.943303e-02 1.177230e+08 1.177230e+08 1.177200e+08 1.191049e+08 7.973323e+01
3.943303e-02 3.988960e-02 1.177230e+08 1.177230e+08 1.177200e+08 1.191049e+08 7.928925e+01
3.988960e-02 4.035147e-02 1.177230e+08 1.177230e+08 1.177200e+08 1.191049e+08 7.884774e+01
4.035147e-02 4.081868e-02 1.177230e+08 1.177230e+08 1.177200e+08 1.191049e+08 7.840868e+01
4.081868e-02 4.129129e-02 1.177230e+08 1.177230e+08 1.177200e+08 1.191049e+08 7.797208e+01
4.129129e-02 4.176938e-02 1.177230e+08 1.177230e+08 1.177200e+08 1.191049e+08 7.753791e+01
4.176938e-02 4.225301e-02 1.177230e+08 1.177230e+08 1.177200e+08 1.191049e+08 7.710615e+01
4.225301e-02 4.274224e-02 1.177230e+08 1.177230e+08 1.177200e+08 1.191049e+08 7.667680e+01
4.274224e-02 4.323713e-02 1.234764e+08 1.234764e+08 1.234733e+08 1.183063e+08 7.624984e+01
4.323713e-02 4.373775e-02 1.279770e+08 1.279770e+08 1.279739e+08 1.176817e+08 7.582525e+01
4.373775e-02 4.424417e-02 1.279770e+08 1.279770e+08 1.279739e+08 1.176817e+08 7.540303e+01
4.424417e-02 4.475645e-02 1.279770e+08 1.279770e+08 1.279739e+08 1.176817e+08 7.498316e+01
4.475645e-02 4.527466e-02 1.279770e+08 1.279770e+08 1.279739e+08 1.176817e+08 7.456563e+01
4.527466e-02 4.579887e-02 1.279770e+08 1.279770e+08 1.279739e+08 1.176817e+08 7.415043e+01
4.579887e-02 4.632915e-02 1.280690e+08 1.280690e+08 1.280658e+08 1.174409e+08 7.373754e+01
4.632915e-02 4.686557e-02 1.283047e+08 1.283047e+08 1.283016e+08 1.168238e+08 7.332694e+01
4.686557e-02 4.740821e-02 1.283047e+08 1.283047e+08 1.283016e+08 1.168238e+08 7.291937e+01
4.740821e-02 4.795712e-02 1.283047e+08 1.283047e+08 1.283016e+08 1.168237e+08 7.251793e+01
4.795712e-02 4.851239e-02 1.285379e+08 1.285379e+08 1.285348e+08 1.160587e+08 7.211871e+01
4.851239e-02 4.907409e-02 1.287206e+08 1.287206e+08 1.287176e+08 1.154593e+08 7.172168e+01
4.907409e-02 4.964230e-02 1.287206e+08 1.287206e+08 1.287176e+08 1.154593e+08 7.132684e+01
4.964230e-02 5.021708e-02 1.288174e+08 1.288174e+08 1.288144e+08 1.150874e+08 7.093417e+01
5.021708e-02 5.079852e-02 1.289310e+08 1.289310e+08 1.289280e+08 1.146511e+08 7.054366e+01
5.079852e-02 5.138669e-02 1.289310e+08 1.289310e+08 1.289280e+08 1.146511e+08 7.015530e+01
5.138669e-02 5.198167e-02 1.289310e+08 1.289310e+08 1.289280e+08 1.146511e+08 6.976909e+01
5.198167e-02 5.258354e-02 1.289310e+08 1.289310e+08 1.289280e+08 1.146511e+08 6.938499e+01
5.258354e-02 5.319238e-02 1.289310e+08 1.289310e+08 1.289280e+08 1.146511e+08 6.900302e+01
5.319238e-02 5.380826e-02 1.223924e+08 1.223924e+08 1.223896e+08 1.121493e+08 6.862314e+01
5.380826e-02 5.443128e-02 1.166680e+08 1.166680e+08 1.166654e+08 1.099590e+08 6.824536e+01
5.443128e-02 5.506152e-02 1.166680e+08 1.166680e+08 1.166654e+08 1.099590e+08 6.786965e+01
5.506152e-02 5.569904e-02 1.166680e+08 1.166680e+08 1.166654e+08 1.099590e+08 6.749602e+01
5.569904e-02 5.634396e-02 1.166680e+08 1.166680e+08 1.166654e+08 1.099590e+08 6.712444e+01
5.634396e-02 5.699633e-02 1.166680e+08 1.166680e+08 1.166654e+08 1.099590e+08 6.675491e+01
5.699633e-02 5.765627e-02 1.166680e+08 1.166680e+08 1.166654e+08 1.099590e+08 6.638741e+01
5.765627e-02 5.832384e-02 1.166680e+08 1.166680e+08 1.166654e+08 1.099590e+08 6.602193e+01
5.832384e-02 5.899914e-02 1.166680e+08 1.166680e+08 1.166654e+08 1.099590e+08 6.565847e+01
5.899914e-02 5.968226e-02 1.164133e+08 1.164133e+08 1.164107e+08 1.098458e+08 6.529701e+01
5.968226e-02 6.037329e-02 1.024180e+08 1.024180e+08 1.024158e+08 1.036279e+08 6.493753e+01
6.037329e-02 6.107232e-02 1.024180e+08 1.024180e+08 1.024158e+08 1.036279e+08 6.458004e+01
6.107232e-02 6.177945e-02 1.024180e+08 1.024180e+08 1.024158e+08 1.036279e+08 6.422451e+01
6.177945e-02 6.249476e-02 1.024180e+08 1.024180e+08 1.024158e+08 1.036279e+08 6.387095e+01
6.249476e-02 6.321836e-02 1.024180e+08 1.024180e+08 1.024158e+08 1.036279e+08 6.351932e+01
6.321836e-02 6.395033e-02 1.024864e+08 1.024864e+08 1.024843e+08 1.029314e+08 6.316964e+01
6.395033e-02 6.469078e-02 1.025458e+08 1.025458e+08 1.025437e+08 1.023266e+08 6.282290e+01
6.469078e-02 6.543980e-02 1.025458e+08 1.025458e+08 1.025437e+08 1.023266e+08 6.248250e+01
6.543980e-02 6.619749e-02 1.025458e+08 1.025458e+08 1.025437e+08 1.023266e+08 6.214395e+01
6.619749e-02 6.696396e-02 1.027946e+08 1.027946e+08 1.027925e+08 9.958940e+07 6.180724e+01
6.696396e-02 6.773930e-02 1.030113e+08 1.030113e+08 1.030092e+08 9.720406e+07 6.147234e+01
6.773930e-02 6.852362e-02 1.030113e+08 1.030113e+08 1.030092e+08 9.720406e+07 6.113927e+01
6.852362e-02 6.931702e-02 1.030113e+08 1.030113e+08 1.030092e+08 9.720406e+07 6.080799e+01
6.931702e-02 7.011961e-02 1.030943e+08 1.030943e+08 1.030922e+08 9.622765e+07 6.047851e+01
7.011961e-02 7.093149e-02 1.031330e+08 1.031330e+08 1.031309e+08 9.577154e+07 6.015082e+01
7.093149e-02 7.175277e-02 1.031330e+08 1.031330e+08 1.031309e+08 9.577154e+07 5.982490e+01
7.175277e-02 7.258356e-02 1.031330e+08 1.031330e+08 1.031309e+08 9.577154e+07 5.950075e+01
7.258356e-02 7.342396e-02 1.031330e+08 1.031330e+08 1.031309e+08 9.577154e+07 5.917836e+01
7.342396e-02 7.427410e-02 1.031330e+08 1.031330e+08 1.031309e+08 9.577154e+07 5.885771e+01
7.427410e-02 7.513408e-02 8.004995e+07 8.004995e+07 8.004840e+07 8.669434e+07 5.853880e+01
7.513408e-02 7.600402e-02 7.981480e+07 7.981480e+07 7.981326e+07 8.660187e+07 5.822162e+01
7.600402e-02 7.688404e-02 7.981480e+07 7.981480e+07 7.981326e+07 8.660187e+07 5.790615e+01
7.688404e-02 7.777424e-02 7.981480e+07 7.981480e+07 7.981326e+07 8.660187e+07 5.759239e+01
7.777424e-02 7.867475e-02 7.981480e+07 7.981480e+07 7.981326e+07 8.660187e+07 5.728034e+01
7.867475e-02 7.958568e-02 7.981480e+07 7.981480e+07 7.981326e+07 8.660187e+07 5.696998e+01
7.958568e-02 8.050716e-02 7.981480e+07 7.981480e+07 7.981326e+07 8.660187e+07 5.666129e+01
8.050716e-02 8.143931e-02 7.981480e+07 7.981480e+07 7.981326e+07 8.660187e+07 5.635428e+01
8.143931e-02 8.238226e-02 7.981480e+07 7.981480e+07 7.981326e+07 8.660187e+07 5.604894e+01
8.238226e-02 8.333612e-02 7.468416e+07 7.468416e+07 7.468274e+07 8.174550e+07 5.574524e+01
8.333612e-02 8.430103e-02 6.906650e+07 6.906650e+07 6.906522e+07 7.642814e+07 5.544320e+01
8.430103e-02 8.527711e-02 6.906650e+07 6.906650e+07 6.906522e+07 7.642814e+07 5.514279e+01
8.527711e-02 8.626449e-02 6.906650e+07 6.906650e+07 6.906522e+07 7.642814e+07 5.484401e+01
8.626449e-02 8.726330e-02 6.906650e+07 6.906650e+07 6.906522e+07 7.642814e+07 5.454684e+01
8.726330e-02 8.827368e-02 6.897622e+07 6.897622e+07 6.897494e+07 7.635072e+07 5.425310e+01
8.827368e-02 8.929575e-02 6.895459e+07 6.895459e+07 6.895332e+07 7.633218e+07 5.396596e+01
8.929575e-02 9.032966e-02 6.895459e+07 6.895459e+07 6.895332e+07 7.633218e+07 5.368034e+01
9.032966e-02 9.137554e-02 6.448978e+07 6.448978e+07 6.448861e+07 7.220568e+07 5.339623e+01
9.137554e-02 9.243353e-02 6.133928e+07 6.133928e+07 6.133818e+07 6.929390e+07 5.311363e+01
9.243353e-02 9.350378e-02 6.133928e+07 6.133928e+07 6.133818e+07 6.929390e+07 5.283251e+01
9.350378e-02 9.458641e-02 6.133928e+07 6.133928e+07 6.133818e+07 6.929390e+07 5.255289e+01
9.458641e-02 9.568158e-02 6.020569e+07 6.020569e+07 6.020461e+07 6.814324e+07 5.227475e+01
9.568158e-02 9.678942e-02 5.902902e+07 5.902902e+07 5.902797e+07 6.694887e+07 5.199808e+01
9.678942e-02 9.791010e-02 5.790734e+07 5.790734e+07 5.790632e+07 6.577157e+07 5.172288e+01
9.791010e-02 9.904375e-02 5.778520e+07 5.778520e+07 5.778418e+07 6.564337e+07 5.144913e+01
9.904375e-02 1.001905e-01 5.703517e+07 5.703517e+07 5.703417e+07 6.477742e+07 5.117683e+01
1.001905e-01 1.013506e-01 5.352623e+07 5.352623e+07 5.352530e+07 6.072610e+07 5.090597e+01
1.013506e-01 1.025241e-01 5.352623e+07 5.352623e+07 5.352530e+07 6.072610e+07 5.063654e+01
1.025241e-01 1.037111e-01 5.352623e+07 5.352623e+07 5.352530e+07 6.072610e+07 5.036854e+01
1.037111e-01 1.049120e-01 5.352623e+07 5.352623e+07 5.352530e+07 6.072610e+07 5.010196e+01
1.049120e-01 1.061267e-01 5.157278e+07 5.157278e+07 5.157190e+07 5.827764e+07 4.983678e+01
1.061267e-01 1.073555e-01 4.871730e+07 4.871730e+07 4.871647e+07 5.469855e+07 4.957302e+01
1.073555e-01 1.085985e-01 4.871730e+07 4.871730e+07 4.871647e+07 5.469855e+07 4.931065e+01
1.085985e-01 1.098559e-01 4.871730e+07 4.871730e+07 4.871647e+07 5.469855e+07 4.904967e+01
1.098559e-01 1.111279e-01 4.871730e+07 4.871730e+07 4.871647e+07 5.469855e+07 4.879006e+01
1.111279e-01 1.124146e-01 4.871730e+07 4.871730e+07 4.871647e+07 5.469855e+07 4.853183e+01
1.124146e-01 1.137161e-01 4.871730e+07 4.871730e+07 4.871647e+07 5.469855e+07 4.827498e+01
1.137161e-01 1.150328e-01 4.307695e+07 4.307695e+07 4.307624e+07 4.825892e+07 4.801949e+01
1.150328e-01 1.163647e-01 4.082150e+07 4.082150e+07 4.082083e+07 4.568385e+07 4.776533e+01
1.163647e-01 1.177120e-01 4.082150e+07 4.082150e+07 4.082083e+07 4.568385e+07 4.751253e+01
1.177120e-01 1.190750e-01 4.082150e+07 4.082150e+07 4.082083e+07 4.568385e+07 4.726107e+01
1.190750e-01 1.204537e-01 4.076113e+07 4.076113e+07 4.076046e+07 4.560935e+07 4.701092e+01
1.204537e-01 1.218483e-01 3.950132e+07 3.950132e+07 3.950068e+07 4.404930e+07 4.676212e+01
1.218483e-01 1.232592e-01 3.918752e+07 3.918752e+07 3.918688e+07 4.345312e+07 4.651672e+01
1.232592e-01 1.246863e-01 3.918752e+07 3.918752e+07 3.918688e+07 4.345312e+07 4.627905e+01
1.246863e-01 1.261300e-01 3.918752e+07 3.918752e+07 3.918688e+07 4.345312e+07 4.604261e+01
1.261300e-01 1.275904e-01 3.918752e+07 3.918752e+07 3.918688e+07 4.345312e+07 4.580736e+01
1.275904e-01 1.290677e-01 3.845604e+07 3.845604e+07 3.845542e+07 4.203031e+07 4.557332e+01
1.290677e-01 1.305621e-01 3.442240e+07 3.442240e+07 3.442186e+07 3.418440e+07 4.534048e+01
1.305621e-01 1.320738e-01 3.442240e+07 3.442240e+07 3.442186e+07 3.418440e+07 4.510883e+01
1.320738e-01 1.336030e-01 3.442240e+07 3.442240e+07 3.442186e+07 3.418440e+07 4.487836e+01
1.336030e-01 1.351500e-01 3.442240e+07 3.442240e+07 3.442186e+07 3.418440e+07 4.464906e+01
1.351500e-01 1.367148e-01 3.428968e+07 3.428968e+07 3.428915e+07 3.408485e+07 4.442094e+01
1.367148e-01 1.382977e-01 3.254919e+07 3.254919e+07 3.254869e+07 3.277947e+07 4.419399e+01
1.382977e-01 1.398990e-01 3.254919e+07 3.254919e+07 3.254869e+07 3.277947e+07 4.396819e+01
1.398990e-01 1.415188e-01 3.254919e+07 3.254919e+07 3.254869e+07 3.277947e+07 4.374355e+01
1.415188e-01 1.431574e-01 3.254919e+07 3.254919e+07 3.254869e+07 3.277947e+07 4.352005e+01
1.431574e-01 1.448150e-01 3.058790e+07 3.058790e+07 3.058743e+07 3.113477e+07 4.329770e+01
1.448150e-01 1.464917e-01 2.378170e+07 2.378170e+07 2.378134e+07 2.542721e+07 4.307648e+01
1.464917e-01 1.481879e-01 2.378170e+07 2.378170e+07 2.378134e+07 2.542721e+07 4.285639e+01
1.481879e-01 1.499036e-01 2.378170e+07 2.378170e+07 2.378134e+07 2.542721e+07 4.263743e+01
1.499036e-01 1.516393e-01 2.378170e+07 2.378170e+07 2.378134e+07 2.542721e+07 4.241959e+01
1.516393e-01 1.533951e-01 2.378170e+07 2.378170e+07 2.378134e+07 2.542721e+07 4.220285e+01
1.533951e-01 1.551711e-01 2.378170e+07 2.378170e+07 2.378134e+07 2.542721e+07 4.198723e+01
1.551711e-01 1.569678e-01 2.374552e+07 2.374552e+07 2.374516e+07 2.535136e+07 4.177271e+01
1.569678e-01 1.587852e-01 2.133234e+07 2.133234e+07 2.133203e+07 2.029241e+07 4.155929e+01
1.587852e-01 1.606237e-01 2.133234e+07 2.133234e+07 2.133203e+07 2.029241e+07 4.134695e+01
1.606237e-01 1.624835e-01 2.133234e+07 2.133234e+07 2.133203e+07 2.029241e+07 4.113570e+01
1.624835e-01 1.643648e-01 2.133234e+07 2.133234e+07 2.133203e+07 2.029241e+07 4.092553e+01
1.643648e-01 1.662679e-01 2.099977e+07 2.099977e+07 2.099947e+07 1.960912e+07 4.071643e+01
1.662679e-01 1.681931e-01 2.023910e+07 2.023910e+07 2.023881e+07 1.804625e+07 4.050840e+01
1.681931e-01 1.701405e-01 2.014880e+07 2.014880e+07 2.014851e+07 1.787116e+07 4.030143e+01
1.701405e-01 1.721104e-01 1.986828e+07 1.986828e+07 1.986800e+07 1.732724e+07 4.009792e+01
1.721104e-01 1.741032e-01 1.986828e+07 1.986828e+07 1.986800e+07 1.732724e+07 3.990370e+01
1.741032e-01 1.761191e-01 1.986828e+07 1.986828e+07 1.986800e+07 1.732724e+07 3.971040e+01
1.761191e-01 1.781583e-01 1.986828e+07 1.986828e+07 1.986800e+07 1.732724e+07 3.951805e+01
1.781583e-01 1.802211e-01 1.880069e+07 1.880069e+07 1.880043e+07 1.533471e+07 3.932663e+01
1.802211e-01 1.823078e-01 1.709670e+07 1.709670e+07 1.709646e+07 1.215441e+07 3.913613e+01
1.823078e-01 1.844186e-01 1.709670e+07 1.709670e+07 1.709646e+07 1.215441e+07 3.894656e+01
1.844186e-01 1.865539e-01 1.709670e+07 1.709670e+07 1.709646e+07 1.215441e+07 3.875791e+01
1.865539e-01 1.887139e-01 1.709670e+07 1.709670e+07 1.709646e+07 1.215441e+07 3.857017e+01
1.887139e-01 1.908989e-01 1.709670e+07 1.709670e+07 1.709646e+07 1.215441e+07 3.838334e+01
1.908989e-01 1.931093e-01 1.660716e+07 1.660716e+07 1.660693e+07 1.165591e+07 3.819741e+01
1.931093e-01 1.953452e-01 1.511417e+07 1.511417e+07 1.511397e+07 1.013558e+07 3.801239e+01
1.953452e-01 1.976070e-01 1.511417e+07 1.511417e+07 1.511397e+07 1.013558e+07 3.782826e+01
1.976070e-01 1.998950e-01 1.511417e+07 1.511417e+07 1.511397e+07 1.013558e+07 3.764502e+01
1.998950e-01 2.022095e-01 1.511417e+07 1.511417e+07 1.511397e+07 1.013558e+07 3.746267e+01
2.022095e-01 2.045507e-01 1.399231e+07 1.399231e+07 1.399212e+07 9.004245e+06 3.728121e+01
2.045507e-01 2.069191e-01 1.272040e+07 1.272040e+07 1.272023e+07 7.721583e+06 3.710062e+01
2.069191e-01 2.093149e-01 1.272040e+07 1.272040e+07 1.272023e+07 7.721583e+06 3.692091e+01
2.093149e-01 2.117385e-01 1.272040e+07 1.272040e+07 1.272023e+07 7.721583e+06 3.674207e+01
2.117385e-01 2.141901e-01 1.272040e+07 1.272040e+07 1.272023e+07 7.721583e+06 3.656409e+01
2.141901e-01 2.166701e-01 1.280340e+07 1.280340e+07 1.280323e+07 7.226570e+06 3.638698e+01
2.166701e-01 2.191788e-01 1.301224e+07 1.301224e+07 1.301207e+07 5.981115e+06 3.621073e+01
2.191788e-01 2.217166e-01 1.301224e+07 1.301224e+07 1.301207e+07 5.981115e+06 3.603532e+01
2.217166e-01 2.242837e-01 1.301224e+07 1.301224e+07 1.301207e+07 5.981115e+06 3.586077e+01
2.242837e-01 2.268806e-01 1.301224e+07 1.301224e+07 1.301207e+07 5.981115e+06 3.568707e+01
2.268806e-01 2.295075e-01 1.316491e+07 1.316491e+07 1.316474e+07 5.246941e+06 3.551420e+01
2.295075e-01 2.321649e-01 1.330030e+07 1.330030e+07 1.330013e+07 4.595868e+06 3.534217e+01
2.321649e-01 2.348530e-01 1.330030e+07 1.330030e+07 1.330013e+07 4.595868e+06 3.517098e+01
2.348530e-01 2.375722e-01 1.317680e+07 1.317680e+07 1.317663e+07 4.414452e+06 3.500062e+01
2.375722e-01 2.403230e-01 1.303252e+07 1.303252e+07 1.303235e+07 4.202518e+06 3.483377e+01
2.403230e-01 2.431055e-01 1.303252e+07 1.303252e+07 1.303235e+07 4.202518e+06 3.467820e+01
2.431055e-01 2.459203e-01 1.303252e+07 1.303252e+07 1.303235e+07 4.202518e+06 3.452332e+01
2.459203e-01 2.487677e-01 1.303252e+07 1.303252e+07 1.303235e+07 4.202518e+06 3.436913e+01
2.487677e-01 2.516481e-01 1.221919e+07 1.221919e+07 1.221904e+07 3.181348e+06 3.421563e+01
2.516481e-01 2.545618e-01 1.171120e+07 1.171120e+07 1.171106e+07 2.543540e+06 3.406282e+01
2.545618e-01 2.575092e-01 1.171120e+07 1.171120e+07 1.171106e+07 2.543540e+06 3.391069e+01
2.575092e-01 2.604908e-01 1.171120e+07 1.171120e+07 1.171106e+07 2.543540e+06 3.375924e+01
2.604908e-01 2.635069e-01 1.171120e+07 1.171120e+07 1.171106e+07 2.543540e+06 3.360846e+01
2.635069e-01 2.665579e-01 1.171120e+07 1.171120e+07 1.171106e+07 2.543540e+06 3.345836e+01
2.665579e-01 2.696442e-01 1.171120e+07 1.171120e+07 1.171106e+07 2.543540e+06 3.330893e+01
2.696442e-01 2.727663e-01 1.171120e+07 1.171120e+07 1.171106e+07 2.543540e+06 3.316017e+01
2.727663e-01 2.759245e-01 1.057270e+07 1.057270e+07 1.057257e+07 2.186504e+06 3.301207e+01
2.759245e-01 2.791193e-01 8.035858e+06 8.035858e+06 8.035762e+06 1.390946e+06 3.286463e+01
2.791193e-01 2.823511e-01 8.035858e+06 8.035858e+06 8.035762e+06 1.390946e+06 3.271785e+01
2.823511e-01 2.856203e-01 8.035858e+06 8.035858e+06 8.035762e+06 1.390946e+06 3.257173e+01
2.856203e-01 2.889273e-01 8.035858e+06 8.035858e+06 8.035762e+06 1.390946e+06 3.242626e+01
2.889273e-01 2.922727e-01 7.825911e+06 7.825911e+06 7.825818e+06 1.329797e+06 3.228143e+01
2.922727e-01 2.956568e-01 7.716680e+06 7.716680e+06 7.716588e+06 1.297982e+06 3.213726e+01
2.956568e-01 2.990800e-01 7.893714e+06 7.893714e+06 7.893621e+06 1.135215e+06 3.199373e+01
2.990800e-01 3.025429e-01 8.026550e+06 8.026550e+06 8.026455e+06 1.013085e+06 3.185084e+01
3.025429e-01 3.060459e-01 8.026550e+06 8.026550e+06 8.026455e+06 1.013085e+06 3.170859e+01
3.060459e-01 3.095895e-01 8.026550e+06 8.026550e+06 8.026455e+06 1.013085e+06 3.156697e+01
3.095895e-01 3.131740e-01 8.026550e+06 8.026550e+06 8.026455e+06 1.013085e+06 3.142598e+01
3.131740e-01 3.168001e-01 8.521850e+06 8.521850e+06 8.521751e+06 6.980904e+05 3.128563e+01
3.168001e-01 3.204682e-01 8.668180e+06 8.668180e+06 8.668080e+06 6.050291e+05 3.114590e+01
3.204682e-01 3.241787e-01 8.668180e+06 8.668180e+06 8.668080e+06 6.050291e+05 3.100680e+01
3.241787e-01 3.279322e-01 8.668180e+06 8.668180e+06 8.668080e+06 6.050291e+05 3.086832e+01
3.279322e-01 3.317292e-01 8.450467e+06 8.450467e+06 8.450370e+06 5.399463e+05 3.073045e+01
3.317292e-01 3.355701e-01 8.346927e+06 8.346927e+06 8.346831e+06 5.089942e+05 3.059642e+01
3.355701e-01 3.394555e-01 8.346927e+06 8.346927e+06 8.346831e+06 5.089942e+05 3.047715e+01
3.394555e-01 3.433859e-01 8.346927e+06 8.346927e+06 8.346831e+06 5.089942e+05 3.035834e+01
3.433859e-01 3.473618e-01 8.346927e+06 8.346927e+06 8.346831e+06 5.089942e+05 3.023999e+01
3.473618e-01 3.513837e-01 7.413640e+06 7.413640e+06 7.413556e+06 2.943703e+05 3.012211e+01
3.513837e-01 3.554522e-01 7.242100e+06 7.242100e+06 7.242019e+06 2.549222e+05 3.000468e+01
3.554522e-01 3.595678e-01 7.242100e+06 7.242100e+06 7.242019e+06 2.549222e+05 2.988772e+01
3.595678e-01 3.637310e-01 7.242100e+06 7.242100e+06 7.242019e+06 2.549222e+05 2.977120e+01
3.637310e-01 3.679425e-01 7.242100e+06 7.242100e+06 7.242019e+06 2.549222e+05 2.965515e+01
3.679425e-01 3.722027e-01 7.242100e+06 7.242100e+06 7.242019e+06 2.549222e+05 2.953954e+01
3.722027e-01 3.765123e-01 7.242100e+06 7.242100e+06 7.242019e+06 2.549222e+05 2.942439e+01
3.765123e-01 3.808717e-01 7.242100e+06 7.242100e+06 7.242019e+06 2.549222e+05 2.930968e+01
3.808717e-01 3.852816e-01 7.678683e+06 7.678683e+06 7.678598e+06 2.101471e+05 2.919543e+01
3.852816e-01 3.897426e-01 8.792090e+06 8.792090e+06 8.791995e+06 9.595807e+04 2.908162e+01
3.897426e-01 3.942552e-01 8.792090e+06 8.792090e+06 8.791995e+06 9.595807e+04 2.896825e+01
3.942552e-01 3.988201e-01 8.792090e+06 8.792090e+06 8.791995e+06 9.595807e+04 2.885532e+01
3.988201e-01 4.034379e-01 8.792090e+06 8.792090e+06 8.791995e+06 9.595807e+04 2.874283e+01
4.034379e-01 4.081091e-01 8.792090e+06 8.792090e+06 8.791995e+06 9.595807e+04 2.863078e+01
4.081091e-01 4.128344e-01 8.649763e+06 8.649763e+06 8.649670e+06 8.278586e+04 2.851917e+01
4.128344e-01 4.176143e-01 8.619561e+06 8.619561e+06 8.619468e+06 7.999069e+04 2.840800e+01
4.176143e-01 4.224497e-01 8.416034e+06 8.416034e+06 8.415944e+06 6.393992e+04 2.829726e+01
4.224497e-01 4.273410e-01 8.410259e+06 8.410259e+06 8.410169e+06 6.348443e+04 2.818694e+01
4.273410e-01 4.322890e-01 8.410259e+06 8.410259e+06 8.410169e+06 6.348443e+04 2.807706e+01
4.322890e-01 4.372942e-01 8.410259e+06 8.410259e+06 8.410169e+06 6.348443e+04 2.796761e+01
4.372942e-01 4.423575e-01 7.844326e+06 7.844326e+06 7.844243e+06 3.190536e+04 2.785858e+01
4.423575e-01 4.474793e-01 7.843370e+06 7.843370e+06 7.843288e+06 3.185203e+04 2.774998e+01
4.474793e-01 4.526604e-01 7.843370e+06 7.843370e+06 7.843288e+06 3.185203e+04 2.764181e+01
4.526604e-01 4.579015e-01 7.843370e+06 7.843370e+06 7.843288e+06 3.185203e+04 2.753405e+01
4.579015e-01 4.632034e-01 7.637365e+06 7.637365e+06 7.637285e+06 2.428081e+04 2.742671e+01
4.632034e-01 4.685665e-01 7.612670e+06 7.612670e+06 7.612591e+06 2.337322e+04 2.732374e+01
4.685665e-01 4.739918e-01 7.612670e+06 7.612670e+06 7.612591e+06 2.337322e+04 2.724117e+01
4.739918e-01 4.794800e-01 7.612670e+06 7.612670e+06 7.612591e+06 2.337322e+04 2.715885e+01
4.794800e-01 4.850316e-01 7.567225e+06 7.567225e+06 7.567146e+06 2.233193e+04 2.707677e+01
4.850316e-01 4.906475e-01 6.993610e+06 6.993610e+06 6.993538e+06 9.188656e+03 2.699495e+01
4.906475e-01 4.963285e-01 6.993610e+06 6.993610e+06 6.993538e+06 9.188656e+03 2.691337e+01
4.963285e-01 5.020752e-01 6.993610e+06 6.993610e+06 6.993538e+06 9.188656e+03 2.683204e+01
5.020752e-01 5.078885e-01 6.993610e+06 6.993610e+06 6.993538e+06 9.188656e+03 2.675095e+01
5.078885e-01 5.137691e-01 6.993610e+06 6.993610e+06 6.993538e+06 9.188656e+03 2.667011e+01
5.137691e-01 5.197178e-01 6.993610e+06 6.993610e+06 6.993538e+06 9.188656e+03 2.658951e+01
5.197178e-01 5.257353e-01 6.993610e+06 6.993610e+06 6.993538e+06 9.188656e+03 2.650916e+01
5.257353e-01 5.318225e-01 6.993610e+06 6.993610e+06 6.993538e+06 9.188656e+03 2.642905e+01
5.318225e-01 5.379802e-01 6.715357e+06 6.715357e+06 6.715289e+06 4.068519e+03 2.634918e+01
5.379802e-01 5.442092e-01 6.617430e+06 6.617430e+06 6.617364e+06 2.266566e+03 2.626955e+01
5.442092e-01 5.505104e-01 6.617430e+06 6.617430e+06 6.617364e+06 2.266566e+03 2.619016e+01
5.505104e-01 5.568844e-01 6.617430e+06 6.617430e+06 6.617364e+06 2.266566e+03 2.611102e+01
5.568844e-01 5.633323e-01 6.616681e+06 6.616681e+06 6.616615e+06 2.265485e+03 2.603211e+01
5.633323e-01 5.698549e-01 6.609660e+06 6.609660e+06 6.609594e+06 2.255350e+03 2.595344e+01
5.698549e-01 5.764529e-01 6.609660e+06 6.609660e+06 6.609594e+06 2.255350e+03 2.587501e+01
5.764529e-01 5.831274e-01 6.609660e+06 6.609660e+06 6.609594e+06 2.255350e+03 2.579682e+01
5.831274e-01 5.898791e-01 6.609660e+06 6.609660e+06 6.609594e+06 2.255350e+03 2.571886e+01
5.898791e-01 5.967090e-01 6.198369e+06 6.198369e+06 6.198307e+06 1.879342e+03 2.564114e+01
5.967090e-01 6.036180e-01 4.656220e+06 4.656220e+06 4.656175e+06 4.694878e+02 2.556365e+01
6.036180e-01 6.106070e-01 4.656220e+06 4.656220e+06 4.656175e+06 4.694878e+02 2.548639e+01
6.106070e-01 6.176769e-01 4.656220e+06 4.656220e+06 4.656175e+06 4.694878e+02 2.540937e+01
6.176769e-01 6.248287e-01 4.656220e+06 4.656220e+06 4.656175e+06 4.694878e+02 2.533259e+01
6.248287e-01 6.320632e-01 4.659233e+06 4.659233e+06 4.659188e+06 4.595026e+02 2.525603e+01
6.320632e-01 6.393816e-01 4.677157e+06 4.677157e+06 4.677112e+06 4.001028e+02 2.517971e+01
6.393816e-01 6.467847e-01 4.677157e+06 4.677157e+06 4.677112e+06 4.001028e+02 2.510361e+01
6.467847e-01 6.542734e-01 4.734792e+06 4.734792e+06 4.734746e+06 2.740968e+02 2.502775e+01
6.542734e-01 6.618489e-01 4.774068e+06 4.774068e+06 4.774022e+06 1.882281e+02 2.495212e+01
6.618489e-01 6.695122e-01 4.774068e+06 4.774068e+06 4.774022e+06 1.882281e+02 2.487839e+01
6.695122e-01 6.772641e-01 4.774068e+06 4.774068e+06 4.774022e+06 1.882281e+02 2.483907e+01
6.772641e-01 6.851058e-01 4.804655e+06 4.804655e+06 4.804608e+06 1.571621e+02 2.479982e+01
6.851058e-01 6.930383e-01 4.880600e+06 4.880600e+06 4.880553e+06 8.002632e+01 2.476063e+01
6.930383e-01 7.010626e-01 4.880600e+06 4.880600e+06 4.880553e+06 8.002632e+01 2.472150e+01
7.010626e-01 7.091799e-01 4.880600e+06 4.880600e+06 4.880553e+06 8.002632e+01 2.468243e+01
7.091799e-01 7.173911e-01 4.880600e+06 4.880600e+06 4.880553e+06 8.002632e+01 2.464342e+01
7.173911e-01 7.256974e-01 4.880600e+06 4.880600e+06 4.880553e+06 8.002632e+01 2.460448e+01
7.256974e-01 7.340999e-01 4.878573e+06 4.878573e+06 4.878527e+06 7.973283e+01 2.456559e+01
7.340999e-01 7.425997e-01 4.434142e+06 4.434142e+06 4.434100e+06 1.537191e+01 2.452677e+01
7.425997e-01 7.511978e-01 4.434142e+06 4.434142e+06 4.434100e+06 1.537191e+01 2.448801e+01
7.511978e-01 7.598956e-01 4.434142e+06 4.434142e+06 4.434100e+06 1.537191e+01 2.444931e+01
7.598956e-01 7.686940e-01 4.434142e+06 4.434142e+06 4.434100e+06 1.537191e+01 2.441067e+01
7.686940e-01 7.775943e-01 4.406757e+06 4.406757e+06 4.406715e+06 1.389043e+01 2.437209e+01
7.775943e-01 7.865977e-01 4.352860e+06 4.352860e+06 4.352819e+06 1.097464e+01 2.433358e+01
7.865977e-01 7.957053e-01 4.352860e+06 4.352860e+06 4.352819e+06 1.097464e+01 2.429512e+01
7.957053e-01 8.049184e-01 4.352860e+06 4.352860e+06 4.352819e+06 1.097464e+01 2.425673e+01
8.049184e-01 8.142381e-01 4.352860e+06 4.352860e+06 4.352819e+06 1.097464e+01 2.421839e+01
8.142381e-01 8.236658e-01 4.352860e+06 4.352860e+06 4.352819e+06 1.097464e+01 2.418012e+01
8.236658e-01 8.332026e-01 4.985173e+06 4.985173e+06 4.985126e+06 4.275468e+00 2.414191e+01
8.332026e-01 8.428498e-01 5.277270e+06 5.277270e+06 5.277221e+06 1.180781e+00 2.410375e+01
8.428498e-01 8.526088e-01 5.277270e+06 5.277270e+06 5.277221e+06 1.180781e+00 2.406566e+01
8.526088e-01 8.624807e-01 5.277270e+06 5.277270e+06 5.277221e+06 1.180781e+00 2.402763e+01
8.624807e-01 8.724669e-01 5.277270e+06 5.277270e+06 5.277221e+06 1.180781e+00 2.398966e+01
8.724669e-01 8.825688e-01 5.277270e+06 5.277270e+06 5.277221e+06 1.180781e+00 2.395175e+01
8.825688e-01 8.927876e-01 5.277270e+06 5.277270e+06 5.277221e+06 1.180781e+00 2.391389e+01
8.927876e-01 9.031247e-01 5.277270e+06 5.277270e+06 5.277221e+06 1.180781e+00 2.387610e+01
9.031247e-01 9.135815e-01 5.029677e+06 5.029677e+06 5.029630e+06 9.930878e-01 2.383837e+01
9.135815e-01 9.241594e-01 3.937265e+06 3.937265e+06 3.937228e+06 1.649629e-01 2.380070e+01
9.241594e-01 9.348598e-01 3.937265e+06 3.937265e+06 3.937228e+06 1.649629e-01 2.376308e+01
9.348598e-01 9.456841e-01 3.937265e+06 3.937265e+06 3.937228e+06 1.649629e-01 2.372553e+01
9.456841e-01 9.566337e-01 3.937265e+06 3.937265e+06 3.937228e+06 1.649629e-01 2.368803e+01
9.566337e-01 9.677100e-01 3.793820e+06 3.793820e+06 3.793785e+06 1.305594e-01 2.368078e+01
9.677100e-01 9.789146e-01 3.653510e+06 3.653510e+06 3.653476e+06 9.690757e-02 2.367420e+01
9.789146e-01 9.902490e-01 3.653510e+06 3.653510e+06 3.653476e+06 9.690757e-02 2.366761e+01
9.902490e-01 1.001715e+00 3.653510e+06 3.653510e+06 3.653476e+06 9.690757e-02 2.366103e+01
1.001715e+00 1.013313e+00 3.451122e+06 3.451122e+06 3.451090e+06 5.313854e-02 2.365445e+01
1.013313e+00 1.025046e+00 3.287747e+06 3.287747e+06 3.287717e+06 1.780672e-02 2.364787e+01
1.025046e+00 1.036914e+00 3.287747e+06 3.287747e+06 3.287717e+06 1.780672e-02 2.364129e+01
1.036914e+00 1.048920e+00 3.275882e+06 3.275882e+06 3.275852e+06 1.680334e-02 2.364152e+01
1.048920e+00 1.061065e+00 3.259806e+06 3.259806e+06 3.259777e+06 1.544396e-02 2.367674e+01
1.061065e+00 1.073350e+00 3.153200e+06 3.153200e+06 3.153171e+06 9.764685e-03 2.371201e+01
1.073350e+00 1.085778e+00 3.080280e+06 3.080280e+06 3.080252e+06 5.879994e-03 2.374734e+01
1.085778e+00 1.098350e+00 3.082038e+06 3.082038e+06 3.082010e+06 5.337641e-03 2.378272e+01
1.098350e+00 1.111067e+00 3.087743e+06 3.087743e+06 3.087715e+06 3.577721e-03 2.381815e+01
1.111067e+00 1.123932e+00 3.087743e+06 3.087743e+06 3.087715e+06 3.577721e-03 2.385363e+01
1.123932e+00 1.136945e+00 3.087743e+06 3.087743e+06 3.087715e+06 3.577721e-03 2.388917e+01
1.136945e+00 1.150109e+00 3.087743e+06 3.087743e+06 3.087715e+06 3.577721e-03 2.392476e+01
1.150109e+00 1.163426e+00 3.102547e+06 3.102547e+06 3.102519e+06 2.275161e-03 2.396040e+01
1.163426e+00 1.176896e+00 3.125510e+06 3.125510e+06 3.125481e+06 2.547055e-04 2.399610e+01
1.176896e+00 1.190523e+00 3.125510e+06 3.125510e+06 3.125481e+06 2.547055e-04 2.403185e+01
1.190523e+00 1.204307e+00 3.125510e+06 3.125510e+06 3.125481e+06 2.547055e-04 2.406765e+01
1.204307e+00 1.218252e+00 3.125510e+06 3.125510e+06 3.125481e+06 2.547055e-04 2.410350e+01
1.218252e+00 1.232357e+00 3.125510e+06 3.125510e+06 3.125481e+06 2.547055e-04 2.413941e+01
1.232357e+00 1.246626e+00 3.125510e+06 3.125510e+06 3.125481e+06 2.547055e-04 2.417538e+01
1.246626e+00 1.261060e+00 3.125510e+06 3.125510e+06 3.125481e+06 2.547055e-04 2.421139e+01
1.261060e+00 1.275661e+00 3.125510e+06 3.125510e+06 3.125481e+06 2.547055e-04 2.424746e+01
1.275661e+00 1.290431e+00 2.824194e+06 2.824194e+06 2.824168e+06 9.945519e-05 2.428358e+01
1.290431e+00 1.305373e+00 2.645870e+06 2.645870e+06 2.645845e+06 7.575517e-06 2.431976e+01
1.305373e+00 1.320487e+00 2.645870e+06 2.645870e+06 2.645845e+06 7.575517e-06 2.435599e+01
1.320487e+00 1.335776e+00 2.645870e+06 2.645870e+06 2.645845e+06 7.575517e-06 2.439228e+01
1.335776e+00 1.351242e+00 2.645870e+06 2.645870e+06 2.645845e+06 7.575517e-06 2.442862e+01
1.351242e+00 1.366888e+00 2.645870e+06 2.645870e+06 2.645845e+06 7.575517e-06 2.446501e+01
1.366888e+00 1.382714e+00 2.645870e+06 2.645870e+06 2.645845e+06 7.575517e-06 2.450146e+01
1.382714e+00 1.398724e+00 2.675628e+06 2.675628e+06 2.675603e+06 2.473258e-06 2.453796e+01
1.398724e+00 1.414919e+00 2.682205e+06 2.682205e+06 2.682179e+06 1.345736e-06 2.457452e+01
1.414919e+00 1.431302e+00 2.684034e+06 2.684034e+06 2.684009e+06 1.237188e-06 2.462758e+01
1.431302e+00 1.447874e+00 2.686244e+06 2.686244e+06 2.686219e+06 1.106070e-06 2.475068e+01
1.447874e+00 1.464638e+00 2.686244e+06 2.686244e+06 2.686219e+06 1.106070e-06 2.487440e+01
1.464638e+00 1.481597e+00 2.719397e+06 2.719397e+06 2.719371e+06 3.216307e-07 2.499874e+01
1.481597e+00 1.498751e+00 2.726730e+06 2.726730e+06 2.726704e+06 1.481074e-07 2.512370e+01
1.498751e+00 1.516104e+00 2.726730e+06 2.726730e+06 2.726704e+06 1.481074e-07 2.524928e+01
1.516104e+00 1.533659e+00 2.688873e+06 2.688873e+06 2.688847e+06 1.080220e-07 2.537550e+01
1.533659e+00 1.551416e+00 2.643107e+06 2.643107e+06 2.643082e+06 5.956187e-08 2.550234e+01
1.551416e+00 1.569379e+00 2.643107e+06 2.643107e+06 2.643082e+06 5.956187e-08 2.562982e+01
1.569379e+00 1.587550e+00 2.643107e+06 2.643107e+06 2.643082e+06 5.956187e-08 2.575793e+01
1.587550e+00 1.605932e+00 2.643107e+06 2.643107e+06 2.643082e+06 5.956187e-08 2.588669e+01
1.605932e+00 1.624526e+00 2.467721e+06 2.467721e+06 2.467697e+06 2.365434e-08 2.601608e+01
1.624526e+00 1.643335e+00 2.361040e+06 2.361040e+06 2.361017e+06 1.813089e-09 2.614613e+01
1.643335e+00 1.662363e+00 2.361040e+06 2.361040e+06 2.361017e+06 1.813089e-09 2.627682e+01
1.662363e+00 1.681610e+00 2.361040e+06 2.361040e+06 2.361017e+06 1.813089e-09 2.640817e+01
1.681610e+00 1.701081e+00 2.361040e+06 2.361040e+06 2.361017e+06 1.813089e-09 2.654017e+01
1.701081e+00 1.720777e+00 2.361040e+06 2.361040e+06 2.361017e+06 1.813089e-09 2.667284e+01
1.720777e+00 1.740701e+00 2.361040e+06 2.361040e+06 2.361017e+06 1.813089e-09 2.680617e+01
1.740701e+00 1.760856e+00 2.140089e+06 2.140089e+06 2.140067e+06 2.325425e-10 2.694016e+01
1.760856e+00 1.781244e+00 2.119614e+06 2.119614e+06 2.119592e+06 8.607849e-11 2.707483e+01
1.781244e+00 1.801868e+00 2.119614e+06 2.119614e+06 2.119592e+06 8.607849e-11 2.721016e+01
1.801868e+00 1.822731e+00 2.119614e+06 2.119614e+06 2.119592e+06 8.607849e-11 2.739970e+01
1.822731e+00 1.843835e+00 2.094697e+06 2.094697e+06 2.094676e+06 7.200855e-11 2.765333e+01
1.843835e+00 1.865184e+00 1.990490e+06 1.990490e+06 1.990470e+06 1.316474e-11 2.790930e+01
1.865184e+00 1.886780e+00 1.990490e+06 1.990490e+06 1.990470e+06 1.316474e-11 2.816765e+01
1.886780e+00 1.908626e+00 1.990490e+06 1.990490e+06 1.990470e+06 1.316474e-11 2.842838e+01
1.908626e+00 1.930725e+00 2.002850e+06 2.002850e+06 2.002829e+06 3.767674e-12 2.869153e+01
1.930725e+00 1.953080e+00 2.004843e+06 2.004843e+06 2.004822e+06 2.252239e-12 2.895711e+01
1.953080e+00 1.975694e+00 2.004843e+06 2.004843e+06 2.004822e+06 2.252239e-12 2.922516e+01
1.975694e+00 1.998569e+00 2.016335e+06 2.016335e+06 2.016314e+06 5.895192e-13 2.949568e+01
1.998569e+00 2.021710e+00 2.017111e+06 2.017111e+06 2.017090e+06 4.772695e-13 2.976871e+01
2.021710e+00 2.045118e+00 2.017111e+06 2.017111e+06 2.017090e+06 4.772695e-13 3.004426e+01
2.045118e+00 2.068797e+00 2.029803e+06 2.029803e+06 2.029781e+06 1.571948e-13 3.032237e+01
2.068797e+00 2.092751e+00 2.033920e+06 2.033920e+06 2.033898e+06 5.336761e-14 3.060305e+01
2.092751e+00 2.116982e+00 2.027930e+06 2.027930e+06 2.027908e+06 4.675646e-14 3.088633e+01
2.116982e+00 2.141493e+00 2.005103e+06 2.005103e+06 2.005081e+06 2.156251e-14 3.117223e+01
2.141493e+00 2.166289e+00 2.005103e+06 2.005103e+06 2.005081e+06 2.156251e-14 3.159984e+01
2.166289e+00 2.191371e+00 2.005103e+06 2.005103e+06 2.005081e+06 2.156251e-14 3.203660e+01
2.191371e+00 2.216744e+00 2.005103e+06 2.005103e+06 2.005081e+06 2.156251e-14 3.247940e+01
2.216744e+00 2.242410e+00 1.950626e+06 1.950626e+06 1.950604e+06 1.381336e-14 3.292832e+01
2.242410e+00 2.268374e+00 1.854310e+06 1.854310e+06 1.854288e+06 1.129315e-16 3.338344e+01
2.268374e+00 2.294638e+00 1.854310e+06 1.854310e+06 1.854288e+06 1.129315e-16 3.384486e+01
2.294638e+00 2.321207e+00 1.854310e+06 1.854310e+06 1.854288e+06 1.129315e-16 3.431265e+01
2.321207e+00 2.348083e+00 1.854310e+06 1.854310e+06 1.854288e+06 1.129315e-16 3.478691e+01
2.348083e+00 2.375270e+00 1.835401e+06 1.835401e+06 1.835379e+06 6.099574e-17 3.526773e+01
2.375270e+00 2.402772e+00 1.829822e+06 1.829822e+06 1.829800e+06 4.567442e-17 3.575518e+01
2.402772e+00 2.430593e+00 1.798068e+06 1.798068e+06 1.798046e+06 2.276796e-17 3.624938e+01
2.430593e+00 2.458735e+00 1.773683e+06 1.773683e+06 1.773661e+06 5.177460e-18 3.675041e+01
2.458735e+00 2.487204e+00 1.773683e+06 1.773683e+06 1.773661e+06 5.177460e-18 3.737732e+01
2.487204e+00 2.516002e+00 1.773683e+06 1.773683e+06 1.773661e+06 5.177460e-18 3.811825e+01
2.516002e+00 2.545133e+00 1.734141e+06 1.734141e+06 1.734118e+06 2.944180e-18 3.887386e+01
2.545133e+00 2.574602e+00 1.684060e+06 1.684060e+06 1.684037e+06 1.156884e-19 3.964444e+01
2.574602e+00 2.604412e+00 1.684060e+06 1.684060e+06 1.684037e+06 1.156884e-19 4.043031e+01
2.604412e+00 2.634567e+00 1.679841e+06 1.679841e+06 1.679818e+06 1.062664e-19 4.123175e+01
2.634567e+00 2.665072e+00 1.647053e+06 1.647053e+06 1.647030e+06 3.344910e-20 4.204908e+01
2.665072e+00 2.695929e+00 1.633974e+06 1.633974e+06 1.633951e+06 2.124816e-20 4.288262e+01
2.695929e+00 2.727144e+00 1.602053e+06 1.602053e+06 1.602030e+06 9.239551e-21 4.373267e+01
2.727144e+00 2.758720e+00 1.588717e+06 1.588717e+06 1.588693e+06 4.222200e-21 4.465371e+01
2.758720e+00 2.790662e+00 1.588717e+06 1.588717e+06 1.588693e+06 4.222200e-21 4.582512e+01
2.790662e+00 2.822973e+00 1.587928e+06 1.587928e+06 1.587905e+06 4.192793e-21 4.702727e+01
2.822973e+00 2.855659e+00 1.476900e+06 1.476900e+06 1.476876e+06 5.274775e-23 4.826094e+01
2.855659e+00 2.888723e+00 1.476900e+06 1.476900e+06 1.476876e+06 5.274775e-23 4.952699e+01
2.888723e+00 2.922171e+00 1.476900e+06 1.476900e+06 1.476876e+06 5.274775e-23 5.082627e+01
2.922171e+00 2.956005e+00 1.468244e+06 1.468244e+06 1.468219e+06 2.542658e-23 5.215963e+01
2.956005e+00 2.990231e+00 1.458491e+06 1.458491e+06 1.458465e+06 1.053449e-23 5.352795e+01
2.990231e+00 3.024853e+00 1.457969e+06 1.457969e+06 1.457944e+06 9.810561e-24 5.530036e+01
3.024853e+00 3.059877e+00 1.457969e+06 1.457969e+06 1.457944e+06 9.810561e-24 5.714852e+01
3.059877e+00 3.095305e+00 1.417810e+06 1.417810e+06 1.417782e+06 1.925929e-24 5.905843e+01
3.095305e+00 3.131144e+00 1.408456e+06 1.408456e+06 1.408428e+06 8.946348e-26 6.103215e+01
3.131144e+00 3.167398e+00 1.408456e+06 1.408456e+06 1.408428e+06 8.946348e-26 6.307185e+01
3.167398e+00 3.204072e+00 1.401486e+06 1.401486e+06 1.401457e+06 4.924826e-26 6.517974e+01
3.204072e+00 3.241170e+00 1.392157e+06 1.392157e+06 1.392127e+06 2.075115e-26 6.775311e+01
3.241170e+00 3.278698e+00 1.386650e+06 1.386650e+06 1.386620e+06 9.747734e-27 7.059325e+01
3.278698e+00 3.316660e+00 1.354551e+06 1.354551e+06 1.354520e+06 5.592848e-27 7.355245e+01
3.316660e+00 3.355062e+00 1.316096e+06 1.316096e+06 1.316064e+06 6.152588e-28 7.663569e+01
3.355062e+00 3.393909e+00 1.303127e+06 1.303127e+06 1.303095e+06 4.057935e-28 7.984822e+01
3.393909e+00 3.433205e+00 1.292049e+06 1.292049e+06 1.292016e+06 2.268630e-28 8.359577e+01
3.433205e+00 3.472957e+00 1.259229e+06 1.259229e+06 1.259194e+06 1.281561e-28 8.788054e+01
3.472957e+00 3.513168e+00 1.219712e+06 1.219712e+06 1.219676e+06 9.308509e-30 9.238491e+01
3.513168e+00 3.553845e+00 1.210941e+06 1.210941e+06 1.210905e+06 6.930963e-30 9.712011e+01
3.553845e+00 3.594994e+00 1.192843e+06 1.192843e+06 1.192805e+06 2.899936e-30 1.024982e+02
3.594994e+00 3.636618e+00 1.164867e+06 1.164867e+06 1.164827e+06 6.674636e-31 1.088312e+02
3.636618e+00 3.678725e+00 1.170620e+06 1.170620e+06 1.170578e+06 2.822493e-31 1.155553e+02
3.678725e+00 3.721319e+00 1.177156e+06 1.177156e+06 1.177111e+06 9.851120e-32 1.226950e+02
3.721319e+00 3.764406e+00 1.181696e+06 1.181696e+06 1.181649e+06 5.444547e-32 1.312915e+02
3.764406e+00 3.807992e+00 1.192934e+06 1.192934e+06 1.192881e+06 6.623860e-33 1.408348e+02
3.807992e+00 3.852083e+00 1.196047e+06 1.196047e+06 1.195992e+06 4.024268e-33 1.513698e+02
3.852083e+00 3.896684e+00 1.205210e+06 1.205210e+06 1.205148e+06 1.682465e-33 1.642253e+02
3.896684e+00 3.941802e+00 1.211915e+06 1.211915e+06 1.211848e+06 2.953499e-34 1.781727e+02
3.941802e+00 3.987442e+00 1.217413e+06 1.217413e+06 1.217340e+06 1.481606e-34 1.948671e+02
3.987442e+00 4.033611e+00 1.225972e+06 1.225972e+06 1.225891e+06 2.813678e-35 2.143188e+02
4.033611e+00 4.080314e+00 1.224840e+06 1.224840e+06 1.224752e+06 1.211469e-35 2.365500e+02
4.080314e+00 4.127558e+00 1.192637e+06 1.192637e+06 1.192538e+06 2.348459e-36 2.639596e+02
4.127558e+00 4.175349e+00 1.173303e+06 1.173303e+06 1.173196e+06 1.022114e-36 2.965027e+02
4.175349e+00 4.223693e+00 1.151740e+06 1.151740e+06 1.151622e+06 2.787127e-37 3.358223e+02
4.223693e+00 4.272597e+00 1.124704e+06 1.124704e+06 1.124567e+06 7.645896e-38 3.867870e+02
4.272597e+00 4.322067e+00 1.104473e+06 1.104473e+06 1.104318e+06 2.307932e-38 4.492662e+02
4.322067e+00 4.372110e+00 1.083691e+06 1.083691e+06 1.083512e+06 6.312320e-39 5.289590e+02
4.372110e+00 4.422733e+00 1.060760e+06 1.060760e+06 1.060548e+06 1.537208e-39 6.373102e+02
4.422733e+00 4.473941e+00 1.039704e+06 1.039704e+06 1.039446e+06 4.335658e-40 7.843859e+02
4.473941e+00 4.525743e+00 1.019102e+06 1.019102e+06 1.018780e+06 1.164992e-40 9.905815e+02
4.525743e+00 4.578144e+00 9.973055e+05 9.973055e+05 9.968898e+05 3.076265e-41 1.299239e+03
4.578144e+00 4.631152e+00 9.758980e+05 9.758980e+05 9.753349e+05 8.237859e-42 1.790424e+03
4.631152e+00 4.684774e+00 9.547148e+05 9.547148e+05 9.538972e+05 2.085622e-42 2.633595e+03
4.684774e+00 4.739016e+00 9.339653e+05 9.339653e+05 9.326553e+05 5.215956e-43 4.261727e+03
4.739016e+00 4.793887e+00 9.137761e+05 9.137761e+05 9.113939e+05 1.292889e-43 7.852938e+03
4.793887e+00 4.849393e+00 8.937752e+05 8.937752e+05 8.891043e+05 3.123818e-44 1.581779e+04
4.849393e+00 4.905542e+00 8.744715e+05 8.744715e+05 8.671962e+05 7.537250e-45 2.596163e+04
4.905542e+00 4.962340e+00 8.565408e+05 8.565408e+05 8.496606e+05 1.869868e-45 2.384691e+04
4.962340e+00 5.019797e+00 8.358243e+05 8.358243e+05 8.322382e+05 3.845309e-46 1.313867e+04
5.019797e+00 5.077918e+00 8.286953e+05 8.286953e+05 8.268951e+05 9.177971e-47 6.281652e+03
5.077918e+00 5.136713e+00 8.400499e+05 8.400499e+05 8.390617e+05 2.073199e-47 3.379008e+03
5.136713e+00 5.196188e+00 8.516380e+05 8.516380e+05 8.510211e+05 4.615023e-48 2.061741e+03
5.196188e+00 5.256352e+00 8.636006e+05 8.636006e+05 8.631816e+05 9.860960e-49 1.374263e+03
5.256352e+00 5.317213e+00 8.754922e+05 8.754922e+05 8.751865e+05 2.139818e-49 9.774947e+02
5.317213e+00 5.378778e+00 8.877750e+05 8.877750e+05 8.875429e+05 4.376901e-50 7.242850e+02
5.378778e+00 5.441057e+00 9.000494e+05 9.000494e+05 8.998660e+05 9.212304e-51 5.574824e+02
5.441057e+00 5.504056e+00 9.126812e+05 9.126812e+05 9.125327e+05 1.878647e-51 4.401492e+02
5.504056e+00 5.567784e+00 9.252733e+05 9.252733e+05 9.251499e+05 3.927562e-52 3.550784e+02
5.567784e+00 5.632251e+00 9.357772e+05 9.357772e+05 9.356735e+05 6.965539e-53 2.914845e+02
5.632251e+00 5.697464e+00 9.122463e+05 9.122463e+05 9.121600e+05 1.469233e-53 2.426699e+02
5.697464e+00 5.763432e+00 8.784570e+05 8.784570e+05 8.783857e+05 2.462046e-54 2.047045e+02
5.763432e+00 5.830164e+00 8.395034e+05 8.395034e+05 8.394454e+05 5.398672e-55 1.750122e+02
5.830164e+00 5.897668e+00 8.138102e+05 8.138102e+05 8.137595e+05 1.222052e-55 1.506639e+02
5.897668e+00 5.965954e+00 7.792991e+05 7.792991e+05 7.792571e+05 1.209271e-56 1.306003e+02
5.965954e+00 6.035031e+00 7.472887e+05 7.472887e+05 7.472529e+05 3.998060e-57 1.144151e+02
6.035031e+00 6.104908e+00 7.277922e+05 7.277922e+05 7.277599e+05 5.442603e-58 1.006699e+02
6.104908e+00 6.175593e+00 6.872684e+05 6.872684e+05 6.872421e+05 6.293981e-59 8.910368e+01
6.175593e+00 6.247097e+00 6.670401e+05 6.670401e+05 6.670164e+05 1.179829e-59 7.936739e+01
6.247097e+00 6.319429e+00 6.491612e+05 6.491612e+05 6.491402e+05 1.688548e-60 7.091665e+01
6.319429e+00 6.392599e+00 6.496274e+05 6.496274e+05 6.496078e+05 3.424177e-61 6.373969e+01
6.392599e+00 6.466616e+00 6.504586e+05 6.504586e+05 6.504410e+05 7.470860e-62 5.746535e+01
6.466616e+00 6.541489e+00 6.509294e+05 6.509294e+05 6.509129e+05 6.570609e-63 5.197244e+01
6.541489e+00 6.617230e+00 6.514807e+05 6.514807e+05 6.514653e+05 1.488620e-63 4.721911e+01
6.617230e+00 6.693847e+00 6.520912e+05 6.520912e+05 6.520768e+05 1.205289e-64 4.294014e+01
6.693847e+00 6.771352e+00 6.526926e+05 6.526926e+05 6.526792e+05 1.458731e-65 3.929058e+01
6.771352e+00 6.849754e+00 6.533720e+05 6.533720e+05 6.533594e+05 3.773920e-66 3.595119e+01
6.849754e+00 6.929064e+00 6.538093e+05 6.538093e+05 6.537974e+05 5.649653e-67 3.300643e+01
6.929064e+00 7.009292e+00 6.545448e+05 6.545448e+05 6.545337e+05 2.651036e-68 3.038733e+01
7.009292e+00 7.090449e+00 6.499339e+05 6.499339e+05 6.499233e+05 5.835255e-69 2.797606e+01
7.090449e+00 7.172546e+00 6.463512e+05 6.463512e+05 6.463410e+05 2.888003e-69 2.588493e+01
7.172546e+00 7.255593e+00 6.335658e+05 6.335658e+05 6.335569e+05 1.766195e-71 2.395746e+01
7.255593e+00 7.339602e+00 6.331343e+05 6.331343e+05 6.331253e+05 1.521753e-71 2.221405e+01
7.339602e+00 7.424583e+00 6.274882e+05 6.274882e+05 6.274797e+05 1.053091e-71 2.066313e+01
7.424583e+00 7.510549e+00 6.141758e+05 6.141758e+05 6.141683e+05 1.646199e-74 1.922049e+01
7.510549e+00 7.597510e+00 6.124980e+05 6.124980e+05 6.124906e+05 1.107417e-74 1.789925e+01
7.597510e+00 7.685477e+00 6.102068e+05 6.102068e+05 6.101995e+05 3.716580e-75 1.672506e+01
7.685477e+00 7.774463e+00 5.976024e+05 5.976024e+05 5.975959e+05 2.930441e-76 1.562789e+01
7.774463e+00 7.864480e+00 5.962165e+05 5.962165e+05 5.962101e+05 1.576319e-77 1.461257e+01
7.864480e+00 7.955539e+00 5.902298e+05 5.902298e+05 5.902237e+05 2.448797e-78 1.371324e+01
7.955539e+00 8.047652e+00 5.888666e+05 5.888666e+05 5.888606e+05 3.296065e-79 1.286927e+01
8.047652e+00 8.140832e+00 5.806880e+05 5.806880e+05 5.806825e+05 2.824355e-81 1.207723e+01
8.140832e+00 8.235090e+00 5.806880e+05 5.806880e+05 5.806825e+05 2.824355e-81 1.135734e+01
8.235090e+00 8.330440e+00 5.740113e+05 5.740113e+05 5.740060e+05 1.297115e-81 1.069916e+01
8.330440e+00 8.426894e+00 5.683490e+05 5.683490e+05 5.683440e+05 1.930562e-84 1.007912e+01
8.426894e+00 8.524465e+00 5.665242e+05 5.665242e+05 5.665193e+05 7.833003e-85 9.495015e+00
8.524465e+00 8.623165e+00 5.626198e+05 5.626198e+05 5.626150e+05 2.914436e-85 8.975915e+00
8.623165e+00 8.723008e+00 5.569470e+05 5.569470e+05 5.569425e+05 1.576612e-87 8.485211e+00
8.723008e+00 8.824008e+00 5.583432e+05 5.583432e+05 5.583388e+05 8.531558e-88 8.021331e+00
8.824008e+00 8.926176e+00 5.603410e+05 5.603410e+05 5.603366e+05 1.968852e-89 7.587379e+00
8.926176e+00 9.029528e+00 5.615548e+05 5.615548e+05 5.615505e+05 2.666892e-90 7.197211e+00
9.029528e+00 9.134076e+00 5.644741e+05 5.644741e+05 5.644699e+05 8.838583e-91 6.827107e+00
9.134076e+00 9.239835e+00 5.659119e+05 5.659119e+05 5.659078e+05 5.673538e-93 6.476035e+00
9.239835e+00 9.346819e+00 5.680569e+05 5.680569e+05 5.680529e+05 6.349092e-94 6.143014e+00
9.346819e+00 9.455041e+00 5.682413e+05 5.682413e+05 5.682373e+05 2.016487e-94 5.841160e+00
9.455041e+00 9.564516e+00 5.732135e+05 5.732135e+05 5.732096e+05 7.886625e-96 5.557167e+00
9.564516e+00 9.675258e+00 5.737352e+05 5.737352e+05 5.737314e+05 8.959747e-98 5.286982e+00
9.675258e+00 9.787283e+00 5.732991e+05 5.732991e+05 5.732954e+05 5.391203e-99 5.029933e+00
9.787283e+00 9.900605e+00 5.716021e+05 5.716021e+05 5.715984e+05 2.280391e-99 4.795860e+00
9.900605e+00 1.001524e+01 5.716021e+05 5.716021e+05 5.715984e+05 2.280391e-99 4.575417e+00
1.001524e+01 1.013120e+01 5.409880e+05 5.409880e+05 5.409848e+05 0.000000e+00 4.365108e+00
1.013120e+01 1.024850e+01 5.370192e+05 5.370192e+05 5.370160e+05 0.000000e+00 4.164469e+00
1.024850e+01 1.036717e+01 5.370192e+05 5.370192e+05 5.370160e+05 0.000000e+00 3.973583e+00
1.036717e+01 1.048720e+01 5.286290e+05 5.286290e+05 5.286259e+05 0.000000e+00 3.800903e+00
1.048720e+01 1.060863e+01 5.264731e+05 5.264731e+05 5.264700e+05 0.000000e+00 3.635729e+00
1.060863e+01 1.073146e+01 5.144014e+05 5.144014e+05 5.143984e+05 0.000000e+00 3.477731e+00
1.073146e+01 1.085572e+01 5.072763e+05 5.072763e+05 5.072735e+05 0.000000e+00 3.326598e+00
1.085572e+01 1.098141e+01 5.070820e+05 5.070820e+05 5.070791e+05 0.000000e+00 3.187249e+00
1.098141e+01 1.110856e+01 5.070820e+05 5.070820e+05 5.070791e+05 0.000000e+00 3.056656e+00
1.110856e+01 1.123718e+01 5.027463e+05 5.027463e+05 5.027435e+05 0.000000e+00 2.931413e+00
1.123718e+01 1.136729e+01 4.947879e+05 4.947879e+05 4.947853e+05 0.000000e+00 2.811302e+00
1.136729e+01 1.149890e+01 4.947879e+05 4.947879e+05 4.947853e+05 0.000000e+00 2.696115e+00
1.149890e+01 1.163204e+01 4.943208e+05 4.943208e+05 4.943182e+05 0.000000e+00 2.586677e+00
1.163204e+01 1.176672e+01 4.930803e+05 4.930803e+05 4.930777e+05 0.000000e+00 2.486867e+00
1.176672e+01 1.190296e+01 4.910558e+05 4.910558e+05 4.910532e+05 0.000000e+00 2.390909e+00
1.190296e+01 1.204078e+01 4.861250e+05 4.861250e+05 4.861225e+05 0.000000e+00 2.298653e+00
1.204078e+01 1.218020e+01 4.846203e+05 4.846203e+05 4.846179e+05 0.000000e+00 2.209954e+00
1.218020e+01 1.232123e+01 4.749034e+05 4.749034e+05 4.749011e+05 0.000000e+00 2.124913e+00
1.232123e+01 1.246389e+01 4.645257e+05 4.645257e+05 4.645234e+05 0.000000e+00 2.047324e+00
1.246389e+01 1.260820e+01 4.568614e+05 4.568614e+05 4.568591e+05 0.000000e+00 1.972569e+00
1.260820e+01 1.275418e+01 4.568614e+05 4.568614e+05 4.568591e+05 0.000000e+00 1.900545e+00
1.275418e+01 1.290186e+01 4.291716e+05 4.291716e+05 4.291696e+05 0.000000e+00 1.831148e+00
1.290186e+01 1.305124e+01 4.280700e+05 4.280700e+05 4.280680e+05 0.000000e+00 1.764285e+00
1.305124e+01 1.320236e+01 4.280700e+05 4.280700e+05 4.280680e+05 0.000000e+00 1.703102e+00
1.320236e+01 1.335522e+01 4.082495e+05 4.082495e+05 4.082476e+05 0.000000e+00 1.644608e+00
1.335522e+01 1.350985e+01 4.020930e+05 4.020930e+05 4.020911e+05 0.000000e+00 1.588124e+00
1.350985e+01 1.366628e+01 3.989303e+05 3.989303e+05 3.989285e+05 0.000000e+00 1.533579e+00
1.366628e+01 1.382451e+01 3.888800e+05 3.888800e+05 3.888782e+05 0.000000e+00 1.480907e+00
1.382451e+01 1.398458e+01 3.807271e+05 3.807271e+05 3.807253e+05 0.000000e+00 1.430045e+00
1.398458e+01 1.414650e+01 3.807271e+05 3.807271e+05 3.807253e+05 0.000000e+00 1.383475e+00
1.414650e+01 1.431029e+01 3.807271e+05 3.807271e+05 3.807253e+05 0.000000e+00 1.338929e+00
1.431029e+01 1.447598e+01 3.646306e+05 3.646306e+05 3.646290e+05 0.000000e+00 1.295817e+00
1.447598e+01 1.464359e+01 3.414094e+05 3.414094e+05 3.414079e+05 0.000000e+00 1.254093e+00
1.464359e+01 1.481315e+01 3.414094e+05 3.414094e+05 3.414079e+05 0.000000e+00 1.213711e+00
1.481315e+01 1.498466e+01 3.406253e+05 3.406253e+05 3.406238e+05 0.000000e+00 1.174845e+00
1.498466e+01 1.515816e+01 3.356980e+05 3.356980e+05 3.356965e+05 0.000000e+00 1.139507e+00
1.515816e+01 1.533367e+01 3.356980e+05 3.356980e+05 3.356965e+05 0.000000e+00 1.105232e+00
1.533367e+01 1.551121e+01 3.356980e+05 3.356980e+05 3.356965e+05 0.000000e+00 1.071988e+00
1.551121e+01 1.569080e+01 3.248959e+05 3.248959e+05 3.248946e+05 0.000000e+00 1.039745e+00
1.569080e+01 1.587248e+01 3.239469e+05 3.239469e+05 3.239455e+05 0.000000e+00 1.008470e+00
1.587248e+01 1.605626e+01 3.239469e+05 3.239469e+05 3.239455e+05 0.000000e+00 9.781365e-01
1.605626e+01 1.624217e+01 3.239469e+05 3.239469e+05 3.239455e+05 0.000000e+00 9.502246e-01
1.624217e+01 1.643023e+01 3.191718e+05 3.191718e+05 3.191705e+05 0.000000e+00 9.236472e-01
1.643023e+01 1.662046e+01 3.180320e+05 3.180320e+05 3.180306e+05 0.000000e+00 8.978138e-01
1.662046e+01 1.681290e+01 3.160277e+05 3.160277e+05 3.160264e+05 0.000000e+00 8.727030e-01
1.681290e+01 1.700757e+01 3.153282e+05 3.153282e+05 3.153269e+05 0.000000e+00 8.482939e-01
1.700757e+01 1.720449e+01 3.150443e+05 3.150443e+05 3.150430e+05 0.000000e+00 8.245676e-01
1.720449e+01 1.740370e+01 3.148047e+05 3.148047e+05 3.148034e+05 0.000000e+00 8.017515e-01
1.740370e+01 1.760520e+01 3.148047e+05 3.148047e+05 3.148034e+05 0.000000e+00 7.812726e-01
1.760520e+01 1.780905e+01 3.148047e+05 3.148047e+05 3.148034e+05 0.000000e+00 7.613168e-01
1.780905e+01 1.801525e+01 3.146651e+05 3.146651e+05 3.146639e+05 0.000000e+00 7.418705e-01
1.801525e+01 1.822384e+01 3.129260e+05 3.129260e+05 3.129248e+05 0.000000e+00 7.229211e-01
1.822384e+01 1.843484e+01 3.129260e+05 3.129260e+05 3.129248e+05 0.000000e+00 7.044560e-01
1.843484e+01 1.864829e+01 3.129260e+05 3.129260e+05 3.129248e+05 0.000000e+00 6.864624e-01
1.864829e+01 1.886421e+01 3.128500e+05 3.128500e+05 3.128488e+05 0.000000e+00 6.689282e-01
1.886421e+01 1.908263e+01 3.121828e+05 3.121828e+05 3.121816e+05 0.000000e+00 6.531522e-01
1.908263e+01 1.930358e+01 3.112066e+05 3.112066e+05 3.112054e+05 0.000000e+00 6.377677e-01
1.930358e+01 1.952708e+01 3.112066e+05 3.112066e+05 3.112054e+05 0.000000e+00 6.227457e-01
1.952708e+01 1.975318e+01 3.112066e+05 3.112066e+05 3.112054e+05 0.000000e+00 6.080775e-01
1.975318e+01 1.998189e+01 3.092176e+05 3.092176e+05 3.092164e+05 0.000000e+00 5.937546e-01
1.998189e+01 2.021325e+01 3.072442e+05 3.072442e+05 3.072430e+05 0.000000e+00 5.797692e-01
2.021325e+01 2.044729e+01 3.072442e+05 3.072442e+05 3.072430e+05 0.000000e+00 5.661132e-01
2.044729e+01 2.068404e+01 3.072442e+05 3.072442e+05 3.072430e+05 0.000000e+00 5.532458e-01
2.068404e+01 2.092353e+01 3.061122e+05 3.061122e+05 3.061110e+05 0.000000e+00 5.417769e-01
2.092353e+01 2.116579e+01 3.060740e+05 3.060740e+05 3.060728e+05 0.000000e+00 5.305459e-01
2.116579e+01 2.141086e+01 3.047945e+05 3.047945e+05 3.047933e+05 0.000000e+00 5.195476e-01
2.141086e+01 2.165876e+01 3.044836e+05 3.044836e+05 3.044825e+05 0.000000e+00 5.087774e-01
2.165876e+01 2.190954e+01 3.044836e+05 3.044836e+05 3.044825e+05 0.000000e+00 4.982304e-01
2.190954e+01 2.216322e+01 3.036190e+05 3.036190e+05 3.036179e+05 0.000000e+00 4.879020e-01
2.216322e+01 2.241983e+01 3.019971e+05 3.019971e+05 3.019960e+05 0.000000e+00 4.777878e-01
2.241983e+01 2.267942e+01 3.019971e+05 3.019971e+05 3.019960e+05 0.000000e+00 4.678833e-01
2.267942e+01 2.294202e+01 3.019971e+05 3.019971e+05 3.019960e+05 0.000000e+00 4.592558e-01
2.294202e+01 2.320765e+01 3.005269e+05 3.005269e+05 3.005258e+05 0.000000e+00 4.511048e-01
2.320765e+01 2.347636e+01 3.004686e+05 3.004686e+05 3.004675e+05 0.000000e+00 4.430986e-01
2.347636e+01 2.374818e+01 3.004540e+05 3.004540e+05 3.004529e+05 0.000000e+00 4.352344e-01
2.374818e+01 2.402315e+01 3.004540e+05 3.004540e+05 3.004529e+05 0.000000e+00 4.275097e-01
2.402315e+01 2.430130e+01 2.645004e+05 2.645004e+05 2.644994e+05 0.000000e+00 4.199222e-01
2.430130e+01 2.458267e+01 2.323068e+05 2.323068e+05 2.323060e+05 0.000000e+00 4.124694e-01
2.458267e+01 2.486730e+01 2.323068e+05 2.323068e+05 2.323060e+05 0.000000e+00 4.051489e-01
2.486730e+01 2.515523e+01 2.323068e+05 2.323068e+05 2.323060e+05 0.000000e+00 3.979937e-01
2.515523e+01 2.544649e+01 2.323068e+05 2.323068e+05 2.323060e+05 0.000000e+00 3.923839e-01
2.544649e+01 2.574112e+01 2.073209e+05 2.073209e+05 2.073201e+05 0.000000e+00 3.868532e-01
2.574112e+01 2.603916e+01 2.013520e+05 2.013520e+05 2.013513e+05 0.000000e+00 3.814006e-01
2.603916e+01 2.634066e+01 2.013520e+05 2.013520e+05 2.013513e+05 0.000000e+00 3.760247e-01
2.634066e+01 2.664564e+01 2.013520e+05 2.013520e+05 2.013513e+05 0.000000e+00 3.707246e-01
2.664564e+01 2.695416e+01 2.013520e+05 2.013520e+05 2.013513e+05 0.000000e+00 3.654992e-01
2.695416e+01 2.726625e+01 1.861102e+05 1.861102e+05 1.861096e+05 0.000000e+00 3.603475e-01
2.726625e+01 2.758195e+01 1.845148e+05 1.845148e+05 1.845141e+05 0.000000e+00 3.552683e-01
2.758195e+01 2.790131e+01 1.845148e+05 1.845148e+05 1.845141e+05 0.000000e+00 3.502608e-01
2.790131e+01 2.822436e+01 1.845148e+05 1.845148e+05 1.845141e+05 0.000000e+00 3.457111e-01
2.822436e+01 2.855116e+01 1.829908e+05 1.829908e+05 1.829902e+05 0.000000e+00 3.421023e-01
2.855116e+01 2.888174e+01 1.765560e+05 1.765560e+05 1.765554e+05 0.000000e+00 3.385311e-01
2.888174e+01 2.921614e+01 1.765560e+05 1.765560e+05 1.765554e+05 0.000000e+00 3.349973e-01
2.921614e+01 2.955442e+01 1.765560e+05 1.765560e+05 1.765554e+05 0.000000e+00 3.315004e-01
2.955442e+01 2.989662e+01 1.781963e+05 1.781963e+05 1.781957e+05 0.000000e+00 3.280399e-01
2.989662e+01 3.024278e+01 1.823615e+05 1.823615e+05 1.823609e+05 0.000000e+00 3.246155e-01
3.024278e+01 3.059294e+01 1.823615e+05 1.823615e+05 1.823609e+05 0.000000e+00 3.212270e-01
3.059294e+01 3.094716e+01 1.823615e+05 1.823615e+05 1.823609e+05 0.000000e+00 3.187395e-01
3.094716e+01 3.130548e+01 1.839100e+05 1.839100e+05 1.839094e+05 0.000000e+00 3.170801e-01
3.130548e+01 3.166795e+01 1.866109e+05 1.866109e+05 1.866103e+05 0.000000e+00 3.154293e-01
3.166795e+01 3.203462e+01 1.869581e+05 1.869581e+05 1.869575e+05 0.000000e+00 3.137871e-01
3.203462e+01 3.240553e+01 1.882625e+05 1.882625e+05 1.882619e+05 0.000000e+00 3.121535e-01
3.240553e+01 3.278074e+01 1.887880e+05 1.887880e+05 1.887874e+05 0.000000e+00 3.105283e-01
3.278074e+01 3.316029e+01 1.887880e+05 1.887880e+05 1.887874e+05 0.000000e+00 3.089117e-01
3.316029e+01 3.354424e+01 1.869166e+05 1.869166e+05 1.869160e+05 0.000000e+00 3.073034e-01
3.354424e+01 3.393263e+01 1.864252e+05 1.864252e+05 1.864246e+05 0.000000e+00 3.057035e-01
3.393263e+01 3.432552e+01 1.864252e+05 1.864252e+05 1.864246e+05 0.000000e+00 3.041794e-01
3.432552e+01 3.472296e+01 1.860250e+05 1.860250e+05 1.860244e+05 0.000000e+00 3.040014e-01
3.472296e+01 3.512500e+01 1.851697e+05 1.851697e+05 1.851691e+05 0.000000e+00 3.038235e-01
3.512500e+01 3.553169e+01 1.851697e+05 1.851697e+05 1.851691e+05 0.000000e+00 3.047629e-01
3.553169e+01 3.594309e+01 1.840926e+05 1.840926e+05 1.840920e+05 0.000000e+00 3.064323e-01
3.594309e+01 3.635926e+01 1.838800e+05 1.838800e+05 1.838794e+05 0.000000e+00 3.081109e-01
3.635926e+01 3.678025e+01 1.838800e+05 1.838800e+05 1.838794e+05 0.000000e+00 3.097987e-01
3.678025e+01 3.720611e+01 1.838800e+05 1.838800e+05 1.838794e+05 0.000000e+00 3.114957e-01
3.720611e+01 3.763690e+01 1.615477e+05 1.615477e+05 1.615472e+05 0.000000e+00 3.132020e-01
3.763690e+01 3.807267e+01 1.539040e+05 1.539040e+05 1.539036e+05 0.000000e+00 3.149177e-01
3.807267e+01 3.851350e+01 1.539040e+05 1.539040e+05 1.539036e+05 0.000000e+00 3.166427e-01
3.851350e+01 3.895943e+01 1.539040e+05 1.539040e+05 1.539036e+05 0.000000e+00 3.197380e-01
3.895943e+01 3.941052e+01 1.537289e+05 1.537289e+05 1.537284e+05 0.000000e+00 3.242563e-01
3.941052e+01 3.986683e+01 1.357950e+05 1.357950e+05 1.357946e+05 0.000000e+00 3.288385e-01
3.986683e+01 4.032843e+01 1.357950e+05 1.357950e+05 1.357946e+05 0.000000e+00 3.334854e-01
4.032843e+01 4.079537e+01 1.346647e+05 1.346647e+05 1.346643e+05 0.000000e+00 3.381980e-01
4.079537e+01 4.126772e+01 1.338020e+05 1.338020e+05 1.338016e+05 0.000000e+00 3.451567e-01
4.126772e+01 4.174554e+01 1.329173e+05 1.329173e+05 1.329169e+05 0.000000e+00 3.539574e-01
4.174554e+01 4.222889e+01 1.263954e+05 1.263954e+05 1.263950e+05 0.000000e+00 3.629824e-01
4.222889e+01 4.271784e+01 1.263954e+05 1.263954e+05 1.263950e+05 0.000000e+00 3.722376e-01
4.271784e+01 4.321245e+01 1.250675e+05 1.250675e+05 1.250671e+05 0.000000e+00 3.852933e-01
4.321245e+01 4.371278e+01 1.233779e+05 1.233779e+05 1.233775e+05 0.000000e+00 4.002875e-01
4.371278e+01 4.421891e+01 1.215582e+05 1.215582e+05 1.215579e+05 0.000000e+00 4.166463e-01
4.421891e+01 4.473090e+01 1.193821e+05 1.193821e+05 1.193818e+05 0.000000e+00 4.439081e-01
4.473090e+01 4.524881e+01 1.181305e+05 1.181305e+05 1.181302e+05 0.000000e+00 4.816131e-01
4.524881e+01 4.577273e+01 1.178674e+05 1.178674e+05 1.178671e+05 0.000000e+00 5.606732e-01
4.577273e+01 4.630270e+01 1.177569e+05 1.177569e+05 1.177566e+05 0.000000e+00 8.762648e-01
4.630270e+01 4.683882e+01 1.176466e+05 1.176466e+05 1.176459e+05 0.000000e+00 1.384893e+01
4.683882e+01 4.738114e+01 1.175368e+05 1.175368e+05 1.175364e+05 0.000000e+00 1.465973e+00
4.738114e+01 4.792975e+01 1.174256e+05 1.174256e+05 1.174252e+05 0.000000e+00 7.041880e-01
4.792975e+01 4.848470e+01 1.173207e+05 1.173207e+05 1.173203e+05 0.000000e+00 6.453543e-01
4.848470e+01 4.904608e+01 1.172029e+05 1.172029e+05 1.172026e+05 0.000000e+00 6.584729e-01
4.904608e+01 4.961396e+01 1.171228e+05 1.171228e+05 1.171225e+05 0.000000e+00 6.964228e-01
4.961396e+01 5.018841e+01 1.169595e+05 1.169595e+05 1.169592e+05 0.000000e+00 7.455704e-01
5.018841e+01 5.076952e+01 1.173555e+05 1.173555e+05 1.173552e+05 0.000000e+00 8.147147e-01
5.076952e+01 5.135735e+01 1.189419e+05 1.189419e+05 1.189416e+05 0.000000e+00 8.948740e-01
5.135735e+01 5.195199e+01 1.200872e+05 1.200872e+05 1.200869e+05 0.000000e+00 1.001588e+00
5.195199e+01 5.255352e+01 1.209435e+05 1.209435e+05 1.209432e+05 0.000000e+00 1.131013e+00
5.255352e+01 5.316201e+01 1.228373e+05 1.228373e+05 1.228370e+05 0.000000e+00 1.299137e+00
5.316201e+01 5.377755e+01 1.238264e+05 1.238264e+05 1.238261e+05 0.000000e+00 1.520791e+00
5.377755e+01 5.440021e+01 1.250644e+05 1.250644e+05 1.250641e+05 0.000000e+00 1.818811e+00
5.440021e+01 5.503008e+01 1.263620e+05 1.263620e+05 1.263617e+05 0.000000e+00 2.233680e+00
5.503008e+01 5.566725e+01 1.276442e+05 1.276442e+05 1.276438e+05 0.000000e+00 2.841809e+00
5.566725e+01 5.631179e+01 1.284559e+05 1.284559e+05 1.284556e+05 0.000000e+00 3.796872e+00
5.631179e+01 5.696380e+01 1.262463e+05 1.262463e+05 1.262459e+05 0.000000e+00 5.551687e+00
5.696380e+01 5.762335e+01 1.236553e+05 1.236553e+05 1.236548e+05 0.000000e+00 1.032288e+01
5.762335e+01 5.829054e+01 1.211303e+05 1.211303e+05 1.211249e+05 0.000000e+00 1.894388e+02
5.829054e+01 5.896546e+01 1.186621e+05 1.186621e+05 1.186604e+05 0.000000e+00 2.967094e+01
5.896546e+01 5.964819e+01 1.162151e+05 1.162151e+05 1.162118e+05 0.000000e+00 6.335746e+01
5.964819e+01 6.033883e+01 1.138469e+05 1.138469e+05 1.137698e+05 0.000000e+00 9.664376e+02
6.033883e+01 6.103746e+01 1.115183e+05 1.115183e+05 1.114627e+05 0.000000e+00 4.918068e+02
6.103746e+01 6.174418e+01 1.092450e+05 1.092450e+05 1.092409e+05 0.000000e+00 4.852692e+01
6.174418e+01 6.245908e+01 1.069931e+05 1.069931e+05 1.069913e+05 0.000000e+00 1.760106e+01
6.245908e+01 6.318227e+01 1.055598e+05 1.055598e+05 1.055587e+05 0.000000e+00 8.989061e+00
6.318227e+01 6.391382e+01 1.048473e+05 1.048473e+05 1.048464e+05 0.000000e+00 5.432523e+00
6.391382e+01 6.465385e+01 1.041418e+05 1.041418e+05 1.041410e+05 0.000000e+00 3.635939e+00
6.465385e+01 6.540244e+01 1.034441e+05 1.034441e+05 1.034434e+05 0.000000e+00 2.615807e+00
6.540244e+01 6.615970e+01 1.027649e+05 1.027649e+05 1.027643e+05 0.000000e+00 1.968126e+00
6.615970e+01 6.692573e+01 1.020413e+05 1.020413e+05 1.020407e+05 0.000000e+00 1.547826e+00
6.692573e+01 6.770063e+01 1.013514e+05 1.013514e+05 1.013509e+05 0.000000e+00 1.254411e+00
6.770063e+01 6.848450e+01 1.006951e+05 1.006951e+05 1.006947e+05 0.000000e+00 1.046227e+00
6.848450e+01 6.927745e+01 9.996782e+04 9.996782e+04 9.996738e+04 0.000000e+00 8.947796e-01
6.927745e+01 7.007958e+01 9.935092e+04 9.935092e+04 9.935050e+04 0.000000e+00 7.843697e-01
7.007958e+01 7.089099e+01 9.670355e+04 9.670355e+04 9.670315e+04 0.000000e+00 7.075893e-01
7.089099e+01 7.171180e+01 9.444816e+04 9.444816e+04 9.444778e+04 0.000000e+00 6.579024e-01
7.171180e+01 7.254212e+01 9.228545e+04 9.228545e+04 9.228510e+04 0.000000e+00 6.299471e-01
7.254212e+01 7.338205e+01 8.999394e+04 8.999394e+04 8.999360e+04 0.000000e+00 6.352394e-01
7.338205e+01 7.423170e+01 8.771184e+04 8.771184e+04 8.771151e+04 0.000000e+00 6.775657e-01
7.423170e+01 7.509119e+01 8.563412e+04 8.563412e+04 8.563381e+04 0.000000e+00 7.975782e-01
7.509119e+01 7.596064e+01 8.354910e+04 8.354910e+04 8.354880e+04 0.000000e+00 1.073455e+00
7.596064e+01 7.684014e+01 8.151854e+04 8.151854e+04 8.151824e+04 0.000000e+00 1.824617e+00
7.684014e+01 7.772984e+01 7.950800e+04 7.950800e+04 7.950764e+04 0.000000e+00 4.974359e+00
7.772984e+01 7.862983e+01 7.819017e+04 7.819017e+04 7.818407e+04 0.000000e+00 1.323962e+02
7.862983e+01 7.954025e+01 7.752985e+04 7.752985e+04 7.752734e+04 0.000000e+00 2.444069e+01
7.954025e+01 8.046120e+01 7.687736e+04 7.687736e+04 7.687695e+04 0.000000e+00 3.204868e+00
8.046120e+01 8.139282e+01 7.622368e+04 7.622368e+04 7.622335e+04 0.000000e+00 1.315185e+00
8.139282e+01 8.233523e+01 7.559145e+04 7.559145e+04 7.559115e+04 0.000000e+00 7.602840e-01
8.233523e+01 8.328855e+01 7.493667e+04 7.493667e+04 7.493639e+04 0.000000e+00 5.226217e-01
8.328855e+01 8.425290e+01 7.433964e+04 7.433964e+04 7.433937e+04 0.000000e+00 3.956223e-01
8.425290e+01 8.522842e+01 7.368326e+04 7.368326e+04 7.368300e+04 0.000000e+00 3.219452e-01
8.522842e+01 8.621524e+01 7.310774e+04 7.310774e+04 7.310749e+04 0.000000e+00 2.731525e-01
8.621524e+01 8.721348e+01 7.247382e+04 7.247382e+04 7.247357e+04 0.000000e+00 2.387762e-01
8.721348e+01 8.822328e+01 7.276352e+04 7.276352e+04 7.276328e+04 0.000000e+00 2.152756e-01
8.822328e+01 8.924478e+01 7.310088e+04 7.310088e+04 7.310063e+04 0.000000e+00 1.966912e-01
8.924478e+01 9.027810e+01 7.338633e+04 7.338633e+04 7.338608e+04 0.000000e+00 1.825687e-01
9.027810e+01 9.132338e+01 7.387392e+04 7.387392e+04 7.387368e+04 0.000000e+00 1.718047e-01
9.132338e+01 9.238077e+01 7.397155e+04 7.397155e+04 7.397131e+04 0.000000e+00 1.647134e-01
9.238077e+01 9.345040e+01 7.472389e+04 7.472389e+04 7.472365e+04 0.000000e+00 1.585510e-01
9.345040e+01 9.453241e+01 7.475460e+04 7.475460e+04 7.475436e+04 0.000000e+00 1.542758e-01
9.453241e+01 9.562695e+01 7.534767e+04 7.534767e+04 7.534744e+04 0.000000e+00 1.523188e-01
9.562695e+01 9.673417e+01 7.559916e+04 7.559916e+04 7.559893e+04 0.000000e+00 1.528213e-01
9.673417e+01 9.785421e+01 7.545846e+04 7.545846e+04 7.545823e+04 0.000000e+00 1.561463e-01
9.785421e+01 9.898721e+01 7.381258e+04 7.381258e+04 7.381236e+04 0.000000e+00 1.627784e-01
9.898721e+01 1.001333e+02 7.272718e+04 7.272718e+04 7.272696e+04 0.000000e+00 1.764425e-01
1.001333e+02 1.012927e+02 7.147703e+04 7.147703e+04 7.147681e+04 0.000000e+00 1.996074e-01
1.012927e+02 1.024655e+02 7.028937e+04 7.028937e+04 7.028916e+04 0.000000e+00 2.454121e-01
1.024655e+02 1.036519e+02 6.914131e+04 6.914131e+04 6.914111e+04 0.000000e+00 3.401241e-01
1.036519e+02 1.048521e+02 6.799414e+04 6.799414e+04 6.799394e+04 0.000000e+00 5.885924e-01
1.048521e+02 1.060661e+02 6.685961e+04 6.685961e+04 6.685940e+04 0.000000e+00 1.658314e+00
1.060661e+02 1.072942e+02 6.574907e+04 6.574907e+04 6.574644e+04 0.000000e+00 7.408559e+01
1.072942e+02 1.085365e+02 6.468191e+04 6.468191e+04 6.468128e+04 0.000000e+00 5.435724e+00
1.085365e+02 1.097932e+02 6.384532e+04 6.384532e+04 6.384508e+04 0.000000e+00 9.152184e-01
1.097932e+02 1.110644e+02 6.306008e+04 6.306008e+04 6.305987e+04 0.000000e+00 4.107607e-01
1.110644e+02 1.123504e+02 6.229184e+04 6.229184e+04 6.229165e+04 0.000000e+00 2.580847e-01
1.123504e+02 1.136512e+02 6.153285e+04 6.153285e+04 6.153266e+04 0.000000e+00 1.923984e-01
1.136512e+02 1.149671e+02 6.076043e+04 6.076043e+04 6.076025e+04 0.000000e+00 1.607617e-01
1.149671e+02 1.162983e+02 6.004159e+04 6.004159e+04 6.004141e+04 0.000000e+00 1.431516e-01
1.162983e+02 1.176448e+02 5.927634e+04 5.927634e+04 5.927616e+04 0.000000e+00 1.352590e-01
1.176448e+02 1.190070e+02 5.857178e+04 5.857178e+04 5.857161e+04 0.000000e+00 1.383904e-01
1.190070e+02 1.203849e+02 5.783379e+04 5.783379e+04 5.783362e+04 0.000000e+00 1.645205e-01
1.203849e+02 1.217788e+02 5.730537e+04 5.730537e+04 5.730520e+04 0.000000e+00 3.719956e-01
1.217788e+02 1.231888e+02 5.699512e+04 5.699512e+04 5.699474e+04 0.000000e+00 2.180822e+01
1.231888e+02 1.246151e+02 5.668724e+04 5.668724e+04 5.668708e+04 0.000000e+00 2.505947e-01
1.246151e+02 1.260580e+02 5.638669e+04 5.638669e+04 5.638653e+04 0.000000e+00 1.427904e-01
1.260580e+02 1.275176e+02 5.607133e+04 5.607133e+04 5.607117e+04 0.000000e+00 1.219186e-01
1.275176e+02 1.289940e+02 5.577651e+04 5.577651e+04 5.577635e+04 0.000000e+00 1.157310e-01
1.289940e+02 1.304876e+02 5.552574e+04 5.552574e+04 5.552559e+04 0.000000e+00 1.150931e-01
1.304876e+02 1.319984e+02 5.514050e+04 5.514050e+04 5.514035e+04 0.000000e+00 1.173484e-01
1.319984e+02 1.335268e+02 5.485915e+04 5.485915e+04 5.485900e+04 0.000000e+00 1.234752e-01
1.335268e+02 1.350728e+02 5.459725e+04 5.459725e+04 5.459711e+04 0.000000e+00 1.318523e-01
1.350728e+02 1.366367e+02 5.359156e+04 5.359156e+04 5.359142e+04 0.000000e+00 1.449125e-01
1.366367e+02 1.382188e+02 5.262774e+04 5.262774e+04 5.262760e+04 0.000000e+00 1.672836e-01
1.382188e+02 1.398192e+02 5.170676e+04 5.170676e+04 5.170663e+04 0.000000e+00 2.065727e-01
1.398192e+02 1.414381e+02 5.074427e+04 5.074427e+04 5.074414e+04 0.000000e+00 2.926251e-01
1.414381e+02 1.430757e+02 4.981756e+04 4.981756e+04 4.981743e+04 0.000000e+00 6.059176e-01
1.430757e+02 1.447323e+02 4.891110e+04 4.891110e+04 4.891028e+04 0.000000e+00 1.670111e+01
1.447323e+02 1.464081e+02 4.801703e+04 4.801703e+04 4.801680e+04 0.000000e+00 1.856359e+00
1.464081e+02 1.481033e+02 4.714035e+04 4.714035e+04 4.714023e+04 0.000000e+00 7.928065e-01
1.481033e+02 1.498181e+02 4.627493e+04 4.627493e+04 4.627481e+04 0.000000e+00 1.498265e+00
1.498181e+02 1.515527e+02 4.554138e+04 4.554138e+04 4.553928e+04 0.000000e+00 2.138026e+01
1.515527e+02 1.533075e+02 4.497805e+04 4.497805e+04 4.497709e+04 0.000000e+00 7.918999e+00
1.533075e+02 1.550826e+02 4.442299e+04 4.442299e+04 4.442283e+04 0.000000e+00 1.188802e+00
1.550826e+02 1.568782e+02 4.387412e+04 4.387412e+04 4.387399e+04 0.000000e+00 6.855434e-01
1.568782e+02 1.586946e+02 4.333875e+04 4.333875e+04 4.333864e+04 0.000000e+00 7.041550e-01
1.586946e+02 1.605320e+02 4.279238e+04 4.279238e+04 4.279227e+04 0.000000e+00 1.209425e+00
1.605320e+02 1.623908e+02 4.226940e+04 4.226940e+04 4.226923e+04 0.000000e+00 4.794675e+00
1.623908e+02 1.642710e+02 4.174785e+04 4.174785e+04 4.174453e+04 0.000000e+00 2.911485e+02
1.642710e+02 1.661730e+02 4.123266e+04 4.123266e+04 4.123149e+04 0.000000e+00 1.826422e+02
1.661730e+02 1.680970e+02 4.074790e+04 4.074790e+04 4.074772e+04 0.000000e+00 1.488419e+00
1.680970e+02 1.700434e+02 4.050093e+04 4.050093e+04 4.050079e+04 0.000000e+00 5.858871e-01
1.700434e+02 1.720122e+02 4.031717e+04 4.031717e+04 4.031704e+04 0.000000e+00 3.512285e-01
1.720122e+02 1.740038e+02 4.013111e+04 4.013111e+04 4.013099e+04 0.000000e+00 2.552836e-01
1.740038e+02 1.760185e+02 3.996085e+04 3.996085e+04 3.996073e+04 0.000000e+00 2.108028e-01
1.760185e+02 1.780566e+02 3.975445e+04 3.975445e+04 3.975434e+04 0.000000e+00 1.915502e-01
1.780566e+02 1.801182e+02 3.959144e+04 3.959144e+04 3.959133e+04 0.000000e+00 1.912383e-01
1.801182e+02 1.822037e+02 3.939709e+04 3.939709e+04 3.939698e+04 0.000000e+00 2.128581e-01
1.822037e+02 1.843133e+02 3.922499e+04 3.922499e+04 3.922489e+04 0.000000e+00 2.745485e-01
1.843133e+02 1.864474e+02 3.904289e+04 3.904289e+04 3.904279e+04 0.000000e+00 4.594672e-01
1.864474e+02 1.886062e+02 3.866895e+04 3.866895e+04 3.866885e+04 0.000000e+00 1.360909e+00
1.886062e+02 1.907900e+02 3.798749e+04 3.798749e+04 3.798549e+04 0.000000e+00 1.744672e+02
1.907900e+02 1.929990e+02 3.731379e+04 3.731379e+04 3.731358e+04 0.000000e+00 2.399404e+00
1.929990e+02 1.952337e+02 3.665124e+04 3.665124e+04 3.665112e+04 0.000000e+00 5.447083e-01
1.952337e+02 1.974942e+02 3.600501e+04 3.600501e+04 3.600490e+04 0.000000e+00 2.736023e-01
1.974942e+02 1.997809e+02 3.536132e+04 3.536132e+04 3.536122e+04 0.000000e+00 1.852546e-01
1.997809e+02 2.020940e+02 3.473422e+04 3.473422e+04 3.473413e+04 0.000000e+00 1.475801e-01
2.020940e+02 2.044340e+02 3.413737e+04 3.413737e+04 3.413728e+04 0.000000e+00 1.292272e-01
2.044340e+02 2.068010e+02 3.349545e+04 3.349545e+04 3.349536e+04 0.000000e+00 1.259295e-01
2.068010e+02 2.091954e+02 3.294075e+04 3.294075e+04 3.294065e+04 0.000000e+00 2.438109e-01
2.091954e+02 2.116176e+02 3.262598e+04 3.262598e+04 3.262588e+04 0.000000e+00 1.809751e-01
2.116176e+02 2.140678e+02 3.239999e+04 3.239999e+04 3.239991e+04 0.000000e+00 1.156461e-01
2.140678e+02 2.165464e+02 3.215824e+04 3.215824e+04 3.215816e+04 0.000000e+00 1.124605e-01
2.165464e+02 2.190537e+02 3.188121e+04 3.188121e+04 3.188114e+04 0.000000e+00 1.160790e-01
2.190537e+02 2.215900e+02 3.164313e+04 3.164313e+04 3.164306e+04 0.000000e+00 1.237167e-01
2.215900e+02 2.241557e+02 3.142158e+04 3.142158e+04 3.142151e+04 0.000000e+00 1.359952e-01
2.241557e+02 2.267511e+02 3.119281e+04 3.119281e+04 3.119275e+04 0.000000e+00 1.558301e-01
2.267511e+02 2.293765e+02 3.095127e+04 3.095127e+04 3.095120e+04 0.000000e+00 1.887029e-01
2.293765e+02 2.320323e+02 3.072185e+04 3.072185e+04 3.072179e+04 0.000000e+00 2.527588e-01
2.320323e+02 2.347189e+02 3.052860e+04 3.052860e+04 3.052854e+04 0.000000e+00 3.953470e-01
2.347189e+02 2.374366e+02 3.040191e+04 3.040191e+04 3.040186e+04 0.000000e+00 8.637991e-01
2.374366e+02 2.401858e+02 3.027531e+04 3.027531e+04 3.027503e+04 0.000000e+00 5.160057e+00
2.401858e+02 2.429667e+02 3.014966e+04 3.014966e+04 3.014733e+04 0.000000e+00 2.199736e+01
2.429667e+02 2.457799e+02 3.002445e+04 3.002445e+04 3.002434e+04 0.000000e+00 1.230919e+00
2.457799e+02 2.486257e+02 2.990042e+04 2.990042e+04 2.990034e+04 0.000000e+00 5.184658e-01
2.486257e+02 2.515044e+02 2.977481e+04 2.977481e+04 2.977474e+04 0.000000e+00 3.853831e-01
2.515044e+02 2.544164e+02 2.965031e+04 2.965031e+04 2.965024e+04 0.000000e+00 4.144421e-01
2.544164e+02 2.573622e+02 2.952810e+04 2.952810e+04 2.952803e+04 0.000000e+00 3.214465e+00
2.573622e+02 2.603421e+02 2.938305e+04 2.938305e+04 2.938299e+04 0.000000e+00 1.702383e+00
2.603421e+02 2.633564e+02 2.895142e+04 2.895142e+04 2.894915e+04 0.000000e+00 1.935536e+02
2.633564e+02 2.664057e+02 2.843956e+04 2.843956e+04 2.843936e+04 0.000000e+00 2.790416e+00
2.664057e+02 2.694903e+02 2.793332e+04 2.793332e+04 2.793322e+04 0.000000e+00 7.432553e-01
2.694903e+02 2.726106e+02 2.743947e+04 2.743947e+04 2.743939e+04 0.000000e+00 5.428505e-01
2.726106e+02 2.757670e+02 2.695335e+04 2.695335e+04 2.695317e+04 0.000000e+00 2.981053e+01
2.757670e+02 2.789600e+02 2.647556e+04 2.647556e+04 2.647550e+04 0.000000e+00 4.704106e-01
2.789600e+02 2.821899e+02 2.601276e+04 2.601276e+04 2.601271e+04 0.000000e+00 5.345861e-01
2.821899e+02 2.854572e+02 2.554225e+04 2.554225e+04 2.554220e+04 0.000000e+00 8.171863e-01
2.854572e+02 2.887624e+02 2.509015e+04 2.509015e+04 2.509010e+04 0.000000e+00 1.723720e+00
2.887624e+02 2.921058e+02 2.436895e+04 2.436895e+04 2.436876e+04 0.000000e+00 7.316207e+00
2.921058e+02 2.954880e+02 2.314418e+04 2.314418e+04 2.313824e+04 0.000000e+00 4.335438e+02
2.954880e+02 2.989093e+02 2.196730e+04 2.196730e+04 2.196698e+04 0.000000e+00 4.720356e+00
2.989093e+02 3.023702e+02 2.085465e+04 2.085465e+04 2.085450e+04 0.000000e+00 1.326274e+00
3.023702e+02 3.058712e+02 1.978730e+04 1.978730e+04 1.978720e+04 0.000000e+00 6.472633e-01
3.058712e+02 3.094127e+02 1.880049e+04 1.880049e+04 1.880042e+04 0.000000e+00 4.104244e-01
3.094127e+02 3.129952e+02 1.782693e+04 1.782693e+04 1.782686e+04 0.000000e+00 3.083257e-01
3.129952e+02 3.166193e+02 1.693097e+04 1.693097e+04 1.693091e+04 0.000000e+00 2.668601e-01
3.166193e+02 3.202852e+02 1.605494e+04 1.605494e+04 1.605489e+04 0.000000e+00 2.775684e-01
3.202852e+02 3.239937e+02 1.524319e+04 1.524319e+04 1.524315e+04 0.000000e+00 3.799040e-01
3.239937e+02 3.277450e+02 1.460246e+04 1.460246e+04 1.460243e+04 0.000000e+00 1.039877e+00
3.277450e+02 3.315398e+02 1.401932e+04 1.401932e+04 1.401862e+04 0.000000e+00 2.131430e+02
3.315398e+02 3.353785e+02 1.346010e+04 1.346010e+04 1.346002e+04 0.000000e+00 1.484920e+00
3.353785e+02 3.392617e+02 1.292049e+04 1.292049e+04 1.292045e+04 0.000000e+00 3.873536e-01
3.392617e+02 3.431899e+02 1.240497e+04 1.240497e+04 1.240494e+04 0.000000e+00 2.423878e-01
3.431899e+02 3.471635e+02 1.190968e+04 1.190968e+04 1.190965e+04 0.000000e+00 2.209724e-01
3.471635e+02 3.511831e+02 1.143384e+04 1.143384e+04 1.143381e+04 0.000000e+00 2.939962e-01
3.511831e+02 3.552493e+02 1.097561e+04 1.097561e+04 1.097555e+04 0.000000e+00 1.280488e+00
3.552493e+02 3.593625e+02 1.053766e+04 1.053766e+04 1.053745e+04 0.000000e+00 2.239142e+00
3.593625e+02 3.635234e+02 1.042102e+04 1.042102e+04 1.042100e+04 0.000000e+00 4.042857e-01
3.635234e+02 3.677325e+02 1.099188e+04 1.099188e+04 1.099186e+04 0.000000e+00 5.691383e-01
3.677325e+02 3.719902e+02 1.161110e+04 1.161110e+04 1.161063e+04 0.000000e+00 9.276773e+00
3.719902e+02 3.762973e+02 1.226773e+04 1.226773e+04 1.226761e+04 0.000000e+00 2.116812e+00
3.762973e+02 3.806543e+02 1.296150e+04 1.296150e+04 1.296146e+04 0.000000e+00 1.130380e+00
3.806543e+02 3.850617e+02 1.369449e+04 1.369449e+04 1.369407e+04 0.000000e+00 2.668861e+01
3.850617e+02 3.895201e+02 1.446898e+04 1.446898e+04 1.446892e+04 0.000000e+00 4.494975e-01
3.895201e+02 3.940302e+02 1.528477e+04 1.528477e+04 1.528472e+04 0.000000e+00 2.376173e-01
3.940302e+02 3.985924e+02 1.615438e+04 1.615438e+04 1.615434e+04 0.000000e+00 2.876864e-01
3.985924e+02 4.032075e+02 1.702306e+04 1.702306e+04 1.702285e+04 0.000000e+00 3.029813e+01
4.032075e+02 4.078761e+02 1.715258e+04 1.715258e+04 1.715253e+04 0.000000e+00 3.028830e-01
4.078761e+02 4.125987e+02 1.699784e+04 1.699784e+04 1.699780e+04 0.000000e+00 1.608849e-01
4.125987e+02 4.173759e+02 1.683785e+04 1.683785e+04 1.683781e+04 0.000000e+00 1.457305e-01
4.173759e+02 4.222085e+02 1.669099e+04 1.669099e+04 1.669095e+04 0.000000e+00 1.595058e-01
4.222085e+02 4.270971e+02 1.652942e+04 1.652942e+04 1.652939e+04 0.000000e+00 2.001140e-01
4.270971e+02 4.320422e+02 1.638108e+04 1.638108e+04 1.638105e+04 0.000000e+00 3.145953e-01
4.320422e+02 4.370446e+02 1.623168e+04 1.623168e+04 1.623165e+04 0.000000e+00 8.329603e-01
4.370446e+02 4.421049e+02 1.608340e+04 1.608340e+04 1.608250e+04 0.000000e+00 5.698081e+01
4.421049e+02 4.472238e+02 1.593622e+04 1.593622e+04 1.593613e+04 0.000000e+00 1.641548e+00
4.472238e+02 4.524020e+02 1.571077e+04 1.571077e+04 1.571042e+04 0.000000e+00 6.524608e+00
4.524020e+02 4.576401e+02 1.530641e+04 1.530641e+04 1.530635e+04 0.000000e+00 7.564464e-01
4.576401e+02 4.629389e+02 1.490049e+04 1.490049e+04 1.490045e+04 0.000000e+00 3.505349e-01
4.629389e+02 4.682991e+02 1.450860e+04 1.450860e+04 1.450857e+04 0.000000e+00 4.196504e-01
4.682991e+02 4.737213e+02 1.412667e+04 1.412667e+04 1.412664e+04 0.000000e+00 1.038533e+00
4.737213e+02 4.792062e+02 1.375462e+04 1.375462e+04 1.375343e+04 0.000000e+00 5.654641e+01
4.792062e+02 4.847547e+02 1.339245e+04 1.339245e+04 1.339233e+04 0.000000e+00 2.043426e+00
4.847547e+02 4.903674e+02 1.303946e+04 1.303946e+04 1.303930e+04 0.000000e+00 1.412097e+00
4.903674e+02 4.960452e+02 1.269610e+04 1.269610e+04 1.269594e+04 0.000000e+00 2.213582e+01
4.960452e+02 5.017886e+02 1.237077e+04 1.237077e+04 1.237072e+04 0.000000e+00 3.304793e-01
5.017886e+02 5.075986e+02 1.225640e+04 1.225640e+04 1.225636e+04 0.000000e+00 1.780802e-01
5.075986e+02 5.134758e+02 1.222623e+04 1.222623e+04 1.222620e+04 0.000000e+00 1.431351e-01
5.134758e+02 5.194211e+02 1.219611e+04 1.219611e+04 1.219608e+04 0.000000e+00 1.332313e-01
5.194211e+02 5.254352e+02 1.216630e+04 1.216630e+04 1.216627e+04 0.000000e+00 1.450088e-01
5.254352e+02 5.315189e+02 1.213708e+04 1.213708e+04 1.213705e+04 0.000000e+00 2.455782e-01
5.315189e+02 5.376731e+02 1.210761e+04 1.210761e+04 1.210748e+04 0.000000e+00 5.267481e+01
5.376731e+02 5.438986e+02 1.207817e+04 1.207817e+04 1.207814e+04 0.000000e+00 2.653310e-01
5.438986e+02 5.501961e+02 1.204881e+04 1.204881e+04 1.204869e+04 0.000000e+00 2.091870e+00
5.501961e+02 5.565665e+02 1.201951e+04 1.201951e+04 1.201948e+04 0.000000e+00 3.227244e-01
5.565665e+02 5.630107e+02 1.200021e+04 1.200021e+04 1.200018e+04 0.000000e+00 3.486903e-01
5.630107e+02 5.695295e+02 1.200658e+04 1.200658e+04 1.200656e+04 0.000000e+00 4.045769e-01
5.695295e+02 5.761238e+02 1.201434e+04 1.201434e+04 1.201432e+04 0.000000e+00 1.252825e+00
5.761238e+02 5.827945e+02 1.202203e+04 1.202203e+04 1.202101e+04 0.000000e+00 2.458403e+02
5.827945e+02 5.895424e+02 1.202975e+04 1.202975e+04 1.202963e+04 0.000000e+00 2.760429e+01
5.895424e+02 5.963684e+02 1.203747e+04 1.203747e+04 1.203744e+04 0.000000e+00 6.140580e-01
5.963684e+02 6.032734e+02 1.204521e+04 1.204521e+04 1.204485e+04 0.000000e+00 2.301820e+00
6.032734e+02 6.102584e+02 1.205294e+04 1.205294e+04 1.205275e+04 0.000000e+00 1.541564e+00
6.102584e+02 6.173243e+02 1.206068e+04 1.206068e+04 1.206058e+04 0.000000e+00 9.364719e-01
6.173243e+02 6.244720e+02 1.206712e+04 1.206712e+04 1.206699e+04 0.000000e+00 1.053537e+00
6.244720e+02 6.317024e+02 1.203705e+04 1.203705e+04 1.203692e+04 0.000000e+00 6.170480e+01
6.317024e+02 6.390166e+02 1.199056e+04 1.199056e+04 1.199002e+04 0.000000e+00 3.994996e+00
6.390166e+02 6.464154e+02 1.194429e+04 1.194429e+04 1.194380e+04 0.000000e+00 3.082086e+00
6.464154e+02 6.538999e+02 1.189809e+04 1.189809e+04 1.189804e+04 0.000000e+00 4.774947e-01
6.538999e+02 6.614711e+02 1.185219e+04 1.185219e+04 1.185214e+04 0.000000e+00 8.817776e-01
6.614711e+02 6.691299e+02 1.180653e+04 1.180653e+04 1.180650e+04 0.000000e+00 2.407377e-01
6.691299e+02 6.768775e+02 1.176098e+04 1.176098e+04 1.176096e+04 0.000000e+00 2.731678e-01
6.768775e+02 6.847147e+02 1.171507e+04 1.171507e+04 1.171505e+04 0.000000e+00 4.610332e-01
6.847147e+02 6.926426e+02 1.167013e+04 1.167013e+04 1.167010e+04 0.000000e+00 1.461281e+00
6.926426e+02 7.006624e+02 1.157488e+04 1.157488e+04 1.157330e+04 0.000000e+00 8.282655e+01
7.006624e+02 7.087750e+02 1.133973e+04 1.133973e+04 1.133952e+04 0.000000e+00 2.181620e+00
7.087750e+02 7.169816e+02 1.110054e+04 1.110054e+04 1.110033e+04 0.000000e+00 1.492981e+00
7.169816e+02 7.252831e+02 1.086731e+04 1.086731e+04 1.086724e+04 0.000000e+00 5.389392e-01
7.252831e+02 7.336808e+02 1.063800e+04 1.063800e+04 1.063796e+04 0.000000e+00 2.404049e-01
7.336808e+02 7.421757e+02 1.041299e+04 1.041299e+04 1.041294e+04 0.000000e+00 8.109301e+00
7.421757e+02 7.507690e+02 1.019424e+04 1.019424e+04 1.019421e+04 0.000000e+00 2.516188e-01
7.507690e+02 7.594618e+02 9.979067e+03 9.979067e+03 9.979009e+03 0.000000e+00 8.385904e-01
7.594618e+02 7.682552e+02 9.769049e+03 9.769049e+03 9.768789e+03 0.000000e+00 1.493565e+00
7.682552e+02 7.771504e+02 9.564165e+03 9.564165e+03 9.563881e+03 0.000000e+00 2.123012e+01
7.771504e+02 7.861487e+02 9.399361e+03 9.399361e+03 9.399208e+03 0.000000e+00 1.630841e+00
7.861487e+02 7.952511e+02 9.255042e+03 9.255042e+03 9.255000e+03 0.000000e+00 8.156377e-01
7.952511e+02 8.044589e+02 9.113124e+03 9.113124e+03 9.112948e+03 0.000000e+00 1.164972e+00
8.044589e+02 8.137733e+02 8.972859e+03 8.972859e+03 8.972827e+03 0.000000e+00 5.185848e-01
8.137733e+02 8.231956e+02 8.835262e+03 8.835262e+03 8.835032e+03 0.000000e+00 2.580163e+01
8.231956e+02 8.327269e+02 8.699618e+03 8.699618e+03 8.699142e+03 0.000000e+00 5.067433e+00
8.327269e+02 8.423687e+02 8.566208e+03 8.566208e+03 8.566153e+03 0.000000e+00 3.715984e-01
8.423687e+02 8.521220e+02 8.434383e+03 8.434383e+03 8.434343e+03 0.000000e+00 1.854129e-01
8.521220e+02 8.619883e+02 8.305019e+03 8.305019e+03 8.304985e+03 0.000000e+00 1.638132e-01
8.619883e+02 8.719688e+02 8.199246e+03 8.199246e+03 8.199200e+03 0.000000e+00 3.073474e-01
8.719688e+02 8.820649e+02 8.162449e+03 8.162449e+03 8.162400e+03 0.000000e+00 4.262485e-01
8.820649e+02 8.922779e+02 8.130798e+03 8.130798e+03 8.130769e+03 0.000000e+00 1.352673e-01
8.922779e+02 9.026091e+02 8.099915e+03 8.099915e+03 8.099890e+03 0.000000e+00 1.153686e-01
9.026091e+02 9.130600e+02 8.067225e+03 8.067225e+03 8.067203e+03 0.000000e+00 1.331033e-01
9.130600e+02 9.236318e+02 8.036433e+03 8.036433e+03 8.036414e+03 0.000000e+00 2.197477e-01
9.236318e+02 9.343261e+02 8.005263e+03 8.005263e+03 8.005013e+03 0.000000e+00 2.303573e+00
9.343261e+02 9.451442e+02 7.974229e+03 7.974229e+03 7.974176e+03 0.000000e+00 5.987261e-01
9.451442e+02 9.560875e+02 7.943275e+03 7.943275e+03 7.943249e+03 0.000000e+00 2.444039e-01
9.560875e+02 9.671576e+02 7.909657e+03 7.909657e+03 7.909586e+03 0.000000e+00 6.433880e+01
9.671576e+02 9.783558e+02 7.739344e+03 7.739344e+03 7.739327e+03 0.000000e+00 3.306422e-01
9.783558e+02 9.896837e+02 7.500145e+03 7.500145e+03 7.499918e+03 0.000000e+00 1.093849e+02
9.896837e+02 1.001143e+03 7.268262e+03 7.268262e+03 7.267992e+03 0.000000e+00 1.248876e+02
1.001143e+03 1.012734e+03 7.044173e+03 7.044173e+03 7.044130e+03 0.000000e+00 3.411737e-01
1.012734e+03 1.024460e+03 6.825203e+03 6.825203e+03 6.825174e+03 0.000000e+00 1.781709e-01
1.024460e+03 1.036322e+03 6.614754e+03 6.614754e+03 6.614733e+03 0.000000e+00 2.208728e-01
1.036322e+03 1.048321e+03 6.410251e+03 6.410251e+03 6.410115e+03 0.000000e+00 3.292083e+01
1.048321e+03 1.060459e+03 6.212041e+03 6.212041e+03 6.212015e+03 0.000000e+00 2.460680e-01
1.060459e+03 1.072738e+03 6.020000e+03 6.020000e+03 6.019979e+03 0.000000e+00 2.955383e-01
1.072738e+03 1.085158e+03 5.899311e+03 5.899311e+03 5.899228e+03 0.000000e+00 2.189596e+01
1.085158e+03 1.097723e+03 6.008893e+03 6.008893e+03 6.008753e+03 0.000000e+00 2.677355e+01
1.097723e+03 1.110433e+03 6.140378e+03 6.140378e+03 6.140350e+03 0.000000e+00 2.518834e-01
1.110433e+03 1.123290e+03 6.274741e+03 6.274741e+03 6.274716e+03 0.000000e+00 2.490917e-01
1.123290e+03 1.136296e+03 6.412025e+03 6.412025e+03 6.411916e+03 0.000000e+00 6.459151e+00
1.136296e+03 1.149453e+03 6.551843e+03 6.551843e+03 6.551793e+03 0.000000e+00 4.210187e-01
1.149453e+03 1.162761e+03 6.695548e+03 6.695548e+03 6.695525e+03 0.000000e+00 1.545057e-01
1.162761e+03 1.176224e+03 6.842827e+03 6.842827e+03 6.842808e+03 0.000000e+00 1.903918e-01
1.176224e+03 1.189843e+03 6.991869e+03 6.991869e+03 6.991758e+03 0.000000e+00 1.006110e+02
1.189843e+03 1.203620e+03 7.142372e+03 7.142372e+03 7.142353e+03 0.000000e+00 3.207903e-01
1.203620e+03 1.217556e+03 7.121272e+03 7.121272e+03 7.121132e+03 0.000000e+00 1.637091e+00
1.217556e+03 1.231654e+03 6.996992e+03 6.996992e+03 6.996861e+03 0.000000e+00 2.166462e+01
1.231654e+03 1.245914e+03 6.874869e+03 6.874869e+03 6.874826e+03 0.000000e+00 2.792357e-01
1.245914e+03 1.260340e+03 6.754984e+03 6.754984e+03 6.754936e+03 0.000000e+00 4.089417e+01
1.260340e+03 1.274933e+03 6.636893e+03 6.636893e+03 6.636873e+03 0.000000e+00 1.900904e-01
1.274933e+03 1.289695e+03 6.521154e+03 6.521154e+03 6.521059e+03 0.000000e+00 4.588546e+01
1.289695e+03 1.304627e+03 6.407357e+03 6.407357e+03 6.407337e+03 0.000000e+00 2.204109e-01
1.304627e+03 1.319733e+03 6.295539e+03 6.295539e+03 6.295465e+03 0.000000e+00 7.946405e+00
1.319733e+03 1.335014e+03 6.185600e+03 6.185600e+03 6.185490e+03 0.000000e+00 1.512129e+01
1.335014e+03 1.350471e+03 6.097420e+03 6.097420e+03 6.097373e+03 0.000000e+00 4.137168e-01
1.350471e+03 1.366107e+03 6.085326e+03 6.085326e+03 6.085218e+03 0.000000e+00 3.863092e+00
1.366107e+03 1.381925e+03 6.080593e+03 6.080593e+03 6.080535e+03 0.000000e+00 3.021139e-01
1.381925e+03 1.397925e+03 6.075859e+03 6.075859e+03 6.075831e+03 0.000000e+00 1.773944e-01
1.397925e+03 1.414111e+03 6.071135e+03 6.071135e+03 6.071117e+03 0.000000e+00 1.571499e-01
1.414111e+03 1.430485e+03 6.066411e+03 6.066411e+03 6.066304e+03 0.000000e+00 7.033078e-01
1.430485e+03 1.447047e+03 6.061692e+03 6.061692e+03 6.061659e+03 0.000000e+00 3.537697e-01
1.447047e+03 1.463802e+03 6.056977e+03 6.056977e+03 6.056911e+03 0.000000e+00 4.943969e-01
1.463802e+03 1.480751e+03 6.052265e+03 6.052265e+03 6.052229e+03 0.000000e+00 1.205382e+00
1.480751e+03 1.497896e+03 6.047260e+03 6.047260e+03 6.047051e+03 0.000000e+00 5.146039e+01
1.497896e+03 1.515239e+03 6.011164e+03 6.011164e+03 6.011123e+03 0.000000e+00 2.745488e-01
1.515239e+03 1.532783e+03 5.954720e+03 5.954720e+03 5.954690e+03 0.000000e+00 1.607561e-01
1.532783e+03 1.550530e+03 5.898804e+03 5.898804e+03 5.898783e+03 0.000000e+00 1.636728e-01
1.550530e+03 1.568483e+03 5.843414e+03 5.843414e+03 5.843370e+03 0.000000e+00 2.273939e-01
1.568483e+03 1.586644e+03 5.788543e+03 5.788543e+03 5.788480e+03 0.000000e+00 1.414481e+01
1.586644e+03 1.605015e+03 5.734214e+03 5.734214e+03 5.734184e+03 0.000000e+00 4.246759e-01
1.605015e+03 1.623598e+03 5.680334e+03 5.680334e+03 5.680292e+03 0.000000e+00 3.514822e+01
1.623598e+03 1.642397e+03 5.626989e+03 5.626989e+03 5.626963e+03 0.000000e+00 2.361807e-01
1.642397e+03 1.661414e+03 5.574164e+03 5.574164e+03 5.574128e+03 0.000000e+00 2.413148e-01
1.661414e+03 1.680650e+03 5.526232e+03 5.526232e+03 5.526215e+03 0.000000e+00 1.187580e-01
1.680650e+03 1.700110e+03 5.497157e+03 5.497157e+03 5.497127e+03 0.000000e+00 7.237693e-01
1.700110e+03 1.719795e+03 5.470290e+03 5.470290e+03 5.470244e+03 0.000000e+00 7.849814e-01
1.719795e+03 1.739707e+03 5.443554e+03 5.443554e+03 5.443504e+03 0.000000e+00 5.271825e-01
1.739707e+03 1.759850e+03 5.416948e+03 5.416948e+03 5.416863e+03 0.000000e+00 8.435271e-01
1.759850e+03 1.780227e+03 5.390677e+03 5.390677e+03 5.390651e+03 0.000000e+00 1.917842e-01
1.780227e+03 1.800839e+03 5.363950e+03 5.363950e+03 5.363932e+03 0.000000e+00 1.202240e-01
1.800839e+03 1.821690e+03 5.337887e+03 5.337887e+03 5.337864e+03 0.000000e+00 1.956279e+01
1.821690e+03 1.842783e+03 5.311820e+03 5.311820e+03 5.311801e+03 0.000000e+00 1.926175e+01
1.842783e+03 1.864119e+03 5.285547e+03 5.285547e+03 5.285450e+03 0.000000e+00 3.352016e+00
1.864119e+03 1.885703e+03 5.202662e+03 5.202662e+03 5.202633e+03 0.000000e+00 2.493814e-01
1.885703e+03 1.907536e+03 5.080026e+03 5.080026e+03 5.080012e+03 0.000000e+00 2.751401e-01
1.907536e+03 1.929623e+03 4.960323e+03 4.960323e+03 4.960189e+03 0.000000e+00 1.709682e+00
1.929623e+03 1.951965e+03 4.843320e+03 4.843320e+03 4.843278e+03 0.000000e+00 2.372601e+01
1.951965e+03 1.974566e+03 4.729200e+03 4.729200e+03 4.729136e+03 0.000000e+00 1.911620e+01
1.974566e+03 1.997428e+03 4.617726e+03 4.617726e+03 4.617706e+03 0.000000e+00 1.467643e-01
1.997428e+03 2.020556e+03 4.551494e+03 4.551494e+03 4.551478e+03 0.000000e+00 1.839926e-01
2.020556e+03 2.043950e+03 4.365606e+03 4.365606e+03 4.365584e+03 0.000000e+00 4.044976e-01
2.043950e+03 2.067616e+03 4.306715e+03 4.306715e+03 4.306692e+03 0.000000e+00 8.892562e-01
2.067616e+03 2.091556e+03 4.184981e+03 4.184981e+03 4.184954e+03 0.000000e+00 1.954996e+00
2.091556e+03 2.115773e+03 4.050648e+03 4.050648e+03 4.050618e+03 0.000000e+00 3.538396e+00
2.115773e+03 2.140271e+03 3.917324e+03 3.917324e+03 3.917295e+03 0.000000e+00 3.505423e+00
2.140271e+03 2.165052e+03 3.877860e+03 3.877860e+03 3.877831e+03 0.000000e+00 3.474172e+00
2.165052e+03 2.190120e+03 3.509389e+03 3.509389e+03 3.509363e+03 0.000000e+00 3.443200e+00
2.190120e+03 2.215478e+03 3.504495e+03 3.504495e+03 3.504469e+03 0.000000e+00 3.412505e+00
2.215478e+03 2.241130e+03 3.362796e+03 3.362796e+03 3.362772e+03 0.000000e+00 3.382083e+00
2.241130e+03 2.267079e+03 3.270441e+03 3.270441e+03 3.270417e+03 0.000000e+00 3.350639e+00
2.267079e+03 2.293328e+03 3.168330e+03 3.168330e+03 3.168307e+03 0.000000e+00 3.320719e+00
2.293328e+03 2.319882e+03 2.974870e+03 2.974870e+03 2.974848e+03 0.000000e+00 3.291067e+00
2.319882e+03 2.346742e+03 2.979429e+03 2.979429e+03 2.979407e+03 0.000000e+00 3.261679e+00
2.346742e+03 2.373914e+03 2.992608e+03 2.992608e+03 2.992586e+03 0.000000e+00 3.232537e+00
2.373914e+03 2.401400e+03 2.997092e+03 2.997092e+03 2.997070e+03 0.000000e+00 3.202866e+00
2.401400e+03 2.429205e+03 3.002688e+03 3.002688e+03 3.002666e+03 0.000000e+00 3.174175e+00
2.429205e+03 2.457332e+03 3.035689e+03 3.035689e+03 3.035667e+03 0.000000e+00 3.145740e+00
2.457332e+03 2.485784e+03 3.036225e+03 3.036225e+03 3.036204e+03 0.000000e+00 3.117561e+00
2.485784e+03 2.514565e+03 3.043866e+03 3.043866e+03 3.043844e+03 0.000000e+00 3.089231e+00
2.514565e+03 2.543680e+03 3.045272e+03 3.045272e+03 3.045250e+03 0.000000e+00 3.061537e+00
2.543680e+03 2.573132e+03 3.077340e+03 3.077340e+03 3.077318e+03 0.000000e+00 3.034090e+00
2.573132e+03 2.602925e+03 3.077340e+03 3.077340e+03 3.077318e+03 0.000000e+00 3.006890e+00
2.602925e+03 2.633063e+03 3.122912e+03 3.122912e+03 3.122890e+03 0.000000e+00 2.979933e+00
2.633063e+03 2.663550e+03 3.131419e+03 3.131419e+03 3.131397e+03 0.000000e+00 2.953432e+00
2.663550e+03 2.694390e+03 3.227858e+03 3.227858e+03 3.227836e+03 0.000000e+00 2.927370e+00
2.694390e+03 2.725587e+03 3.228708e+03 3.228708e+03 3.228685e+03 0.000000e+00 2.907982e+00
2.725587e+03 2.757145e+03 3.295140e+03 3.295140e+03 3.295117e+03 0.000000e+00 2.902323e+00
2.757145e+03 2.789069e+03 3.295140e+03 3.295140e+03 3.295117e+03 0.000000e+00 2.896675e+00
2.789069e+03 2.821362e+03 3.397240e+03 3.397240e+03 3.397217e+03 0.000000e+00 2.891037e+00
2.821362e+03 2.854029e+03 3.405349e+03 3.405349e+03 3.405326e+03 0.000000e+00 2.885354e+00
2.854029e+03 2.887074e+03 3.465100e+03 3.465100e+03 3.465076e+03 0.000000e+00 2.879416e+00
2.887074e+03 2.920502e+03 3.476406e+03 3.476406e+03 3.476382e+03 0.000000e+00 2.873489e+00
2.920502e+03 2.954317e+03 3.453301e+03 3.453301e+03 3.453277e+03 0.000000e+00 2.867575e+00
2.954317e+03 2.988524e+03 3.443768e+03 3.443768e+03 3.443745e+03 0.000000e+00 2.861667e+00
2.988524e+03 3.023126e+03 3.431138e+03 3.431138e+03 3.431115e+03 0.000000e+00 2.853058e+00
3.023126e+03 3.058130e+03 3.427917e+03 3.427917e+03 3.427893e+03 0.000000e+00 2.832129e+00
3.058130e+03 3.093538e+03 3.411273e+03 3.411273e+03 3.411250e+03 0.000000e+00 2.811353e+00
3.093538e+03 3.129357e+03 3.380567e+03 3.380567e+03 3.380544e+03 0.000000e+00 2.790730e+00
3.129357e+03 3.165590e+03 3.378868e+03 3.378868e+03 3.378845e+03 0.000000e+00 2.770226e+00
3.165590e+03 3.202243e+03 3.369153e+03 3.369153e+03 3.369131e+03 0.000000e+00 2.748517e+00
3.202243e+03 3.239320e+03 3.352619e+03 3.352619e+03 3.352597e+03 0.000000e+00 2.726979e+00
3.239320e+03 3.276826e+03 3.333040e+03 3.333040e+03 3.333018e+03 0.000000e+00 2.705880e+00
3.276826e+03 3.314767e+03 3.333040e+03 3.333040e+03 3.333018e+03 0.000000e+00 2.685923e+00
3.314767e+03 3.353147e+03 3.263498e+03 3.263498e+03 3.263477e+03 0.000000e+00 2.666114e+00
3.353147e+03 3.391971e+03 3.220486e+03 3.220486e+03 3.220465e+03 0.000000e+00 2.646450e+00
3.391971e+03 3.431245e+03 3.220486e+03 3.220486e+03 3.220465e+03 0.000000e+00 2.626820e+00
3.431245e+03 3.470974e+03 3.195264e+03 3.195264e+03 3.195244e+03 0.000000e+00 2.605845e+00
3.470974e+03 3.511163e+03 3.159905e+03 3.159905e+03 3.159885e+03 0.000000e+00 2.585039e+00
3.511163e+03 3.551817e+03 3.143238e+03 3.143238e+03 3.143218e+03 0.000000e+00 2.564398e+00
3.551817e+03 3.592941e+03 3.109426e+03 3.109426e+03 3.109406e+03 0.000000e+00 2.543923e+00
3.592941e+03 3.634542e+03 3.090282e+03 3.090282e+03 3.090262e+03 0.000000e+00 2.522101e+00
3.634542e+03 3.676625e+03 2.921696e+03 2.921696e+03 2.921677e+03 0.000000e+00 2.500344e+00
3.676625e+03 3.719194e+03 2.866816e+03 2.866816e+03 2.866798e+03 0.000000e+00 2.478774e+00
3.719194e+03 3.762257e+03 2.794322e+03 2.794322e+03 2.794305e+03 0.000000e+00 2.459392e+00
3.762257e+03 3.805818e+03 2.712261e+03 2.712261e+03 2.712244e+03 0.000000e+00 2.446635e+00
3.805818e+03 3.849884e+03 2.559755e+03 2.559755e+03 2.559738e+03 0.000000e+00 2.433945e+00
3.849884e+03 3.894460e+03 2.527960e+03 2.527960e+03 2.527945e+03 0.000000e+00 2.421320e+00
3.894460e+03 3.939552e+03 2.448160e+03 2.448160e+03 2.448145e+03 0.000000e+00 2.408679e+00
3.939552e+03 3.985166e+03 2.357151e+03 2.357151e+03 2.357136e+03 0.000000e+00 2.395282e+00
3.985166e+03 4.031308e+03 2.295061e+03 2.295061e+03 2.295047e+03 0.000000e+00 2.381958e+00
4.031308e+03 4.077985e+03 2.275333e+03 2.275333e+03 2.275319e+03 0.000000e+00 2.368709e+00
4.077985e+03 4.125201e+03 2.262056e+03 2.262056e+03 2.262042e+03 0.000000e+00 2.355533e+00
4.125201e+03 4.172965e+03 2.248667e+03 2.248667e+03 2.248653e+03 0.000000e+00 2.341515e+00
4.172965e+03 4.221282e+03 2.235314e+03 2.235314e+03 2.235301e+03 0.000000e+00 2.327525e+00
4.221282e+03 4.270158e+03 2.223132e+03 2.223132e+03 2.223119e+03 0.000000e+00 2.313619e+00
4.270158e+03 4.319600e+03 2.204888e+03 2.204888e+03 2.204875e+03 0.000000e+00 2.299796e+00
4.319600e+03 4.369614e+03 2.197503e+03 2.197503e+03 2.197490e+03 0.000000e+00 2.285891e+00
4.369614e+03 4.420208e+03 2.180279e+03 2.180279e+03 2.180265e+03 0.000000e+00 2.272215e+00
4.420208e+03 4.471387e+03 2.167780e+03 2.167780e+03 2.167766e+03 0.000000e+00 2.258622e+00
4.471387e+03 4.523159e+03 2.170127e+03 2.170127e+03 2.170114e+03 0.000000e+00 2.245109e+00
4.523159e+03 4.575530e+03 2.197165e+03 2.197165e+03 2.197152e+03 0.000000e+00 2.215902e+00
4.575530e+03 4.628508e+03 2.210543e+03 2.210543e+03 2.210530e+03 0.000000e+00 2.186212e+00
4.628508e+03 4.682099e+03 2.243801e+03 2.243801e+03 2.243788e+03 0.000000e+00 2.156920e+00
4.682099e+03 4.736311e+03 2.269963e+03 2.269963e+03 2.269949e+03 0.000000e+00 2.128020e+00
4.736311e+03 4.791150e+03 2.289500e+03 2.289500e+03 2.289487e+03 0.000000e+00 2.097966e+00
4.791150e+03 4.846624e+03 2.308034e+03 2.308034e+03 2.308020e+03 0.000000e+00 2.068592e+00
4.846624e+03 4.902741e+03 2.313046e+03 2.313046e+03 2.313033e+03 0.000000e+00 2.039857e+00
4.902741e+03 4.959507e+03 2.388070e+03 2.388070e+03 2.388056e+03 0.000000e+00 2.011520e+00
4.959507e+03 5.016931e+03 2.385995e+03 2.385995e+03 2.385981e+03 0.000000e+00 1.983578e+00
5.016931e+03 5.075020e+03 2.358804e+03 2.358804e+03 2.358791e+03 0.000000e+00 1.968649e+00
5.075020e+03 5.133781e+03 2.356690e+03 2.356690e+03 2.356676e+03 0.000000e+00 1.957076e+00
5.133781e+03 5.193222e+03 2.262481e+03 2.262481e+03 2.262467e+03 0.000000e+00 1.945571e+00
5.193222e+03 5.253352e+03 2.243174e+03 2.243174e+03 2.243161e+03 0.000000e+00 1.934133e+00
5.253352e+03 5.314178e+03 2.226875e+03 2.226875e+03 2.226862e+03 0.000000e+00 1.922300e+00
5.314178e+03 5.375708e+03 2.192455e+03 2.192455e+03 2.192443e+03 0.000000e+00 1.910292e+00
5.375708e+03 5.437950e+03 2.153779e+03 2.153779e+03 2.153767e+03 0.000000e+00 1.898358e+00
5.437950e+03 5.500914e+03 2.128740e+03 2.128740e+03 2.128727e+03 0.000000e+00 1.887721e+00
5.500914e+03 5.564606e+03 2.093719e+03 2.093719e+03 2.093707e+03 0.000000e+00 1.877576e+00
5.564606e+03 5.629036e+03 2.079580e+03 2.079580e+03 2.079568e+03 0.000000e+00 1.870801e+00
5.629036e+03 5.694211e+03 2.000035e+03 2.000035e+03 2.000024e+03 0.000000e+00 1.864050e+00
5.694211e+03 5.760142e+03 1.941252e+03 1.941252e+03 1.941241e+03 0.000000e+00 1.857323e+00
5.760142e+03 5.826836e+03 1.906185e+03 1.906185e+03 1.906174e+03 0.000000e+00 1.850620e+00
5.826836e+03 5.894301e+03 1.894492e+03 1.894492e+03 1.894481e+03 0.000000e+00 1.843601e+00
5.894301e+03 5.962549e+03 1.783968e+03 1.783968e+03 1.783958e+03 0.000000e+00 1.836578e+00
5.962549e+03 6.031586e+03 1.762334e+03 1.762334e+03 1.762324e+03 0.000000e+00 1.829582e+00
6.031586e+03 6.101423e+03 1.725523e+03 1.725523e+03 1.725513e+03 0.000000e+00 1.818066e+00
6.101423e+03 6.172068e+03 1.679101e+03 1.679101e+03 1.679091e+03 0.000000e+00 1.806287e+00
6.172068e+03 6.243531e+03 1.633190e+03 1.633190e+03 1.633181e+03 0.000000e+00 1.794584e+00
6.243531e+03 6.315822e+03 1.615938e+03 1.615938e+03 1.615929e+03 0.000000e+00 1.782957e+00
6.315822e+03 6.388949e+03 1.600279e+03 1.600279e+03 1.600270e+03 0.000000e+00 1.770750e+00
6.388949e+03 6.462924e+03 1.594489e+03 1.594489e+03 1.594480e+03 0.000000e+00 1.758448e+00
6.462924e+03 6.537755e+03 1.551775e+03 1.551775e+03 1.551766e+03 0.000000e+00 1.746231e+00
6.537755e+03 6.613452e+03 1.551389e+03 1.551389e+03 1.551381e+03 0.000000e+00 1.734166e+00
6.613452e+03 6.690026e+03 1.527603e+03 1.527603e+03 1.527595e+03 0.000000e+00 1.722394e+00
6.690026e+03 6.767486e+03 1.527603e+03 1.527603e+03 1.527595e+03 0.000000e+00 1.710702e+00
6.767486e+03 6.845844e+03 1.486007e+03 1.486007e+03 1.485999e+03 0.000000e+00 1.699089e+00
6.845844e+03 6.925108e+03 1.480380e+03 1.480380e+03 1.480372e+03 0.000000e+00 1.687484e+00
6.925108e+03 7.005290e+03 1.438390e+03 1.438390e+03 1.438382e+03 0.000000e+00 1.675275e+00
7.005290e+03 7.086401e+03 1.361047e+03 1.361047e+03 1.361039e+03 0.000000e+00 1.663153e+00
7.086401e+03 7.168451e+03 1.307068e+03 1.307068e+03 1.307061e+03 0.000000e+00 1.651298e+00
7.168451e+03 7.251451e+03 1.236666e+03 1.236666e+03 1.236659e+03 0.000000e+00 1.639912e+00
7.251451e+03 7.335412e+03 1.109293e+03 1.109293e+03 1.109287e+03 0.000000e+00 1.628605e+00
7.335412e+03 7.420345e+03 1.087034e+03 1.087034e+03 1.087028e+03 0.000000e+00 1.617375e+00
7.420345e+03 7.506261e+03 1.020547e+03 1.020547e+03 1.020541e+03 0.000000e+00 1.606139e+00
7.506261e+03 7.593172e+03 9.989747e+02 9.989747e+02 9.989694e+02 0.000000e+00 1.583669e+00
7.593172e+03 7.681090e+03 8.871513e+02 8.871513e+02 8.871467e+02 0.000000e+00 1.553581e+00
7.681090e+03 7.770025e+03 8.660421e+02 8.660421e+02 8.660376e+02 0.000000e+00 1.524065e+00
7.770025e+03 7.859990e+03 8.557109e+02 8.557109e+02 8.557064e+02 0.000000e+00 1.495110e+00
7.859990e+03 7.950997e+03 8.531716e+02 8.531716e+02 8.531672e+02 0.000000e+00 1.465743e+00
7.950997e+03 8.043058e+03 8.505902e+02 8.505902e+02 8.505858e+02 0.000000e+00 1.436492e+00
8.043058e+03 8.136184e+03 8.478173e+02 8.478173e+02 8.478129e+02 0.000000e+00 1.413367e+00
8.136184e+03 8.230389e+03 8.448302e+02 8.448302e+02 8.448258e+02 0.000000e+00 1.391157e+00
8.230389e+03 8.325684e+03 8.428479e+02 8.428479e+02 8.428435e+02 0.000000e+00 1.369296e+00
8.325684e+03 8.422083e+03 8.388750e+02 8.388750e+02 8.388707e+02 0.000000e+00 1.347778e+00
8.422083e+03 8.519598e+03 8.368069e+02 8.368069e+02 8.368026e+02 0.000000e+00 1.325416e+00
8.519598e+03 8.618242e+03 8.341199e+02 8.341199e+02 8.341156e+02 0.000000e+00 1.306214e+00
8.618242e+03 8.718029e+03 8.324960e+02 8.324960e+02 8.324917e+02 0.000000e+00 1.288619e+00
8.718029e+03 8.818970e+03 8.878048e+02 8.878048e+02 8.878003e+02 0.000000e+00 1.271260e+00
8.818970e+03 8.921081e+03 9.376513e+02 9.376513e+02 9.376465e+02 0.000000e+00 1.254136e+00
8.921081e+03 9.024373e+03 9.661683e+02 9.661683e+02 9.661634e+02 0.000000e+00 1.236600e+00
9.024373e+03 9.128862e+03 9.902995e+02 9.902995e+02 9.902945e+02 0.000000e+00 1.219410e+00
9.128862e+03 9.234560e+03 1.054508e+03 1.054508e+03 1.054503e+03 0.000000e+00 1.203240e+00
9.234560e+03 9.341483e+03 1.124124e+03 1.124124e+03 1.124119e+03 0.000000e+00 1.187283e+00
9.341483e+03 9.449643e+03 1.150797e+03 1.150797e+03 1.150791e+03 0.000000e+00 1.171538e+00
9.449643e+03 9.559056e+03 1.196819e+03 1.196819e+03 1.196813e+03 0.000000e+00 1.156177e+00
9.559056e+03 9.669735e+03 1.261474e+03 1.261474e+03 1.261468e+03 0.000000e+00 1.150584e+00
9.669735e+03 9.781696e+03 1.264490e+03 1.264490e+03 1.264484e+03 0.000000e+00 1.145019e+00
9.781696e+03 9.894953e+03 1.305866e+03 1.305866e+03 1.305859e+03 0.000000e+00 1.139480e+00
9.894953e+03 1.000952e+04 1.312669e+03 1.312669e+03 1.312663e+03 0.000000e+00 1.133969e+00
1.000952e+04 1.012542e+04 1.326936e+03 1.326936e+03 1.326930e+03 0.000000e+00 1.128246e+00
1.012542e+04 1.024265e+04 1.339011e+03 1.339011e+03 1.339005e+03 0.000000e+00 1.122768e+00
1.024265e+04 1.036125e+04 1.359961e+03 1.359961e+03 1.359955e+03 0.000000e+00 1.118012e+00
1.036125e+04 1.048122e+04 1.381392e+03 1.381392e+03 1.381385e+03 0.000000e+00 1.113276e+00
1.048122e+04 1.060257e+04 1.393481e+03 1.393481e+03 1.393475e+03 0.000000e+00 1.108560e+00
1.060257e+04 1.072533e+04 1.412832e+03 1.412832e+03 1.412825e+03 0.000000e+00 1.103830e+00
1.072533e+04 1.084952e+04 1.423010e+03 1.423010e+03 1.423003e+03 0.000000e+00 1.098849e+00
1.084952e+04 1.097514e+04 1.410122e+03 1.410122e+03 1.410115e+03 0.000000e+00 1.093891e+00
1.097514e+04 1.110221e+04 1.405413e+03 1.405413e+03 1.405407e+03 0.000000e+00 1.088956e+00
1.110221e+04 1.123076e+04 1.399719e+03 1.399719e+03 1.399713e+03 0.000000e+00 1.084220e+00
1.123076e+04 1.136080e+04 1.388646e+03 1.388646e+03 1.388640e+03 0.000000e+00 1.079923e+00
1.136080e+04 1.149234e+04 1.388646e+03 1.388646e+03 1.388640e+03 0.000000e+00 1.075643e+00
1.149234e+04 1.162540e+04 1.370476e+03 1.370476e+03 1.370470e+03 0.000000e+00 1.071380e+00
1.162540e+04 1.176001e+04 1.369462e+03 1.369462e+03 1.369456e+03 0.000000e+00 1.067100e+00
1.176001e+04 1.189617e+04 1.361274e+03 1.361274e+03 1.361268e+03 0.000000e+00 1.062651e+00
1.189617e+04 1.203391e+04 1.352473e+03 1.352473e+03 1.352467e+03 0.000000e+00 1.058220e+00
1.203391e+04 1.217324e+04 1.345810e+03 1.345810e+03 1.345804e+03 0.000000e+00 1.050454e+00
1.217324e+04 1.231419e+04 1.335626e+03 1.335626e+03 1.335620e+03 0.000000e+00 1.041616e+00
1.231419e+04 1.245677e+04 1.325692e+03 1.325692e+03 1.325686e+03 0.000000e+00 1.032853e+00
1.245677e+04 1.260100e+04 1.319024e+03 1.319024e+03 1.319018e+03 0.000000e+00 1.024172e+00
1.260100e+04 1.274690e+04 1.307940e+03 1.307940e+03 1.307934e+03 0.000000e+00 1.015597e+00
1.274690e+04 1.289449e+04 1.297806e+03 1.297806e+03 1.297799e+03 0.000000e+00 1.007094e+00
1.289449e+04 1.304379e+04 1.289928e+03 1.289928e+03 1.289922e+03 0.000000e+00 9.986620e-01
1.304379e+04 1.319482e+04 1.287129e+03 1.287129e+03 1.287123e+03 0.000000e+00 9.904694e-01
1.319482e+04 1.334759e+04 1.266440e+03 1.266440e+03 1.266434e+03 0.000000e+00 9.823879e-01
1.334759e+04 1.350214e+04 1.266440e+03 1.266440e+03 1.266434e+03 0.000000e+00 9.743722e-01
1.350214e+04 1.365847e+04 1.233112e+03 1.233112e+03 1.233106e+03 0.000000e+00 9.664219e-01
1.365847e+04 1.381662e+04 1.232538e+03 1.232538e+03 1.232532e+03 0.000000e+00 9.582002e-01
1.381662e+04 1.397659e+04 1.188095e+03 1.188095e+03 1.188089e+03 0.000000e+00 9.498673e-01
1.397659e+04 1.413842e+04 1.187782e+03 1.187782e+03 1.187777e+03 0.000000e+00 9.417899e-01
1.413842e+04 1.430212e+04 1.155460e+03 1.155460e+03 1.155454e+03 0.000000e+00 9.341090e-01
1.430212e+04 1.446772e+04 1.152768e+03 1.152768e+03 1.152763e+03 0.000000e+00 9.264908e-01
1.446772e+04 1.463523e+04 1.117272e+03 1.117272e+03 1.117267e+03 0.000000e+00 9.189347e-01
1.463523e+04 1.480469e+04 1.110700e+03 1.110700e+03 1.110695e+03 0.000000e+00 9.113441e-01
1.480469e+04 1.497610e+04 1.085950e+03 1.085950e+03 1.085946e+03 0.000000e+00 9.034582e-01
1.497610e+04 1.514951e+04 1.083666e+03 1.083666e+03 1.083661e+03 0.000000e+00 8.958056e-01
1.514951e+04 1.532491e+04 1.083666e+03 1.083666e+03 1.083661e+03 0.000000e+00 8.885055e-01
1.532491e+04 1.550235e+04 1.066304e+03 1.066304e+03 1.066299e+03 0.000000e+00 8.812650e-01
1.550235e+04 1.568185e+04 1.060970e+03 1.060970e+03 1.060965e+03 0.000000e+00 8.740832e-01
1.568185e+04 1.586342e+04 1.060970e+03 1.060970e+03 1.060965e+03 0.000000e+00 8.668721e-01
1.586342e+04 1.604709e+04 1.053225e+03 1.053225e+03 1.053220e+03 0.000000e+00 8.594064e-01
1.604709e+04 1.623289e+04 1.053088e+03 1.053088e+03 1.053083e+03 0.000000e+00 8.523110e-01
1.623289e+04 1.642085e+04 1.040142e+03 1.040142e+03 1.040137e+03 0.000000e+00 8.453715e-01
1.642085e+04 1.661098e+04 1.037995e+03 1.037995e+03 1.037990e+03 0.000000e+00 8.384884e-01
1.661098e+04 1.680331e+04 1.041283e+03 1.041283e+03 1.041278e+03 0.000000e+00 8.316616e-01
1.680331e+04 1.699786e+04 1.062379e+03 1.062379e+03 1.062375e+03 0.000000e+00 8.246704e-01
1.699786e+04 1.719467e+04 1.083858e+03 1.083858e+03 1.083853e+03 0.000000e+00 8.177767e-01
1.719467e+04 1.739376e+04 1.093179e+03 1.093179e+03 1.093174e+03 0.000000e+00 8.111237e-01
1.739376e+04 1.759515e+04 1.126120e+03 1.126120e+03 1.126115e+03 0.000000e+00 8.045248e-01
1.759515e+04 1.779888e+04 1.166969e+03 1.166969e+03 1.166964e+03 0.000000e+00 7.979795e-01
1.779888e+04 1.800496e+04 1.175425e+03 1.175425e+03 1.175420e+03 0.000000e+00 7.913757e-01
1.800496e+04 1.821343e+04 1.186448e+03 1.186448e+03 1.186443e+03 0.000000e+00 7.835198e-01
1.821343e+04 1.842432e+04 1.229997e+03 1.229997e+03 1.229992e+03 0.000000e+00 7.747628e-01
1.842432e+04 1.863764e+04 1.253930e+03 1.253930e+03 1.253925e+03 0.000000e+00 7.661038e-01
1.863764e+04 1.885344e+04 1.272852e+03 1.272852e+03 1.272846e+03 0.000000e+00 7.575415e-01
1.885344e+04 1.907173e+04 1.294423e+03 1.294423e+03 1.294417e+03 0.000000e+00 7.488990e-01
1.907173e+04 1.929256e+04 1.301477e+03 1.301477e+03 1.301471e+03 0.000000e+00 7.403069e-01
1.929256e+04 1.951593e+04 1.362141e+03 1.362141e+03 1.362135e+03 0.000000e+00 7.318616e-01
1.951593e+04 1.974190e+04 1.369182e+03 1.369182e+03 1.369176e+03 0.000000e+00 7.235126e-01
1.974190e+04 1.997048e+04 1.393733e+03 1.393733e+03 1.393727e+03 0.000000e+00 7.152588e-01
1.997048e+04 2.020171e+04 1.418571e+03 1.418571e+03 1.418565e+03 0.000000e+00 7.067806e-01
2.020171e+04 2.043561e+04 1.446232e+03 1.446232e+03 1.446226e+03 0.000000e+00 7.022267e-01
2.043561e+04 2.067223e+04 1.471545e+03 1.471545e+03 1.471538e+03 0.000000e+00 6.977021e-01
2.067223e+04 2.091158e+04 1.502391e+03 1.502391e+03 1.502384e+03 0.000000e+00 6.932067e-01
2.091158e+04 2.115371e+04 1.538525e+03 1.538525e+03 1.538519e+03 0.000000e+00 6.886794e-01
2.115371e+04 2.139863e+04 1.538525e+03 1.538525e+03 1.538519e+03 0.000000e+00 6.839136e-01
2.139863e+04 2.164640e+04 1.675348e+03 1.675348e+03 1.675341e+03 0.000000e+00 6.791808e-01
2.164640e+04 2.189703e+04 1.709841e+03 1.709841e+03 1.709834e+03 0.000000e+00 6.744808e-01
2.189703e+04 2.215057e+04 1.724948e+03 1.724948e+03 1.724941e+03 0.000000e+00 6.699612e-01
2.215057e+04 2.240704e+04 1.730099e+03 1.730099e+03 1.730091e+03 0.000000e+00 6.656484e-01
2.240704e+04 2.266648e+04 1.855960e+03 1.855960e+03 1.855952e+03 0.000000e+00 6.613634e-01
2.266648e+04 2.292892e+04 1.922746e+03 1.922746e+03 1.922738e+03 0.000000e+00 6.571060e-01
2.292892e+04 2.319440e+04 1.938819e+03 1.938819e+03 1.938811e+03 0.000000e+00 6.527789e-01
2.319440e+04 2.346296e+04 1.952880e+03 1.952880e+03 1.952872e+03 0.000000e+00 6.482639e-01
2.346296e+04 2.373462e+04 2.043200e+03 2.043200e+03 2.043191e+03 0.000000e+00 6.437802e-01
2.373462e+04 2.400943e+04 2.095703e+03 2.095703e+03 2.095695e+03 0.000000e+00 6.393275e-01
2.400943e+04 2.428743e+04 2.112471e+03 2.112471e+03 2.112463e+03 0.000000e+00 6.359847e-01
2.428743e+04 2.456864e+04 2.116395e+03 2.116395e+03 2.116386e+03 0.000000e+00 6.335919e-01
2.456864e+04 2.485311e+04 2.244589e+03 2.244589e+03 2.244580e+03 0.000000e+00 6.312081e-01
2.485311e+04 2.514087e+04 2.294834e+03 2.294834e+03 2.294824e+03 0.000000e+00 6.288332e-01
2.514087e+04 2.543196e+04 2.309902e+03 2.309902e+03 2.309893e+03 0.000000e+00 6.264066e-01
2.543196e+04 2.572643e+04 2.369131e+03 2.369131e+03 2.369121e+03 0.000000e+00 6.238947e-01
2.572643e+04 2.602430e+04 2.405160e+03 2.405160e+03 2.405150e+03 0.000000e+00 6.213928e-01
2.602430e+04 2.632562e+04 1.892295e+03 1.892295e+03 1.892287e+03 0.000000e+00 6.189011e-01
2.632562e+04 2.663043e+04 1.645455e+03 1.645455e+03 1.645449e+03 0.000000e+00 6.163926e-01
2.663043e+04 2.693877e+04 1.382583e+03 1.382583e+03 1.382578e+03 0.000000e+00 6.138122e-01
2.693877e+04 2.725068e+04 1.229665e+03 1.229665e+03 1.229661e+03 0.000000e+00 6.114627e-01
2.725068e+04 2.756620e+04 1.229665e+03 1.229665e+03 1.229661e+03 0.000000e+00 6.091628e-01
2.756620e+04 2.788538e+04 6.762244e+02 6.762244e+02 6.762217e+02 0.000000e+00 6.068715e-01
2.788538e+04 2.820825e+04 6.655602e+02 6.655602e+02 6.655576e+02 0.000000e+00 6.045889e-01
2.820825e+04 2.853486e+04 6.114302e+02 6.114302e+02 6.114278e+02 0.000000e+00 6.022104e-01
2.853486e+04 2.886525e+04 4.839440e+02 4.839440e+02 4.839421e+02 0.000000e+00 5.997962e-01
2.886525e+04 2.919946e+04 4.780989e+02 4.780989e+02 4.780970e+02 0.000000e+00 5.973917e-01
2.919946e+04 2.953755e+04 4.903261e+02 4.903261e+02 4.903242e+02 0.000000e+00 5.949969e-01
2.953755e+04 2.987955e+04 4.935705e+02 4.935705e+02 4.935686e+02 0.000000e+00 5.925537e-01
2.987955e+04 3.022551e+04 4.996228e+02 4.996228e+02 4.996209e+02 0.000000e+00 5.898163e-01
3.022551e+04 3.057548e+04 4.996228e+02 4.996228e+02 4.996209e+02 0.000000e+00 5.856631e-01
3.057548e+04 3.092949e+04 5.219616e+02 5.219616e+02 5.219596e+02 0.000000e+00 5.815391e-01
3.092949e+04 3.128761e+04 5.221279e+02 5.221279e+02 5.221259e+02 0.000000e+00 5.774443e-01
3.128761e+04 3.164988e+04 5.284830e+02 5.284830e+02 5.284809e+02 0.000000e+00 5.733771e-01
3.164988e+04 3.201633e+04 5.355812e+02 5.355812e+02 5.355791e+02 0.000000e+00 5.693903e-01
3.201633e+04 3.238703e+04 5.407341e+02 5.407341e+02 5.407320e+02 0.000000e+00 5.655038e-01
3.238703e+04 3.276203e+04 5.022006e+02 5.022006e+02 5.021987e+02 0.000000e+00 5.616438e-01
3.276203e+04 3.314136e+04 4.441206e+02 4.441206e+02 4.441189e+02 0.000000e+00 5.578101e-01
3.314136e+04 3.352509e+04 4.248405e+02 4.248405e+02 4.248388e+02 0.000000e+00 5.538326e-01
3.352509e+04 3.391326e+04 3.944769e+02 3.944769e+02 3.944754e+02 0.000000e+00 5.497727e-01
3.391326e+04 3.430592e+04 3.677056e+02 3.677056e+02 3.677042e+02 0.000000e+00 5.457425e-01
3.430592e+04 3.470313e+04 3.394670e+02 3.394670e+02 3.394657e+02 0.000000e+00 5.417512e-01
3.470313e+04 3.510494e+04 3.117905e+02 3.117905e+02 3.117894e+02 0.000000e+00 5.379864e-01
3.510494e+04 3.551141e+04 2.965436e+02 2.965436e+02 2.965424e+02 0.000000e+00 5.342477e-01
3.551141e+04 3.592257e+04 2.646211e+02 2.646211e+02 2.646201e+02 0.000000e+00 5.305351e-01
3.592257e+04 3.633850e+04 2.769014e+02 2.769014e+02 2.769003e+02 0.000000e+00 5.268483e-01
3.633850e+04 3.675925e+04 3.013284e+02 3.013284e+02 3.013272e+02 0.000000e+00 5.230062e-01
3.675925e+04 3.718487e+04 3.193058e+02 3.193058e+02 3.193046e+02 0.000000e+00 5.192121e-01
3.718487e+04 3.761541e+04 3.438166e+02 3.438166e+02 3.438153e+02 0.000000e+00 5.155553e-01
3.761541e+04 3.805094e+04 3.863631e+02 3.863631e+02 3.863617e+02 0.000000e+00 5.119243e-01
3.805094e+04 3.849151e+04 4.031736e+02 4.031736e+02 4.031721e+02 0.000000e+00 5.083188e-01
3.849151e+04 3.893719e+04 4.355508e+02 4.355508e+02 4.355492e+02 0.000000e+00 5.047211e-01
3.893719e+04 3.938802e+04 4.556222e+02 4.556222e+02 4.556205e+02 0.000000e+00 5.012227e-01
3.938802e+04 3.984407e+04 5.273820e+02 5.273820e+02 5.273801e+02 0.000000e+00 4.977631e-01
3.984407e+04 4.030541e+04 5.367651e+02 5.367651e+02 5.367631e+02 0.000000e+00 4.943274e-01
4.030541e+04 4.077208e+04 5.699826e+02 5.699826e+02 5.699805e+02 0.000000e+00 4.909154e-01
4.077208e+04 4.124416e+04 5.762750e+02 5.762750e+02 5.762729e+02 0.000000e+00 4.873616e-01
4.124416e+04 4.172171e+04 6.281721e+02 6.281721e+02 6.281698e+02 0.000000e+00 4.837890e-01
4.172171e+04 4.220478e+04 6.305505e+02 6.305505e+02 6.305482e+02 0.000000e+00 4.803319e-01
4.220478e+04 4.269345e+04 6.308806e+02 6.308806e+02 6.308782e+02 0.000000e+00 4.770163e-01
4.269345e+04 4.318778e+04 7.195429e+02 7.195429e+02 7.195403e+02 0.000000e+00 4.737235e-01
4.318778e+04 4.368783e+04 7.442326e+02 7.442326e+02 7.442299e+02 0.000000e+00 4.704535e-01
4.368783e+04 4.419366e+04 7.465845e+02 7.465845e+02 7.465818e+02 0.000000e+00 4.671485e-01
4.419366e+04 4.470536e+04 7.912788e+02 7.912788e+02 7.912760e+02 0.000000e+00 4.637239e-01
4.470536e+04 4.522298e+04 7.959933e+02 7.959933e+02 7.959904e+02 0.000000e+00 4.603243e-01
4.522298e+04 4.574659e+04 7.962650e+02 7.962650e+02 7.962621e+02 0.000000e+00 4.581922e-01
4.574659e+04 4.627627e+04 7.988212e+02 7.988212e+02 7.988184e+02 0.000000e+00 4.561621e-01
4.627627e+04 4.681208e+04 8.039401e+02 8.039401e+02 8.039372e+02 0.000000e+00 4.541410e-01
4.681208e+04 4.735409e+04 8.039401e+02 8.039401e+02 8.039372e+02 0.000000e+00 4.521288e-01
4.735409e+04 4.790238e+04 8.039401e+02 8.039401e+02 8.039372e+02 0.000000e+00 4.500172e-01
4.790238e+04 4.845702e+04 8.053887e+02 8.053887e+02 8.053859e+02 0.000000e+00 4.478860e-01
4.845702e+04 4.901808e+04 8.116892e+02 8.116892e+02 8.116863e+02 0.000000e+00 4.457648e-01
4.901808e+04 4.958564e+04 8.116892e+02 8.116892e+02 8.116863e+02 0.000000e+00 4.436537e-01
4.958564e+04 5.015976e+04 8.124966e+02 8.124966e+02 8.124937e+02 0.000000e+00 4.415480e-01
5.015976e+04 5.074054e+04 8.371941e+02 8.371941e+02 8.371912e+02 0.000000e+00 4.395912e-01
5.074054e+04 5.132804e+04 8.533565e+02 8.533565e+02 8.533535e+02 0.000000e+00 4.376431e-01
5.132804e+04 5.192234e+04 8.777943e+02 8.777943e+02 8.777912e+02 0.000000e+00 4.357036e-01
5.192234e+04 5.252352e+04 8.952358e+02 8.952358e+02 8.952326e+02 0.000000e+00 4.337635e-01
5.252352e+04 5.313166e+04 9.048658e+02 9.048658e+02 9.048627e+02 0.000000e+00 4.317088e-01
5.313166e+04 5.374685e+04 9.217693e+02 9.217693e+02 9.217661e+02 0.000000e+00 4.296638e-01
5.374685e+04 5.436915e+04 9.843368e+02 9.843368e+02 9.843334e+02 0.000000e+00 4.276286e-01
5.436915e+04 5.499867e+04 9.863958e+02 9.863958e+02 9.863924e+02 0.000000e+00 4.256029e-01
5.499867e+04 5.563547e+04 1.005495e+03 1.005495e+03 1.005492e+03 0.000000e+00 4.234202e-01
5.563547e+04 5.627964e+04 1.014010e+03 1.014010e+03 1.014006e+03 0.000000e+00 4.211468e-01
5.627964e+04 5.693128e+04 1.052477e+03 1.052477e+03 1.052473e+03 0.000000e+00 4.188856e-01
5.693128e+04 5.759045e+04 1.093319e+03 1.093319e+03 1.093315e+03 0.000000e+00 4.166365e-01
5.759045e+04 5.825727e+04 1.095417e+03 1.095417e+03 1.095413e+03 0.000000e+00 4.143492e-01
5.825727e+04 5.893180e+04 1.114090e+03 1.114090e+03 1.114086e+03 0.000000e+00 4.119831e-01
5.893180e+04 5.961414e+04 1.173881e+03 1.173881e+03 1.173877e+03 0.000000e+00 4.096304e-01
5.961414e+04 6.030438e+04 1.179181e+03 1.179181e+03 1.179177e+03 0.000000e+00 4.073254e-01
6.030438e+04 6.100261e+04 1.204889e+03 1.204889e+03 1.204885e+03 0.000000e+00 4.051389e-01
6.100261e+04 6.170893e+04 1.238893e+03 1.238893e+03 1.238889e+03 0.000000e+00 4.029640e-01
6.170893e+04 6.242343e+04 1.261754e+03 1.261754e+03 1.261750e+03 0.000000e+00 4.008008e-01
6.242343e+04 6.314620e+04 1.267170e+03 1.267170e+03 1.267166e+03 0.000000e+00 3.986359e-01
6.314620e+04 6.387733e+04 1.268323e+03 1.268323e+03 1.268319e+03 0.000000e+00 3.963599e-01
6.387733e+04 6.461694e+04 1.289957e+03 1.289957e+03 1.289953e+03 0.000000e+00 3.940970e-01
6.461694e+04 6.536510e+04 1.290803e+03 1.290803e+03 1.290799e+03 0.000000e+00 3.918470e-01
6.536510e+04 6.612193e+04 1.295082e+03 1.295082e+03 1.295078e+03 0.000000e+00 3.899908e-01
6.612193e+04 6.688753e+04 1.295992e+03 1.295992e+03 1.295988e+03 0.000000e+00 3.881480e-01
6.688753e+04 6.766198e+04 1.320228e+03 1.320228e+03 1.320224e+03 0.000000e+00 3.863140e-01
6.766198e+04 6.844541e+04 1.320228e+03 1.320228e+03 1.320224e+03 0.000000e+00 3.844886e-01
6.844541e+04 6.923790e+04 1.326835e+03 1.326835e+03 1.326830e+03 0.000000e+00 3.825925e-01
6.923790e+04 7.003957e+04 1.287983e+03 1.287983e+03 1.287979e+03 0.000000e+00 3.806909e-01
7.003957e+04 7.085052e+04 1.269851e+03 1.269851e+03 1.269847e+03 0.000000e+00 3.788708e-01
7.085052e+04 7.167087e+04 1.117060e+03 1.117060e+03 1.117056e+03 0.000000e+00 3.770804e-01
7.167087e+04 7.250071e+04 1.090758e+03 1.090758e+03 1.090755e+03 0.000000e+00 3.752985e-01
7.250071e+04 7.334016e+04 1.031044e+03 1.031044e+03 1.031040e+03 0.000000e+00 3.735250e-01
7.334016e+04 7.418932e+04 1.005982e+03 1.005982e+03 1.005979e+03 0.000000e+00 3.717024e-01
7.418932e+04 7.504832e+04 9.077577e+02 9.077577e+02 9.077547e+02 0.000000e+00 3.698548e-01
7.504832e+04 7.591727e+04 9.077577e+02 9.077577e+02 9.077547e+02 0.000000e+00 3.666141e-01
7.591727e+04 7.679628e+04 8.151824e+02 8.151824e+02 8.151798e+02 0.000000e+00 3.623018e-01
7.679628e+04 7.768546e+04 7.844079e+02 7.844079e+02 7.844053e+02 0.000000e+00 3.580402e-01
7.768546e+04 7.858494e+04 7.029820e+02 7.029820e+02 7.029797e+02 0.000000e+00 3.538267e-01
7.858494e+04 7.949484e+04 6.608924e+02 6.608924e+02 6.608903e+02 0.000000e+00 3.496624e-01
7.949484e+04 8.041527e+04 5.651323e+02 5.651323e+02 5.651305e+02 0.000000e+00 3.455472e-01
8.041527e+04 8.134636e+04 4.948638e+02 4.948638e+02 4.948622e+02 0.000000e+00 3.414803e-01
8.134636e+04 8.228822e+04 4.555685e+02 4.555685e+02 4.555670e+02 0.000000e+00 3.374626e-01
8.228822e+04 8.324100e+04 4.202774e+02 4.202774e+02 4.202761e+02 0.000000e+00 3.334926e-01
8.324100e+04 8.420480e+04 3.721913e+02 3.721913e+02 3.721901e+02 0.000000e+00 3.295692e-01
8.420480e+04 8.517977e+04 3.170599e+02 3.170599e+02 3.170589e+02 0.000000e+00 3.256920e-01
8.517977e+04 8.616602e+04 2.943515e+02 2.943515e+02 2.943506e+02 0.000000e+00 3.239091e-01
8.616602e+04 8.716369e+04 2.856482e+02 2.856482e+02 2.856473e+02 0.000000e+00 3.230773e-01
8.716369e+04 8.817292e+04 2.956129e+02 2.956129e+02 2.956120e+02 0.000000e+00 3.222477e-01
8.817292e+04 8.919383e+04 3.152540e+02 3.152540e+02 3.152530e+02 0.000000e+00 3.214202e-01
8.919383e+04 9.022656e+04 3.213915e+02 3.213915e+02 3.213905e+02 0.000000e+00 3.205680e-01
9.022656e+04 9.127124e+04 3.250196e+02 3.250196e+02 3.250186e+02 0.000000e+00 3.196951e-01
9.127124e+04 9.232803e+04 3.481899e+02 3.481899e+02 3.481889e+02 0.000000e+00 3.188246e-01
9.232803e+04 9.339705e+04 3.678677e+02 3.678677e+02 3.678665e+02 0.000000e+00 3.179565e-01
9.339705e+04 9.447844e+04 3.718181e+02 3.718181e+02 3.718169e+02 0.000000e+00 3.170771e-01
9.447844e+04 9.557236e+04 3.877880e+02 3.877880e+02 3.877868e+02 0.000000e+00 3.162424e-01
9.557236e+04 9.667895e+04 4.009920e+02 4.009920e+02 4.009908e+02 0.000000e+00 3.180758e-01
9.667895e+04 9.779834e+04 4.009920e+02 4.009920e+02 4.009908e+02 0.000000e+00 3.199198e-01
9.779834e+04 9.893070e+04 4.960493e+02 4.960493e+02 4.960478e+02 0.000000e+00 3.217745e-01
9.893070e+04 1.000762e+05 5.191661e+02 5.191661e+02 5.191645e+02 0.000000e+00 3.236400e-01
1.000762e+05 1.012349e+05 5.191661e+02 5.191661e+02 5.191645e+02 0.000000e+00 3.234240e-01
1.012349e+05 1.024070e+05 5.191661e+02 5.191661e+02 5.191645e+02 0.000000e+00 3.216242e-01
1.024070e+05 1.035928e+05 5.227572e+02 5.227572e+02 5.227556e+02 0.000000e+00 3.198343e-01
1.035928e+05 1.047922e+05 8.075420e+02 8.075420e+02 8.075396e+02 0.000000e+00 3.180545e-01
1.047922e+05 1.060055e+05 8.075420e+02 8.075420e+02 8.075396e+02 0.000000e+00 3.162846e-01
1.060055e+05 1.072329e+05 8.075420e+02 8.075420e+02 8.075396e+02 0.000000e+00 3.145245e-01
1.072329e+05 1.084745e+05 8.075420e+02 8.075420e+02 8.075396e+02 0.000000e+00 3.127741e-01
1.084745e+05 1.097305e+05 8.075420e+02 8.075420e+02 8.075396e+02 0.000000e+00 3.110336e-01
1.097305e+05 1.110010e+05 8.075420e+02 8.075420e+02 8.075396e+02 0.000000e+00 3.093027e-01
1.110010e+05 1.122862e+05 8.075420e+02 8.075420e+02 8.075396e+02 0.000000e+00 3.075814e-01
1.122862e+05 1.135863e+05 7.944844e+02 7.944844e+02 7.944820e+02 0.000000e+00 3.058698e-01
1.135863e+05 1.149015e+05 7.333590e+02 7.333590e+02 7.333569e+02 0.000000e+00 3.041676e-01
1.149015e+05 1.162319e+05 7.333590e+02 7.333590e+02 7.333569e+02 0.000000e+00 3.024749e-01
1.162319e+05 1.175777e+05 7.333590e+02 7.333590e+02 7.333569e+02 0.000000e+00 3.007916e-01
1.175777e+05 1.189391e+05 7.333590e+02 7.333590e+02 7.333569e+02 0.000000e+00 2.991177e-01
1.189391e+05 1.203162e+05 7.333590e+02 7.333590e+02 7.333569e+02 0.000000e+00 2.974532e-01
1.203162e+05 1.217093e+05 7.534232e+02 7.534232e+02 7.534210e+02 0.000000e+00 2.957979e-01
1.217093e+05 1.231185e+05 7.936905e+02 7.936905e+02 7.936882e+02 0.000000e+00 2.941518e-01
1.231185e+05 1.245440e+05 7.936905e+02 7.936905e+02 7.936882e+02 0.000000e+00 2.929763e-01
1.245440e+05 1.259860e+05 7.936905e+02 7.936905e+02 7.936882e+02 0.000000e+00 2.920731e-01
1.259860e+05 1.274448e+05 7.936905e+02 7.936905e+02 7.936882e+02 0.000000e+00 2.911726e-01
1.274448e+05 1.289204e+05 9.222545e+02 9.222545e+02 9.222519e+02 0.000000e+00 2.902748e-01
1.289204e+05 1.304131e+05 9.925694e+02 9.925694e+02 9.925666e+02 0.000000e+00 2.893799e-01
1.304131e+05 1.319231e+05 9.925694e+02 9.925694e+02 9.925666e+02 0.000000e+00 2.884877e-01
1.319231e+05 1.334505e+05 9.939624e+02 9.939624e+02 9.939596e+02 0.000000e+00 2.875983e-01
1.334505e+05 1.349957e+05 1.001020e+03 1.001020e+03 1.001017e+03 0.000000e+00 2.867116e-01
1.349957e+05 1.365587e+05 1.001020e+03 1.001020e+03 1.001017e+03 0.000000e+00 2.858276e-01
1.365587e+05 1.381399e+05 7.051396e+02 7.051396e+02 7.051376e+02 0.000000e+00 2.849463e-01
1.381399e+05 1.397393e+05 5.039296e+02 5.039296e+02 5.039282e+02 0.000000e+00 2.840678e-01
1.397393e+05 1.413573e+05 5.039296e+02 5.039296e+02 5.039282e+02 0.000000e+00 2.831920e-01
1.413573e+05 1.429940e+05 5.039296e+02 5.039296e+02 5.039282e+02 0.000000e+00 2.823189e-01
1.429940e+05 1.446497e+05 5.039296e+02 5.039296e+02 5.039282e+02 0.000000e+00 2.814485e-01
1.446497e+05 1.463245e+05 2.974304e+02 2.974304e+02 2.974296e+02 0.000000e+00 2.805807e-01
1.463245e+05 1.480187e+05 2.579030e+02 2.579030e+02 2.579023e+02 0.000000e+00 2.797157e-01
1.480187e+05 1.497325e+05 2.593882e+02 2.593882e+02 2.593875e+02 0.000000e+00 2.788533e-01
1.497325e+05 1.514662e+05 2.717836e+02 2.717836e+02 2.717829e+02 0.000000e+00 2.779935e-01
1.514662e+05 1.532200e+05 2.855359e+02 2.855359e+02 2.855351e+02 0.000000e+00 2.771364e-01
1.532200e+05 1.549940e+05 3.002179e+02 3.002179e+02 3.002171e+02 0.000000e+00 2.762820e-01
1.549940e+05 1.567886e+05 3.155156e+02 3.155156e+02 3.155147e+02 0.000000e+00 2.754302e-01
1.567886e+05 1.586040e+05 3.319018e+02 3.319018e+02 3.319009e+02 0.000000e+00 2.745810e-01
1.586040e+05 1.604404e+05 3.465943e+02 3.465943e+02 3.465933e+02 0.000000e+00 2.737344e-01
1.604404e+05 1.622981e+05 3.683268e+02 3.683268e+02 3.683258e+02 0.000000e+00 2.728904e-01
1.622981e+05 1.641772e+05 3.783311e+02 3.783311e+02 3.783301e+02 0.000000e+00 2.720491e-01
1.641772e+05 1.660781e+05 4.159850e+02 4.159850e+02 4.159839e+02 0.000000e+00 2.712104e-01
1.660781e+05 1.680011e+05 4.221185e+02 4.221185e+02 4.221174e+02 0.000000e+00 2.703742e-01
1.680011e+05 1.699463e+05 4.427873e+02 4.427873e+02 4.427861e+02 0.000000e+00 2.695406e-01
1.699463e+05 1.719140e+05 4.614634e+02 4.614634e+02 4.614622e+02 0.000000e+00 2.686433e-01
1.719140e+05 1.739045e+05 4.751451e+02 4.751451e+02 4.751438e+02 0.000000e+00 2.677461e-01
1.739045e+05 1.759181e+05 4.751451e+02 4.751451e+02 4.751438e+02 0.000000e+00 2.668519e-01
1.759181e+05 1.779549e+05 4.751451e+02 4.751451e+02 4.751438e+02 0.000000e+00 2.659607e-01
1.779549e+05 1.800154e+05 5.486533e+02 5.486533e+02 5.486519e+02 0.000000e+00 2.650725e-01
1.800154e+05 1.820997e+05 6.101820e+02 6.101820e+02 6.101804e+02 0.000000e+00 2.641872e-01
1.820997e+05 1.842081e+05 6.101820e+02 6.101820e+02 6.101804e+02 0.000000e+00 2.633049e-01
1.842081e+05 1.863410e+05 6.101820e+02 6.101820e+02 6.101804e+02 0.000000e+00 2.624255e-01
1.863410e+05 1.884985e+05 6.101820e+02 6.101820e+02 6.101804e+02 0.000000e+00 2.615491e-01
1.884985e+05 1.906810e+05 5.683478e+02 5.683478e+02 5.683464e+02 0.000000e+00 2.606756e-01
1.906810e+05 1.928888e+05 5.126132e+02 5.126132e+02 5.126118e+02 0.000000e+00 2.598050e-01
1.928888e+05 1.951222e+05 5.126132e+02 5.126132e+02 5.126118e+02 0.000000e+00 2.589373e-01
1.951222e+05 1.973814e+05 5.098548e+02 5.098548e+02 5.098535e+02 0.000000e+00 2.580726e-01
1.973814e+05 1.996668e+05 4.567962e+02 4.567962e+02 4.567950e+02 0.000000e+00 2.572107e-01
1.996668e+05 2.019786e+05 4.567962e+02 4.567962e+02 4.567950e+02 0.000000e+00 2.563516e-01
2.019786e+05 2.043173e+05 4.399934e+02 4.399934e+02 4.399923e+02 0.000000e+00 2.554955e-01
2.043173e+05 2.066829e+05 4.065450e+02 4.065450e+02 4.065440e+02 0.000000e+00 2.546422e-01
2.066829e+05 2.090760e+05 4.065450e+02 4.065450e+02 4.065440e+02 0.000000e+00 2.537918e-01
2.090760e+05 2.114968e+05 4.202126e+02 4.202126e+02 4.202116e+02 0.000000e+00 2.529442e-01
2.114968e+05 2.139456e+05 4.590797e+02 4.590797e+02 4.590786e+02 0.000000e+00 2.520994e-01
2.139456e+05 2.164228e+05 4.590797e+02 4.590797e+02 4.590786e+02 0.000000e+00 2.512460e-01
2.164228e+05 2.189286e+05 4.784122e+02 4.784122e+02 4.784110e+02 0.000000e+00 2.502529e-01
2.189286e+05 2.214635e+05 4.929893e+02 4.929893e+02 4.929881e+02 0.000000e+00 2.492637e-01
2.214635e+05 2.240277e+05 4.929893e+02 4.929893e+02 4.929881e+02 0.000000e+00 2.482785e-01
2.240277e+05 2.266216e+05 5.317417e+02 5.317417e+02 5.317404e+02 0.000000e+00 2.472971e-01
2.266216e+05 2.292455e+05 5.708900e+02 5.708900e+02 5.708886e+02 0.000000e+00 2.463196e-01
2.292455e+05 2.318999e+05 5.708900e+02 5.708900e+02 5.708886e+02 0.000000e+00 2.453460e-01
2.318999e+05 2.345849e+05 5.911398e+02 5.911398e+02 5.911384e+02 0.000000e+00 2.443762e-01
2.345849e+05 2.373011e+05 6.018947e+02 6.018947e+02 6.018932e+02 0.000000e+00 2.417576e-01
2.373011e+05 2.400486e+05 6.362799e+02 6.362799e+02 6.362784e+02 0.000000e+00 2.361321e-01
2.400486e+05 2.428280e+05 6.435100e+02 6.435100e+02 6.435085e+02 0.000000e+00 2.364894e-01
2.428280e+05 2.456396e+05 6.779822e+02 6.779822e+02 6.779806e+02 0.000000e+00 2.424107e-01
2.456396e+05 2.484838e+05 6.907243e+02 6.907243e+02 6.907227e+02 0.000000e+00 2.401838e-01
2.484838e+05 2.513608e+05 7.174708e+02 7.174708e+02 7.174691e+02 0.000000e+00 2.349758e-01
2.513608e+05 2.542712e+05 7.299747e+02 7.299747e+02 7.299730e+02 0.000000e+00 2.354548e-01
2.542712e+05 2.572153e+05 7.790770e+02 7.790770e+02 7.790752e+02 0.000000e+00 2.360917e-01
2.572153e+05 2.601935e+05 7.635008e+02 7.635008e+02 7.634990e+02 0.000000e+00 2.367304e-01
2.601935e+05 2.632061e+05 7.484160e+02 7.484160e+02 7.484143e+02 0.000000e+00 2.363524e-01
2.632061e+05 2.662536e+05 7.059216e+02 7.059216e+02 7.059200e+02 0.000000e+00 2.351987e-01
2.662536e+05 2.693364e+05 6.451135e+02 6.451135e+02 6.451121e+02 0.000000e+00 2.340506e-01
2.693364e+05 2.724550e+05 6.451135e+02 6.451135e+02 6.451121e+02 0.000000e+00 2.317786e-01
2.724550e+05 2.756096e+05 6.451135e+02 6.451135e+02 6.451121e+02 0.000000e+00 2.267824e-01
2.756096e+05 2.788007e+05 6.352926e+02 6.352926e+02 6.352911e+02 0.000000e+00 2.218941e-01
2.788007e+05 2.820288e+05 5.062640e+02 5.062640e+02 5.062629e+02 0.000000e+00 2.171110e-01
2.820288e+05 2.852943e+05 5.062640e+02 5.062640e+02 5.062629e+02 0.000000e+00 2.124311e-01
2.852943e+05 2.885976e+05 5.062640e+02 5.062640e+02 5.062629e+02 0.000000e+00 2.078519e-01
2.885976e+05 2.919391e+05 5.062640e+02 5.062640e+02 5.062629e+02 0.000000e+00 2.033716e-01
2.919391e+05 2.953193e+05 5.173609e+02 5.173609e+02 5.173598e+02 0.000000e+00 1.989878e-01
2.953193e+05 2.987386e+05 5.277684e+02 5.277684e+02 5.277673e+02 0.000000e+00 1.946986e-01
2.987386e+05 3.021976e+05 5.287523e+02 5.287523e+02 5.287511e+02 0.000000e+00 1.910860e-01
3.021976e+05 3.056966e+05 5.299869e+02 5.299869e+02 5.299857e+02 0.000000e+00 1.912428e-01
3.056966e+05 3.092361e+05 5.299869e+02 5.299869e+02 5.299857e+02 0.000000e+00 1.913997e-01
3.092361e+05 3.128166e+05 5.487241e+02 5.487241e+02 5.487230e+02 0.000000e+00 1.915568e-01
3.128166e+05 3.164385e+05 5.611480e+02 5.611480e+02 5.611468e+02 0.000000e+00 1.917140e-01
3.164385e+05 3.201024e+05 5.611480e+02 5.611480e+02 5.611468e+02 0.000000e+00 1.918713e-01
3.201024e+05 3.238087e+05 5.624544e+02 5.624544e+02 5.624532e+02 0.000000e+00 1.920288e-01
3.238087e+05 3.275579e+05 5.640827e+02 5.640827e+02 5.640815e+02 0.000000e+00 1.917595e-01
3.275579e+05 3.313505e+05 5.641043e+02 5.641043e+02 5.641031e+02 0.000000e+00 1.895920e-01
3.313505e+05 3.351871e+05 5.689463e+02 5.689463e+02 5.689450e+02 0.000000e+00 1.874489e-01
3.351871e+05 3.390680e+05 5.711929e+02 5.711929e+02 5.711917e+02 0.000000e+00 1.853300e-01
3.390680e+05 3.429939e+05 5.711929e+02 5.711929e+02 5.711917e+02 0.000000e+00 1.832352e-01
3.429939e+05 3.469653e+05 5.711929e+02 5.711929e+02 5.711917e+02 0.000000e+00 1.811639e-01
3.469653e+05 3.509826e+05 5.756963e+02 5.756963e+02 5.756951e+02 0.000000e+00 1.791161e-01
3.509826e+05 3.550465e+05 5.792430e+02 5.792430e+02 5.792418e+02 0.000000e+00 1.770915e-01
3.550465e+05 3.591574e+05 5.792430e+02 5.792430e+02 5.792418e+02 0.000000e+00 1.750897e-01
3.591574e+05 3.633159e+05 5.764303e+02 5.764303e+02 5.764291e+02 0.000000e+00 1.731106e-01
3.633159e+05 3.675225e+05 5.678442e+02 5.678442e+02 5.678430e+02 0.000000e+00 1.711538e-01
3.675225e+05 3.717779e+05 5.678442e+02 5.678442e+02 5.678430e+02 0.000000e+00 1.694526e-01
3.717779e+05 3.760825e+05 5.593564e+02 5.593564e+02 5.593552e+02 0.000000e+00 1.679230e-01
3.760825e+05 3.804370e+05 5.533915e+02 5.533915e+02 5.533903e+02 0.000000e+00 1.664073e-01
3.804370e+05 3.848419e+05 5.533915e+02 5.533915e+02 5.533903e+02 0.000000e+00 1.649052e-01
3.848419e+05 3.892977e+05 5.431343e+02 5.431343e+02 5.431332e+02 0.000000e+00 1.634167e-01
3.892977e+05 3.938052e+05 5.427569e+02 5.427569e+02 5.427558e+02 0.000000e+00 1.619416e-01
3.938052e+05 3.983649e+05 5.349609e+02 5.349609e+02 5.349598e+02 0.000000e+00 1.604798e-01
3.983649e+05 4.029774e+05 5.318929e+02 5.318929e+02 5.318918e+02 0.000000e+00 1.590312e-01
4.029774e+05 4.076432e+05 5.186975e+02 5.186975e+02 5.186965e+02 0.000000e+00 1.575957e-01
4.076432e+05 4.123631e+05 5.113245e+02 5.113245e+02 5.113235e+02 0.000000e+00 1.561732e-01
4.123631e+05 4.171377e+05 5.038680e+02 5.038680e+02 5.038670e+02 0.000000e+00 1.547635e-01
4.171377e+05 4.219675e+05 4.924559e+02 4.924559e+02 4.924549e+02 0.000000e+00 1.533665e-01
4.219675e+05 4.268532e+05 4.844409e+02 4.844409e+02 4.844400e+02 0.000000e+00 1.519821e-01
4.268532e+05 4.317956e+05 4.758740e+02 4.758740e+02 4.758731e+02 0.000000e+00 1.506103e-01
4.317956e+05 4.367951e+05 4.674527e+02 4.674527e+02 4.674518e+02 0.000000e+00 1.492508e-01
4.367951e+05 4.418525e+05 4.587426e+02 4.587426e+02 4.587417e+02 0.000000e+00 1.479036e-01
4.418525e+05 4.469685e+05 4.526828e+02 4.526828e+02 4.526819e+02 0.000000e+00 1.465685e-01
4.469685e+05 4.521437e+05 4.641905e+02 4.641905e+02 4.641896e+02 0.000000e+00 1.452455e-01
4.521437e+05 4.573789e+05 4.834637e+02 4.834637e+02 4.834627e+02 0.000000e+00 1.439344e-01
4.573789e+05 4.626746e+05 5.048982e+02 5.048982e+02 5.048972e+02 0.000000e+00 1.426352e-01
4.626746e+05 4.680317e+05 5.119530e+02 5.119530e+02 5.119520e+02 0.000000e+00 1.413477e-01
4.680317e+05 4.734508e+05 5.533928e+02 5.533928e+02 5.533917e+02 0.000000e+00 1.400718e-01
4.734508e+05 4.789327e+05 5.597248e+02 5.597248e+02 5.597237e+02 0.000000e+00 1.392131e-01
4.789327e+05 4.844780e+05 5.816079e+02 5.816079e+02 5.816068e+02 0.000000e+00 1.398183e-01
4.844780e+05 4.900875e+05 6.210749e+02 6.210749e+02 6.210737e+02 0.000000e+00 1.404261e-01
4.900875e+05 4.957620e+05 6.334548e+02 6.334548e+02 6.334536e+02 0.000000e+00 1.410366e-01
4.957620e+05 5.015022e+05 6.403804e+02 6.403804e+02 6.403792e+02 0.000000e+00 1.416498e-01
5.015022e+05 5.073088e+05 6.141065e+02 6.141065e+02 6.141053e+02 0.000000e+00 1.384247e-01
5.073088e+05 5.131827e+05 5.939545e+02 5.939545e+02 5.939534e+02 0.000000e+00 1.341217e-01
5.131827e+05 5.191245e+05 5.647265e+02 5.647265e+02 5.647255e+02 0.000000e+00 1.299526e-01
5.191245e+05 5.251352e+05 5.529289e+02 5.529289e+02 5.529278e+02 0.000000e+00 1.270119e-01
5.251352e+05 5.312155e+05 5.529289e+02 5.529289e+02 5.529278e+02 0.000000e+00 1.261128e-01
5.312155e+05 5.373662e+05 5.463642e+02 5.463642e+02 5.463632e+02 0.000000e+00 1.252200e-01
5.373662e+05 5.435881e+05 4.437770e+02 4.437770e+02 4.437762e+02 0.000000e+00 1.243336e-01
5.435881e+05 5.498820e+05 4.437770e+02 4.437770e+02 4.437762e+02 0.000000e+00 1.234534e-01
5.498820e+05 5.562488e+05 4.437770e+02 4.437770e+02 4.437762e+02 0.000000e+00 1.225794e-01
5.562488e+05 5.626893e+05 4.441446e+02 4.441446e+02 4.441438e+02 0.000000e+00 1.217117e-01
5.626893e+05 5.692044e+05 4.471928e+02 4.471928e+02 4.471920e+02 0.000000e+00 1.208501e-01
5.692044e+05 5.757949e+05 4.471928e+02 4.471928e+02 4.471920e+02 0.000000e+00 1.194041e-01
5.757949e+05 5.824618e+05 4.487328e+02 4.487328e+02 4.487320e+02 0.000000e+00 1.170301e-01
5.824618e+05 5.892058e+05 4.513634e+02 4.513634e+02 4.513626e+02 0.000000e+00 1.147033e-01
5.892058e+05 5.960279e+05 4.516718e+02 4.516718e+02 4.516709e+02 0.000000e+00 1.124228e-01
5.960279e+05 6.029290e+05 4.534100e+02 4.534100e+02 4.534092e+02 0.000000e+00 1.101877e-01
6.029290e+05 6.099100e+05 4.538550e+02 4.538550e+02 4.538542e+02 0.000000e+00 1.086499e-01
6.099100e+05 6.169719e+05 4.570550e+02 4.570550e+02 4.570542e+02 0.000000e+00 1.071864e-01
6.169719e+05 6.241155e+05 4.570550e+02 4.570550e+02 4.570542e+02 0.000000e+00 1.057426e-01
6.241155e+05 6.313418e+05 4.570550e+02 4.570550e+02 4.570542e+02 0.000000e+00 1.043183e-01
6.313418e+05 6.386518e+05 4.509521e+02 4.509521e+02 4.509513e+02 0.000000e+00 1.029131e-01
6.386518e+05 6.460464e+05 4.473440e+02 4.473440e+02 4.473432e+02 0.000000e+00 1.015269e-01
6.460464e+05 6.535266e+05 4.473440e+02 4.473440e+02 4.473432e+02 0.000000e+00 1.001594e-01
6.535266e+05 6.610935e+05 4.450032e+02 4.450032e+02 4.450025e+02 0.000000e+00 9.964811e-02
6.610935e+05 6.687480e+05 4.444373e+02 4.444373e+02 4.444365e+02 0.000000e+00 9.916406e-02
6.687480e+05 6.764910e+05 4.426647e+02 4.426647e+02 4.426639e+02 0.000000e+00 9.868237e-02
6.764910e+05 6.843238e+05 4.361730e+02 4.361730e+02 4.361722e+02 0.000000e+00 9.820302e-02
6.843238e+05 6.922472e+05 4.361730e+02 4.361730e+02 4.361722e+02 0.000000e+00 9.772600e-02
6.922472e+05 7.002624e+05 4.229688e+02 4.229688e+02 4.229681e+02 0.000000e+00 9.725129e-02
7.002624e+05 7.083704e+05 4.088974e+02 4.088974e+02 4.088966e+02 0.000000e+00 9.677889e-02
7.083704e+05 7.165723e+05 4.062950e+02 4.062950e+02 4.062943e+02 0.000000e+00 9.630879e-02
7.165723e+05 7.248691e+05 3.768273e+02 3.768273e+02 3.768266e+02 0.000000e+00 9.584097e-02
7.248691e+05 7.332620e+05 3.581076e+02 3.581076e+02 3.581070e+02 0.000000e+00 9.537542e-02
7.332620e+05 7.417520e+05 3.581076e+02 3.581076e+02 3.581070e+02 0.000000e+00 9.479226e-02
7.417520e+05 7.503404e+05 3.581076e+02 3.581076e+02 3.581070e+02 0.000000e+00 9.402526e-02
7.503404e+05 7.590282e+05 3.174704e+02 3.174704e+02 3.174698e+02 0.000000e+00 9.326447e-02
7.590282e+05 7.678166e+05 3.089080e+02 3.089080e+02 3.089075e+02 0.000000e+00 9.250983e-02
7.678166e+05 7.767068e+05 3.089080e+02 3.089080e+02 3.089075e+02 0.000000e+00 9.176130e-02
7.767068e+05 7.856999e+05 3.062281e+02 3.062281e+02 3.062276e+02 0.000000e+00 9.101883e-02
7.856999e+05 7.947971e+05 2.837083e+02 2.837083e+02 2.837078e+02 0.000000e+00 9.028236e-02
7.947971e+05 8.039996e+05 2.837083e+02 2.837083e+02 2.837078e+02 0.000000e+00 8.955186e-02
8.039996e+05 8.133087e+05 2.769083e+02 2.769083e+02 2.769078e+02 0.000000e+00 8.882727e-02
8.133087e+05 8.227256e+05 2.702053e+02 2.702053e+02 2.702048e+02 0.000000e+00 8.810853e-02
8.227256e+05 8.322516e+05 2.691061e+02 2.691061e+02 2.691056e+02 0.000000e+00 8.749055e-02
8.322516e+05 8.418878e+05 2.614486e+02 2.614486e+02 2.614481e+02 0.000000e+00 8.689526e-02
8.418878e+05 8.516356e+05 2.430760e+02 2.430760e+02 2.430756e+02 0.000000e+00 8.630403e-02
8.516356e+05 8.614962e+05 2.430760e+02 2.430760e+02 2.430756e+02 0.000000e+00 8.571681e-02
8.614962e+05 8.714710e+05 2.430760e+02 2.430760e+02 2.430756e+02 0.000000e+00 8.513360e-02
8.714710e+05 8.815614e+05 2.524103e+02 2.524103e+02 2.524098e+02 0.000000e+00 8.455435e-02
8.815614e+05 8.917685e+05 2.560050e+02 2.560050e+02 2.560045e+02 0.000000e+00 8.397904e-02
8.917685e+05 9.020938e+05 2.588590e+02 2.588590e+02 2.588585e+02 0.000000e+00 8.340765e-02
9.020938e+05 9.125387e+05 2.615169e+02 2.615169e+02 2.615165e+02 0.000000e+00 8.378353e-02
9.125387e+05 9.231046e+05 2.693684e+02 2.693684e+02 2.693679e+02 0.000000e+00 8.456416e-02
9.231046e+05 9.337927e+05 2.718292e+02 2.718292e+02 2.718288e+02 0.000000e+00 8.535206e-02
9.337927e+05 9.446046e+05 2.765050e+02 2.765050e+02 2.765046e+02 0.000000e+00 8.614730e-02
9.446046e+05 9.555417e+05 2.815740e+02 2.815740e+02 2.815735e+02 0.000000e+00 8.614313e-02
9.555417e+05 9.666055e+05 2.832008e+02 2.832008e+02 2.832003e+02 0.000000e+00 8.607473e-02
9.666055e+05 9.777973e+05 2.788001e+02 2.788001e+02 2.787996e+02 0.000000e+00 8.600637e-02
9.777973e+05 9.891187e+05 2.755596e+02 2.755596e+02 2.755591e+02 0.000000e+00 8.478042e-02
9.891187e+05 1.000571e+06 2.683670e+02 2.683670e+02 2.683665e+02 0.000000e+00 8.104022e-02
1.000571e+06 1.012156e+06 2.653674e+02 2.653674e+02 2.653670e+02 0.000000e+00 7.933699e-02
1.012156e+06 1.023876e+06 2.610889e+02 2.610889e+02 2.610885e+02 0.000000e+00 7.919544e-02
1.023876e+06 1.035730e+06 2.568282e+02 2.568282e+02 2.568277e+02 0.000000e+00 7.905414e-02
1.035730e+06 1.047723e+06 2.527440e+02 2.527440e+02 2.527436e+02 0.000000e+00 7.891310e-02
1.047723e+06 1.059854e+06 2.496142e+02 2.496142e+02 2.496137e+02 0.000000e+00 7.877230e-02
1.059854e+06 1.072125e+06 2.436270e+02 2.436270e+02 2.436266e+02 0.000000e+00 7.863177e-02
1.072125e+06 1.084539e+06 2.434027e+02 2.434027e+02 2.434023e+02 0.000000e+00 7.849148e-02
1.084539e+06 1.097096e+06 2.232070e+02 2.232070e+02 2.232066e+02 0.000000e+00 7.835144e-02
1.097096e+06 1.109799e+06 2.209166e+02 2.209166e+02 2.209163e+02 0.000000e+00 7.821165e-02
1.109799e+06 1.122649e+06 2.139531e+02 2.139531e+02 2.139528e+02 0.000000e+00 7.807210e-02
1.122649e+06 1.135647e+06 2.073946e+02 2.073946e+02 2.073943e+02 0.000000e+00 7.788521e-02
1.135647e+06 1.148796e+06 1.976107e+02 1.976107e+02 1.976104e+02 0.000000e+00 7.747410e-02
1.148796e+06 1.162098e+06 1.949691e+02 1.949691e+02 1.949687e+02 0.000000e+00 7.706513e-02
1.162098e+06 1.175553e+06 1.847951e+02 1.847951e+02 1.847948e+02 0.000000e+00 7.665833e-02
1.175553e+06 1.189164e+06 1.778692e+02 1.778692e+02 1.778689e+02 0.000000e+00 7.625369e-02
1.189164e+06 1.202933e+06 1.741763e+02 1.741763e+02 1.741760e+02 0.000000e+00 7.585118e-02
1.202933e+06 1.216861e+06 1.731522e+02 1.731522e+02 1.731519e+02 0.000000e+00 7.545079e-02
1.216861e+06 1.230950e+06 1.731279e+02 1.731279e+02 1.731276e+02 0.000000e+00 7.505252e-02
1.230950e+06 1.245203e+06 1.685196e+02 1.685196e+02 1.685193e+02 0.000000e+00 7.465635e-02
1.245203e+06 1.259621e+06 1.676989e+02 1.676989e+02 1.676986e+02 0.000000e+00 7.426226e-02
1.259621e+06 1.274205e+06 1.673102e+02 1.673102e+02 1.673099e+02 0.000000e+00 7.387026e-02
1.274205e+06 1.288958e+06 1.660683e+02 1.660683e+02 1.660680e+02 0.000000e+00 7.348034e-02
1.288958e+06 1.303883e+06 1.635843e+02 1.635843e+02 1.635840e+02 0.000000e+00 7.309246e-02
1.303883e+06 1.318980e+06 1.630572e+02 1.630572e+02 1.630569e+02 0.000000e+00 7.270904e-02
1.318980e+06 1.334251e+06 1.613687e+02 1.613687e+02 1.613684e+02 0.000000e+00 7.243573e-02
1.334251e+06 1.349700e+06 1.582362e+02 1.582362e+02 1.582359e+02 0.000000e+00 7.216344e-02
1.349700e+06 1.365328e+06 1.558552e+02 1.558552e+02 1.558550e+02 0.000000e+00 7.189216e-02
1.365328e+06 1.381136e+06 1.487970e+02 1.487970e+02 1.487968e+02 0.000000e+00 7.162191e-02
1.381136e+06 1.397127e+06 1.467427e+02 1.467427e+02 1.467424e+02 0.000000e+00 7.135268e-02
1.397127e+06 1.413304e+06 1.429774e+02 1.429774e+02 1.429771e+02 0.000000e+00 7.108446e-02
1.413304e+06 1.429668e+06 1.414120e+02 1.414120e+02 1.414117e+02 0.000000e+00 7.081724e-02
1.429668e+06 1.446221e+06 1.342893e+02 1.342893e+02 1.342891e+02 0.000000e+00 7.055103e-02
1.446221e+06 1.462966e+06 1.329380e+02 1.329380e+02 1.329377e+02 0.000000e+00 7.028582e-02
1.462966e+06 1.479905e+06 1.290701e+02 1.290701e+02 1.290699e+02 0.000000e+00 7.002161e-02
1.479905e+06 1.497040e+06 1.260837e+02 1.260837e+02 1.260834e+02 0.000000e+00 6.975839e-02
1.497040e+06 1.514374e+06 1.236846e+02 1.236846e+02 1.236843e+02 0.000000e+00 6.949616e-02
1.514374e+06 1.531908e+06 1.198346e+02 1.198346e+02 1.198344e+02 0.000000e+00 6.923491e-02
1.531908e+06 1.549645e+06 1.180687e+02 1.180687e+02 1.180685e+02 0.000000e+00 6.897465e-02
1.549645e+06 1.567588e+06 1.180687e+02 1.180687e+02 1.180685e+02 0.000000e+00 6.871536e-02
1.567588e+06 1.585738e+06 1.089613e+02 1.089613e+02 1.089611e+02 0.000000e+00 6.845705e-02
1.585738e+06 1.604099e+06 1.085730e+02 1.085730e+02 1.085728e+02 0.000000e+00 6.819971e-02
1.604099e+06 1.622672e+06 1.071616e+02 1.071616e+02 1.071614e+02 0.000000e+00 6.745049e-02
1.622672e+06 1.641460e+06 1.040097e+02 1.040097e+02 1.040095e+02 0.000000e+00 6.652433e-02
1.641460e+06 1.660465e+06 1.015436e+02 1.015436e+02 1.015434e+02 0.000000e+00 6.561090e-02
1.660465e+06 1.679691e+06 1.009807e+02 1.009807e+02 1.009805e+02 0.000000e+00 6.471000e-02
1.679691e+06 1.699139e+06 9.632513e+01 9.632513e+01 9.632495e+01 0.000000e+00 6.382147e-02
1.699139e+06 1.718813e+06 9.566917e+01 9.566917e+01 9.566900e+01 0.000000e+00 6.294513e-02
1.718813e+06 1.738714e+06 9.379625e+01 9.379625e+01 9.379608e+01 0.000000e+00 6.208083e-02
1.738714e+06 1.758846e+06 9.193298e+01 9.193298e+01 9.193281e+01 0.000000e+00 6.122839e-02
1.758846e+06 1.779211e+06 9.036211e+01 9.036211e+01 9.036194e+01 0.000000e+00 6.038766e-02
1.779211e+06 1.799811e+06 8.827747e+01 8.827747e+01 8.827730e+01 0.000000e+00 5.955848e-02
1.799811e+06 1.820650e+06 8.638677e+01 8.638677e+01 8.638661e+01 0.000000e+00 5.874070e-02
1.820650e+06 1.841731e+06 8.493790e+01 8.493790e+01 8.493774e+01 0.000000e+00 5.793412e-02
1.841731e+06 1.863055e+06 8.272306e+01 8.272306e+01 8.272290e+01 0.000000e+00 5.713862e-02
1.863055e+06 1.884626e+06 8.045531e+01 8.045531e+01 8.045515e+01 0.000000e+00 5.635407e-02
1.884626e+06 1.906448e+06 7.596370e+01 7.596370e+01 7.596355e+01 0.000000e+00 5.558026e-02
1.906448e+06 1.928521e+06 7.451875e+01 7.451875e+01 7.451861e+01 0.000000e+00 5.481709e-02
1.928521e+06 1.950851e+06 6.994716e+01 6.994716e+01 6.994702e+01 0.000000e+00 5.406440e-02
1.950851e+06 1.973439e+06 6.988720e+01 6.988720e+01 6.988706e+01 0.000000e+00 5.332203e-02
1.973439e+06 1.996288e+06 6.375093e+01 6.375093e+01 6.375081e+01 0.000000e+00 5.258987e-02
1.996288e+06 2.019402e+06 6.314869e+01 6.314869e+01 6.314857e+01 0.000000e+00 5.186776e-02
2.019402e+06 2.042784e+06 6.030262e+01 6.030262e+01 6.030250e+01 0.000000e+00 5.115556e-02
2.042784e+06 2.066436e+06 5.809829e+01 5.809829e+01 5.809818e+01 0.000000e+00 5.032007e-02
2.066436e+06 2.090362e+06 5.628816e+01 5.628816e+01 5.628805e+01 0.000000e+00 4.914654e-02
2.090362e+06 2.114565e+06 5.465985e+01 5.465985e+01 5.465974e+01 0.000000e+00 4.800038e-02
2.114565e+06 2.139049e+06 5.324186e+01 5.324186e+01 5.324175e+01 0.000000e+00 4.688093e-02
2.139049e+06 2.163816e+06 5.154432e+01 5.154432e+01 5.154421e+01 0.000000e+00 4.578758e-02
2.163816e+06 2.188870e+06 5.004428e+01 5.004428e+01 5.004418e+01 0.000000e+00 4.471974e-02
2.188870e+06 2.214213e+06 4.849729e+01 4.849729e+01 4.849719e+01 0.000000e+00 4.367682e-02
2.214213e+06 2.239851e+06 4.757051e+01 4.757051e+01 4.757042e+01 0.000000e+00 4.265821e-02
2.239851e+06 2.265785e+06 4.553963e+01 4.553963e+01 4.553954e+01 0.000000e+00 4.166334e-02
2.265785e+06 2.292019e+06 4.447825e+01 4.447825e+01 4.447816e+01 0.000000e+00 4.069170e-02
2.292019e+06 2.318557e+06 4.299199e+01 4.299199e+01 4.299190e+01 0.000000e+00 3.974271e-02
2.318557e+06 2.345403e+06 4.140549e+01 4.140549e+01 4.140540e+01 0.000000e+00 3.881584e-02
2.345403e+06 2.372559e+06 3.906225e+01 3.906225e+01 3.906217e+01 0.000000e+00 3.791059e-02
2.372559e+06 2.400030e+06 3.742433e+01 3.742433e+01 3.742425e+01 0.000000e+00 3.714093e-02
2.400030e+06 2.427818e+06 3.577361e+01 3.577361e+01 3.577354e+01 0.000000e+00 3.639827e-02
2.427818e+06 2.455929e+06 3.414897e+01 3.414897e+01 3.414890e+01 0.000000e+00 3.567046e-02
2.455929e+06 2.484365e+06 3.264725e+01 3.264725e+01 3.264718e+01 0.000000e+00 3.495719e-02
2.484365e+06 2.513130e+06 3.107016e+01 3.107016e+01 3.107010e+01 0.000000e+00 3.425819e-02
2.513130e+06 2.542228e+06 2.970693e+01 2.970693e+01 2.970687e+01 0.000000e+00 3.357317e-02
2.542228e+06 2.571663e+06 2.835268e+01 2.835268e+01 2.835262e+01 0.000000e+00 3.285011e-02
2.571663e+06 2.601439e+06 2.715551e+01 2.715551e+01 2.715545e+01 0.000000e+00 3.200637e-02
2.601439e+06 2.631560e+06 2.592955e+01 2.592955e+01 2.592950e+01 0.000000e+00 3.118429e-02
2.631560e+06 2.662030e+06 2.479866e+01 2.479866e+01 2.479860e+01 0.000000e+00 3.038332e-02
2.662030e+06 2.692852e+06 2.369395e+01 2.369395e+01 2.369390e+01 0.000000e+00 2.940648e-02
2.692852e+06 2.724031e+06 2.276127e+01 2.276127e+01 2.276122e+01 0.000000e+00 2.844899e-02
2.724031e+06 2.755571e+06 2.166485e+01 2.166485e+01 2.166480e+01 0.000000e+00 2.752267e-02
2.755571e+06 2.787476e+06 2.078917e+01 2.078917e+01 2.078913e+01 0.000000e+00 2.662651e-02
2.787476e+06 2.819751e+06 1.984759e+01 1.984759e+01 1.984755e+01 0.000000e+00 2.583517e-02
2.819751e+06 2.852400e+06 1.903478e+01 1.903478e+01 1.903473e+01 0.000000e+00 2.565665e-02
2.852400e+06 2.885426e+06 1.821984e+01 1.821984e+01 1.821980e+01 0.000000e+00 2.547937e-02
2.885426e+06 2.918835e+06 1.751618e+01 1.751618e+01 1.751614e+01 0.000000e+00 2.530332e-02
2.918835e+06 2.952631e+06 1.690713e+01 1.690713e+01 1.690709e+01 0.000000e+00 2.512848e-02
2.952631e+06 2.986818e+06 1.628945e+01 1.628945e+01 1.628941e+01 0.000000e+00 2.495484e-02
2.986818e+06 3.021401e+06 1.570909e+01 1.570909e+01 1.570906e+01 0.000000e+00 2.472240e-02
3.021401e+06 3.056384e+06 1.522396e+01 1.522396e+01 1.522393e+01 0.000000e+00 2.405609e-02
3.056384e+06 3.091772e+06 1.450444e+01 1.450444e+01 1.450441e+01 0.000000e+00 2.340773e-02
3.091772e+06 3.127570e+06 1.403771e+01 1.403771e+01 1.403768e+01 0.000000e+00 2.277685e-02
3.127570e+06 3.163783e+06 1.359044e+01 1.359044e+01 1.359041e+01 0.000000e+00 2.216296e-02
3.163783e+06 3.200415e+06 1.300424e+01 1.300424e+01 1.300422e+01 0.000000e+00 2.156562e-02
3.200415e+06 3.237471e+06 1.259266e+01 1.259266e+01 1.259263e+01 0.000000e+00 2.098438e-02
3.237471e+06 3.274956e+06 1.207090e+01 1.207090e+01 1.207087e+01 0.000000e+00 2.041881e-02
3.274956e+06 3.312875e+06 1.163565e+01 1.163565e+01 1.163563e+01 0.000000e+00 1.986848e-02
3.312875e+06 3.351233e+06 1.120268e+01 1.120268e+01 1.120265e+01 0.000000e+00 1.933299e-02
3.351233e+06 3.390035e+06 1.078148e+01 1.078148e+01 1.078146e+01 0.000000e+00 1.881193e-02
3.390035e+06 3.429287e+06 1.042717e+01 1.042717e+01 1.042715e+01 0.000000e+00 1.829960e-02
3.429287e+06 3.468992e+06 9.942169e+00 9.942169e+00 9.942148e+00 0.000000e+00 1.777020e-02
3.468992e+06 3.509158e+06 9.623465e+00 9.623465e+00 9.623445e+00 0.000000e+00 1.725611e-02
3.509158e+06 3.549789e+06 9.249097e+00 9.249097e+00 9.249077e+00 0.000000e+00 1.675689e-02
3.549789e+06 3.590890e+06 8.925049e+00 8.925049e+00 8.925030e+00 0.000000e+00 1.627211e-02
3.590890e+06 3.632467e+06 8.637928e+00 8.637928e+00 8.637909e+00 0.000000e+00 1.580136e-02
3.632467e+06 3.674526e+06 8.424873e+00 8.424873e+00 8.424855e+00 0.000000e+00 1.534423e-02
3.674526e+06 3.717071e+06 8.166681e+00 8.166681e+00 8.166663e+00 0.000000e+00 1.489906e-02
3.717071e+06 3.760109e+06 7.881719e+00 7.881719e+00 7.881702e+00 0.000000e+00 1.444624e-02
3.760109e+06 3.803646e+06 7.685037e+00 7.685037e+00 7.685020e+00 0.000000e+00 1.400718e-02
3.803646e+06 3.847686e+06 7.500646e+00 7.500646e+00 7.500630e+00 0.000000e+00 1.358147e-02
3.847686e+06 3.892237e+06 7.201677e+00 7.201677e+00 7.201661e+00 0.000000e+00 1.316869e-02
3.892237e+06 3.937303e+06 7.035191e+00 7.035191e+00 7.035176e+00 0.000000e+00 1.276846e-02
3.937303e+06 3.982891e+06 6.816330e+00 6.816330e+00 6.816315e+00 0.000000e+00 1.238040e-02
3.982891e+06 4.029007e+06 6.652155e+00 6.652155e+00 6.652140e+00 0.000000e+00 1.201306e-02
4.029007e+06 4.075656e+06 6.463708e+00 6.463708e+00 6.463694e+00 0.000000e+00 1.171531e-02
4.075656e+06 4.122846e+06 6.269586e+00 6.269586e+00 6.269572e+00 0.000000e+00 1.142494e-02
4.122846e+06 4.170583e+06 6.117030e+00 6.117030e+00 6.117018e+00 0.000000e+00 1.114177e-02
4.170583e+06 4.218872e+06 5.977646e+00 5.977646e+00 5.977633e+00 0.000000e+00 1.086561e-02
4.218872e+06 4.267720e+06 5.776857e+00 5.776857e+00 5.776845e+00 0.000000e+00 1.059630e-02
4.267720e+06 4.317134e+06 5.642250e+00 5.642250e+00 5.642238e+00 0.000000e+00 1.033366e-02
4.317134e+06 4.367120e+06 5.533655e+00 5.533655e+00 5.533643e+00 0.000000e+00 1.007753e-02
4.367120e+06 4.417684e+06 5.309823e+00 5.309823e+00 5.309812e+00 0.000000e+00 9.827754e-03
4.417684e+06 4.468834e+06 5.200057e+00 5.200057e+00 5.200046e+00 0.000000e+00 9.584168e-03
4.468834e+06 4.520577e+06 5.037790e+00 5.037790e+00 5.037780e+00 0.000000e+00 9.346617e-03
4.520577e+06 4.572918e+06 4.877865e+00 4.877865e+00 4.877855e+00 0.000000e+00 9.114954e-03
4.572918e+06 4.625866e+06 4.723160e+00 4.723160e+00 4.723150e+00 0.000000e+00 8.889033e-03
4.625866e+06 4.679426e+06 4.573052e+00 4.573052e+00 4.573043e+00 0.000000e+00 8.668713e-03
4.679426e+06 4.733607e+06 4.427767e+00 4.427767e+00 4.427758e+00 0.000000e+00 8.453853e-03
4.733607e+06 4.788415e+06 4.288706e+00 4.288706e+00 4.288697e+00 0.000000e+00 8.244318e-03
4.788415e+06 4.843858e+06 4.150561e+00 4.150561e+00 4.150553e+00 0.000000e+00 8.039976e-03
4.843858e+06 4.899942e+06 4.020817e+00 4.020817e+00 4.020809e+00 0.000000e+00 7.840700e-03
4.899942e+06 4.956676e+06 3.890410e+00 3.890410e+00 3.890402e+00 0.000000e+00 7.630010e-03
4.956676e+06 5.014067e+06 3.806044e+00 3.806044e+00 3.806037e+00 0.000000e+00 7.424545e-03
5.014067e+06 5.072122e+06 3.748104e+00 3.748104e+00 3.748097e+00 0.000000e+00 7.224613e-03
5.072122e+06 5.130850e+06 3.689924e+00 3.689924e+00 3.689917e+00 0.000000e+00 7.066444e-03
5.130850e+06 5.190257e+06 3.634839e+00 3.634839e+00 3.634832e+00 0.000000e+00 6.926725e-03
5.190257e+06 5.250353e+06 3.583021e+00 3.583021e+00 3.583014e+00 0.000000e+00 6.789768e-03
5.250353e+06 5.311144e+06 3.522701e+00 3.522701e+00 3.522694e+00 0.000000e+00 6.655519e-03
5.311144e+06 5.372639e+06 3.472347e+00 3.472347e+00 3.472340e+00 0.000000e+00 6.523925e-03
5.372639e+06 5.434846e+06 3.419652e+00 3.419652e+00 3.419645e+00 0.000000e+00 6.394932e-03
5.434846e+06 5.497773e+06 3.367718e+00 3.367718e+00 3.367712e+00 0.000000e+00 6.268491e-03
5.497773e+06 5.561429e+06 3.321255e+00 3.321255e+00 3.321249e+00 0.000000e+00 6.098751e-03
5.561429e+06 5.625822e+06 3.282073e+00 3.282073e+00 3.282067e+00 0.000000e+00 5.883009e-03
5.625822e+06 5.690961e+06 3.256294e+00 3.256294e+00 3.256288e+00 0.000000e+00 5.674898e-03
5.690961e+06 5.756853e+06 3.211350e+00 3.211350e+00 3.211344e+00 0.000000e+00 5.474150e-03
5.756853e+06 5.823509e+06 3.186811e+00 3.186811e+00 3.186805e+00 0.000000e+00 5.280503e-03
5.823509e+06 5.890937e+06 3.152558e+00 3.152558e+00 3.152553e+00 0.000000e+00 5.093705e-03
5.890937e+06 5.959145e+06 3.116980e+00 3.116980e+00 3.116974e+00 0.000000e+00 4.912665e-03
5.959145e+06 6.028143e+06 3.087073e+00 3.087073e+00 3.087068e+00 0.000000e+00 4.722963e-03
6.028143e+06 6.097939e+06 3.056289e+00 3.056289e+00 3.056283e+00 0.000000e+00 4.540588e-03
6.097939e+06 6.168544e+06 3.024788e+00 3.024788e+00 3.024783e+00 0.000000e+00 4.365255e-03
6.168544e+06 6.239967e+06 2.976143e+00 2.976143e+00 2.976137e+00 0.000000e+00 4.196690e-03
6.239967e+06 6.312216e+06 2.913561e+00 2.913561e+00 2.913556e+00 0.000000e+00 4.034635e-03
6.312216e+06 6.385302e+06 2.851750e+00 2.851750e+00 2.851746e+00 0.000000e+00 3.878839e-03
6.385302e+06 6.459234e+06 2.796387e+00 2.796387e+00 2.796382e+00 0.000000e+00 3.706460e-03
6.459234e+06 6.534023e+06 2.728729e+00 2.728729e+00 2.728724e+00 0.000000e+00 3.539623e-03
6.534023e+06 6.609677e+06 2.675872e+00 2.675872e+00 2.675867e+00 0.000000e+00 3.372827e-03
6.609677e+06 6.686207e+06 2.618856e+00 2.618856e+00 2.618852e+00 0.000000e+00 3.173932e-03
6.686207e+06 6.763623e+06 2.565128e+00 2.565128e+00 2.565124e+00 0.000000e+00 2.986766e-03
6.763623e+06 6.841935e+06 2.509362e+00 2.509362e+00 2.509358e+00 0.000000e+00 2.810638e-03
6.841935e+06 6.921155e+06 2.459389e+00 2.459389e+00 2.459385e+00 0.000000e+00 2.644788e-03
6.921155e+06 7.001291e+06 2.425786e+00 2.425786e+00 2.425782e+00 0.000000e+00 2.487483e-03
7.001291e+06 7.082356e+06 2.394481e+00 2.394481e+00 2.394477e+00 0.000000e+00 2.238378e-03
7.082356e+06 7.164359e+06 2.363251e+00 2.363251e+00 2.363247e+00 0.000000e+00 1.932886e-03
7.164359e+06 7.247311e+06 2.332588e+00 2.332588e+00 2.332585e+00 0.000000e+00 1.667704e-03
7.247311e+06 7.331224e+06 2.302806e+00 2.302806e+00 2.302802e+00 0.000000e+00 1.438789e-03
7.331224e+06 7.416109e+06 2.272298e+00 2.272298e+00 2.272294e+00 0.000000e+00 1.242168e-03
7.416109e+06 7.501976e+06 2.242956e+00 2.242956e+00 2.242952e+00 0.000000e+00 1.071770e-03
7.501976e+06 7.588837e+06 2.214284e+00 2.214284e+00 2.214281e+00 0.000000e+00 9.802297e-04
7.588837e+06 7.676705e+06 2.185030e+00 2.185030e+00 2.185026e+00 0.000000e+00 9.459479e-04
7.676705e+06 7.765589e+06 2.146145e+00 2.146145e+00 2.146142e+00 0.000000e+00 9.128650e-04
7.765589e+06 7.855503e+06 2.096973e+00 2.096973e+00 2.096969e+00 0.000000e+00 8.809393e-04
7.855503e+06 7.946458e+06 2.049481e+00 2.049481e+00 2.049478e+00 0.000000e+00 8.501299e-04
7.946458e+06 8.038466e+06 2.003059e+00 2.003059e+00 2.003056e+00 0.000000e+00 8.203981e-04
8.038466e+06 8.131539e+06 1.958310e+00 1.958310e+00 1.958307e+00 0.000000e+00 8.385732e-04
8.131539e+06 8.225690e+06 1.912811e+00 1.912811e+00 1.912808e+00 0.000000e+00 8.615591e-04
8.225690e+06 8.320931e+06 1.870544e+00 1.870544e+00 1.870541e+00 0.000000e+00 8.851750e-04
8.320931e+06 8.417275e+06 1.826443e+00 1.826443e+00 1.826440e+00 0.000000e+00 9.094383e-04
8.417275e+06 8.514735e+06 1.785092e+00 1.785092e+00 1.785090e+00 0.000000e+00 9.343667e-04
8.514735e+06 8.613322e+06 1.745224e+00 1.745224e+00 1.745222e+00 0.000000e+00 9.599784e-04
8.613322e+06 8.713052e+06 1.706191e+00 1.706191e+00 1.706189e+00 0.000000e+00 9.862920e-04
8.713052e+06 8.813936e+06 1.670131e+00 1.670131e+00 1.670128e+00 0.000000e+00 1.013327e-03
8.813936e+06 8.915988e+06 1.627548e+00 1.627548e+00 1.627545e+00 0.000000e+00 1.041103e-03
8.915988e+06 9.019222e+06 1.594059e+00 1.594059e+00 1.594056e+00 0.000000e+00 1.070890e-03
9.019222e+06 9.123650e+06 1.558265e+00 1.558265e+00 1.558263e+00 0.000000e+00 1.101641e-03
9.123650e+06 9.229289e+06 1.522145e+00 1.522145e+00 1.522143e+00 0.000000e+00 1.133276e-03
9.229289e+06 9.336150e+06 1.490418e+00 1.490418e+00 1.490416e+00 0.000000e+00 1.165819e-03
9.336150e+06 9.444248e+06 1.456157e+00 1.456157e+00 1.456155e+00 0.000000e+00 1.199297e-03
9.444248e+06 9.553599e+06 1.419921e+00 1.419921e+00 1.419919e+00 0.000000e+00 1.233736e-03
9.553599e+06 9.664215e+06 1.395506e+00 1.395506e+00 1.395504e+00 0.000000e+00 1.269164e-03
9.664215e+06 9.776112e+06 1.373122e+00 1.373122e+00 1.373120e+00 0.000000e+00 1.305609e-03
9.776112e+06 9.889304e+06 1.351677e+00 1.351677e+00 1.351675e+00 0.000000e+00 1.343101e-03
9.889304e+06 1.000381e+07 1.330414e+00 1.330414e+00 1.330412e+00 0.000000e+00 1.381670e-03
1.000381e+07 1.011964e+07 1.309467e+00 1.309467e+00 1.309465e+00 0.000000e+00 1.418062e-03
1.011964e+07 1.023681e+07 1.288850e+00 1.288850e+00 1.288848e+00 0.000000e+00 1.452484e-03
1.023681e+07 1.035533e+07 1.268708e+00 1.268708e+00 1.268706e+00 0.000000e+00 1.487739e-03
1.035533e+07 1.047523e+07 1.248384e+00 1.248384e+00 1.248382e+00 0.000000e+00 1.523851e-03
1.047523e+07 1.059652e+07 1.228914e+00 1.228914e+00 1.228912e+00 0.000000e+00 1.559579e-03
1.059652e+07 1.071921e+07 1.211142e+00 1.211142e+00 1.211140e+00 0.000000e+00 1.593388e-03
1.071921e+07 1.084332e+07 1.203853e+00 1.203853e+00 1.203851e+00 0.000000e+00 1.627930e-03
1.084332e+07 1.096887e+07 1.198535e+00 1.198535e+00 1.198534e+00 0.000000e+00 1.663221e-03
1.096887e+07 1.109588e+07 1.193181e+00 1.193181e+00 1.193179e+00 0.000000e+00 1.696272e-03
1.109588e+07 1.122435e+07 1.187911e+00 1.187911e+00 1.187909e+00 0.000000e+00 1.721067e-03
1.122435e+07 1.135431e+07 1.182719e+00 1.182719e+00 1.182717e+00 0.000000e+00 1.746224e-03
1.135431e+07 1.148578e+07 1.177297e+00 1.177297e+00 1.177296e+00 0.000000e+00 1.771749e-03
1.148578e+07 1.161876e+07 1.172169e+00 1.172169e+00 1.172168e+00 0.000000e+00 1.791892e-03
1.161876e+07 1.175329e+07 1.166936e+00 1.166936e+00 1.166934e+00 0.000000e+00 1.803344e-03
1.175329e+07 1.188938e+07 1.161777e+00 1.161777e+00 1.161775e+00 0.000000e+00 1.814870e-03
1.188938e+07 1.202704e+07 1.156974e+00 1.156974e+00 1.156972e+00 0.000000e+00 1.826470e-03
1.202704e+07 1.216629e+07 1.152714e+00 1.152714e+00 1.152712e+00 0.000000e+00 1.829882e-03
1.216629e+07 1.230716e+07 1.148182e+00 1.148182e+00 1.148180e+00 0.000000e+00 1.829713e-03
1.230716e+07 1.244966e+07 1.143982e+00 1.143982e+00 1.143980e+00 0.000000e+00 1.829544e-03
1.244966e+07 1.259381e+07 1.139599e+00 1.139599e+00 1.139598e+00 0.000000e+00 1.824410e-03
1.259381e+07 1.273963e+07 1.135339e+00 1.135339e+00 1.135337e+00 0.000000e+00 1.791686e-03
1.273963e+07 1.288713e+07 1.131080e+00 1.131080e+00 1.131079e+00 0.000000e+00 1.759549e-03
1.288713e+07 1.303634e+07 1.126812e+00 1.126812e+00 1.126810e+00 0.000000e+00 1.727990e-03
1.303634e+07 1.318729e+07 1.122867e+00 1.122867e+00 1.122865e+00 0.000000e+00 1.672696e-03
1.318729e+07 1.333997e+07 1.116225e+00 1.116225e+00 1.116223e+00 0.000000e+00 1.611155e-03
1.333997e+07 1.349443e+07 1.087641e+00 1.087641e+00 1.087640e+00 0.000000e+00 1.551879e-03
1.349443e+07 1.365068e+07 1.058192e+00 1.058192e+00 1.058191e+00 0.000000e+00 1.489640e-03
1.365068e+07 1.380873e+07 1.028814e+00 1.028814e+00 1.028813e+00 0.000000e+00 1.424254e-03
1.380873e+07 1.396861e+07 9.999714e-01 9.999714e-01 9.999699e-01 0.000000e+00 1.361739e-03
1.396861e+07 1.413035e+07 9.735507e-01 9.735507e-01 9.735491e-01 0.000000e+00 1.298863e-03
1.413035e+07 1.429396e+07 9.437405e-01 9.437405e-01 9.437391e-01 0.000000e+00 1.232218e-03
1.429396e+07 1.445946e+07 9.187559e-01 9.187559e-01 9.187544e-01 0.000000e+00 1.168993e-03
1.445946e+07 1.462688e+07 8.930342e-01 8.930342e-01 8.930328e-01 0.000000e+00 1.105550e-03
1.462688e+07 1.479624e+07 8.682480e-01 8.682480e-01 8.682466e-01 0.000000e+00 1.036198e-03
1.479624e+07 1.496756e+07 8.492247e-01 8.492247e-01 8.492233e-01 0.000000e+00 9.711948e-04
1.496756e+07 1.514086e+07 8.374895e-01 8.374895e-01 8.374882e-01 0.000000e+00 9.057504e-04
1.514086e+07 1.531617e+07 8.260647e-01 8.260647e-01 8.260634e-01 0.000000e+00 8.355466e-04
1.531617e+07 1.549350e+07 8.140157e-01 8.140157e-01 8.140144e-01 0.000000e+00 7.707880e-04
1.549350e+07 1.567289e+07 8.033300e-01 8.033300e-01 8.033287e-01 0.000000e+00 7.037750e-04
1.567289e+07 1.585436e+07 7.915236e-01 7.915236e-01 7.915224e-01 0.000000e+00 6.350267e-04
1.585436e+07 1.603793e+07 7.808735e-01 7.808735e-01 7.808722e-01 0.000000e+00 5.715552e-04
1.603793e+07 1.622363e+07 7.699584e-01 7.699584e-01 7.699571e-01 0.000000e+00 5.129233e-04
1.622363e+07 1.641147e+07 7.592960e-01 7.592960e-01 7.592948e-01 0.000000e+00 4.576407e-04
1.641147e+07 1.660149e+07 7.485657e-01 7.485657e-01 7.485645e-01 0.000000e+00 4.084840e-04
1.660149e+07 1.679371e+07 7.358073e-01 7.358073e-01 7.358061e-01 0.000000e+00 3.688089e-04
1.679371e+07 1.698816e+07 7.230688e-01 7.230688e-01 7.230676e-01 0.000000e+00 3.329878e-04
1.698816e+07 1.718486e+07 7.104344e-01 7.104344e-01 7.104332e-01 0.000000e+00 3.029699e-04
1.718486e+07 1.738383e+07 6.988613e-01 6.988613e-01 6.988602e-01 0.000000e+00 2.783639e-04
1.738383e+07 1.758511e+07 6.852246e-01 6.852246e-01 6.852235e-01 0.000000e+00 2.557554e-04
1.758511e+07 1.778872e+07 6.737998e-01 6.737998e-01 6.737987e-01 0.000000e+00 2.377363e-04
1.778872e+07 1.799469e+07 6.621545e-01 6.621545e-01 6.621534e-01 0.000000e+00 2.212025e-04
1.799469e+07 1.820304e+07 6.507044e-01 6.507044e-01 6.507033e-01 0.000000e+00 2.047078e-04
1.820304e+07 1.841380e+07 6.392021e-01 6.392021e-01 6.392011e-01 0.000000e+00 1.883169e-04
1.841380e+07 1.862700e+07 6.293547e-01 6.293547e-01 6.293537e-01 0.000000e+00 1.732386e-04
1.862700e+07 1.884268e+07 6.213378e-01 6.213378e-01 6.213367e-01 0.000000e+00 1.593678e-04
1.884268e+07 1.906085e+07 6.137307e-01 6.137307e-01 6.137297e-01 0.000000e+00 1.466070e-04
1.906085e+07 1.928154e+07 6.053509e-01 6.053509e-01 6.053499e-01 0.000000e+00 1.346458e-04
1.928154e+07 1.950479e+07 5.978922e-01 5.978922e-01 5.978912e-01 0.000000e+00 1.236026e-04
1.950479e+07 1.973063e+07 5.903457e-01 5.903457e-01 5.903447e-01 0.000000e+00 1.134644e-04
1.973063e+07 1.995908e+07 5.828183e-01 5.828183e-01 5.828173e-01 0.000000e+00 1.041583e-04
1.995908e+07 2.019018e+07 5.755348e-01 5.755348e-01 5.755339e-01 0.000000e+00 9.596149e-05
2.019018e+07 2.042395e+07 5.678574e-01 5.678574e-01 5.678564e-01 0.000000e+00 8.907949e-05
2.042395e+07 2.066043e+07 5.613150e-01 5.613150e-01 5.613141e-01 0.000000e+00 8.269127e-05
2.066043e+07 2.089964e+07 5.536630e-01 5.536630e-01 5.536621e-01 0.000000e+00 7.676098e-05
2.089964e+07 2.114163e+07 5.457918e-01 5.457918e-01 5.457909e-01 0.000000e+00 7.108462e-05
2.114163e+07 2.138642e+07 5.379701e-01 5.379701e-01 5.379692e-01 0.000000e+00 6.581382e-05
2.138642e+07 2.163404e+07 5.313689e-01 5.313689e-01 5.313681e-01 0.000000e+00 6.081120e-05
2.163404e+07 2.188453e+07 5.244511e-01 5.244511e-01 5.244503e-01 0.000000e+00 5.618880e-05
2.188453e+07 2.213792e+07 5.171429e-01 5.171429e-01 5.171420e-01 0.000000e+00 5.193857e-05
2.213792e+07 2.239424e+07 5.095463e-01 5.095463e-01 5.095455e-01 0.000000e+00 4.842558e-05
2.239424e+07 2.265354e+07 5.033428e-01 5.033428e-01 5.033420e-01 0.000000e+00 4.515012e-05
2.265354e+07 2.291583e+07 4.963146e-01 4.963146e-01 4.963139e-01 0.000000e+00 4.209616e-05
2.291583e+07 2.318116e+07 4.899067e-01 4.899067e-01 4.899059e-01 0.000000e+00 3.924969e-05
2.318116e+07 2.344956e+07 4.830008e-01 4.830008e-01 4.830000e-01 0.000000e+00 3.659928e-05
2.344956e+07 2.372107e+07 4.766860e-01 4.766860e-01 4.766853e-01 0.000000e+00 3.412797e-05
2.372107e+07 2.399573e+07 4.702903e-01 4.702903e-01 4.702895e-01 0.000000e+00 3.182339e-05
2.399573e+07 2.427356e+07 4.639952e-01 4.639952e-01 4.639945e-01 0.000000e+00 2.983910e-05
2.427356e+07 2.455461e+07 4.578884e-01 4.578884e-01 4.578877e-01 0.000000e+00 2.814276e-05
2.455461e+07 2.483892e+07 4.514608e-01 4.514608e-01 4.514601e-01 0.000000e+00 2.654281e-05
2.483892e+07 2.512652e+07 4.459800e-01 4.459800e-01 4.459793e-01 0.000000e+00 2.503385e-05
2.512652e+07 2.541744e+07 4.390198e-01 4.390198e-01 4.390191e-01 0.000000e+00 2.342811e-05
2.541744e+07 2.571174e+07 4.339723e-01 4.339723e-01 4.339716e-01 0.000000e+00 2.191440e-05
2.571174e+07 2.600944e+07 4.325352e-01 4.325352e-01 4.325346e-01 0.000000e+00 2.049854e-05
2.600944e+07 2.631059e+07 4.322152e-01 4.322152e-01 4.322145e-01 0.000000e+00 1.918158e-05
2.631059e+07 2.661523e+07 4.318744e-01 4.318744e-01 4.318738e-01 0.000000e+00 1.795540e-05
2.661523e+07 2.692339e+07 4.315649e-01 4.315649e-01 4.315643e-01 0.000000e+00 1.680759e-05
2.692339e+07 2.723513e+07 4.312188e-01 4.312188e-01 4.312182e-01 0.000000e+00 1.574175e-05
2.723513e+07 2.755047e+07 4.309107e-01 4.309107e-01 4.309100e-01 0.000000e+00 1.476721e-05
2.755047e+07 2.786946e+07 4.305962e-01 4.305962e-01 4.305956e-01 0.000000e+00 1.385302e-05
2.786946e+07 2.819215e+07 4.302291e-01 4.302291e-01 4.302285e-01 0.000000e+00 1.299309e-05
2.819215e+07 2.851857e+07 4.299252e-01 4.299252e-01 4.299246e-01 0.000000e+00 1.216576e-05
2.851857e+07 2.884877e+07 4.270460e-01 4.270460e-01 4.270454e-01 0.000000e+00 1.139113e-05
2.884877e+07 2.918280e+07 4.162592e-01 4.162592e-01 4.162586e-01 0.000000e+00 1.067311e-05
2.918280e+07 2.952069e+07 4.044075e-01 4.044075e-01 4.044069e-01 0.000000e+00 1.013982e-05
2.952069e+07 2.986249e+07 3.968313e-01 3.968313e-01 3.968307e-01 0.000000e+00 9.633180e-06
2.986249e+07 3.020826e+07 3.874183e-01 3.874183e-01 3.874177e-01 0.000000e+00 9.084216e-06
3.020826e+07 3.055802e+07 3.874183e-01 3.874183e-01 3.874177e-01 0.000000e+00 8.577818e-06
3.055802e+07 3.091184e+07 3.874183e-01 3.874183e-01 3.874177e-01 0.000000e+00 8.099652e-06
3.091184e+07 3.126975e+07 3.440505e-01 3.440505e-01 3.440500e-01 0.000000e+00 7.648138e-06
3.126975e+07 3.163181e+07 3.407500e-01 3.407500e-01 3.407495e-01 0.000000e+00 7.221795e-06
3.163181e+07 3.199806e+07 3.407500e-01 3.407500e-01 3.407495e-01 0.000000e+00 6.819216e-06
3.199806e+07 3.236854e+07 3.407500e-01 3.407500e-01 3.407495e-01 0.000000e+00 6.439084e-06
3.236854e+07 3.274332e+07 3.407500e-01 3.407500e-01 3.407495e-01 0.000000e+00 6.080144e-06
3.274332e+07 3.312244e+07 3.407500e-01 3.407500e-01 3.407495e-01 0.000000e+00 5.741207e-06
3.312244e+07 3.350595e+07 3.407500e-01 3.407500e-01 3.407495e-01 0.000000e+00 5.421163e-06
3.350595e+07 3.389390e+07 3.629262e-01 3.629262e-01 3.629258e-01 0.000000e+00 5.118961e-06
3.389390e+07 3.428634e+07 3.899400e-01 3.899400e-01 3.899395e-01 0.000000e+00 4.833606e-06
3.428634e+07 3.468332e+07 3.899400e-01 3.899400e-01 3.899395e-01 0.000000e+00 4.564159e-06
3.468332e+07 3.508490e+07 3.899400e-01 3.899400e-01 3.899395e-01 0.000000e+00 4.309733e-06
3.508490e+07 3.549113e+07 3.899400e-01 3.899400e-01 3.899395e-01 0.000000e+00 4.069489e-06
3.549113e+07 3.590207e+07 3.899400e-01 3.899400e-01 3.899395e-01 0.000000e+00 3.842635e-06
3.590207e+07 3.631776e+07 3.899400e-01 3.899400e-01 3.899395e-01 0.000000e+00 3.628427e-06
3.631776e+07 3.673826e+07 3.899400e-01 3.899400e-01 3.899395e-01 0.000000e+00 3.426163e-06
3.673826e+07 3.716364e+07 3.899400e-01 3.899400e-01 3.899395e-01 0.000000e+00 3.235172e-06
3.716364e+07 3.759394e+07 3.899400e-01 3.899400e-01 3.899395e-01 0.000000e+00 3.054827e-06
3.759394e+07 3.802922e+07 3.757071e-01 3.757071e-01 3.757067e-01 0.000000e+00 2.884537e-06
3.802922e+07 3.846954e+07 3.747300e-01 3.747300e-01 3.747295e-01 0.000000e+00 2.723740e-06
3.846954e+07 3.891496e+07 3.747300e-01 3.747300e-01 3.747295e-01 0.000000e+00 2.571906e-06
3.891496e+07 3.936553e+07 3.747300e-01 3.747300e-01 3.747295e-01 0.000000e+00 2.428537e-06
3.936553e+07 3.982133e+07 3.747300e-01 3.747300e-01 3.747295e-01 0.000000e+00 2.293159e-06
3.982133e+07 4.028240e+07 3.747300e-01 3.747300e-01 3.747295e-01 0.000000e+00 2.165326e-06
4.028240e+07 4.074881e+07 3.747300e-01 3.747300e-01 3.747295e-01 0.000000e+00 2.044621e-06
4.074881e+07 4.122062e+07 3.747300e-01 3.747300e-01 3.747295e-01 0.000000e+00 1.930644e-06
4.122062e+07 4.169789e+07 3.747300e-01 3.747300e-01 3.747295e-01 0.000000e+00 1.823021e-06
4.169789e+07 4.218069e+07 3.677166e-01 3.677166e-01 3.677162e-01 0.000000e+00 1.721398e-06
4.218069e+07 4.266908e+07 3.581450e-01 3.581450e-01 3.581446e-01 0.000000e+00 1.625439e-06
4.266908e+07 4.316312e+07 3.581450e-01 3.581450e-01 3.581446e-01 0.000000e+00 1.534829e-06
4.316312e+07 4.366288e+07 3.581450e-01 3.581450e-01 3.581446e-01 0.000000e+00 1.449271e-06
4.366288e+07 4.416844e+07 3.581450e-01 3.581450e-01 3.581446e-01 0.000000e+00 1.368482e-06
4.416844e+07 4.467984e+07 3.581450e-01 3.581450e-01 3.581446e-01 0.000000e+00 1.292196e-06
4.467984e+07 4.519716e+07 3.581450e-01 3.581450e-01 3.581446e-01 0.000000e+00 1.220163e-06
4.519716e+07 4.572048e+07 3.581450e-01 3.581450e-01 3.581446e-01 0.000000e+00 1.152146e-06
4.572048e+07 4.624985e+07 3.581450e-01 3.581450e-01 3.581446e-01 0.000000e+00 1.087920e-06
4.624985e+07 4.678536e+07 3.581450e-01 3.581450e-01 3.581446e-01 0.000000e+00 1.027274e-06
4.678536e+07 4.732706e+07 3.202418e-01 3.202418e-01 3.202415e-01 0.000000e+00 9.700086e-07
4.732706e+07 4.787504e+07 3.164030e-01 3.164030e-01 3.164026e-01 0.000000e+00 9.159358e-07
4.787504e+07 4.842936e+07 3.164030e-01 3.164030e-01 3.164026e-01 0.000000e+00 8.648771e-07
4.842936e+07 4.899010e+07 3.164030e-01 3.164030e-01 3.164026e-01 0.000000e+00 8.166648e-07
4.899010e+07 4.955733e+07 3.164030e-01 3.164030e-01 3.164026e-01 0.000000e+00 7.711401e-07
4.955733e+07 5.013113e+07 3.164030e-01 3.164030e-01 3.164026e-01 0.000000e+00 7.281531e-07
5.013113e+07 5.071157e+07 3.164030e-01 3.164030e-01 3.164026e-01 0.000000e+00 6.875625e-07
5.071157e+07 5.129873e+07 3.164030e-01 3.164030e-01 3.164026e-01 0.000000e+00 6.492348e-07
5.129873e+07 5.189270e+07 3.164030e-01 3.164030e-01 3.164026e-01 0.000000e+00 6.130433e-07
5.189270e+07 5.249353e+07 3.181390e-01 3.181390e-01 3.181387e-01 0.000000e+00 5.788694e-07
5.249353e+07 5.310133e+07 3.207980e-01 3.207980e-01 3.207977e-01 0.000000e+00 5.466006e-07
5.310133e+07 5.371616e+07 3.207980e-01 3.207980e-01 3.207977e-01 0.000000e+00 5.161305e-07
5.371616e+07 5.433812e+07 3.207980e-01 3.207980e-01 3.207977e-01 0.000000e+00 4.873589e-07
5.433812e+07 5.496727e+07 3.207980e-01 3.207980e-01 3.207977e-01 0.000000e+00 4.601911e-07
5.496727e+07 5.560371e+07 3.207980e-01 3.207980e-01 3.207977e-01 0.000000e+00 4.345380e-07
5.560371e+07 5.624751e+07 3.207980e-01 3.207980e-01 3.207977e-01 0.000000e+00 4.103149e-07
5.624751e+07 5.689878e+07 3.207980e-01 3.207980e-01 3.207977e-01 0.000000e+00 3.874420e-07
5.689878e+07 5.755758e+07 3.207980e-01 3.207980e-01 3.207977e-01 0.000000e+00 3.658440e-07
5.755758e+07 5.822401e+07 3.207980e-01 3.207980e-01 3.207977e-01 0.000000e+00 3.454502e-07
5.822401e+07 5.889815e+07 2.892470e-01 2.892470e-01 2.892467e-01 0.000000e+00 3.261933e-07
5.889815e+07 5.958011e+07 2.849570e-01 2.849570e-01 2.849567e-01 0.000000e+00 3.080097e-07
5.958011e+07 6.026995e+07 2.849570e-01 2.849570e-01 2.849567e-01 0.000000e+00 2.908398e-07
6.026995e+07 6.096779e+07 2.849570e-01 2.849570e-01 2.849567e-01 0.000000e+00 2.746271e-07
6.096779e+07 6.167370e+07 2.849570e-01 2.849570e-01 2.849567e-01 0.000000e+00 2.593181e-07
6.167370e+07 6.238779e+07 2.849570e-01 2.849570e-01 2.849567e-01 0.000000e+00 2.448625e-07
6.238779e+07 6.311015e+07 2.849570e-01 2.849570e-01 2.849567e-01 0.000000e+00 2.312127e-07
6.311015e+07 6.384087e+07 2.849570e-01 2.849570e-01 2.849567e-01 0.000000e+00 2.183238e-07
6.384087e+07 6.458005e+07 2.849570e-01 2.849570e-01 2.849567e-01 0.000000e+00 2.061534e-07
6.458005e+07 6.532779e+07 2.777756e-01 2.777756e-01 2.777753e-01 0.000000e+00 1.946614e-07
6.532779e+07 6.608419e+07 2.653940e-01 2.653940e-01 2.653937e-01 0.000000e+00 1.838101e-07
6.608419e+07 6.684934e+07 2.653940e-01 2.653940e-01 2.653937e-01 0.000000e+00 1.735637e-07
6.684934e+07 6.762336e+07 2.653940e-01 2.653940e-01 2.653937e-01 0.000000e+00 1.638884e-07
6.762336e+07 6.840633e+07 2.653940e-01 2.653940e-01 2.653937e-01 0.000000e+00 1.547525e-07
6.840633e+07 6.919837e+07 2.653940e-01 2.653940e-01 2.653937e-01 0.000000e+00 1.461259e-07
6.919837e+07 6.999959e+07 2.653940e-01 2.653940e-01 2.653937e-01 0.000000e+00 1.379802e-07
6.999959e+07 7.081008e+07 2.653940e-01 2.653940e-01 2.653937e-01 0.000000e+00 1.302885e-07
7.081008e+07 7.162995e+07 2.653940e-01 2.653940e-01 2.653937e-01 0.000000e+00 1.230256e-07
7.162995e+07 7.245932e+07 2.653940e-01 2.653940e-01 2.653937e-01 0.000000e+00 1.161676e-07
7.245932e+07 7.329829e+07 2.358449e-01 2.358449e-01 2.358446e-01 0.000000e+00 1.096918e-07
7.329829e+07 7.414697e+07 2.307330e-01 2.307330e-01 2.307328e-01 0.000000e+00 1.035771e-07
7.414697e+07 7.500548e+07 2.307330e-01 2.307330e-01 2.307328e-01 0.000000e+00 9.780324e-08
7.500548e+07 7.587393e+07 2.307330e-01 2.307330e-01 2.307328e-01 0.000000e+00 9.235124e-08
7.587393e+07 7.675244e+07 2.307330e-01 2.307330e-01 2.307328e-01 0.000000e+00 8.720313e-08
7.675244e+07 7.764111e+07 2.307330e-01 2.307330e-01 2.307328e-01 0.000000e+00 8.234203e-08
7.764111e+07 7.854008e+07 2.307330e-01 2.307330e-01 2.307328e-01 0.000000e+00 7.775191e-08
7.854008e+07 7.944946e+07 2.307330e-01 2.307330e-01 2.307328e-01 0.000000e+00 7.341764e-08
7.944946e+07 8.036936e+07 2.307330e-01 2.307330e-01 2.307328e-01 0.000000e+00 6.932500e-08
8.036936e+07 8.129992e+07 2.230594e-01 2.230594e-01 2.230592e-01 0.000000e+00 6.546050e-08
8.129992e+07 8.224125e+07 2.081030e-01 2.081030e-01 2.081028e-01 0.000000e+00 6.181142e-08
8.224125e+07 8.319348e+07 2.081030e-01 2.081030e-01 2.081028e-01 0.000000e+00 5.836576e-08
8.319348e+07 8.415673e+07 2.081030e-01 2.081030e-01 2.081028e-01 0.000000e+00 5.511219e-08
8.415673e+07 8.513114e+07 2.081030e-01 2.081030e-01 2.081028e-01 0.000000e+00 5.203998e-08
8.513114e+07 8.611683e+07 2.081030e-01 2.081030e-01 2.081028e-01 0.000000e+00 4.913903e-08
8.611683e+07 8.711393e+07 2.081030e-01 2.081030e-01 2.081028e-01 0.000000e+00 4.639979e-08
8.711393e+07 8.812258e+07 2.081030e-01 2.081030e-01 2.081028e-01 0.000000e+00 4.381325e-08
8.812258e+07 8.914291e+07 2.081030e-01 2.081030e-01 2.081028e-01 0.000000e+00 4.137089e-08
8.914291e+07 9.017505e+07 2.081030e-01 2.081030e-01 2.081028e-01 0.000000e+00 3.906468e-08
9.017505e+07 9.121914e+07 1.823392e-01 1.823392e-01 1.823390e-01 0.000000e+00 3.688703e-08
9.121914e+07 9.227532e+07 1.768620e-01 1.768620e-01 1.768619e-01 0.000000e+00 3.483078e-08
9.227532e+07 9.334373e+07 1.768620e-01 1.768620e-01 1.768619e-01 0.000000e+00 3.288915e-08
9.334373e+07 9.442451e+07 1.768620e-01 1.768620e-01 1.768619e-01 0.000000e+00 3.105575e-08
9.442451e+07 9.551780e+07 1.768620e-01 1.768620e-01 1.768619e-01 0.000000e+00 2.932456e-08
9.551780e+07 9.662375e+07 1.768620e-01 1.768620e-01 1.768619e-01 0.000000e+00 2.768987e-08
9.662375e+07 9.774251e+07 1.768620e-01 1.768620e-01 1.768619e-01 0.000000e+00 2.614631e-08
9.774251e+07 9.887422e+07 1.768620e-01 1.768620e-01 1.768619e-01 0.000000e+00 2.468879e-08
9.887422e+07 1.000190e+08 1.768620e-01 1.768620e-01 1.768619e-01 0.000000e+00 2.331254e-08
1.000190e+08 1.011771e+08 1.656551e-01 1.656551e-01 1.656549e-01 0.000000e+00 2.201300e-08
1.011771e+08 1.023486e+08 1.408540e-01 1.408540e-01 1.408539e-01 0.000000e+00 2.078586e-08
1.023486e+08 1.035336e+08 1.408540e-01 1.408540e-01 1.408539e-01 0.000000e+00 1.962717e-08
1.035336e+08 1.047324e+08 1.408540e-01 1.408540e-01 1.408539e-01 0.000000e+00 1.853306e-08
1.047324e+08 1.059450e+08 1.408540e-01 1.408540e-01 1.408539e-01 0.000000e+00 1.749994e-08
1.059450e+08 1.071717e+08 1.408540e-01 1.408540e-01 1.408539e-01 0.000000e+00 1.652443e-08
1.071717e+08 1.084126e+08 1.408540e-01 1.408540e-01 1.408539e-01 0.000000e+00 1.560327e-08
1.084126e+08 1.096679e+08 1.408540e-01 1.408540e-01 1.408539e-01 0.000000e+00 1.473345e-08
1.096679e+08 1.109376e+08 1.408540e-01 1.408540e-01 1.408539e-01 0.000000e+00 1.391215e-08
1.109376e+08 1.122221e+08 1.408540e-01 1.408540e-01 1.408539e-01 0.000000e+00 1.313664e-08
1.122221e+08 1.135215e+08 1.207060e-01 1.207060e-01 1.207059e-01 0.000000e+00 1.240433e-08
1.135215e+08 1.148359e+08 1.155780e-01 1.155780e-01 1.155779e-01 0.000000e+00 1.171285e-08
1.148359e+08 1.161655e+08 1.155780e-01 1.155780e-01 1.155779e-01 0.000000e+00 1.105993e-08
1.161655e+08 1.175106e+08 1.155780e-01 1.155780e-01 1.155779e-01 0.000000e+00 1.044339e-08
1.175106e+08 1.188712e+08 1.155780e-01 1.155780e-01 1.155779e-01 0.000000e+00 9.861205e-09
1.188712e+08 1.202475e+08 1.155780e-01 1.155780e-01 1.155779e-01 0.000000e+00 9.311504e-09
1.202475e+08 1.216398e+08 1.155780e-01 1.155780e-01 1.155779e-01 0.000000e+00 8.792443e-09
1.216398e+08 1.230482e+08 1.155780e-01 1.155780e-01 1.155779e-01 0.000000e+00 8.302309e-09
1.230482e+08 1.244729e+08 1.155780e-01 1.155780e-01 1.155779e-01 0.000000e+00 7.839503e-09
1.244729e+08 1.259141e+08 1.086673e-01 1.086673e-01 1.086673e-01 0.000000e+00 7.402495e-09
1.259141e+08 1.273720e+08 9.118850e-02 9.118850e-02 9.118843e-02 0.000000e+00 6.989846e-09
1.273720e+08 1.288468e+08 9.118850e-02 9.118850e-02 9.118843e-02 0.000000e+00 6.600196e-09
1.288468e+08 1.303386e+08 9.118850e-02 9.118850e-02 9.118843e-02 0.000000e+00 6.232273e-09
1.303386e+08 1.318478e+08 9.118850e-02 9.118850e-02 9.118843e-02 0.000000e+00 5.884854e-09
1.318478e+08 1.333744e+08 9.118850e-02 9.118850e-02 9.118843e-02 0.000000e+00 5.556797e-09
1.333744e+08 1.349186e+08 9.118850e-02 9.118850e-02 9.118843e-02 0.000000e+00 5.247042e-09
1.349186e+08 1.364808e+08 9.118850e-02 9.118850e-02 9.118843e-02 0.000000e+00 4.954550e-09
1.364808e+08 1.380610e+08 9.118850e-02 9.118850e-02 9.118843e-02 0.000000e+00 4.678360e-09
1.380610e+08 1.396596e+08 9.118850e-02 9.118850e-02 9.118843e-02 0.000000e+00 4.417565e-09
1.396596e+08 1.412766e+08 7.651632e-02 7.651632e-02 7.651627e-02 0.000000e+00 4.171308e-09
1.412766e+08 1.429124e+08 7.211050e-02 7.211050e-02 7.211045e-02 0.000000e+00 3.938781e-09
1.429124e+08 1.445671e+08 7.211050e-02 7.211050e-02 7.211045e-02 0.000000e+00 3.719213e-09
1.445671e+08 1.462410e+08 7.211050e-02 7.211050e-02 7.211045e-02 0.000000e+00 3.511886e-09
1.462410e+08 1.479342e+08 7.211050e-02 7.211050e-02 7.211045e-02 0.000000e+00 3.316118e-09
1.479342e+08 1.496471e+08 7.211050e-02 7.211050e-02 7.211045e-02 0.000000e+00 3.131262e-09
1.496471e+08 1.513798e+08 7.211050e-02 7.211050e-02 7.211045e-02 0.000000e+00 2.956708e-09
1.513798e+08 1.531325e+08 7.211050e-02 7.211050e-02 7.211045e-02 0.000000e+00 2.791889e-09
1.531325e+08 1.549055e+08 7.211050e-02 7.211050e-02 7.211045e-02 0.000000e+00 2.636260e-09
1.549055e+08 1.566991e+08 6.861837e-02 6.861837e-02 6.861832e-02 0.000000e+00 2.489303e-09
1.566991e+08 1.585135e+08 5.842350e-02 5.842350e-02 5.842346e-02 0.000000e+00 2.350535e-09
1.585135e+08 1.603488e+08 5.842350e-02 5.842350e-02 5.842346e-02 0.000000e+00 2.219504e-09
1.603488e+08 1.622054e+08 5.842350e-02 5.842350e-02 5.842346e-02 0.000000e+00 2.095780e-09
1.622054e+08 1.640835e+08 5.842350e-02 5.842350e-02 5.842346e-02 0.000000e+00 1.978951e-09
1.640835e+08 1.659833e+08 5.842350e-02 5.842350e-02 5.842346e-02 0.000000e+00 1.868636e-09
1.659833e+08 1.679052e+08 5.842350e-02 5.842350e-02 5.842346e-02 0.000000e+00 1.764469e-09
1.679052e+08 1.698493e+08 5.842350e-02 5.842350e-02 5.842346e-02 0.000000e+00 1.666107e-09
1.698493e+08 1.718159e+08 5.842350e-02 5.842350e-02 5.842346e-02 0.000000e+00 1.573231e-09
1.718159e+08 1.738052e+08 5.842350e-02 5.842350e-02 5.842346e-02 0.000000e+00 1.485533e-09
1.738052e+08 1.758176e+08 4.757898e-02 4.757898e-02 4.757895e-02 0.000000e+00 1.402724e-09
1.758176e+08 1.778533e+08 4.379280e-02 4.379280e-02 4.379277e-02 0.000000e+00 1.324529e-09
1.778533e+08 1.799126e+08 4.379280e-02 4.379280e-02 4.379277e-02 0.000000e+00 1.250693e-09
1.799126e+08 1.819957e+08 4.379280e-02 4.379280e-02 4.379277e-02 0.000000e+00 1.180974e-09
1.819957e+08 1.841030e+08 4.379280e-02 4.379280e-02 4.379277e-02 0.000000e+00 1.115140e-09
1.841030e+08 1.862346e+08 4.379280e-02 4.379280e-02 4.379277e-02 0.000000e+00 1.052976e-09
1.862346e+08 1.883909e+08 4.379280e-02 4.379280e-02 4.379277e-02 0.000000e+00 9.942793e-10
1.883909e+08 1.905722e+08 4.379280e-02 4.379280e-02 4.379277e-02 0.000000e+00 9.388535e-10
1.905722e+08 1.927787e+08 4.379280e-02 4.379280e-02 4.379277e-02 0.000000e+00 8.865177e-10
1.927787e+08 1.950108e+08 4.035773e-02 4.035773e-02 4.035771e-02 0.000000e+00 8.370993e-10
1.950108e+08 1.972687e+08 2.866420e-02 2.866420e-02 2.866418e-02 0.000000e+00 7.904356e-10
1.972687e+08 1.995528e+08 2.866420e-02 2.866420e-02 2.866418e-02 0.000000e+00 7.463731e-10
1.995528e+08 2.018633e+08 2.866420e-02 2.866420e-02 2.866418e-02 0.000000e+00 7.047667e-10
2.018633e+08 2.042006e+08 2.866420e-02 2.866420e-02 2.866418e-02 0.000000e+00 6.654797e-10
2.042006e+08 2.065649e+08 2.866420e-02 2.866420e-02 2.866418e-02 0.000000e+00 6.283828e-10
2.065649e+08 2.089567e+08 2.866420e-02 2.866420e-02 2.866418e-02 0.000000e+00 5.933534e-10
2.089567e+08 2.113761e+08 2.866420e-02 2.866420e-02 2.866418e-02 0.000000e+00 5.602765e-10
2.113761e+08 2.138235e+08 2.866420e-02 2.866420e-02 2.866418e-02 0.000000e+00 5.290442e-10
2.138235e+08 2.162992e+08 2.866420e-02 2.866420e-02 2.866418e-02 0.000000e+00 4.995532e-10
2.162992e+08 2.188036e+08 2.179153e-02 2.179153e-02 2.179152e-02 0.000000e+00 4.717062e-10
2.188036e+08 2.213371e+08 1.902780e-02 1.902780e-02 1.902779e-02 0.000000e+00 4.454107e-10
2.213371e+08 2.238998e+08 1.902780e-02 1.902780e-02 1.902779e-02 0.000000e+00 4.205813e-10
2.238998e+08 2.264922e+08 1.902780e-02 1.902780e-02 1.902779e-02 0.000000e+00 3.971364e-10
2.264922e+08 2.291147e+08 1.902780e-02 1.902780e-02 1.902779e-02 0.000000e+00 3.749980e-10
2.291147e+08 2.317675e+08 1.902780e-02 1.902780e-02 1.902779e-02 0.000000e+00 3.540936e-10
2.317675e+08 2.344510e+08 1.902780e-02 1.902780e-02 1.902779e-02 0.000000e+00 3.343549e-10
2.344510e+08 2.371656e+08 1.902780e-02 1.902780e-02 1.902779e-02 0.000000e+00 3.157164e-10
2.371656e+08 2.399116e+08 1.902780e-02 1.902780e-02 1.902779e-02 0.000000e+00 2.981169e-10
2.399116e+08 2.426894e+08 1.792818e-02 1.792818e-02 1.792817e-02 0.000000e+00 2.814986e-10
2.426894e+08 2.454994e+08 1.350340e-02 1.350340e-02 1.350339e-02 0.000000e+00 2.658065e-10
2.454994e+08 2.483419e+08 1.350340e-02 1.350340e-02 1.350339e-02 0.000000e+00 2.509892e-10
2.483419e+08 2.512173e+08 1.350340e-02 1.350340e-02 1.350339e-02 0.000000e+00 2.369980e-10
2.512173e+08 2.541261e+08 1.350340e-02 1.350340e-02 1.350339e-02 0.000000e+00 2.237865e-10
2.541261e+08 2.570684e+08 1.350340e-02 1.350340e-02 1.350339e-02 0.000000e+00 2.113116e-10
2.570684e+08 2.600449e+08 1.350340e-02 1.350340e-02 1.350339e-02 0.000000e+00 1.995322e-10
2.600449e+08 2.630558e+08 1.350340e-02 1.350340e-02 1.350339e-02 0.000000e+00 1.884093e-10
2.630558e+08 2.661016e+08 1.350340e-02 1.350340e-02 1.350339e-02 0.000000e+00 1.779065e-10
2.661016e+08 2.691827e+08 1.350340e-02 1.350340e-02 1.350339e-02 0.000000e+00 1.679891e-10
2.691827e+08 2.722994e+08 1.117981e-02 1.117981e-02 1.117980e-02 0.000000e+00 1.586246e-10
2.722994e+08 2.754522e+08 1.011400e-02 1.011400e-02 1.011399e-02 0.000000e+00 1.497822e-10
2.754522e+08 2.786416e+08 1.011400e-02 1.011400e-02 1.011399e-02 0.000000e+00 1.414325e-10
2.786416e+08 2.818678e+08 1.011400e-02 1.011400e-02 1.011399e-02 0.000000e+00 1.335484e-10
2.818678e+08 2.851314e+08 1.011400e-02 1.011400e-02 1.011399e-02 0.000000e+00 1.261038e-10
2.851314e+08 2.884328e+08 1.011400e-02 1.011400e-02 1.011399e-02 0.000000e+00 1.190742e-10
2.884328e+08 2.917724e+08 1.011400e-02 1.011400e-02 1.011399e-02 0.000000e+00 1.124365e-10
2.917724e+08 2.951507e+08 1.011400e-02 1.011400e-02 1.011399e-02 0.000000e+00 1.061687e-10
2.951507e+08 2.985681e+08 1.011400e-02 1.011400e-02 1.011399e-02 0.000000e+00 1.002504e-10
2.985681e+08 3.020251e+08 8.984427e-03 8.984427e-03 8.984423e-03 0.000000e+00 9.466193e-11
3.020251e+08 3.055221e+08 3.515830e-03 3.515830e-03 3.515828e-03 0.000000e+00 8.938500e-11
3.055221e+08 3.090595e+08 3.515830e-03 3.515830e-03 3.515828e-03 0.000000e+00 8.440232e-11
3.090595e+08 3.126380e+08 3.515830e-03 3.515830e-03 3.515828e-03 0.000000e+00 7.969735e-11
3.126380e+08 3.162579e+08 3.515830e-03 3.515830e-03 3.515828e-03 0.000000e+00 7.525460e-11
3.162579e+08 3.199197e+08 3.515830e-03 3.515830e-03 3.515828e-03 0.000000e+00 7.105954e-11
3.199197e+08 3.236238e+08 3.515830e-03 3.515830e-03 3.515828e-03 0.000000e+00 6.709839e-11
3.236238e+08 3.273709e+08 3.515830e-03 3.515830e-03 3.515828e-03 0.000000e+00 6.335804e-11
3.273709e+08 3.311614e+08 3.515830e-03 3.515830e-03 3.515828e-03 0.000000e+00 5.982614e-11
3.311614e+08 3.349957e+08 3.515830e-03 3.515830e-03 3.515828e-03 0.000000e+00 5.649115e-11
3.349957e+08 3.388745e+08 2.884905e-03 2.884905e-03 2.884903e-03 0.000000e+00 5.334207e-11
3.388745e+08 3.427981e+08 2.556510e-03 2.556510e-03 2.556509e-03 0.000000e+00 5.036853e-11
3.427981e+08 3.467672e+08 2.556510e-03 2.556510e-03 2.556509e-03 0.000000e+00 4.756077e-11
3.467672e+08 3.507823e+08 2.556510e-03 2.556510e-03 2.556509e-03 0.000000e+00 4.490949e-11
3.507823e+08 3.548438e+08 2.556510e-03 2.556510e-03 2.556509e-03 0.000000e+00 4.240601e-11
3.548438e+08 3.589523e+08 2.556510e-03 2.556510e-03 2.556509e-03 0.000000e+00 4.004213e-11
3.589523e+08 3.631085e+08 2.556510e-03 2.556510e-03 2.556509e-03 0.000000e+00 3.780999e-11
3.631085e+08 3.673127e+08 2.556510e-03 2.556510e-03 2.556509e-03 0.000000e+00 3.570228e-11
3.673127e+08 3.715656e+08 2.556510e-03 2.556510e-03 2.556509e-03 0.000000e+00 3.371208e-11
3.715656e+08 3.758678e+08 2.387903e-03 2.387903e-03 2.387902e-03 0.000000e+00 3.183281e-11
3.758678e+08 3.802198e+08 1.378110e-03 1.378110e-03 1.378109e-03 0.000000e+00 3.005829e-11
3.802198e+08 3.846222e+08 1.378110e-03 1.378110e-03 1.378109e-03 0.000000e+00 2.838269e-11
3.846222e+08 3.890755e+08 1.378110e-03 1.378110e-03 1.378109e-03 0.000000e+00 2.680051e-11
3.890755e+08 3.935804e+08 1.378110e-03 1.378110e-03 1.378109e-03 0.000000e+00 2.530653e-11
3.935804e+08 3.981375e+08 1.378110e-03 1.378110e-03 1.378109e-03 0.000000e+00 2.389583e-11
3.981375e+08 4.027473e+08 1.378110e-03 1.378110e-03 1.378109e-03 0.000000e+00 2.256376e-11
4.027473e+08 4.074105e+08 1.378110e-03 1.378110e-03 1.378109e-03 0.000000e+00 2.130596e-11
4.074105e+08 4.121277e+08 1.378110e-03 1.378110e-03 1.378109e-03 0.000000e+00 2.011826e-11
4.121277e+08 4.168995e+08 1.378110e-03 1.378110e-03 1.378109e-03 0.000000e+00 1.899678e-11
4.168995e+08 4.217266e+08 8.977963e-04 8.977963e-04 8.977959e-04 0.000000e+00 1.793781e-11
4.217266e+08 4.266096e+08 6.154070e-04 6.154070e-04 6.154067e-04 0.000000e+00 1.693786e-11
4.266096e+08 4.315491e+08 6.154070e-04 6.154070e-04 6.154067e-04 0.000000e+00 1.599366e-11
4.315491e+08 4.365457e+08 6.154070e-04 6.154070e-04 6.154067e-04 0.000000e+00 1.510211e-11
4.365457e+08 4.416003e+08 6.154070e-04 6.154070e-04 6.154067e-04 0.000000e+00 1.426025e-11
4.416003e+08 4.467134e+08 6.154070e-04 6.154070e-04 6.154067e-04 0.000000e+00 1.346531e-11
4.467134e+08 4.518856e+08 6.154070e-04 6.154070e-04 6.154067e-04 0.000000e+00 1.271469e-11
4.518856e+08 4.571178e+08 6.154070e-04 6.154070e-04 6.154067e-04 0.000000e+00 1.200592e-11
4.571178e+08 4.624105e+08 6.154070e-04 6.154070e-04 6.154067e-04 0.000000e+00 1.133665e-11
4.624105e+08 4.677645e+08 5.939540e-04 5.939540e-04 5.939537e-04 0.000000e+00 1.070469e-11
4.677645e+08 4.731805e+08 4.289530e-04 4.289530e-04 4.289528e-04 0.000000e+00 1.010797e-11
4.731805e+08 4.786592e+08 4.289530e-04 4.289530e-04 4.289528e-04 0.000000e+00 9.544502e-12
4.786592e+08 4.842014e+08 4.289530e-04 4.289530e-04 4.289528e-04 0.000000e+00 9.012445e-12
4.842014e+08 4.898077e+08 4.289530e-04 4.289530e-04 4.289528e-04 0.000000e+00 8.510048e-12
4.898077e+08 4.954790e+08 4.289530e-04 4.289530e-04 4.289528e-04 0.000000e+00 8.035656e-12
4.954790e+08 5.012159e+08 4.289530e-04 4.289530e-04 4.289528e-04 0.000000e+00 7.587709e-12
5.012159e+08 5.070192e+08 4.289530e-04 4.289530e-04 4.289528e-04 0.000000e+00 7.164735e-12
5.070192e+08 5.128897e+08 4.289530e-04 4.289530e-04 4.289528e-04 0.000000e+00 6.765340e-12
5.128897e+08 5.188282e+08 4.289530e-04 4.289530e-04 4.289528e-04 0.000000e+00 6.388209e-12
5.188282e+08 5.248354e+08 2.700194e-04 2.700194e-04 2.700193e-04 0.000000e+00 6.032101e-12
5.248354e+08 5.309122e+08 1.648940e-04 1.648940e-04 1.648939e-04 0.000000e+00 5.695845e-12
5.309122e+08 5.370594e+08 1.648940e-04 1.648940e-04 1.648939e-04 0.000000e+00 5.378331e-12
5.370594e+08 5.432777e+08 1.648940e-04 1.648940e-04 1.648939e-04 0.000000e+00 5.078518e-12
5.432777e+08 5.495681e+08 1.648940e-04 1.648940e-04 1.648939e-04 0.000000e+00 4.795417e-12
5.495681e+08 5.559312e+08 1.648940e-04 1.648940e-04 1.648939e-04 0.000000e+00 4.528098e-12
5.559312e+08 5.623681e+08 1.648940e-04 1.648940e-04 1.648939e-04 0.000000e+00 4.275681e-12
5.623681e+08 5.688795e+08 1.648940e-04 1.648940e-04 1.648939e-04 0.000000e+00 4.037333e-12
5.688795e+08 5.754662e+08 1.648940e-04 1.648940e-04 1.648939e-04 0.000000e+00 3.812274e-12
5.754662e+08 5.821293e+08 1.648940e-04 1.648940e-04 1.648939e-04 0.000000e+00 3.599760e-12
5.821293e+08 5.888694e+08 1.648940e-04 1.648940e-04 1.648939e-04 0.000000e+00 3.399092e-12
5.888694e+08 5.956877e+08 1.648940e-04 1.648940e-04 1.648939e-04 0.000000e+00 3.209611e-12
5.956877e+08 6.025848e+08 1.648940e-04 1.648940e-04 1.648939e-04 0.000000e+00 3.030692e-12
6.025848e+08 6.095618e+08 1.648940e-04 1.648940e-04 1.648939e-04 0.000000e+00 2.861748e-12
6.095618e+08 6.166196e+08 1.648940e-04 1.648940e-04 1.648939e-04 0.000000e+00 2.702221e-12
6.166196e+08 6.237592e+08 1.342737e-04 1.342737e-04 1.342737e-04 0.000000e+00 2.551586e-12
6.237592e+08 6.309814e+08 1.323230e-04 1.323230e-04 1.323230e-04 0.000000e+00 2.409348e-12
6.309814e+08 6.382872e+08 1.323230e-04 1.323230e-04 1.323230e-04 0.000000e+00 2.275040e-12
6.382872e+08 6.456776e+08 1.323230e-04 1.323230e-04 1.323230e-04 0.000000e+00 2.148218e-12
6.456776e+08 6.531536e+08 1.323230e-04 1.323230e-04 1.323230e-04 0.000000e+00 2.028467e-12
6.531536e+08 6.607161e+08 1.323230e-04 1.323230e-04 1.323230e-04 0.000000e+00 1.915390e-12
6.607161e+08 6.683662e+08 1.323230e-04 1.323230e-04 1.323230e-04 0.000000e+00 1.808618e-12
6.683662e+08 6.761049e+08 1.323230e-04 1.323230e-04 1.323230e-04 0.000000e+00 1.707797e-12
6.761049e+08 6.839331e+08 1.323230e-04 1.323230e-04 1.323230e-04 0.000000e+00 1.612596e-12
6.839331e+08 6.918520e+08 1.323230e-04 1.323230e-04 1.323230e-04 0.000000e+00 1.522703e-12
6.918520e+08 6.998626e+08 1.323230e-04 1.323230e-04 1.323230e-04 0.000000e+00 1.437821e-12
6.998626e+08 7.079660e+08 1.323230e-04 1.323230e-04 1.323230e-04 0.000000e+00 1.357670e-12
7.079660e+08 7.161632e+08 1.323230e-04 1.323230e-04 1.323230e-04 0.000000e+00 1.281986e-12
7.161632e+08 7.244553e+08 1.323230e-04 1.323230e-04 1.323230e-04 0.000000e+00 1.210522e-12
7.244553e+08 7.328434e+08 1.323230e-04 1.323230e-04 1.323230e-04 0.000000e+00 1.143042e-12
7.328434e+08 7.413286e+08 1.323230e-04 1.323230e-04 1.323230e-04 0.000000e+00 1.079324e-12
7.413286e+08 7.499121e+08 1.323230e-04 1.323230e-04 1.323230e-04 0.000000e+00 1.019157e-12
7.499121e+08 7.585949e+08 1.323230e-04 1.323230e-04 1.323230e-04 0.000000e+00 9.623446e-13
7.585949e+08 7.673783e+08 1.323230e-04 1.323230e-04 1.323230e-04 0.000000e+00 9.086991e-13
7.673783e+08 7.762634e+08 4.398345e-05 4.398345e-05 4.398343e-05 0.000000e+00 8.580439e-13
7.762634e+08 7.852513e+08 3.549440e-05 3.549440e-05 3.549439e-05 0.000000e+00 8.102126e-13
7.852513e+08 7.943434e+08 3.549440e-05 3.549440e-05 3.549439e-05 0.000000e+00 7.650475e-13
7.943434e+08 8.035407e+08 3.549440e-05 3.549440e-05 3.549439e-05 0.000000e+00 7.224000e-13
8.035407e+08 8.128444e+08 3.549440e-05 3.549440e-05 3.549439e-05 0.000000e+00 6.821302e-13
8.128444e+08 8.222560e+08 3.549440e-05 3.549440e-05 3.549439e-05 0.000000e+00 6.441051e-13
8.222560e+08 8.317764e+08 3.549440e-05 3.549440e-05 3.549439e-05 0.000000e+00 6.081997e-13
8.317764e+08 8.414072e+08 3.549440e-05 3.549440e-05 3.549439e-05 0.000000e+00 5.742958e-13
8.414072e+08 8.511494e+08 3.549440e-05 3.549440e-05 3.549439e-05 0.000000e+00 5.422818e-13
8.511494e+08 8.610044e+08 3.549440e-05 3.549440e-05 3.549439e-05 0.000000e+00 5.120525e-13
8.610044e+08 8.709735e+08 3.549440e-05 3.549440e-05 3.549439e-05 0.000000e+00 4.835084e-13
8.709735e+08 8.810581e+08 3.549440e-05 3.549440e-05 3.549439e-05 0.000000e+00 4.565554e-13
8.810581e+08 8.912594e+08 3.549440e-05 3.549440e-05 3.549439e-05 0.000000e+00 4.311048e-13
8.912594e+08 9.015789e+08 3.537858e-05 3.537858e-05 3.537857e-05 0.000000e+00 4.070730e-13
9.015789e+08 9.120178e+08 3.174030e-05 3.174030e-05 3.174029e-05 0.000000e+00 3.843808e-13
9.120178e+08 9.225776e+08 3.174030e-05 3.174030e-05 3.174029e-05 0.000000e+00 3.629536e-13
9.225776e+08 9.332596e+08 3.174030e-05 3.174030e-05 3.174029e-05 0.000000e+00 3.427209e-13
9.332596e+08 9.440654e+08 3.174030e-05 3.174030e-05 3.174029e-05 0.000000e+00 3.236160e-13
9.440654e+08 9.549962e+08 3.174030e-05 3.174030e-05 3.174029e-05 0.000000e+00 3.055762e-13
9.549962e+08 9.660536e+08 3.174030e-05 3.174030e-05 3.174029e-05 0.000000e+00 2.885420e-13
9.660536e+08 9.772391e+08 3.033771e-05 3.033771e-05 3.033770e-05 0.000000e+00 2.724573e-13
9.772391e+08 9.885540e+08 2.371883e-05 2.371883e-05 2.371882e-05 0.000000e+00 2.572692e-13
9.885540e+08 1.000000e+09 2.371883e-05 2.371883e-05 2.371882e-05 0.000000e+00 2.429278e-13
