#reaction mode   : NG (MT=102)
#xs file used    : data/Au197.ng
#sample density   [g/cm3]: 19.3200
#sample diameter  [mm]   : 13.0
#sample thickness [mm]   : 2.0e-02
#target precision        : 0.50%
#total grid points       : 9458
#########################################################################################################
#Energy (eV)      Weighted Prim   Weighted Multi  F_ms        Uncertainty   Rel Err   Histories 
#########################################################################################################
1.000000e-05      446.76          0.00            1.00000     0.00000       0.00  %   10000     
1.364106e-05      397.73          1.48            1.00373     0.00061       0.06  %   10000     
1.859726e-05      352.35          1.21            1.00342     0.00059       0.06  %   10000     
1.905180e-05      349.64          1.09            1.00312     0.00056       0.06  %   10000     
2.536863e-05      310.67          0.59            1.00191     0.00044       0.04  %   10000     
2.660871e-05      305.71          1.23            1.00403     0.00064       0.06  %   10000     
3.458580e-05      272.91          0.82            1.00302     0.00055       0.05  %   10000     
3.716308e-05      266.07          0.78            1.00292     0.00054       0.05  %   10000     
4.717869e-05      238.85          0.77            1.00322     0.00057       0.06  %   10000     
5.190385e-05      230.60          0.37            1.00161     0.00040       0.04  %   10000     
6.432010e-05      208.47          0.38            1.00181     0.00043       0.04  %   10000     
7.422108e-05      197.15          0.34            1.00171     0.00042       0.04  %   10000     
8.773944e-05      181.42          0.46            1.00252     0.00050       0.05  %   10000     
1.061945e-04      167.70          0.36            1.00212     0.00046       0.05  %   10000     
1.196178e-04      157.57          0.27            1.00172     0.00042       0.04  %   10000     
1.555668e-04      140.26          0.25            1.00182     0.00043       0.04  %   10000     
1.631713e-04      136.56          0.19            1.00141     0.00038       0.04  %   10000     
2.224562e-04      118.17          0.24            1.00202     0.00045       0.05  %   10000     
2.390333e-04      114.90          0.22            1.00192     0.00044       0.04  %   10000     
3.034539e-04      102.09          0.14            1.00142     0.00038       0.04  %   10000     
3.852360e-04      91.74           0.13            1.00142     0.00038       0.04  %   10000     
4.137076e-04      88.11           0.20            1.00223     0.00047       0.05  %   10000     
5.643410e-04      75.94           0.20            1.00264     0.00052       0.05  %   10000     
6.993406e-04      69.02           0.12            1.00173     0.00042       0.04  %   10000     
7.693827e-04      65.41           0.12            1.00183     0.00043       0.04  %   10000     
1.049519e-03      56.28           0.13            1.00224     0.00048       0.05  %   10000     
1.430841e-03      48.40           0.08            1.00174     0.00042       0.04  %   10000     
1.574146e-03      46.54           0.11            1.00235     0.00049       0.05  %   10000     
1.951818e-03      41.60           0.08            1.00195     0.00045       0.04  %   10000     
2.660971e-03      35.75           0.10            1.00278     0.00053       0.05  %   10000     
3.629847e-03      30.70           0.08            1.00258     0.00052       0.05  %   10000     
4.948677e-03      26.37           0.07            1.00249     0.00051       0.05  %   10000     
5.989582e-03      24.21           0.06            1.00229     0.00049       0.05  %   10000     
6.750520e-03      22.64           0.03            1.00136     0.00038       0.04  %   10000     
9.203183e-03      19.44           0.05            1.00263     0.00053       0.05  %   10000     
1.255412e-02      16.69           0.04            1.00223     0.00049       0.05  %   10000     
1.711540e-02      14.33           0.04            1.00257     0.00052       0.05  %   10000     
2.334721e-02      12.31           0.02            1.00184     0.00045       0.04  %   10000     
2.518637e-02      11.86           0.02            1.00206     0.00047       0.05  %   10000     
2.530000e-02      11.84           0.04            1.00325     0.00059       0.06  %   10000     
3.451188e-02      10.18           0.02            1.00231     0.00050       0.05  %   10000     
4.705106e-02      8.76            0.03            1.00301     0.00058       0.06  %   10000     
6.418263e-02      7.56            0.01            1.00170     0.00044       0.04  %   10000     
8.750207e-02      6.53            0.02            1.00288     0.00058       0.06  %   10000     
1.222098e-01      5.60            0.02            1.00341     0.00063       0.06  %   10000     
1.706845e-01      4.83            0.01            1.00301     0.00060       0.06  %   10000     
2.383867e-01      4.20            0.01            1.00283     0.00059       0.06  %   10000     
3.329430e-01      3.69            0.01            1.00341     0.00065       0.07  %   10000     
4.650051e-01      3.29            0.00            1.00142     0.00043       0.04  %   10000     
6.653232e-01      3.00            0.01            1.00353     0.00068       0.07  %   10000     
9.513938e-01      2.85            0.01            1.00236     0.00056       0.06  %   10000     
1.040963e+00      2.85            0.01            1.00223     0.00054       0.05  %   10000     
1.419984e+00      2.96            0.01            1.00269     0.00059       0.06  %   10000     
1.570782e+00      3.09            0.01            1.00240     0.00055       0.05  %   10000     
1.802675e+00      3.29            0.01            1.00223     0.00052       0.05  %   10000     
2.129795e+00      3.75            0.01            1.00155     0.00043       0.04  %   10000     
2.457641e+00      4.45            0.01            1.00265     0.00055       0.06  %   10000     
2.736826e+00      5.35            0.01            1.00145     0.00040       0.04  %   10000     
2.974580e+00      6.44            0.01            1.00175     0.00044       0.04  %   10000     
3.064020e+00      7.03            0.02            1.00216     0.00048       0.05  %   10000     
3.196242e+00      7.91            0.01            1.00150     0.00040       0.04  %   10000     
3.312369e+00      9.01            0.01            1.00149     0.00040       0.04  %   10000     
3.392474e+00      9.77            0.02            1.00169     0.00042       0.04  %   10000     
3.497253e+00      11.18           0.02            1.00189     0.00045       0.04  %   10000     
3.558307e+00      12.01           0.03            1.00241     0.00050       0.05  %   10000     
3.625469e+00      13.29           0.03            1.00251     0.00051       0.05  %   10000     
3.710247e+00      14.90           0.03            1.00188     0.00044       0.04  %   10000     
3.757863e+00      16.15           0.03            1.00177     0.00043       0.04  %   10000     
3.822391e+00      17.84           0.03            1.00146     0.00039       0.04  %   10000     
3.847518e+00      18.74           0.03            1.00135     0.00038       0.04  %   10000     
3.929802e+00      21.69           0.05            1.00208     0.00047       0.05  %   10000     
3.937761e+00      21.98           0.05            1.00229     0.00049       0.05  %   10000     
4.012085e+00      25.71           0.03            1.00104     0.00033       0.03  %   10000     
4.045542e+00      27.39           0.08            1.00293     0.00055       0.06  %   10000     
4.086062e+00      30.20           0.06            1.00209     0.00047       0.05  %   10000     
4.130249e+00      33.26           0.12            1.00367     0.00062       0.06  %   10000     
4.153352e+00      35.41           0.13            1.00356     0.00061       0.06  %   10000     
4.201255e+00      39.85           0.14            1.00347     0.00060       0.06  %   10000     
4.211082e+00      41.10           0.09            1.00221     0.00048       0.05  %   10000     
4.265626e+00      48.00           0.18            1.00369     0.00062       0.06  %   10000     
4.279262e+00      49.72           0.29            1.00580     0.00078       0.08  %   10000     
4.321022e+00      57.15           0.31            1.00549     0.00076       0.08  %   10000     
4.348294e+00      61.96           0.35            1.00561     0.00077       0.08  %   10000     
4.368748e+00      67.03           0.51            1.00763     0.00090       0.09  %   10000     
4.408037e+00      76.67           0.60            1.00787     0.00091       0.09  %   10000     
4.415622e+00      79.28           0.58            1.00734     0.00088       0.09  %   10000     
4.456530e+00      93.19           0.96            1.01035     0.00105       0.10  %   10000     
4.462496e+00      95.20           0.91            1.00951     0.00100       0.10  %   10000     
4.495648e+00      110.51          1.20            1.01082     0.00107       0.11  %   10000     
4.505620e+00      115.05          1.39            1.01212     0.00113       0.11  %   10000     
4.532892e+00      131.89          1.76            1.01333     0.00119       0.12  %   10000     
4.546528e+00      140.15          2.14            1.01530     0.00127       0.13  %   10000     
4.566982e+00      156.84          2.60            1.01661     0.00133       0.13  %   10000     
4.580618e+00      167.74          3.14            1.01870     0.00141       0.14  %   10000     
4.597663e+00      186.08          3.64            1.01958     0.00144       0.14  %   10000     
4.614708e+00      203.92          4.07            1.01997     0.00146       0.14  %   10000     
4.624935e+00      218.54          4.29            1.01964     0.00145       0.14  %   10000     
4.645389e+00      246.76          5.94            1.02406     0.00160       0.16  %   10000     
4.650502e+00      256.27          5.89            1.02297     0.00156       0.15  %   10000     
4.671638e+00      293.94          8.51            1.02894     0.00175       0.17  %   10000     
4.675047e+00      302.03          8.08            1.02675     0.00169       0.16  %   10000     
4.696183e+00      349.56          10.72           1.03067     0.00181       0.18  %   10000     
4.697887e+00      354.68          12.00           1.03384     0.00189       0.18  %   10000     
4.716978e+00      408.49          14.08           1.03446     0.00191       0.19  %   10000     
4.719705e+00      415.65          15.44           1.03714     0.00199       0.19  %   10000     
4.735045e+00      469.00          18.98           1.04047     0.00207       0.20  %   10000     
4.741522e+00      489.40          20.50           1.04189     0.00211       0.20  %   10000     
4.754136e+00      540.71          22.95           1.04245     0.00212       0.20  %   10000     
4.762317e+00      569.90          26.84           1.04710     0.00223       0.21  %   10000     
4.772203e+00      613.70          28.69           1.04676     0.00222       0.21  %   10000     
4.781408e+00      648.28          33.99           1.05244     0.00235       0.22  %   10000     
4.790612e+00      688.74          40.83           1.05928     0.00249       0.24  %   10000     
4.801521e+00      726.88          45.41           1.06248     0.00256       0.24  %   10000     
4.810725e+00      761.49          46.87           1.06156     0.00254       0.24  %   10000     
4.826066e+00      802.12          56.89           1.07093     0.00272       0.25  %   10000     
4.839702e+00      829.64          61.14           1.07370     0.00277       0.26  %   10000     
4.863431e+00      858.75          71.09           1.08279     0.00293       0.27  %   10000     
4.867658e+00      860.57          74.70           1.08681     0.00300       0.28  %   10000     
4.877349e+00      865.77          75.67           1.08740     0.00300       0.28  %   10000     
4.881978e+00      865.64          79.66           1.09203     0.00308       0.28  %   10000     
4.895906e+00      868.75          83.25           1.09583     0.00314       0.29  %   10000     
4.899406e+00      868.18          83.27           1.09591     0.00314       0.29  %   10000     
4.901993e+00      866.71          79.82           1.09210     0.00308       0.28  %   10000     
4.902832e+00      866.39          83.51           1.09639     0.00315       0.29  %   10000     
4.919675e+00      862.82          85.53           1.09913     0.00319       0.29  %   10000     
4.924005e+00      859.00          83.18           1.09684     0.00316       0.29  %   10000     
4.940608e+00      847.07          86.30           1.10188     0.00323       0.29  %   10000     
4.945381e+00      840.87          88.82           1.10563     0.00329       0.30  %   10000     
4.989698e+00      739.15          84.13           1.11382     0.00341       0.31  %   10000     
4.993788e+00      726.80          79.87           1.10990     0.00336       0.30  %   10000     
5.010152e+00      662.50          71.21           1.10749     0.00333       0.30  %   10000     
5.016288e+00      640.70          64.72           1.10101     0.00324       0.29  %   10000     
5.030606e+00      578.67          57.92           1.10009     0.00323       0.29  %   10000     
5.037764e+00      552.50          62.15           1.11249     0.00341       0.31  %   10000     
5.049014e+00      505.46          54.13           1.10709     0.00334       0.30  %   10000     
5.059241e+00      470.46          49.33           1.10486     0.00331       0.30  %   10000     
5.068105e+00      436.85          44.52           1.10191     0.00327       0.30  %   10000     
5.081059e+00      397.85          37.48           1.09421     0.00316       0.29  %   10000     
5.088218e+00      374.52          33.49           1.08942     0.00309       0.28  %   10000     
5.104240e+00      333.77          28.80           1.08629     0.00304       0.28  %   10000     
5.109694e+00      319.00          25.97           1.08140     0.00297       0.27  %   10000     
5.131512e+00      274.00          20.51           1.07486     0.00286       0.27  %   10000     
5.135603e+00      265.10          18.80           1.07093     0.00279       0.26  %   10000     
5.158784e+00      227.55          16.19           1.07116     0.00280       0.26  %   10000     
5.162875e+00      220.65          14.57           1.06602     0.00270       0.25  %   10000     
5.190147e+00      185.81          12.31           1.06624     0.00271       0.25  %   10000     
5.192874e+00      183.19          11.20           1.06115     0.00261       0.25  %   10000     
5.224237e+00      152.19          8.46            1.05556     0.00251       0.24  %   10000     
5.233782e+00      145.13          7.39            1.05093     0.00241       0.23  %   10000     
5.258327e+00      126.59          6.12            1.04831     0.00235       0.22  %   10000     
5.281508e+00      113.65          5.50            1.04838     0.00236       0.22  %   10000     
5.302090e+00      101.93          4.13            1.04053     0.00217       0.21  %   10000     
5.333495e+00      88.88           3.92            1.04408     0.00227       0.22  %   10000     
5.346066e+00      83.58           3.07            1.03675     0.00208       0.20  %   10000     
5.394005e+00      68.56           2.19            1.03194     0.00195       0.19  %   10000     
5.396562e+00      67.97           1.95            1.02862     0.00185       0.18  %   10000     
5.448549e+00      55.81           1.75            1.03135     0.00195       0.19  %   10000     
5.462185e+00      53.46           1.49            1.02789     0.00184       0.18  %   10000     
5.508207e+00      45.48           1.25            1.02751     0.00184       0.18  %   10000     
5.547410e+00      40.49           1.10            1.02715     0.00184       0.18  %   10000     
5.576386e+00      36.77           0.90            1.02435     0.00175       0.17  %   10000     
5.649680e+00      29.94           0.69            1.02304     0.00172       0.17  %   10000     
5.653381e+00      29.59           0.63            1.02138     0.00166       0.16  %   10000     
5.733605e+00      24.11           0.44            1.01838     0.00155       0.15  %   10000     
5.770482e+00      22.27           0.42            1.01901     0.00158       0.16  %   10000     
5.830225e+00      19.28           0.33            1.01707     0.00152       0.15  %   10000     
5.909818e+00      16.37           0.29            1.01792     0.00157       0.15  %   10000     
5.927720e+00      15.71           0.30            1.01917     0.00163       0.16  %   10000     
6.040601e+00      12.67           0.22            1.01704     0.00156       0.15  %   10000     
6.088945e+00      11.72           0.19            1.01588     0.00151       0.15  %   10000     
6.163683e+00      10.25           0.12            1.01166     0.00132       0.13  %   10000     
6.271379e+00      8.71            0.12            1.01366     0.00144       0.14  %   10000     
6.308124e+00      8.18            0.11            1.01339     0.00144       0.14  %   10000     
6.473476e+00      6.49            0.07            1.01144     0.00136       0.13  %   10000     
6.491848e+00      6.35            0.08            1.01230     0.00142       0.14  %   10000     
6.645570e+00      5.22            0.06            1.01226     0.00145       0.14  %   10000     
6.806035e+00      4.37            0.06            1.01263     0.00150       0.15  %   10000     
6.846151e+00      4.15            0.04            1.00972     0.00133       0.13  %   10000     
7.054576e+00      3.35            0.03            1.00943     0.00136       0.13  %   10000     
7.222886e+00      2.87            0.02            1.00659     0.00116       0.12  %   10000     
7.267020e+00      2.74            0.02            1.00839     0.00132       0.13  %   10000     
7.531824e+00      2.19            0.02            1.00801     0.00135       0.13  %   10000     
7.759538e+00      1.85            0.01            1.00806     0.00140       0.14  %   10000     
7.805434e+00      1.78            0.01            1.00697     0.00132       0.13  %   10000     
8.137259e+00      1.41            0.01            1.00555     0.00124       0.12  %   10000     
8.475729e+00      1.14            0.01            1.00522     0.00126       0.13  %   10000     
8.523839e+00      1.12            0.01            1.00496     0.00124       0.12  %   10000     
8.857163e+00      0.92            0.01            1.00795     0.00166       0.16  %   10000     
9.313102e+00      0.73            0.00            1.00512     0.00142       0.14  %   10000     
9.534235e+00      0.67            0.00            1.00540     0.00150       0.15  %   10000     
9.755369e+00      0.60            0.00            1.00668     0.00172       0.17  %   10000     
1.030173e+01      0.48            0.00            1.00722     0.00193       0.19  %   10000     
1.083945e+01      0.39            0.00            1.00588     0.00186       0.18  %   10000     
1.126876e+01      0.35            0.00            1.00577     0.00192       0.19  %   10000     
1.154419e+01      0.31            0.00            1.00689     0.00218       0.22  %   10000     
1.224346e+01      0.26            0.00            1.00481     0.00196       0.20  %   10000     
1.299947e+01      0.21            0.00            1.00556     0.00227       0.23  %   10000     
1.393178e+01      0.17            0.00            1.00866     0.00306       0.30  %   10000     
1.488453e+01      0.14            0.00            1.00758     0.00309       0.31  %   10000     
1.601373e+01      0.12            0.00            1.00148     0.00148       0.15  %   10000     
1.727951e+01      0.10            0.00            1.00516     0.00298       0.30  %   10000     
1.875946e+01      0.08            0.00            1.00397     0.00281       0.28  %   10000     
1.898060e+01      0.08            0.00            1.00202     0.00202       0.20  %   10000     
2.049656e+01      0.07            0.00            1.00694     0.00401       0.40  %   10000     
2.260979e+01      0.06            0.00            1.00268     0.00268       0.27  %   10000     
2.500435e+01      0.05            0.00            1.00606     0.00303       0.30  %   20000     
2.796521e+01      0.04            0.00            1.00334     0.00334       0.33  %   10000     
2.985815e+01      0.04            0.00            1.00000     0.00000       0.00  %   10000     
3.058792e+01      0.04            0.00            1.00876     0.00392       0.39  %   20000     
3.411028e+01      0.04            0.00            1.00000     0.00000       0.00  %   10000     
3.508225e+01      0.04            0.00            1.00700     0.00495       0.49  %   10000     
3.851516e+01      0.04            0.00            1.00000     0.00000       0.00  %   10000     
4.076396e+01      0.04            0.00            1.00732     0.00327       0.33  %   20000     
4.261297e+01      0.05            0.00            1.00261     0.00261       0.26  %   10000     
4.392817e+01      0.05            0.00            1.00000     0.00000       0.00  %   10000     
4.435728e+01      0.05            0.00            1.00000     0.00000       0.00  %   10000     
4.478640e+01      0.06            0.00            1.00000     0.00000       0.00  %   10000     
4.523519e+01      0.06            0.00            1.00373     0.00264       0.26  %   10000     
4.557179e+01      0.07            0.00            1.00165     0.00165       0.16  %   10000     
4.576326e+01      0.08            0.00            1.00147     0.00147       0.15  %   10000     
4.588218e+01      0.09            0.00            1.00133     0.00133       0.13  %   10000     
4.600109e+01      0.10            0.00            1.00116     0.00116       0.12  %   10000     
4.608061e+01      0.11            0.00            1.00411     0.00205       0.20  %   10000     
4.614422e+01      0.13            0.00            1.00000     0.00000       0.00  %   10000     
4.619988e+01      0.15            0.00            1.00467     0.00190       0.19  %   10000     
4.623963e+01      0.18            0.00            1.00137     0.00097       0.10  %   10000     
4.627303e+01      0.21            0.00            1.00120     0.00085       0.08  %   10000     
4.630801e+01      0.25            0.00            1.00102     0.00072       0.07  %   10000     
4.633823e+01      0.31            0.00            1.00175     0.00088       0.09  %   10000     
4.635095e+01      0.34            0.00            1.00122     0.00070       0.07  %   10000     
4.637003e+01      0.39            0.00            1.00110     0.00064       0.06  %   10000     
4.639866e+01      0.49            0.00            1.00031     0.00031       0.03  %   10000     
4.643046e+01      0.64            0.00            1.00053     0.00037       0.04  %   10000     
4.646545e+01      0.85            0.00            1.00022     0.00022       0.02  %   10000     
4.649725e+01      1.09            0.00            1.00097     0.00044       0.04  %   10000     
4.651252e+01      1.21            0.00            1.00074     0.00037       0.04  %   10000     
4.659012e+01      1.86            0.00            1.00125     0.00044       0.04  %   10000     
4.662066e+01      2.04            0.00            1.00061     0.00030       0.03  %   10000     
4.665628e+01      2.16            0.00            1.00134     0.00045       0.04  %   10000     
4.666870e+01      2.17            0.00            1.00015     0.00015       0.01  %   10000     
4.670844e+01      2.08            0.00            1.00136     0.00045       0.05  %   10000     
4.675424e+01      1.81            0.00            1.00064     0.00032       0.03  %   10000     
4.683057e+01      1.17            0.00            1.00347     0.00082       0.08  %   10000     
4.685474e+01      0.97            0.00            1.00148     0.00056       0.06  %   10000     
4.689164e+01      0.73            0.00            1.00500     0.00112       0.11  %   10000     
4.692344e+01      0.56            0.00            1.00649     0.00138       0.14  %   10000     
4.695524e+01      0.43            0.00            1.00387     0.00117       0.12  %   10000     
4.698705e+01      0.34            0.00            1.00586     0.00157       0.16  %   10000     
4.701886e+01      0.28            0.00            1.01036     0.00226       0.22  %   10000     
4.705364e+01      0.23            0.00            1.01042     0.00245       0.24  %   10000     
4.708843e+01      0.19            0.00            1.01857     0.00350       0.34  %   10000     
4.713017e+01      0.16            0.00            1.01592     0.00347       0.34  %   10000     
4.717788e+01      0.14            0.00            1.02655     0.00476       0.46  %   10000     
4.724149e+01      0.12            0.00            1.02229     0.00464       0.45  %   10000     
4.732100e+01      0.11            0.00            1.01518     0.00405       0.40  %   10000     
4.743818e+01      0.10            0.00            1.02238     0.00368       0.36  %   20000     
4.758047e+01      0.09            0.00            1.02620     0.00414       0.40  %   20000     
4.776581e+01      0.08            0.00            1.01245     0.00415       0.41  %   10000     
4.795115e+01      0.08            0.00            1.00567     0.00283       0.28  %   10000     
4.802529e+01      0.08            0.00            1.00283     0.00200       0.20  %   10000     
4.832184e+01      0.08            0.00            1.00285     0.00201       0.20  %   10000     
4.895635e+01      0.08            0.00            1.00673     0.00301       0.30  %   10000     
5.001679e+01      0.09            0.00            1.00231     0.00163       0.16  %   10000     
5.113043e+01      0.11            0.00            1.00000     0.00000       0.00  %   10000     
5.208800e+01      0.13            0.00            1.00077     0.00077       0.08  %   10000     
5.300969e+01      0.16            0.00            1.00183     0.00106       0.11  %   10000     
5.375354e+01      0.20            0.00            1.00099     0.00070       0.07  %   10000     
5.433074e+01      0.24            0.00            1.00333     0.00118       0.12  %   10000     
5.444913e+01      0.25            0.00            1.00321     0.00113       0.11  %   10000     
5.505787e+01      0.30            0.00            1.00194     0.00079       0.08  %   10000     
5.555067e+01      0.37            0.00            1.00081     0.00047       0.05  %   10000     
5.569329e+01      0.40            0.00            1.00102     0.00051       0.05  %   10000     
5.600158e+01      0.46            0.00            1.00113     0.00050       0.05  %   10000     
5.633977e+01      0.55            0.00            1.00098     0.00044       0.04  %   10000     
5.656294e+01      0.64            0.00            1.00143     0.00051       0.05  %   10000     
5.663525e+01      0.67            0.00            1.00139     0.00049       0.05  %   10000     
5.689110e+01      0.81            0.00            1.00093     0.00038       0.04  %   10000     
5.708161e+01      0.97            0.00            1.00085     0.00035       0.03  %   10000     
5.709629e+01      0.98            0.00            1.00169     0.00049       0.05  %   10000     
5.723667e+01      1.15            0.00            1.00040     0.00023       0.02  %   10000     
5.734743e+01      1.34            0.00            1.00075     0.00031       0.03  %   10000     
5.736376e+01      1.38            0.00            1.00124     0.00039       0.04  %   10000     
5.745039e+01      1.61            0.00            1.00119     0.00038       0.04  %   10000     
5.752371e+01      1.90            0.00            1.00011     0.00011       0.01  %   10000     
5.753837e+01      1.99            0.00            1.00057     0.00025       0.03  %   10000     
5.758237e+01      2.26            0.00            1.00044     0.00022       0.02  %   10000     
5.762636e+01      2.66            0.00            1.00011     0.00011       0.01  %   10000     
5.766639e+01      3.21            0.00            1.00011     0.00011       0.01  %   10000     
5.768501e+01      3.57            0.00            1.00011     0.00011       0.01  %   10000     
5.769975e+01      3.86            0.00            1.00021     0.00015       0.01  %   10000     
5.772974e+01      4.68            0.00            1.00010     0.00010       0.01  %   10000     
5.773311e+01      4.78            0.00            1.00000     0.00000       0.00  %   10000     
5.773868e+01      4.99            0.00            1.00021     0.00015       0.01  %   10000     
5.776244e+01      5.89            0.00            1.00010     0.00010       0.01  %   10000     
5.776830e+01      6.18            0.00            1.00000     0.00000       0.00  %   10000     
5.779176e+01      7.36            0.00            1.00031     0.00018       0.02  %   10000     
5.779763e+01      7.75            0.00            1.00010     0.00010       0.01  %   10000     
5.782109e+01      9.31            0.00            1.00000     0.00000       0.00  %   10000     
5.782696e+01      9.70            0.00            1.00021     0.00015       0.01  %   10000     
5.784455e+01      11.21           0.00            1.00000     0.00000       0.00  %   10000     
5.786215e+01      12.71           0.00            1.00031     0.00018       0.02  %   10000     
5.787095e+01      13.65           0.00            1.00031     0.00018       0.02  %   10000     
5.789734e+01      16.46           0.01            1.00031     0.00018       0.02  %   10000     
5.791494e+01      18.33           0.01            1.00062     0.00025       0.03  %   10000     
5.793019e+01      20.04           0.00            1.00021     0.00015       0.01  %   10000     
5.797711e+01      25.27           0.01            1.00031     0.00018       0.02  %   10000     
5.799354e+01      27.09           0.01            1.00052     0.00023       0.02  %   10000     
5.804046e+01      30.57           0.02            1.00052     0.00023       0.02  %   10000     
5.805688e+01      30.98           0.02            1.00063     0.00026       0.03  %   10000     
5.807875e+01      31.52           0.01            1.00042     0.00021       0.02  %   10000     
5.809794e+01      31.17           0.03            1.00095     0.00032       0.03  %   10000     
5.810572e+01      31.03           0.03            1.00084     0.00030       0.03  %   10000     
5.814487e+01      28.61           0.05            1.00170     0.00042       0.04  %   10000     
5.815190e+01      28.17           0.03            1.00096     0.00032       0.03  %   10000     
5.815660e+01      27.69           0.04            1.00128     0.00037       0.04  %   10000     
5.820352e+01      22.81           0.04            1.00161     0.00042       0.04  %   10000     
5.821760e+01      21.34           0.05            1.00216     0.00048       0.05  %   10000     
5.827391e+01      15.23           0.04            1.00275     0.00055       0.05  %   10000     
5.828212e+01      14.34           0.04            1.00298     0.00057       0.06  %   10000     
5.832318e+01      10.76           0.03            1.00315     0.00059       0.06  %   10000     
5.835837e+01      8.43            0.02            1.00263     0.00055       0.05  %   10000     
5.836776e+01      7.97            0.03            1.00333     0.00062       0.06  %   10000     
5.839319e+01      6.74            0.03            1.00479     0.00075       0.07  %   10000     
5.842207e+01      5.73            0.04            1.00616     0.00085       0.08  %   10000     
5.843184e+01      5.49            0.03            1.00582     0.00083       0.08  %   10000     
5.845664e+01      4.88            0.03            1.00710     0.00092       0.09  %   10000     
5.848859e+01      4.35            0.02            1.00548     0.00081       0.08  %   10000     
5.849738e+01      4.26            0.03            1.00646     0.00088       0.09  %   10000     
5.853258e+01      3.91            0.03            1.00739     0.00095       0.09  %   10000     
5.858537e+01      3.64            0.02            1.00570     0.00084       0.08  %   10000     
5.859123e+01      3.62            0.02            1.00670     0.00091       0.09  %   10000     
5.864989e+01      3.55            0.02            1.00633     0.00088       0.09  %   10000     
5.867921e+01      3.51            0.02            1.00710     0.00094       0.09  %   10000     
5.875547e+01      3.61            0.03            1.00820     0.00101       0.10  %   10000     
5.877129e+01      3.64            0.03            1.00821     0.00101       0.10  %   10000     
5.887876e+01      3.98            0.03            1.00695     0.00093       0.09  %   10000     
5.888914e+01      4.01            0.02            1.00583     0.00085       0.08  %   10000     
5.900205e+01      4.61            0.03            1.00745     0.00096       0.10  %   10000     
5.902663e+01      4.73            0.03            1.00734     0.00095       0.09  %   10000     
5.910068e+01      5.32            0.05            1.00971     0.00110       0.11  %   10000     
5.915769e+01      5.77            0.04            1.00652     0.00090       0.09  %   10000     
5.919466e+01      6.20            0.04            1.00602     0.00087       0.09  %   10000     
5.926909e+01      7.04            0.04            1.00596     0.00087       0.09  %   10000     
5.928398e+01      7.28            0.04            1.00557     0.00084       0.08  %   10000     
5.935882e+01      8.47            0.05            1.00576     0.00086       0.09  %   10000     
5.936460e+01      8.56            0.05            1.00590     0.00087       0.09  %   10000     
5.942923e+01      10.00           0.04            1.00414     0.00073       0.07  %   10000     
5.946011e+01      10.69           0.05            1.00496     0.00080       0.08  %   10000     
5.949784e+01      11.86           0.05            1.00419     0.00074       0.07  %   10000     
5.953439e+01      12.99           0.06            1.00423     0.00075       0.07  %   10000     
5.955562e+01      13.90           0.08            1.00609     0.00090       0.09  %   10000     
5.960868e+01      16.18           0.07            1.00430     0.00076       0.08  %   10000     
5.961339e+01      16.47           0.11            1.00645     0.00093       0.09  %   10000     
5.966197e+01      19.42           0.14            1.00720     0.00099       0.10  %   10000     
5.967294e+01      20.08           0.12            1.00615     0.00091       0.09  %   10000     
5.970902e+01      23.12           0.18            1.00770     0.00103       0.10  %   10000     
5.972482e+01      24.45           0.20            1.00819     0.00106       0.11  %   10000     
5.975277e+01      27.68           0.20            1.00738     0.00101       0.10  %   10000     
5.977258e+01      29.96           0.23            1.00774     0.00104       0.10  %   10000     
5.979050e+01      32.81           0.30            1.00915     0.00113       0.11  %   10000     
5.981502e+01      36.68           0.38            1.01041     0.00121       0.12  %   10000     
5.982823e+01      39.58           0.42            1.01055     0.00122       0.12  %   10000     
5.985747e+01      45.95           0.52            1.01127     0.00127       0.13  %   10000     
5.986124e+01      47.09           0.63            1.01343     0.00139       0.14  %   10000     
5.989426e+01      56.94           0.80            1.01403     0.00143       0.14  %   10000     
5.989520e+01      57.21           0.85            1.01492     0.00147       0.14  %   10000     
5.992728e+01      70.09           1.13            1.01609     0.00153       0.15  %   10000     
5.993294e+01      72.32           1.05            1.01454     0.00146       0.14  %   10000     
5.995935e+01      86.37           1.42            1.01640     0.00155       0.15  %   10000     
5.997067e+01      92.23           1.57            1.01700     0.00159       0.16  %   10000     
5.999331e+01      107.66          1.72            1.01596     0.00154       0.15  %   10000     
6.000887e+01      117.92          2.75            1.02328     0.00187       0.18  %   10000     
6.002915e+01      135.08          3.25            1.02402     0.00190       0.19  %   10000     
6.005368e+01      154.85          3.58            1.02309     0.00187       0.18  %   10000     
6.006877e+01      169.91          4.44            1.02612     0.00199       0.19  %   10000     
6.011594e+01      213.39          7.15            1.03353     0.00226       0.22  %   10000     
6.013103e+01      226.94          7.88            1.03470     0.00230       0.22  %   10000     
6.020083e+01      283.86          12.59           1.04435     0.00261       0.25  %   10000     
6.020649e+01      286.51          13.33           1.04654     0.00267       0.26  %   10000     
6.024763e+01      306.28          16.66           1.05441     0.00289       0.27  %   10000     
6.029098e+01      313.00          18.12           1.05788     0.00299       0.28  %   10000     
6.029572e+01      311.87          16.41           1.05261     0.00286       0.27  %   10000     
6.033665e+01      304.40          20.09           1.06601     0.00319       0.30  %   10000     
6.034044e+01      302.33          21.42           1.07086     0.00331       0.31  %   10000     
6.038383e+01      280.08          20.79           1.07424     0.00339       0.32  %   10000     
6.039138e+01      274.09          20.43           1.07454     0.00340       0.32  %   10000     
6.051873e+01      161.71          18.50           1.11439     0.00423       0.38  %   10000     
6.053099e+01      151.78          15.93           1.10498     0.00406       0.37  %   10000     
6.056400e+01      123.57          14.73           1.11920     0.00434       0.39  %   10000     
6.057627e+01      115.22          12.66           1.10984     0.00417       0.38  %   10000     
6.060221e+01      96.88           11.85           1.12228     0.00442       0.39  %   10000     
6.061872e+01      87.85           10.30           1.11730     0.00434       0.39  %   10000     
6.063947e+01      76.16           9.32            1.12238     0.00446       0.40  %   10000     
6.066116e+01      67.00           8.13            1.12141     0.00445       0.40  %   10000     
6.067720e+01      60.08           7.99            1.13299     0.00467       0.41  %   10000     
6.070361e+01      51.69           7.01            1.13552     0.00473       0.42  %   10000     
6.071493e+01      48.03           6.64            1.13816     0.00480       0.42  %   10000     
6.074606e+01      40.65           5.57            1.13704     0.00480       0.42  %   10000     
6.075266e+01      39.07           5.82            1.14900     0.00501       0.44  %   10000     
6.079323e+01      31.98           4.88            1.15266     0.00511       0.44  %   10000     
6.079511e+01      31.64           4.86            1.15373     0.00513       0.44  %   10000     
6.084116e+01      25.78           4.28            1.16597     0.00538       0.46  %   10000     
6.085059e+01      24.91           3.95            1.15860     0.00527       0.45  %   10000     
6.089103e+01      21.15           3.66            1.17288     0.00554       0.47  %   10000     
6.091179e+01      19.75           3.26            1.16492     0.00543       0.47  %   10000     
6.094922e+01      17.21           3.00            1.17426     0.00564       0.48  %   10000     
6.098318e+01      15.56           2.89            1.18545     0.00582       0.49  %   10000     
6.101891e+01      13.82           2.64            1.19113     0.00423       0.35  %   20000     
6.107433e+01      11.89           2.23            1.18728     0.00422       0.36  %   20000     
6.109320e+01      11.23           2.20            1.19630     0.00435       0.36  %   20000     
6.116866e+01      9.34            1.94            1.20755     0.00452       0.37  %   20000     
6.118281e+01      8.98            1.77            1.19710     0.00444       0.37  %   20000     
6.127714e+01      7.29            1.47            1.20179     0.00458       0.38  %   20000     
6.128657e+01      7.16            1.47            1.20538     0.00462       0.38  %   20000     
6.139114e+01      5.81            1.17            1.20080     0.00469       0.39  %   20000     
6.143294e+01      5.42            0.96            1.17781     0.00446       0.38  %   20000     
6.150811e+01      4.72            0.77            1.16269     0.00437       0.38  %   20000     
6.158905e+01      4.18            0.58            1.13938     0.00411       0.36  %   20000     
6.165048e+01      3.77            0.46            1.12104     0.00554       0.49  %   10000     
6.179720e+01      3.07            0.26            1.08327     0.00475       0.44  %   10000     
6.180732e+01      3.02            0.24            1.07872     0.00464       0.43  %   10000     
6.197985e+01      2.43            0.13            1.05417     0.00400       0.38  %   10000     
6.201425e+01      2.34            0.12            1.05184     0.00393       0.37  %   10000     
6.217853e+01      1.94            0.08            1.03905     0.00354       0.34  %   10000     
6.230364e+01      1.72            0.05            1.03033     0.00318       0.31  %   10000     
6.239889e+01      1.56            0.05            1.03458     0.00348       0.34  %   10000     
6.262336e+01      1.27            0.03            1.02713     0.00321       0.31  %   10000     
6.267488e+01      1.22            0.03            1.02396     0.00303       0.30  %   10000     
6.289591e+01      1.02            0.02            1.01942     0.00286       0.28  %   10000     
6.317303e+01      0.83            0.02            1.01888     0.00294       0.29  %   10000     
6.317646e+01      0.83            0.02            1.01983     0.00302       0.30  %   10000     
6.350417e+01      0.67            0.01            1.00824     0.00206       0.20  %   10000     
6.364520e+01      0.62            0.01            1.01172     0.00250       0.25  %   10000     
6.388146e+01      0.54            0.00            1.00812     0.00217       0.22  %   10000     
6.427686e+01      0.44            0.01            1.01169     0.00275       0.27  %   10000     
6.436255e+01      0.42            0.01            1.01322     0.00295       0.29  %   10000     
6.473378e+01      0.36            0.00            1.00886     0.00256       0.25  %   10000     
6.509807e+01      0.31            0.00            1.01445     0.00340       0.34  %   10000     
6.525598e+01      0.29            0.00            1.00675     0.00239       0.24  %   10000     
6.577576e+01      0.24            0.00            1.00768     0.00272       0.27  %   10000     
6.642302e+01      0.19            0.00            1.00770     0.00291       0.29  %   10000     
6.660149e+01      0.18            0.00            1.00452     0.00226       0.22  %   10000     
6.718789e+01      0.16            0.00            1.00512     0.00256       0.25  %   10000     
6.796160e+01      0.13            0.00            1.00730     0.00326       0.32  %   10000     
6.860480e+01      0.11            0.00            1.00635     0.00317       0.32  %   10000     
6.882833e+01      0.11            0.00            1.00989     0.00404       0.40  %   10000     
6.962666e+01      0.10            0.00            1.00729     0.00364       0.36  %   10000     
7.065767e+01      0.08            0.00            1.00199     0.00199       0.20  %   10000     
7.167481e+01      0.08            0.00            1.00000     0.00000       0.00  %   10000     
7.195534e+01      0.08            0.00            1.00829     0.00414       0.41  %   10000     
7.234827e+01      0.08            0.00            1.00207     0.00207       0.21  %   10000     
7.316163e+01      0.08            0.00            1.00198     0.00198       0.20  %   10000     
7.371869e+01      0.08            0.00            1.00558     0.00322       0.32  %   10000     
7.429059e+01      0.09            0.00            1.00336     0.00238       0.24  %   10000     
7.484811e+01      0.10            0.00            1.00000     0.00000       0.00  %   10000     
7.532337e+01      0.12            0.00            1.00370     0.00213       0.21  %   10000     
7.566284e+01      0.14            0.00            1.00212     0.00150       0.15  %   10000     
7.600497e+01      0.17            0.00            1.00263     0.00152       0.15  %   10000     
7.630434e+01      0.20            0.00            1.00216     0.00125       0.12  %   10000     
7.652936e+01      0.24            0.00            1.00122     0.00086       0.09  %   10000     
7.674199e+01      0.30            0.00            1.00204     0.00102       0.10  %   10000     
7.687120e+01      0.35            0.00            1.00225     0.00100       0.10  %   10000     
7.693826e+01      0.37            0.00            1.00127     0.00073       0.07  %   10000     
7.710649e+01      0.46            0.00            1.00389     0.00117       0.12  %   10000     
7.725350e+01      0.57            0.00            1.00090     0.00052       0.05  %   10000     
7.737099e+01      0.69            0.00            1.00235     0.00078       0.08  %   10000     
7.747728e+01      0.84            0.00            1.00207     0.00069       0.07  %   10000     
7.749779e+01      0.89            0.00            1.00156     0.00059       0.06  %   10000     
7.758169e+01      1.06            0.00            1.00121     0.00049       0.05  %   10000     
7.766457e+01      1.29            0.00            1.00163     0.00054       0.05  %   10000     
7.774389e+01      1.60            0.00            1.00115     0.00043       0.04  %   10000     
7.780558e+01      1.94            0.00            1.00107     0.00040       0.04  %   10000     
7.785845e+01      2.34            0.00            1.00100     0.00038       0.04  %   10000     
7.791133e+01      2.90            0.00            1.00081     0.00033       0.03  %   10000     
7.795715e+01      3.60            0.00            1.00090     0.00034       0.03  %   10000     
7.796420e+01      3.74            0.00            1.00089     0.00034       0.03  %   10000     
7.799240e+01      4.33            0.00            1.00087     0.00033       0.03  %   10000     
7.802536e+01      5.26            0.00            1.00061     0.00027       0.03  %   10000     
7.802765e+01      5.33            0.01            1.00109     0.00036       0.04  %   10000     
7.806114e+01      6.61            0.01            1.00095     0.00033       0.03  %   10000     
7.807259e+01      7.21            0.01            1.00070     0.00029       0.03  %   10000     
7.809507e+01      8.38            0.01            1.00093     0.00033       0.03  %   10000     
7.810802e+01      9.30            0.01            1.00058     0.00026       0.03  %   10000     
7.812987e+01      10.84           0.01            1.00057     0.00026       0.03  %   10000     
7.814327e+01      12.11           0.01            1.00091     0.00032       0.03  %   10000     
7.816513e+01      14.17           0.01            1.00068     0.00028       0.03  %   10000     
7.817852e+01      15.81           0.02            1.00102     0.00034       0.03  %   10000     
7.820037e+01      18.49           0.01            1.00045     0.00023       0.02  %   10000     
7.821377e+01      20.60           0.01            1.00068     0.00028       0.03  %   10000     
7.824268e+01      25.12           0.02            1.00068     0.00028       0.03  %   10000     
7.825254e+01      27.06           0.02            1.00056     0.00025       0.03  %   10000     
7.829837e+01      36.00           0.04            1.00113     0.00036       0.04  %   10000     
7.829978e+01      36.28           0.08            1.00215     0.00049       0.05  %   10000     
7.839848e+01      56.84           0.12            1.00217     0.00050       0.05  %   10000     
7.843232e+01      61.99           0.14            1.00229     0.00051       0.05  %   10000     
7.843796e+01      62.85           0.14            1.00229     0.00051       0.05  %   10000     
7.847462e+01      65.64           0.23            1.00358     0.00064       0.06  %   10000     
7.848640e+01      66.54           0.17            1.00254     0.00054       0.05  %   10000     
7.849986e+01      66.72           0.25            1.00381     0.00066       0.07  %   10000     
7.852051e+01      65.97           0.25            1.00372     0.00066       0.07  %   10000     
7.853331e+01      65.52           0.27            1.00407     0.00069       0.07  %   10000     
7.853775e+01      65.05           0.31            1.00477     0.00074       0.07  %   10000     
7.857191e+01      61.42           0.33            1.00539     0.00079       0.08  %   10000     
7.857755e+01      60.42           0.38            1.00622     0.00085       0.08  %   10000     
7.862831e+01      51.38           0.29            1.00558     0.00081       0.08  %   10000     
7.863254e+01      50.62           0.34            1.00678     0.00090       0.09  %   10000     
7.872842e+01      30.35           0.26            1.00840     0.00102       0.10  %   10000     
7.877424e+01      22.17           0.22            1.00990     0.00112       0.11  %   10000     
7.878341e+01      20.87           0.23            1.01084     0.00117       0.12  %   10000     
7.881302e+01      16.65           0.22            1.01323     0.00131       0.13  %   10000     
7.883840e+01      13.84           0.17            1.01203     0.00126       0.12  %   10000     
7.884862e+01      12.71           0.19            1.01504     0.00142       0.14  %   10000     
7.888141e+01      9.92            0.17            1.01702     0.00154       0.15  %   10000     
7.889427e+01      9.09            0.11            1.01253     0.00133       0.13  %   10000     
7.891313e+01      7.88            0.15            1.01950     0.00168       0.16  %   10000     
7.894693e+01      6.24            0.14            1.02302     0.00187       0.18  %   10000     
7.894768e+01      6.22            0.16            1.02565     0.00197       0.19  %   10000     
7.897975e+01      5.07            0.11            1.02150     0.00185       0.18  %   10000     
7.901817e+01      4.07            0.12            1.02920     0.00221       0.22  %   10000     
7.901914e+01      4.04            0.12            1.03029     0.00226       0.22  %   10000     
7.905607e+01      3.35            0.11            1.03430     0.00247       0.24  %   10000     
7.908867e+01      2.91            0.11            1.03636     0.00260       0.25  %   10000     
7.910366e+01      2.71            0.11            1.04186     0.00282       0.27  %   10000     
7.915918e+01      2.18            0.11            1.05259     0.00329       0.31  %   10000     
7.919442e+01      1.94            0.10            1.04886     0.00324       0.31  %   10000     
7.922086e+01      1.77            0.09            1.05150     0.00340       0.32  %   10000     
7.929136e+01      1.43            0.08            1.05921     0.00383       0.36  %   10000     
7.935365e+01      1.22            0.08            1.06863     0.00427       0.40  %   10000     
7.936581e+01      1.18            0.08            1.07162     0.00440       0.41  %   10000     
7.945769e+01      0.95            0.08            1.08462     0.00507       0.47  %   10000     
7.955491e+01      0.78            0.08            1.09661     0.00405       0.37  %   20000     
7.959303e+01      0.73            0.08            1.10856     0.00437       0.39  %   20000     
7.967414e+01      0.63            0.08            1.12321     0.00489       0.44  %   20000     
7.980666e+01      0.51            0.07            1.14288     0.00565       0.49  %   20000     
7.996132e+01      0.41            0.06            1.14472     0.00501       0.44  %   30000     
8.000670e+01      0.39            0.05            1.13391     0.00491       0.43  %   30000     
8.012988e+01      0.33            0.04            1.11306     0.00480       0.43  %   30000     
8.032160e+01      0.27            0.02            1.06895     0.00500       0.47  %   20000     
8.054755e+01      0.21            0.01            1.02517     0.00467       0.46  %   10000     
8.079516e+01      0.17            0.00            1.01427     0.00381       0.38  %   10000     
8.086591e+01      0.17            0.00            1.01162     0.00350       0.35  %   10000     
8.105309e+01      0.14            0.00            1.01786     0.00461       0.45  %   10000     
8.137287e+01      0.12            0.00            1.00990     0.00374       0.37  %   10000     
8.173835e+01      0.10            0.00            1.00837     0.00374       0.37  %   10000     
8.214956e+01      0.08            0.00            1.00589     0.00340       0.34  %   10000     
8.228663e+01      0.08            0.00            1.01024     0.00458       0.45  %   10000     
8.256078e+01      0.07            0.00            1.00792     0.00299       0.30  %   20000     
8.310169e+01      0.06            0.00            1.00532     0.00376       0.37  %   10000     
8.376861e+01      0.05            0.00            1.00313     0.00313       0.31  %   10000     
8.455542e+01      0.04            0.00            1.00365     0.00365       0.36  %   10000     
8.553014e+01      0.03            0.00            1.00000     0.00000       0.00  %   10000     
8.585142e+01      0.03            0.00            1.00000     0.00000       0.00  %   10000     
8.670315e+01      0.03            0.00            1.00731     0.00422       0.42  %   20000     
8.816725e+01      0.02            0.00            1.00000     0.00000       0.00  %   10000     
8.947969e+01      0.02            0.00            1.00000     0.00000       0.00  %   10000     
9.098661e+01      0.02            0.00            1.00000     0.00000       0.00  %   10000     
9.353201e+01      0.02            0.00            1.00700     0.00495       0.49  %   20000     
9.542628e+01      0.02            0.00            1.00703     0.00497       0.49  %   20000     
9.690296e+01      0.02            0.00            1.00000     0.00000       0.00  %   10000     
9.855195e+01      0.02            0.00            1.00000     0.00000       0.00  %   10000     
9.969409e+01      0.02            0.00            1.00000     0.00000       0.00  %   10000     
1.006887e+02      0.02            0.00            1.00255     0.00255       0.25  %   20000     
1.016261e+02      0.03            0.00            1.00000     0.00000       0.00  %   10000     
1.022728e+02      0.03            0.00            1.00376     0.00376       0.37  %   10000     
1.025961e+02      0.04            0.00            1.00682     0.00482       0.48  %   10000     
1.028806e+02      0.04            0.00            1.00000     0.00000       0.00  %   10000     
1.033784e+02      0.05            0.00            1.00000     0.00000       0.00  %   10000     
1.037839e+02      0.06            0.00            1.00000     0.00000       0.00  %   10000     
1.041331e+02      0.07            0.00            1.00541     0.00312       0.31  %   10000     
1.044323e+02      0.08            0.00            1.00151     0.00151       0.15  %   10000     
1.047085e+02      0.10            0.00            1.00125     0.00125       0.12  %   10000     
1.048502e+02      0.11            0.00            1.00333     0.00192       0.19  %   10000     
1.049555e+02      0.12            0.00            1.00409     0.00205       0.20  %   10000     
1.051696e+02      0.14            0.00            1.00084     0.00084       0.08  %   10000     
1.053643e+02      0.18            0.00            1.00276     0.00138       0.14  %   10000     
1.055445e+02      0.22            0.00            1.00000     0.00000       0.00  %   10000     
1.056551e+02      0.26            0.00            1.00098     0.00070       0.07  %   10000     
1.057006e+02      0.28            0.00            1.00093     0.00066       0.07  %   10000     
1.058293e+02      0.34            0.00            1.00078     0.00055       0.06  %   10000     
1.059383e+02      0.41            0.00            1.00100     0.00058       0.06  %   10000     
1.060288e+02      0.50            0.00            1.00029     0.00029       0.03  %   10000     
1.060473e+02      0.52            0.00            1.00169     0.00069       0.07  %   10000     
1.061321e+02      0.63            0.00            1.00147     0.00060       0.06  %   10000     
1.062048e+02      0.76            0.00            1.00108     0.00048       0.05  %   10000     
1.062738e+02      0.94            0.00            1.00058     0.00033       0.03  %   10000     
1.063310e+02      1.14            0.00            1.00087     0.00039       0.04  %   10000     
1.063457e+02      1.22            0.00            1.00034     0.00024       0.02  %   10000     
1.063801e+02      1.39            0.00            1.00032     0.00023       0.02  %   10000     
1.064210e+02      1.67            0.00            1.00044     0.00026       0.03  %   10000     
1.064618e+02      2.06            0.00            1.00055     0.00028       0.03  %   10000     
1.065027e+02      2.60            0.00            1.00052     0.00026       0.03  %   10000     
1.065093e+02      2.72            0.00            1.00038     0.00022       0.02  %   10000     
1.065354e+02      3.20            0.00            1.00037     0.00021       0.02  %   10000     
1.065420e+02      3.36            0.00            1.00037     0.00021       0.02  %   10000     
1.065682e+02      3.99            0.00            1.00012     0.00012       0.01  %   10000     
1.066009e+02      5.02            0.00            1.00012     0.00012       0.01  %   10000     
1.066074e+02      5.30            0.00            1.00023     0.00016       0.02  %   10000     
1.066389e+02      6.61            0.00            1.00056     0.00025       0.03  %   10000     
1.066614e+02      7.84            0.00            1.00044     0.00022       0.02  %   10000     
1.066749e+02      8.57            0.00            1.00011     0.00011       0.01  %   10000     
1.067055e+02      10.72           0.00            1.00011     0.00011       0.01  %   10000     
1.067186e+02      11.64           0.00            1.00011     0.00011       0.01  %   10000     
1.067513e+02      14.54           0.01            1.00043     0.00022       0.02  %   10000     
1.067709e+02      16.28           0.00            1.00022     0.00015       0.02  %   10000     
1.067932e+02      18.64           0.00            1.00022     0.00015       0.02  %   10000     
1.068501e+02      24.66           0.01            1.00032     0.00019       0.02  %   10000     
1.069149e+02      31.45           0.01            1.00043     0.00022       0.02  %   10000     
1.069724e+02      35.78           0.03            1.00087     0.00031       0.03  %   10000     
1.069986e+02      36.56           0.02            1.00044     0.00022       0.02  %   10000     
1.070279e+02      37.43           0.05            1.00131     0.00038       0.04  %   10000     
1.070322e+02      37.44           0.02            1.00055     0.00024       0.02  %   10000     
1.070522e+02      36.96           0.04            1.00099     0.00033       0.03  %   10000     
1.070836e+02      36.20           0.05            1.00132     0.00038       0.04  %   10000     
1.071176e+02      33.96           0.04            1.00122     0.00037       0.04  %   10000     
1.071307e+02      33.09           0.04            1.00123     0.00037       0.04  %   10000     
1.071830e+02      27.86           0.06            1.00227     0.00051       0.05  %   10000     
1.072144e+02      24.71           0.04            1.00160     0.00043       0.04  %   10000     
1.072746e+02      18.33           0.05            1.00283     0.00058       0.06  %   10000     
1.072969e+02      15.97           0.05            1.00312     0.00061       0.06  %   10000     
1.073492e+02      11.39           0.07            1.00576     0.00085       0.08  %   10000     
1.073902e+02      8.56            0.06            1.00654     0.00092       0.09  %   10000     
1.074055e+02      7.73            0.05            1.00585     0.00088       0.09  %   10000     
1.074273e+02      6.55            0.05            1.00769     0.00103       0.10  %   10000     
1.074611e+02      5.13            0.05            1.00927     0.00116       0.11  %   10000     
1.074791e+02      4.55            0.04            1.00804     0.00109       0.11  %   10000     
1.074938e+02      4.07            0.05            1.01275     0.00139       0.14  %   10000     
1.075265e+02      3.26            0.04            1.01329     0.00147       0.15  %   10000     
1.075608e+02      2.62            0.04            1.01637     0.00169       0.17  %   10000     
1.075723e+02      2.46            0.04            1.01743     0.00176       0.17  %   10000     
1.075935e+02      2.17            0.04            1.01833     0.00185       0.18  %   10000     
1.076344e+02      1.75            0.03            1.02003     0.00202       0.20  %   10000     
1.076704e+02      1.48            0.04            1.02460     0.00232       0.23  %   10000     
1.076753e+02      1.44            0.04            1.02985     0.00257       0.25  %   10000     
1.077244e+02      1.18            0.04            1.03504     0.00293       0.28  %   10000     
1.077816e+02      0.96            0.03            1.03515     0.00310       0.30  %   10000     
1.078502e+02      0.78            0.04            1.04999     0.00391       0.37  %   10000     
1.078790e+02      0.73            0.03            1.03714     0.00344       0.33  %   10000     
1.079219e+02      0.64            0.04            1.05922     0.00450       0.43  %   10000     
1.080056e+02      0.53            0.03            1.06495     0.00503       0.47  %   10000     
1.081047e+02      0.43            0.03            1.07817     0.00418       0.39  %   20000     
1.081125e+02      0.42            0.03            1.07700     0.00417       0.39  %   20000     
1.082204e+02      0.35            0.03            1.08655     0.00475       0.44  %   20000     
1.083474e+02      0.28            0.03            1.11079     0.00474       0.43  %   30000     
1.084782e+02      0.23            0.03            1.13327     0.00557       0.49  %   30000     
1.085024e+02      0.22            0.03            1.13460     0.00493       0.43  %   40000     
1.086762e+02      0.18            0.03            1.16261     0.00531       0.46  %   50000     
1.088689e+02      0.15            0.03            1.19608     0.00581       0.49  %   60000     
1.090709e+02      0.12            0.02            1.19354     0.00582       0.49  %   70000     
1.093174e+02      0.10            0.01            1.11904     0.00541       0.48  %   60000     
1.094070e+02      0.09            0.01            1.08852     0.00525       0.48  %   50000     
1.095713e+02      0.08            0.00            1.04383     0.00505       0.48  %   30000     
1.098696e+02      0.07            0.00            1.01671     0.00417       0.41  %   20000     
1.102104e+02      0.05            0.00            1.00992     0.00496       0.49  %   10000     
1.106418e+02      0.04            0.00            1.00000     0.00000       0.00  %   10000     
1.110731e+02      0.04            0.00            1.00000     0.00000       0.00  %   10000     
1.115106e+02      0.03            0.00            1.00985     0.00440       0.44  %   20000     
1.115813e+02      0.03            0.00            1.00000     0.00000       0.00  %   10000     
1.121391e+02      0.03            0.00            1.00461     0.00461       0.46  %   10000     
1.129875e+02      0.02            0.00            1.00815     0.00470       0.47  %   20000     
1.138778e+02      0.02            0.00            1.01231     0.00502       0.50  %   30000     
1.150147e+02      0.02            0.00            1.00000     0.00000       0.00  %   10000     
1.160178e+02      0.02            0.00            1.00483     0.00341       0.34  %   30000     
1.170879e+02      0.02            0.00            1.00000     0.00000       0.00  %   10000     
1.175340e+02      0.02            0.00            1.00986     0.00493       0.49  %   30000     
1.185645e+02      0.02            0.00            1.00000     0.00000       0.00  %   10000     
1.192476e+02      0.02            0.00            1.00000     0.00000       0.00  %   10000     
1.197571e+02      0.02            0.00            1.00292     0.00292       0.29  %   20000     
1.200968e+02      0.02            0.00            1.00000     0.00000       0.00  %   10000     
1.204291e+02      0.03            0.00            1.00452     0.00452       0.45  %   10000     
1.206729e+02      0.03            0.00            1.00000     0.00000       0.00  %   10000     
1.208761e+02      0.04            0.00            1.00000     0.00000       0.00  %   10000     
1.210325e+02      0.04            0.00            1.00281     0.00281       0.28  %   10000     
1.211715e+02      0.05            0.00            1.00236     0.00236       0.23  %   10000     
1.212186e+02      0.05            0.00            1.00000     0.00000       0.00  %   10000     
1.212874e+02      0.06            0.00            1.00393     0.00278       0.28  %   10000     
1.213809e+02      0.07            0.00            1.00165     0.00165       0.16  %   10000     
1.214588e+02      0.09            0.00            1.00000     0.00000       0.00  %   10000     
1.215211e+02      0.10            0.00            1.00119     0.00119       0.12  %   10000     
1.215791e+02      0.12            0.00            1.00000     0.00000       0.00  %   10000     
1.216299e+02      0.15            0.00            1.00000     0.00000       0.00  %   10000     
1.216722e+02      0.18            0.00            1.00000     0.00000       0.00  %   10000     
1.217103e+02      0.22            0.00            1.00061     0.00061       0.06  %   10000     
1.217484e+02      0.27            0.00            1.00000     0.00000       0.00  %   10000     
1.217865e+02      0.34            0.00            1.00127     0.00073       0.07  %   10000     
1.218215e+02      0.43            0.00            1.00071     0.00050       0.05  %   10000     
1.218551e+02      0.54            0.00            1.00030     0.00030       0.03  %   10000     
1.218593e+02      0.55            0.00            1.00030     0.00030       0.03  %   10000     
1.218970e+02      0.72            0.00            1.00050     0.00035       0.04  %   10000     
1.219373e+02      0.96            0.00            1.00021     0.00021       0.02  %   10000     
1.219831e+02      1.30            0.00            1.00018     0.00018       0.02  %   10000     
1.220062e+02      1.52            0.00            1.00034     0.00024       0.02  %   10000     
1.220440e+02      1.87            0.00            1.00016     0.00016       0.02  %   10000     
1.221708e+02      3.22            0.00            1.00054     0.00027       0.03  %   10000     
1.221818e+02      3.34            0.00            1.00027     0.00019       0.02  %   10000     
1.222342e+02      3.74            0.00            1.00026     0.00018       0.02  %   10000     
1.222882e+02      3.92            0.00            1.00078     0.00032       0.03  %   10000     
1.222999e+02      3.93            0.00            1.00039     0.00022       0.02  %   10000     
1.223475e+02      3.83            0.00            1.00105     0.00037       0.04  %   10000     
1.224060e+02      3.44            0.00            1.00027     0.00019       0.02  %   10000     
1.224499e+02      2.99            0.00            1.00156     0.00047       0.05  %   10000     
1.224975e+02      2.50            0.00            1.00090     0.00037       0.04  %   10000     
1.225475e+02      1.98            0.00            1.00098     0.00040       0.04  %   10000     
1.225828e+02      1.60            0.00            1.00215     0.00062       0.06  %   10000     
1.226332e+02      1.17            0.00            1.00395     0.00090       0.09  %   10000     
1.226755e+02      0.88            0.00            1.00340     0.00091       0.09  %   10000     
1.227114e+02      0.68            0.00            1.00425     0.00110       0.11  %   10000     
1.227480e+02      0.53            0.00            1.00572     0.00139       0.14  %   10000     
1.227845e+02      0.41            0.00            1.01007     0.00201       0.20  %   10000     
1.228226e+02      0.32            0.00            1.01462     0.00267       0.26  %   10000     
1.228607e+02      0.25            0.00            1.01114     0.00255       0.25  %   10000     
1.228988e+02      0.20            0.00            1.01604     0.00334       0.33  %   10000     
1.229369e+02      0.17            0.00            1.02204     0.00424       0.41  %   10000     
1.229826e+02      0.14            0.00            1.02704     0.00510       0.50  %   10000     
1.230284e+02      0.12            0.00            1.01118     0.00353       0.35  %   10000     
1.230944e+02      0.10            0.00            1.03012     0.00448       0.44  %   20000     
1.231733e+02      0.08            0.00            1.04641     0.00497       0.47  %   30000     
1.231737e+02      0.08            0.00            1.03951     0.00459       0.44  %   30000     
1.232622e+02      0.07            0.00            1.03179     0.00449       0.44  %   30000     
1.233747e+02      0.05            0.00            1.05650     0.00509       0.48  %   50000     
1.235096e+02      0.04            0.00            1.07899     0.00521       0.48  %   80000     
1.236385e+02      0.04            0.00            1.08838     0.00530       0.49  %   100000    
1.238334e+02      0.03            0.00            1.10095     0.00619       0.56  %   100000    
1.240672e+02      0.03            0.00            1.12559     0.00750       0.67  %   100000    
1.243289e+02      0.02            0.00            1.12612     0.00805       0.71  %   100000    
1.246463e+02      0.02            0.00            1.10938     0.00797       0.72  %   100000    
1.250695e+02      0.02            0.00            1.04035     0.00512       0.49  %   100000    
1.257043e+02      0.02            0.00            1.01587     0.00478       0.47  %   50000     
1.259159e+02      0.02            0.00            1.00490     0.00346       0.34  %   30000     
1.263398e+02      0.02            0.00            1.00767     0.00443       0.44  %   30000     
1.276115e+02      0.01            0.00            1.00811     0.00468       0.46  %   30000     
1.292111e+02      0.01            0.00            1.00545     0.00385       0.38  %   30000     
1.314030e+02      0.01            0.00            1.00000     0.00000       0.00  %   10000     
1.338367e+02      0.02            0.00            1.00000     0.00000       0.00  %   10000     
1.357350e+02      0.02            0.00            1.00310     0.00310       0.31  %   20000     
1.370526e+02      0.02            0.00            1.00000     0.00000       0.00  %   10000     
1.383096e+02      0.02            0.00            1.00000     0.00000       0.00  %   10000     
1.387285e+02      0.02            0.00            1.00440     0.00440       0.44  %   10000     
1.393040e+02      0.03            0.00            1.00000     0.00000       0.00  %   10000     
1.400713e+02      0.03            0.00            1.00338     0.00338       0.34  %   10000     
1.406833e+02      0.04            0.00            1.00571     0.00404       0.40  %   10000     
1.411876e+02      0.04            0.00            1.00240     0.00240       0.24  %   10000     
1.416078e+02      0.05            0.00            1.00000     0.00000       0.00  %   10000     
1.417659e+02      0.05            0.00            1.00000     0.00000       0.00  %   10000     
1.419381e+02      0.06            0.00            1.00000     0.00000       0.00  %   10000     
1.422212e+02      0.07            0.00            1.00000     0.00000       0.00  %   10000     
1.424901e+02      0.09            0.00            1.00000     0.00000       0.00  %   10000     
1.427131e+02      0.11            0.00            1.00193     0.00136       0.14  %   10000     
1.428940e+02      0.13            0.00            1.00161     0.00114       0.11  %   10000     
1.429075e+02      0.13            0.00            1.00079     0.00079       0.08  %   10000     
1.430459e+02      0.16            0.00            1.00135     0.00095       0.10  %   10000     
1.431760e+02      0.19            0.00            1.00057     0.00057       0.06  %   10000     
1.433025e+02      0.23            0.00            1.00142     0.00082       0.08  %   10000     
1.434023e+02      0.28            0.00            1.00081     0.00057       0.06  %   10000     
1.434855e+02      0.34            0.00            1.00139     0.00070       0.07  %   10000     
1.435566e+02      0.41            0.00            1.00091     0.00053       0.05  %   10000     
1.436158e+02      0.49            0.00            1.00080     0.00046       0.05  %   10000     
1.436751e+02      0.60            0.00            1.00023     0.00023       0.02  %   10000     
1.437239e+02      0.73            0.00            1.00021     0.00021       0.02  %   10000     
1.437645e+02      0.89            0.00            1.00000     0.00000       0.00  %   10000     
1.438052e+02      1.10            0.00            1.00017     0.00017       0.02  %   10000     
1.438418e+02      1.36            0.00            1.00063     0.00031       0.03  %   10000     
1.438507e+02      1.45            0.00            1.00092     0.00038       0.04  %   10000     
1.438783e+02      1.71            0.00            1.00029     0.00021       0.02  %   10000     
1.439186e+02      2.21            0.00            1.00000     0.00000       0.00  %   10000     
1.439483e+02      2.70            0.00            1.00013     0.00013       0.01  %   10000     
1.439578e+02      2.86            0.00            1.00026     0.00018       0.02  %   10000     
1.439994e+02      3.76            0.00            1.00037     0.00021       0.02  %   10000     
1.440156e+02      4.21            0.00            1.00012     0.00012       0.01  %   10000     
1.440432e+02      4.97            0.00            1.00012     0.00012       0.01  %   10000     
1.440770e+02      6.13            0.00            1.00000     0.00000       0.00  %   10000     
1.440952e+02      6.76            0.00            1.00000     0.00000       0.00  %   10000     
1.441421e+02      8.74            0.00            1.00011     0.00011       0.01  %   10000     
1.441798e+02      10.33           0.00            1.00011     0.00011       0.01  %   10000     
1.442253e+02      12.27           0.00            1.00034     0.00019       0.02  %   10000     
1.442851e+02      14.82           0.00            1.00034     0.00019       0.02  %   10000     
1.443489e+02      16.66           0.01            1.00045     0.00022       0.02  %   10000     
1.443736e+02      16.91           0.01            1.00034     0.00020       0.02  %   10000     
1.444097e+02      17.28           0.01            1.00068     0.00028       0.03  %   10000     
1.444555e+02      16.88           0.02            1.00091     0.00032       0.03  %   10000     
1.444607e+02      16.84           0.02            1.00103     0.00034       0.03  %   10000     
1.445076e+02      15.62           0.01            1.00046     0.00023       0.02  %   10000     
1.445232e+02      15.21           0.01            1.00092     0.00033       0.03  %   10000     
1.445856e+02      12.65           0.02            1.00154     0.00043       0.04  %   10000     
1.446142e+02      11.48           0.01            1.00119     0.00038       0.04  %   10000     
1.447111e+02      7.27            0.02            1.00216     0.00052       0.05  %   10000     
1.447417e+02      6.17            0.01            1.00209     0.00052       0.05  %   10000     
1.447651e+02      5.33            0.01            1.00242     0.00057       0.06  %   10000     
1.448102e+02      4.02            0.01            1.00357     0.00071       0.07  %   10000     
1.448526e+02      3.05            0.02            1.00580     0.00094       0.09  %   10000     
1.448729e+02      2.70            0.01            1.00489     0.00088       0.09  %   10000     
1.448950e+02      2.31            0.02            1.00679     0.00106       0.11  %   10000     
1.449335e+02      1.80            0.01            1.00759     0.00117       0.12  %   10000     
1.449660e+02      1.48            0.01            1.00914     0.00133       0.13  %   10000     
1.449742e+02      1.40            0.01            1.00738     0.00121       0.12  %   10000     
1.450148e+02      1.11            0.01            1.00999     0.00149       0.15  %   10000     
1.450555e+02      0.90            0.01            1.01356     0.00182       0.18  %   10000     
1.450961e+02      0.74            0.01            1.01251     0.00184       0.18  %   10000     
1.451449e+02      0.61            0.01            1.02419     0.00271       0.26  %   10000     
1.452017e+02      0.50            0.01            1.02110     0.00269       0.26  %   10000     
1.452692e+02      0.41            0.01            1.03175     0.00351       0.34  %   10000     
1.453047e+02      0.38            0.01            1.03960     0.00402       0.39  %   10000     
1.453503e+02      0.33            0.01            1.03272     0.00382       0.37  %   10000     
1.454413e+02      0.28            0.01            1.03845     0.00442       0.43  %   10000     
1.455479e+02      0.23            0.01            1.04632     0.00519       0.50  %   10000     
1.456758e+02      0.19            0.01            1.05360     0.00422       0.40  %   20000     
1.457235e+02      0.18            0.01            1.05669     0.00442       0.42  %   20000     
1.458170e+02      0.16            0.01            1.05899     0.00472       0.45  %   20000     
1.459815e+02      0.14            0.01            1.06452     0.00429       0.40  %   30000     
1.461788e+02      0.12            0.01            1.06821     0.00466       0.44  %   30000     
1.464484e+02      0.11            0.01            1.08872     0.00483       0.44  %   40000     
1.466138e+02      0.10            0.01            1.09168     0.00497       0.46  %   40000     
1.467543e+02      0.10            0.01            1.09310     0.00508       0.46  %   40000     
1.470602e+02      0.09            0.01            1.08395     0.00485       0.45  %   40000     
1.474153e+02      0.10            0.00            1.04809     0.00509       0.49  %   20000     
1.478593e+02      0.11            0.00            1.00867     0.00289       0.29  %   10000     
1.482144e+02      0.12            0.00            1.00757     0.00252       0.25  %   10000     
1.485705e+02      0.14            0.00            1.00567     0.00201       0.20  %   10000     
1.486549e+02      0.15            0.00            1.00135     0.00095       0.10  %   10000     
1.488844e+02      0.17            0.00            1.00117     0.00083       0.08  %   10000     
1.491534e+02      0.21            0.00            1.00097     0.00069       0.07  %   10000     
1.493947e+02      0.25            0.00            1.00040     0.00040       0.04  %   10000     
1.495428e+02      0.30            0.00            1.00035     0.00035       0.04  %   10000     
1.495911e+02      0.31            0.00            1.00068     0.00048       0.05  %   10000     
1.497798e+02      0.38            0.00            1.00057     0.00040       0.04  %   10000     
1.499345e+02      0.47            0.00            1.00098     0.00049       0.05  %   10000     
1.500412e+02      0.55            0.00            1.00022     0.00022       0.02  %   10000     
1.500716e+02      0.57            0.00            1.00043     0.00030       0.03  %   10000     
1.501954e+02      0.70            0.00            1.00019     0.00019       0.02  %   10000     
1.503103e+02      0.87            0.00            1.00066     0.00033       0.03  %   10000     
1.504031e+02      1.06            0.00            1.00061     0.00030       0.03  %   10000     
1.504827e+02      1.29            0.00            1.00042     0.00024       0.02  %   10000     
1.505557e+02      1.60            0.00            1.00066     0.00029       0.03  %   10000     
1.505604e+02      1.62            0.00            1.00039     0.00023       0.02  %   10000     
1.506154e+02      1.95            0.00            1.00038     0.00022       0.02  %   10000     
1.506301e+02      2.07            0.00            1.00049     0.00025       0.02  %   10000     
1.506642e+02      2.35            0.00            1.00000     0.00000       0.00  %   10000     
1.507018e+02      2.77            0.00            1.00035     0.00020       0.02  %   10000     
1.507089e+02      2.85            0.00            1.00047     0.00024       0.02  %   10000     
1.507537e+02      3.55            0.00            1.00069     0.00028       0.03  %   10000     
1.507555e+02      3.59            0.00            1.00035     0.00020       0.02  %   10000     
1.507940e+02      4.40            0.00            1.00011     0.00011       0.01  %   10000     
1.507958e+02      4.46            0.00            1.00034     0.00020       0.02  %   10000     
1.508343e+02      5.56            0.00            1.00034     0.00020       0.02  %   10000     
1.508361e+02      5.63            0.00            1.00000     0.00000       0.00  %   10000     
1.508701e+02      6.91            0.00            1.00023     0.00016       0.02  %   10000     
1.508723e+02      7.02            0.00            1.00068     0.00028       0.03  %   10000     
1.509048e+02      8.62            0.00            1.00011     0.00011       0.01  %   10000     
1.509131e+02      9.03            0.00            1.00023     0.00016       0.02  %   10000     
1.509408e+02      10.84           0.00            1.00034     0.00020       0.02  %   10000     
1.509568e+02      11.89           0.00            1.00000     0.00000       0.00  %   10000     
1.509767e+02      13.55           0.00            1.00011     0.00011       0.01  %   10000     
1.510005e+02      15.53           0.01            1.00034     0.00020       0.02  %   10000     
1.510162e+02      17.18           0.00            1.00023     0.00016       0.02  %   10000     
1.510506e+02      20.76           0.00            1.00011     0.00011       0.01  %   10000     
1.510592e+02      21.87           0.01            1.00034     0.00020       0.02  %   10000     
1.511151e+02      29.03           0.03            1.00092     0.00033       0.03  %   10000     
1.511222e+02      29.94           0.01            1.00035     0.00020       0.02  %   10000     
1.512039e+02      41.20           0.06            1.00140     0.00041       0.04  %   10000     
1.512583e+02      48.61           0.10            1.00200     0.00048       0.05  %   10000     
1.513099e+02      53.55           0.09            1.00166     0.00044       0.04  %   10000     
1.513214e+02      54.64           0.12            1.00214     0.00050       0.05  %   10000     
1.513695e+02      56.94           0.18            1.00323     0.00062       0.06  %   10000     
1.513760e+02      57.01           0.10            1.00168     0.00045       0.04  %   10000     
1.513927e+02      57.21           0.14            1.00240     0.00054       0.05  %   10000     
1.514284e+02      56.07           0.14            1.00242     0.00054       0.05  %   10000     
1.514546e+02      55.23           0.18            1.00327     0.00063       0.06  %   10000     
1.515262e+02      48.65           0.20            1.00418     0.00072       0.07  %   10000     
1.516093e+02      37.46           0.22            1.00577     0.00085       0.08  %   10000     
1.517082e+02      23.95           0.16            1.00665     0.00093       0.09  %   10000     
1.517597e+02      18.09           0.13            1.00708     0.00097       0.10  %   10000     
1.517655e+02      17.43           0.16            1.00900     0.00110       0.11  %   10000     
1.518156e+02      12.89           0.08            1.00641     0.00094       0.09  %   10000     
1.518318e+02      11.76           0.10            1.00830     0.00108       0.11  %   10000     
1.518611e+02      9.71            0.09            1.00914     0.00115       0.11  %   10000     
1.518980e+02      7.72            0.09            1.01187     0.00133       0.13  %   10000     
1.519000e+02      7.61            0.11            1.01432     0.00146       0.14  %   10000     
1.519396e+02      5.96            0.09            1.01458     0.00151       0.15  %   10000     
1.519696e+02      5.02            0.08            1.01574     0.00160       0.16  %   10000     
1.519759e+02      4.82            0.07            1.01542     0.00159       0.16  %   10000     
1.520162e+02      3.85            0.07            1.01879     0.00181       0.18  %   10000     
1.520377e+02      3.47            0.08            1.02321     0.00203       0.20  %   10000     
1.520574e+02      3.13            0.07            1.02161     0.00199       0.20  %   10000     
1.521021e+02      2.55            0.07            1.02863     0.00237       0.23  %   10000     
1.521344e+02      2.25            0.06            1.02679     0.00233       0.23  %   10000     
1.521559e+02      2.05            0.05            1.02609     0.00235       0.23  %   10000     
1.522153e+02      1.67            0.05            1.03240     0.00272       0.26  %   10000     
1.522603e+02      1.47            0.05            1.03658     0.00295       0.29  %   10000     
1.522860e+02      1.35            0.05            1.03928     0.00312       0.30  %   10000     
1.523686e+02      1.09            0.05            1.04907     0.00366       0.35  %   10000     
1.524532e+02      0.91            0.04            1.04942     0.00383       0.36  %   10000     
1.524548e+02      0.90            0.05            1.05375     0.00399       0.38  %   10000     
1.525590e+02      0.74            0.04            1.05556     0.00429       0.41  %   10000     
1.526751e+02      0.60            0.04            1.06514     0.00489       0.46  %   10000     
1.527048e+02      0.58            0.04            1.07030     0.00513       0.48  %   10000     
1.528072e+02      0.49            0.04            1.08346     0.00415       0.38  %   20000     
1.529690e+02      0.40            0.04            1.09186     0.00465       0.43  %   20000     
1.530751e+02      0.35            0.04            1.10702     0.00520       0.47  %   20000     
1.531394e+02      0.33            0.04            1.11165     0.00446       0.40  %   30000     
1.533448e+02      0.26            0.03            1.12646     0.00510       0.45  %   30000     
1.535893e+02      0.21            0.03            1.15808     0.00531       0.46  %   40000     
1.537012e+02      0.20            0.03            1.15652     0.00542       0.47  %   40000     
1.538687e+02      0.17            0.03            1.17557     0.00539       0.46  %   50000     
1.541742e+02      0.14            0.03            1.18773     0.00546       0.46  %   60000     
1.544796e+02      0.12            0.02            1.13428     0.00536       0.47  %   50000     
1.546357e+02      0.12            0.01            1.09164     0.00506       0.46  %   40000     
1.549041e+02      0.10            0.00            1.04185     0.00507       0.49  %   20000     
1.553458e+02      0.09            0.00            1.01356     0.00429       0.42  %   10000     
1.557874e+02      0.08            0.00            1.00863     0.00352       0.35  %   10000     
1.564500e+02      0.08            0.00            1.00591     0.00295       0.29  %   10000     
1.566658e+02      0.08            0.00            1.00734     0.00328       0.33  %   10000     
1.568816e+02      0.08            0.00            1.00288     0.00204       0.20  %   10000     
1.572459e+02      0.08            0.00            1.00699     0.00313       0.31  %   10000     
1.578261e+02      0.09            0.00            1.00127     0.00127       0.13  %   10000     
1.583798e+02      0.10            0.00            1.00334     0.00193       0.19  %   10000     
1.589642e+02      0.11            0.00            1.00371     0.00185       0.18  %   10000     
1.593816e+02      0.13            0.00            1.00316     0.00158       0.16  %   10000     
1.596177e+02      0.15            0.00            1.00000     0.00000       0.00  %   10000     
1.598179e+02      0.16            0.00            1.00000     0.00000       0.00  %   10000     
1.601950e+02      0.20            0.00            1.00000     0.00000       0.00  %   10000     
1.604789e+02      0.24            0.00            1.00000     0.00000       0.00  %   10000     
1.607528e+02      0.29            0.00            1.00037     0.00037       0.04  %   10000     
1.608912e+02      0.33            0.00            1.00101     0.00058       0.06  %   10000     
1.610113e+02      0.36            0.00            1.00031     0.00031       0.03  %   10000     
1.612235e+02      0.44            0.00            1.00106     0.00053       0.05  %   10000     
1.614037e+02      0.54            0.00            1.00093     0.00046       0.05  %   10000     
1.615726e+02      0.66            0.00            1.00102     0.00045       0.05  %   10000     
1.617203e+02      0.82            0.00            1.00054     0.00031       0.03  %   10000     
1.617544e+02      0.87            0.00            1.00070     0.00035       0.04  %   10000     
1.618482e+02      1.01            0.00            1.00116     0.00044       0.04  %   10000     
1.618557e+02      1.02            0.00            1.00033     0.00023       0.02  %   10000     
1.619741e+02      1.28            0.00            1.00076     0.00034       0.03  %   10000     
1.620140e+02      1.40            0.00            1.00015     0.00015       0.01  %   10000     
1.620715e+02      1.57            0.00            1.00043     0.00025       0.03  %   10000     
1.621383e+02      1.86            0.00            1.00028     0.00020       0.02  %   10000     
1.621521e+02      1.92            0.00            1.00056     0.00028       0.03  %   10000     
1.622073e+02      2.25            0.00            1.00014     0.00014       0.01  %   10000     
1.622212e+02      2.33            0.00            1.00054     0.00027       0.03  %   10000     
1.622764e+02      2.79            0.00            1.00066     0.00030       0.03  %   10000     
1.622787e+02      2.81            0.00            1.00080     0.00032       0.03  %   10000     
1.623343e+02      3.45            0.00            1.00066     0.00029       0.03  %   10000     
1.623363e+02      3.47            0.00            1.00066     0.00029       0.03  %   10000     
1.623817e+02      4.21            0.00            1.00104     0.00037       0.04  %   10000     
1.623879e+02      4.31            0.00            1.00065     0.00029       0.03  %   10000     
1.624232e+02      5.09            0.00            1.00052     0.00026       0.03  %   10000     
1.624357e+02      5.37            0.01            1.00118     0.00039       0.04  %   10000     
1.624647e+02      6.25            0.00            1.00052     0.00026       0.03  %   10000     
1.624835e+02      6.82            0.01            1.00158     0.00045       0.05  %   10000     
1.625062e+02      7.76            0.00            1.00026     0.00019       0.02  %   10000     
1.625306e+02      8.76            0.01            1.00119     0.00040       0.04  %   10000     
1.625444e+02      9.51            0.01            1.00092     0.00035       0.03  %   10000     
1.625766e+02      11.27           0.02            1.00133     0.00042       0.04  %   10000     
1.625858e+02      11.93           0.01            1.00120     0.00040       0.04  %   10000     
1.626272e+02      14.88           0.02            1.00121     0.00040       0.04  %   10000     
1.626733e+02      19.09           0.03            1.00162     0.00047       0.05  %   10000     
1.626825e+02      19.93           0.03            1.00136     0.00043       0.04  %   10000     
1.627285e+02      25.23           0.06            1.00246     0.00058       0.06  %   10000     
1.627515e+02      27.86           0.05            1.00193     0.00052       0.05  %   10000     
1.628049e+02      34.95           0.05            1.00152     0.00046       0.05  %   10000     
1.629173e+02      49.60           0.18            1.00366     0.00072       0.07  %   10000     
1.629504e+02      52.79           0.16            1.00312     0.00067       0.07  %   10000     
1.629836e+02      55.98           0.20            1.00355     0.00071       0.07  %   10000     
1.630278e+02      58.31           0.28            1.00473     0.00082       0.08  %   10000     
1.630337e+02      58.62           0.28            1.00473     0.00082       0.08  %   10000     
1.630681e+02      59.16           0.42            1.00705     0.00100       0.10  %   10000     
1.630879e+02      58.78           0.31            1.00535     0.00088       0.09  %   10000     
1.631004e+02      58.54           0.36            1.00609     0.00094       0.09  %   10000     
1.631088e+02      58.38           0.28            1.00478     0.00083       0.08  %   10000     
1.631770e+02      53.71           0.47            1.00866     0.00112       0.11  %   10000     
1.631843e+02      53.21           0.42            1.00792     0.00108       0.11  %   10000     
1.632617e+02      44.00           0.41            1.00941     0.00118       0.12  %   10000     
1.632801e+02      41.80           0.37            1.00884     0.00115       0.11  %   10000     
1.633970e+02      26.33           0.32            1.01229     0.00138       0.14  %   10000     
1.634348e+02      22.16           0.39            1.01742     0.00164       0.16  %   10000     
1.634606e+02      19.29           0.25            1.01310     0.00144       0.14  %   10000     
1.635084e+02      15.06           0.20            1.01336     0.00147       0.15  %   10000     
1.635158e+02      14.41           0.20            1.01379     0.00150       0.15  %   10000     
1.635665e+02      10.95           0.18            1.01644     0.00166       0.16  %   10000     
1.635729e+02      10.62           0.17            1.01646     0.00166       0.16  %   10000     
1.636125e+02      8.56            0.13            1.01528     0.00163       0.16  %   10000     
1.636373e+02      7.57            0.12            1.01636     0.00170       0.17  %   10000     
1.636532e+02      6.94            0.13            1.01828     0.00181       0.18  %   10000     
1.636925e+02      5.75            0.14            1.02382     0.00209       0.20  %   10000     
1.636980e+02      5.58            0.12            1.02119     0.00198       0.19  %   10000     
1.637429e+02      4.57            0.11            1.02475     0.00218       0.21  %   10000     
1.637601e+02      4.29            0.10            1.02414     0.00216       0.21  %   10000     
1.637920e+02      3.77            0.10            1.02594     0.00228       0.22  %   10000     
1.638326e+02      3.29            0.09            1.02818     0.00240       0.23  %   10000     
1.638476e+02      3.12            0.08            1.02484     0.00227       0.22  %   10000     
1.639143e+02      2.58            0.08            1.03040     0.00256       0.25  %   10000     
1.639200e+02      2.55            0.08            1.02976     0.00253       0.25  %   10000     
1.639891e+02      2.19            0.07            1.03308     0.00272       0.26  %   10000     
1.640351e+02      2.04            0.06            1.02979     0.00259       0.25  %   10000     
1.640720e+02      1.91            0.07            1.03898     0.00297       0.29  %   10000     
1.641568e+02      1.76            0.06            1.03218     0.00270       0.26  %   10000     
1.642013e+02      1.73            0.05            1.03154     0.00265       0.26  %   10000     
1.642274e+02      1.72            0.06            1.03245     0.00268       0.26  %   10000     
1.642871e+02      1.75            0.04            1.02522     0.00232       0.23  %   10000     
1.643526e+02      1.89            0.05            1.02534     0.00224       0.22  %   10000     
1.644018e+02      2.10            0.04            1.02096     0.00197       0.19  %   10000     
1.644181e+02      2.21            0.04            1.01960     0.00188       0.18  %   10000     
1.644509e+02      2.43            0.05            1.01883     0.00179       0.18  %   10000     
1.645000e+02      2.94            0.05            1.01553     0.00156       0.15  %   10000     
1.645409e+02      3.55            0.04            1.01119     0.00128       0.13  %   10000     
1.645491e+02      3.72            0.03            1.00899     0.00114       0.11  %   10000     
1.645786e+02      4.33            0.04            1.00928     0.00113       0.11  %   10000     
1.645860e+02      4.48            0.04            1.00947     0.00114       0.11  %   10000     
1.646302e+02      5.70            0.05            1.00870     0.00106       0.10  %   10000     
1.646670e+02      7.01            0.04            1.00623     0.00088       0.09  %   10000     
1.646750e+02      7.30            0.04            1.00545     0.00082       0.08  %   10000     
1.647312e+02      9.86            0.05            1.00535     0.00080       0.08  %   10000     
1.647967e+02      13.59           0.05            1.00405     0.00068       0.07  %   10000     
1.648098e+02      14.34           0.07            1.00507     0.00076       0.08  %   10000     
1.648910e+02      19.33           0.08            1.00398     0.00067       0.07  %   10000     
1.649303e+02      21.74           0.09            1.00431     0.00070       0.07  %   10000     
1.649984e+02      24.84           0.09            1.00363     0.00064       0.06  %   10000     
1.650377e+02      25.68           0.11            1.00434     0.00070       0.07  %   10000     
1.650613e+02      26.19           0.09            1.00354     0.00063       0.06  %   10000     
1.650783e+02      26.26           0.14            1.00515     0.00077       0.08  %   10000     
1.651228e+02      25.58           0.12            1.00474     0.00074       0.07  %   10000     
1.651464e+02      25.22           0.11            1.00452     0.00072       0.07  %   10000     
1.651726e+02      24.14           0.17            1.00724     0.00092       0.09  %   10000     
1.652119e+02      22.51           0.14            1.00636     0.00086       0.09  %   10000     
1.652512e+02      20.12           0.15            1.00753     0.00095       0.09  %   10000     
1.653442e+02      14.44           0.13            1.00923     0.00107       0.11  %   10000     
1.653822e+02      12.23           0.15            1.01227     0.00125       0.12  %   10000     
1.654228e+02      9.85            0.11            1.01088     0.00120       0.12  %   10000     
1.654789e+02      7.20            0.11            1.01596     0.00149       0.15  %   10000     
1.655249e+02      5.48            0.10            1.01834     0.00165       0.16  %   10000     
1.655457e+02      4.88            0.10            1.02119     0.00180       0.18  %   10000     
1.655692e+02      4.19            0.09            1.02105     0.00183       0.18  %   10000     
1.656134e+02      3.21            0.09            1.02758     0.00219       0.21  %   10000     
1.656543e+02      2.53            0.09            1.03718     0.00265       0.26  %   10000     
1.656723e+02      2.31            0.08            1.03567     0.00264       0.26  %   10000     
1.656952e+02      2.02            0.08            1.03890     0.00284       0.27  %   10000     
1.657362e+02      1.65            0.08            1.04820     0.00332       0.32  %   10000     
1.657853e+02      1.32            0.07            1.05474     0.00373       0.35  %   10000     
1.658344e+02      1.09            0.07            1.06423     0.00423       0.40  %   10000     
1.658360e+02      1.09            0.07            1.06753     0.00434       0.41  %   10000     
1.658909e+02      0.91            0.07            1.07793     0.00492       0.46  %   10000     
1.659534e+02      0.76            0.07            1.08934     0.00392       0.36  %   20000     
1.660314e+02      0.64            0.07            1.10337     0.00444       0.40  %   20000     
1.660528e+02      0.61            0.06            1.10504     0.00453       0.41  %   20000     
1.661251e+02      0.53            0.06            1.11898     0.00506       0.45  %   20000     
1.662347e+02      0.44            0.06            1.12986     0.00562       0.50  %   20000     
1.663663e+02      0.37            0.05            1.12791     0.00485       0.43  %   30000     
1.665028e+02      0.32            0.04            1.11232     0.00480       0.43  %   30000     
1.665351e+02      0.30            0.04            1.12608     0.00516       0.46  %   30000     
1.667420e+02      0.25            0.03            1.11588     0.00536       0.48  %   30000     
1.669878e+02      0.20            0.02            1.11014     0.00490       0.44  %   40000     
1.672609e+02      0.16            0.02            1.12028     0.00550       0.49  %   40000     
1.672754e+02      0.16            0.02            1.12044     0.00552       0.49  %   40000     
1.675730e+02      0.14            0.02            1.14383     0.00531       0.46  %   60000     
1.679305e+02      0.11            0.02            1.15078     0.00543       0.47  %   70000     
1.682279e+02      0.10            0.01            1.14700     0.00564       0.49  %   70000     
1.683476e+02      0.09            0.01            1.13454     0.00553       0.49  %   70000     
1.688485e+02      0.08            0.00            1.03784     0.00488       0.47  %   30000     
1.694120e+02      0.06            0.00            1.00882     0.00441       0.44  %   10000     
1.698972e+02      0.06            0.00            1.00733     0.00423       0.42  %   10000     
1.701420e+02      0.05            0.00            1.00521     0.00368       0.37  %   10000     
1.709060e+02      0.04            0.00            1.00606     0.00303       0.30  %   20000     
1.717971e+02      0.04            0.00            1.00523     0.00302       0.30  %   20000     
1.729781e+02      0.03            0.00            1.00401     0.00401       0.40  %   10000     
1.736642e+02      0.03            0.00            1.00634     0.00366       0.36  %   20000     
1.743656e+02      0.03            0.00            1.00450     0.00318       0.32  %   20000     
1.752808e+02      0.02            0.00            1.00475     0.00475       0.47  %   10000     
1.768626e+02      0.02            0.00            1.00000     0.00000       0.00  %   10000     
1.779531e+02      0.02            0.00            1.00000     0.00000       0.00  %   10000     
1.793647e+02      0.02            0.00            1.00478     0.00478       0.48  %   10000     
1.806983e+02      0.02            0.00            1.00000     0.00000       0.00  %   10000     
1.820502e+02      0.03            0.00            1.00382     0.00382       0.38  %   10000     
1.830279e+02      0.03            0.00            1.00000     0.00000       0.00  %   10000     
1.839191e+02      0.04            0.00            1.00555     0.00393       0.39  %   10000     
1.842638e+02      0.04            0.00            1.00000     0.00000       0.00  %   10000     
1.846232e+02      0.04            0.00            1.00464     0.00328       0.33  %   10000     
1.852645e+02      0.05            0.00            1.00379     0.00268       0.27  %   10000     
1.858182e+02      0.06            0.00            1.00154     0.00154       0.15  %   10000     
1.862870e+02      0.08            0.00            1.00000     0.00000       0.00  %   10000     
1.864101e+02      0.08            0.00            1.00118     0.00118       0.12  %   10000     
1.867157e+02      0.10            0.00            1.00000     0.00000       0.00  %   10000     
1.870907e+02      0.12            0.00            1.00162     0.00114       0.11  %   10000     
1.873826e+02      0.15            0.00            1.00134     0.00095       0.09  %   10000     
1.876380e+02      0.18            0.00            1.00167     0.00097       0.10  %   10000     
1.878346e+02      0.21            0.00            1.00048     0.00048       0.05  %   10000     
1.878801e+02      0.22            0.00            1.00093     0.00065       0.07  %   10000     
1.880857e+02      0.27            0.00            1.00116     0.00067       0.07  %   10000     
1.882691e+02      0.33            0.00            1.00099     0.00057       0.06  %   10000     
1.884436e+02      0.40            0.00            1.00056     0.00040       0.04  %   10000     
1.886024e+02      0.50            0.00            1.00096     0.00048       0.05  %   10000     
1.887402e+02      0.63            0.00            1.00063     0.00036       0.04  %   10000     
1.888583e+02      0.78            0.00            1.00056     0.00032       0.03  %   10000     
1.888885e+02      0.83            0.00            1.00036     0.00026       0.03  %   10000     
1.889548e+02      0.95            0.00            1.00017     0.00017       0.02  %   10000     
1.889585e+02      0.95            0.00            1.00102     0.00042       0.04  %   10000     
1.890443e+02      1.17            0.00            1.00048     0.00027       0.03  %   10000     
1.890873e+02      1.32            0.00            1.00030     0.00022       0.02  %   10000     
1.891191e+02      1.43            0.00            1.00000     0.00000       0.00  %   10000     
1.891638e+02      1.65            0.00            1.00029     0.00020       0.02  %   10000     
1.891829e+02      1.75            0.00            1.00043     0.00025       0.02  %   10000     
1.892276e+02      2.05            0.00            1.00042     0.00024       0.02  %   10000     
1.892361e+02      2.11            0.00            1.00028     0.00020       0.02  %   10000     
1.892807e+02      2.53            0.00            1.00027     0.00019       0.02  %   10000     
1.892860e+02      2.58            0.00            1.00014     0.00014       0.01  %   10000     
1.893339e+02      3.20            0.00            1.00053     0.00027       0.03  %   10000     
1.893817e+02      4.03            0.00            1.00106     0.00037       0.04  %   10000     
1.894242e+02      5.03            0.00            1.00026     0.00019       0.02  %   10000     
1.894255e+02      5.06            0.00            1.00053     0.00026       0.03  %   10000     
1.894679e+02      6.37            0.00            1.00040     0.00023       0.02  %   10000     
1.894708e+02      6.46            0.00            1.00053     0.00026       0.03  %   10000     
1.895068e+02      7.91            0.01            1.00132     0.00042       0.04  %   10000     
1.895161e+02      8.29            0.01            1.00093     0.00035       0.04  %   10000     
1.895522e+02      10.15           0.00            1.00013     0.00013       0.01  %   10000     
1.895652e+02      10.82           0.01            1.00053     0.00027       0.03  %   10000     
1.895992e+02      13.08           0.01            1.00080     0.00033       0.03  %   10000     
1.896247e+02      14.76           0.02            1.00121     0.00040       0.04  %   10000     
1.896502e+02      16.88           0.01            1.00081     0.00033       0.03  %   10000     
1.896927e+02      20.39           0.03            1.00136     0.00043       0.04  %   10000     
1.897166e+02      22.66           0.03            1.00150     0.00045       0.05  %   10000     
1.898866e+02      38.65           0.07            1.00181     0.00050       0.05  %   10000     
1.899155e+02      40.45           0.13            1.00309     0.00066       0.07  %   10000     
1.899598e+02      43.21           0.11            1.00254     0.00060       0.06  %   10000     
1.899836e+02      43.74           0.23            1.00525     0.00086       0.09  %   10000     
1.900308e+02      44.79           0.24            1.00541     0.00088       0.09  %   10000     
1.900507e+02      44.40           0.18            1.00416     0.00077       0.08  %   10000     
1.900687e+02      44.06           0.19            1.00432     0.00079       0.08  %   10000     
1.900907e+02      43.64           0.19            1.00432     0.00079       0.08  %   10000     
1.901316e+02      41.43           0.17            1.00422     0.00078       0.08  %   10000     
1.901520e+02      40.32           0.17            1.00422     0.00078       0.08  %   10000     
1.902098e+02      35.38           0.25            1.00711     0.00102       0.10  %   10000     
1.902465e+02      32.23           0.22            1.00685     0.00101       0.10  %   10000     
1.903782e+02      19.55           0.21            1.01066     0.00129       0.13  %   10000     
1.904292e+02      15.46           0.15            1.00959     0.00123       0.12  %   10000     
1.904462e+02      14.09           0.13            1.00941     0.00123       0.12  %   10000     
1.904972e+02      10.79           0.10            1.00957     0.00126       0.13  %   10000     
1.905057e+02      10.35           0.14            1.01347     0.00150       0.15  %   10000     
1.905481e+02      8.18            0.10            1.01227     0.00146       0.14  %   10000     
1.905640e+02      7.56            0.10            1.01362     0.00155       0.15  %   10000     
1.905982e+02      6.22            0.09            1.01513     0.00166       0.16  %   10000     
1.906329e+02      5.18            0.08            1.01505     0.00169       0.17  %   10000     
1.906399e+02      4.97            0.08            1.01620     0.00176       0.17  %   10000     
1.906876e+02      3.89            0.06            1.01558     0.00178       0.18  %   10000     
1.907073e+02      3.56            0.06            1.01731     0.00189       0.19  %   10000     
1.907306e+02      3.16            0.07            1.02187     0.00217       0.21  %   10000     
1.907711e+02      2.65            0.06            1.02182     0.00222       0.22  %   10000     
1.907785e+02      2.55            0.05            1.02074     0.00218       0.21  %   10000     
1.908263e+02      2.11            0.05            1.02364     0.00240       0.23  %   10000     
1.908561e+02      1.90            0.05            1.02716     0.00261       0.25  %   10000     
1.908795e+02      1.74            0.04            1.02135     0.00236       0.23  %   10000     
1.909433e+02      1.42            0.05            1.03390     0.00309       0.30  %   10000     
1.909624e+02      1.36            0.04            1.03039     0.00295       0.29  %   10000     
1.910122e+02      1.18            0.04            1.03646     0.00334       0.32  %   10000     
1.910914e+02      0.97            0.04            1.04162     0.00371       0.36  %   10000     
1.911061e+02      0.95            0.04            1.04273     0.00378       0.36  %   10000     
1.911864e+02      0.80            0.04            1.04823     0.00420       0.40  %   10000     
1.913037e+02      0.64            0.03            1.05039     0.00453       0.43  %   10000     
1.913113e+02      0.64            0.04            1.06059     0.00498       0.47  %   10000     
1.914295e+02      0.52            0.04            1.06816     0.00395       0.37  %   20000     
1.915840e+02      0.42            0.03            1.07952     0.00455       0.42  %   20000     
1.916190e+02      0.40            0.03            1.07071     0.00434       0.41  %   20000     
1.917473e+02      0.34            0.03            1.09204     0.00523       0.48  %   20000     
1.919394e+02      0.28            0.03            1.10689     0.00494       0.45  %   30000     
1.920575e+02      0.25            0.03            1.10848     0.00516       0.47  %   30000     
1.921418e+02      0.22            0.03            1.11327     0.00545       0.49  %   30000     
1.923730e+02      0.18            0.03            1.15097     0.00524       0.46  %   50000     
1.926085e+02      0.15            0.03            1.17230     0.00546       0.47  %   60000     
1.926344e+02      0.15            0.03            1.17542     0.00556       0.47  %   60000     
1.929331e+02      0.12            0.03            1.20555     0.00565       0.47  %   80000     
1.932747e+02      0.10            0.02            1.23919     0.00591       0.48  %   100000    
1.933148e+02      0.10            0.02            1.23898     0.00595       0.48  %   100000    
1.936803e+02      0.08            0.02            1.24836     0.00658       0.53  %   100000    
1.941418e+02      0.06            0.01            1.12711     0.00544       0.48  %   90000     
1.946459e+02      0.05            0.00            1.03461     0.00462       0.45  %   40000     
1.947916e+02      0.05            0.00            1.02645     0.00475       0.46  %   30000     
1.952364e+02      0.04            0.00            1.01754     0.00413       0.41  %   30000     
1.959423e+02      0.04            0.00            1.00346     0.00346       0.35  %   10000     
1.967848e+02      0.03            0.00            1.01017     0.00455       0.45  %   20000     
1.974972e+02      0.03            0.00            1.01353     0.00451       0.44  %   30000     
1.977347e+02      0.03            0.00            1.00470     0.00470       0.47  %   10000     
1.989001e+02      0.02            0.00            1.00544     0.00385       0.38  %   20000     
2.002593e+02      0.02            0.00            1.01232     0.00503       0.50  %   30000     
2.019940e+02      0.02            0.00            1.00341     0.00341       0.34  %   20000     
2.036229e+02      0.02            0.00            1.00000     0.00000       0.00  %   10000     
2.050134e+02      0.01            0.00            1.00000     0.00000       0.00  %   10000     
2.055506e+02      0.02            0.00            1.00000     0.00000       0.00  %   10000     
2.060941e+02      0.02            0.00            1.00000     0.00000       0.00  %   10000     
2.067887e+02      0.02            0.00            1.00645     0.00456       0.45  %   20000     
2.071392e+02      0.02            0.00            1.00000     0.00000       0.00  %   10000     
2.074961e+02      0.02            0.00            1.00265     0.00265       0.26  %   20000     
2.077340e+02      0.02            0.00            1.00000     0.00000       0.00  %   10000     
2.079125e+02      0.03            0.00            1.00000     0.00000       0.00  %   10000     
2.080364e+02      0.03            0.00            1.00000     0.00000       0.00  %   10000     
2.081224e+02      0.04            0.00            1.00000     0.00000       0.00  %   10000     
2.081976e+02      0.04            0.00            1.00000     0.00000       0.00  %   10000     
2.082513e+02      0.05            0.00            1.00215     0.00215       0.21  %   10000     
2.083050e+02      0.06            0.00            1.00179     0.00179       0.18  %   10000     
2.083538e+02      0.07            0.00            1.00000     0.00000       0.00  %   10000     
2.083995e+02      0.09            0.00            1.00000     0.00000       0.00  %   10000     
2.084452e+02      0.12            0.00            1.00098     0.00098       0.10  %   10000     
2.084742e+02      0.14            0.00            1.00084     0.00084       0.08  %   10000     
2.084909e+02      0.15            0.00            1.00078     0.00078       0.08  %   10000     
2.085366e+02      0.19            0.00            1.00000     0.00000       0.00  %   10000     
2.085869e+02      0.25            0.00            1.00000     0.00000       0.00  %   10000     
2.086417e+02      0.34            0.00            1.00079     0.00056       0.06  %   10000     
2.086996e+02      0.45            0.00            1.00032     0.00032       0.03  %   10000     
2.087139e+02      0.48            0.00            1.00031     0.00031       0.03  %   10000     
2.088946e+02      0.90            0.00            1.00000     0.00000       0.00  %   10000     
2.089775e+02      1.03            0.00            1.00020     0.00020       0.02  %   10000     
2.090527e+02      1.08            0.00            1.00000     0.00000       0.00  %   10000     
2.090737e+02      1.07            0.00            1.00020     0.00020       0.02  %   10000     
2.091249e+02      1.04            0.00            1.00040     0.00028       0.03  %   10000     
2.092029e+02      0.92            0.00            1.00022     0.00022       0.02  %   10000     
2.093491e+02      0.58            0.00            1.00057     0.00040       0.04  %   10000     
2.094139e+02      0.44            0.00            1.00035     0.00035       0.03  %   10000     
2.094765e+02      0.32            0.00            1.00349     0.00123       0.12  %   10000     
2.095298e+02      0.24            0.00            1.00274     0.00122       0.12  %   10000     
2.095755e+02      0.19            0.00            1.00271     0.00135       0.13  %   10000     
2.096212e+02      0.14            0.00            1.00253     0.00146       0.15  %   10000     
2.096669e+02      0.11            0.00            1.00421     0.00210       0.21  %   10000     
2.097126e+02      0.09            0.00            1.01042     0.00368       0.36  %   10000     
2.097588e+02      0.07            0.00            1.01431     0.00477       0.47  %   10000     
2.098103e+02      0.06            0.00            1.01163     0.00475       0.47  %   10000     
2.098617e+02      0.05            0.00            1.01262     0.00380       0.38  %   20000     
2.099261e+02      0.04            0.00            1.00817     0.00472       0.47  %   10000     
2.100074e+02      0.03            0.00            1.00804     0.00360       0.36  %   20000     
2.100888e+02      0.03            0.00            1.02067     0.00501       0.49  %   30000     
2.102190e+02      0.03            0.00            1.02433     0.00507       0.50  %   40000     
2.103817e+02      0.02            0.00            1.01928     0.00431       0.42  %   50000     
2.106168e+02      0.02            0.00            1.02189     0.00489       0.48  %   50000     
2.109001e+02      0.02            0.00            1.03090     0.00482       0.47  %   80000     
2.109755e+02      0.02            0.00            1.04341     0.00515       0.49  %   100000    
2.113533e+02      0.02            0.00            1.03241     0.00489       0.47  %   90000     
2.120331e+02      0.01            0.00            1.03773     0.00518       0.50  %   100000    
2.129655e+02      0.01            0.00            1.03397     0.00501       0.48  %   100000    
2.150829e+02      0.01            0.00            1.00000     0.00000       0.00  %   10000     
2.179761e+02      0.01            0.00            1.00348     0.00348       0.35  %   20000     
2.210950e+02      0.02            0.00            1.00000     0.00000       0.00  %   10000     
2.237726e+02      0.02            0.00            1.00543     0.00384       0.38  %   20000     
2.261105e+02      0.02            0.00            1.00463     0.00463       0.46  %   10000     
2.266019e+02      0.02            0.00            1.00000     0.00000       0.00  %   10000     
2.280455e+02      0.02            0.00            1.00000     0.00000       0.00  %   10000     
2.298175e+02      0.03            0.00            1.00000     0.00000       0.00  %   10000     
2.311863e+02      0.03            0.00            1.00258     0.00258       0.26  %   10000     
2.316492e+02      0.04            0.00            1.00000     0.00000       0.00  %   10000     
2.323437e+02      0.04            0.00            1.00000     0.00000       0.00  %   10000     
2.332554e+02      0.05            0.00            1.00342     0.00242       0.24  %   10000     
2.340490e+02      0.06            0.00            1.00140     0.00140       0.14  %   10000     
2.348170e+02      0.07            0.00            1.00113     0.00113       0.11  %   10000     
2.348281e+02      0.07            0.00            1.00112     0.00112       0.11  %   10000     
2.354426e+02      0.08            0.00            1.00091     0.00091       0.09  %   10000     
2.359978e+02      0.10            0.00            1.00000     0.00000       0.00  %   10000     
2.364601e+02      0.12            0.00            1.00060     0.00060       0.06  %   10000     
2.364740e+02      0.12            0.00            1.00000     0.00000       0.00  %   10000     
2.369290e+02      0.15            0.00            1.00048     0.00048       0.05  %   10000     
2.373037e+02      0.19            0.00            1.00039     0.00039       0.04  %   10000     
2.376315e+02      0.23            0.00            1.00066     0.00046       0.05  %   10000     
2.377485e+02      0.25            0.00            1.00092     0.00053       0.05  %   10000     
2.379323e+02      0.28            0.00            1.00110     0.00055       0.06  %   10000     
2.381955e+02      0.34            0.00            1.00094     0.00047       0.05  %   10000     
2.384438e+02      0.42            0.00            1.00020     0.00020       0.02  %   10000     
2.386546e+02      0.52            0.00            1.00018     0.00018       0.02  %   10000     
2.387952e+02      0.61            0.00            1.00000     0.00000       0.00  %   10000     
2.388353e+02      0.64            0.00            1.00032     0.00023       0.02  %   10000     
2.390040e+02      0.79            0.00            1.00045     0.00026       0.03  %   10000     
2.390590e+02      0.86            0.00            1.00015     0.00015       0.01  %   10000     
2.391545e+02      0.98            0.00            1.00028     0.00020       0.02  %   10000     
2.392212e+02      1.09            0.00            1.00055     0.00027       0.03  %   10000     
2.392810e+02      1.19            0.00            1.00013     0.00013       0.01  %   10000     
2.393361e+02      1.32            0.00            1.00040     0.00023       0.02  %   10000     
2.393894e+02      1.45            0.00            1.00039     0.00023       0.02  %   10000     
2.394318e+02      1.59            0.00            1.00013     0.00013       0.01  %   10000     
2.394843e+02      1.76            0.00            1.00065     0.00029       0.03  %   10000     
2.395136e+02      1.89            0.00            1.00013     0.00013       0.01  %   10000     
2.395656e+02      2.13            0.00            1.00026     0.00018       0.02  %   10000     
2.395746e+02      2.19            0.00            1.00039     0.00022       0.02  %   10000     
2.396356e+02      2.58            0.00            1.00039     0.00022       0.02  %   10000     
2.396429e+02      2.62            0.00            1.00039     0.00022       0.02  %   10000     
2.396844e+02      2.99            0.00            1.00013     0.00013       0.01  %   10000     
2.397039e+02      3.16            0.00            1.00039     0.00023       0.02  %   10000     
2.397338e+02      3.53            0.00            1.00026     0.00019       0.02  %   10000     
2.397649e+02      3.91            0.00            1.00013     0.00013       0.01  %   10000     
2.397777e+02      4.13            0.00            1.00120     0.00040       0.04  %   10000     
2.398210e+02      4.87            0.00            1.00054     0.00027       0.03  %   10000     
2.398216e+02      4.88            0.00            1.00081     0.00033       0.03  %   10000     
2.398643e+02      5.86            0.00            1.00027     0.00019       0.02  %   10000     
2.398698e+02      5.98            0.00            1.00082     0.00034       0.03  %   10000     
2.399070e+02      7.11            0.01            1.00083     0.00034       0.03  %   10000     
2.399186e+02      7.45            0.01            1.00070     0.00031       0.03  %   10000     
2.399497e+02      8.70            0.00            1.00028     0.00020       0.02  %   10000     
2.399715e+02      9.57            0.00            1.00043     0.00025       0.02  %   10000     
2.399966e+02      10.89           0.01            1.00129     0.00043       0.04  %   10000     
2.400271e+02      12.50           0.02            1.00131     0.00044       0.04  %   10000     
2.400460e+02      13.79           0.01            1.00087     0.00036       0.04  %   10000     
2.400786e+02      15.99           0.01            1.00089     0.00036       0.04  %   10000     
2.400991e+02      17.74           0.04            1.00207     0.00055       0.06  %   10000     
2.401371e+02      20.97           0.03            1.00135     0.00045       0.05  %   10000     
2.401576e+02      23.15           0.03            1.00135     0.00045       0.04  %   10000     
2.402152e+02      29.24           0.08            1.00275     0.00065       0.06  %   10000     
2.402240e+02      30.35           0.06            1.00199     0.00055       0.05  %   10000     
2.403294e+02      43.49           0.11            1.00250     0.00062       0.06  %   10000     
2.404514e+02      58.33           0.22            1.00381     0.00078       0.08  %   10000     
2.404709e+02      59.95           0.26            1.00431     0.00083       0.08  %   10000     
2.405216e+02      64.16           0.44            1.00688     0.00105       0.10  %   10000     
2.405489e+02      65.24           0.46            1.00710     0.00107       0.11  %   10000     
2.405883e+02      66.83           0.50            1.00742     0.00109       0.11  %   10000     
2.406114e+02      67.01           0.48            1.00712     0.00107       0.11  %   10000     
2.406302e+02      66.41           0.54            1.00816     0.00115       0.11  %   10000     
2.406415e+02      66.06           0.46            1.00703     0.00107       0.11  %   10000     
2.406953e+02      64.43           0.46            1.00721     0.00108       0.11  %   10000     
2.407187e+02      62.40           0.61            1.00975     0.00127       0.13  %   10000     
2.407890e+02      56.34           0.53            1.00948     0.00125       0.12  %   10000     
2.408046e+02      54.44           0.51            1.00937     0.00125       0.12  %   10000     
2.410134e+02      28.47           0.44            1.01535     0.00164       0.16  %   10000     
2.410505e+02      24.58           0.35            1.01437     0.00159       0.16  %   10000     
2.410817e+02      21.28           0.32            1.01501     0.00164       0.16  %   10000     
2.411286e+02      17.32           0.23            1.01302     0.00154       0.15  %   10000     
2.411472e+02      15.74           0.30            1.01883     0.00186       0.18  %   10000     
2.412015e+02      12.15           0.27            1.02204     0.00204       0.20  %   10000     
2.412023e+02      12.09           0.24            1.01956     0.00193       0.19  %   10000     
2.412506e+02      9.59            0.22            1.02245     0.00210       0.21  %   10000     
2.412701e+02      8.80            0.17            1.01940     0.00196       0.19  %   10000     
2.412994e+02      7.62            0.15            1.01977     0.00201       0.20  %   10000     
2.413311e+02      6.64            0.18            1.02641     0.00234       0.23  %   10000     
2.413481e+02      6.11            0.15            1.02419     0.00226       0.22  %   10000     
2.413969e+02      4.96            0.11            1.02316     0.00226       0.22  %   10000     
2.414042e+02      4.83            0.14            1.02969     0.00256       0.25  %   10000     
2.414555e+02      3.94            0.11            1.02869     0.00258       0.25  %   10000     
2.414896e+02      3.52            0.10            1.02755     0.00255       0.25  %   10000     
2.415165e+02      3.18            0.10            1.03044     0.00273       0.26  %   10000     
2.415775e+02      2.64            0.10            1.03688     0.00307       0.30  %   10000     
2.415872e+02      2.57            0.09            1.03388     0.00295       0.29  %   10000     
2.416507e+02      2.16            0.08            1.03668     0.00316       0.30  %   10000     
2.416974e+02      1.94            0.07            1.03590     0.00317       0.31  %   10000     
2.417360e+02      1.76            0.07            1.03758     0.00330       0.32  %   10000     
2.418369e+02      1.44            0.06            1.03859     0.00346       0.33  %   10000     
2.418455e+02      1.42            0.07            1.04719     0.00382       0.37  %   10000     
2.419565e+02      1.16            0.06            1.05344     0.00423       0.40  %   10000     
2.420264e+02      1.05            0.06            1.05482     0.00435       0.41  %   10000     
2.420960e+02      0.93            0.06            1.06115     0.00472       0.44  %   10000     
2.422362e+02      0.77            0.05            1.06048     0.00488       0.46  %   10000     
2.422409e+02      0.76            0.05            1.06031     0.00489       0.46  %   10000     
2.424159e+02      0.62            0.04            1.06949     0.00390       0.36  %   20000     
2.425159e+02      0.56            0.05            1.08222     0.00433       0.40  %   20000     
2.426128e+02      0.50            0.04            1.08081     0.00443       0.41  %   20000     
2.428389e+02      0.40            0.04            1.10156     0.00525       0.48  %   20000     
2.428692e+02      0.39            0.04            1.10064     0.00525       0.48  %   20000     
2.430738e+02      0.33            0.04            1.11491     0.00483       0.43  %   30000     
2.433615e+02      0.27            0.03            1.12850     0.00543       0.48  %   30000     
2.434690e+02      0.25            0.04            1.14226     0.00502       0.44  %   40000     
2.436903e+02      0.21            0.03            1.13927     0.00523       0.46  %   40000     
2.440269e+02      0.18            0.03            1.16783     0.00546       0.47  %   50000     
2.442085e+02      0.16            0.03            1.19652     0.00552       0.46  %   60000     
2.444196e+02      0.15            0.03            1.19749     0.00577       0.48  %   60000     
2.448764e+02      0.12            0.03            1.21892     0.00602       0.49  %   70000     
2.453587e+02      0.10            0.02            1.20210     0.00573       0.48  %   80000     
2.453814e+02      0.10            0.02            1.18678     0.00592       0.50  %   70000     
2.459826e+02      0.08            0.01            1.06218     0.00486       0.46  %   40000     
2.467043e+02      0.07            0.00            1.01467     0.00356       0.35  %   20000     
2.471854e+02      0.06            0.00            1.01549     0.00376       0.37  %   20000     
2.474260e+02      0.06            0.00            1.01419     0.00366       0.36  %   20000     
2.482051e+02      0.05            0.00            1.01228     0.00501       0.50  %   10000     
2.492822e+02      0.05            0.00            1.00865     0.00433       0.43  %   10000     
2.504734e+02      0.05            0.00            1.01084     0.00485       0.48  %   10000     
2.509786e+02      0.05            0.00            1.00638     0.00368       0.37  %   10000     
2.511259e+02      0.05            0.00            1.00212     0.00212       0.21  %   10000     
2.521049e+02      0.05            0.00            1.00198     0.00198       0.20  %   10000     
2.533077e+02      0.05            0.00            1.00000     0.00000       0.00  %   10000     
2.539788e+02      0.06            0.00            1.00152     0.00152       0.15  %   10000     
2.543144e+02      0.06            0.00            1.00418     0.00241       0.24  %   10000     
2.545381e+02      0.07            0.00            1.00383     0.00221       0.22  %   10000     
2.546780e+02      0.07            0.00            1.00000     0.00000       0.00  %   10000     
2.547619e+02      0.08            0.00            1.00323     0.00187       0.19  %   10000     
2.548458e+02      0.09            0.00            1.00096     0.00096       0.10  %   10000     
2.549204e+02      0.11            0.00            1.00248     0.00143       0.14  %   10000     
2.549827e+02      0.13            0.00            1.00000     0.00000       0.00  %   10000     
2.550357e+02      0.15            0.00            1.00000     0.00000       0.00  %   10000     
2.550450e+02      0.15            0.00            1.00000     0.00000       0.00  %   10000     
2.551151e+02      0.20            0.00            1.00147     0.00085       0.08  %   10000     
2.551937e+02      0.26            0.00            1.00039     0.00039       0.04  %   10000     
2.553234e+02      0.39            0.00            1.00029     0.00029       0.03  %   10000     
2.554341e+02      0.50            0.00            1.00050     0.00035       0.04  %   10000     
2.554579e+02      0.53            0.00            1.00049     0.00034       0.03  %   10000     
2.555451e+02      0.58            0.00            1.00000     0.00000       0.00  %   10000     
2.556032e+02      0.59            0.00            1.00091     0.00045       0.05  %   10000     
2.556809e+02      0.57            0.00            1.00046     0.00033       0.03  %   10000     
2.557245e+02      0.54            0.00            1.00024     0.00024       0.02  %   10000     
2.557556e+02      0.52            0.00            1.00000     0.00000       0.00  %   10000     
2.559051e+02      0.37            0.00            1.00030     0.00030       0.03  %   10000     
2.560129e+02      0.27            0.00            1.00187     0.00084       0.08  %   10000     
2.560944e+02      0.21            0.00            1.00183     0.00091       0.09  %   10000     
2.561567e+02      0.17            0.00            1.00265     0.00118       0.12  %   10000     
2.562190e+02      0.14            0.00            1.00242     0.00121       0.12  %   10000     
2.562968e+02      0.12            0.00            1.00207     0.00120       0.12  %   10000     
2.563752e+02      0.11            0.00            1.00076     0.00076       0.08  %   10000     
2.564536e+02      0.10            0.00            1.00398     0.00178       0.18  %   10000     
2.566080e+02      0.10            0.00            1.00411     0.00184       0.18  %   10000     
2.566591e+02      0.10            0.00            1.00082     0.00082       0.08  %   10000     
2.570166e+02      0.10            0.00            1.00231     0.00133       0.13  %   10000     
2.575272e+02      0.12            0.00            1.00395     0.00161       0.16  %   10000     
2.575274e+02      0.12            0.00            1.00197     0.00114       0.11  %   10000     
2.580382e+02      0.14            0.00            1.00054     0.00054       0.05  %   10000     
2.584691e+02      0.17            0.00            1.00180     0.00090       0.09  %   10000     
2.588527e+02      0.21            0.00            1.00076     0.00053       0.05  %   10000     
2.592264e+02      0.25            0.00            1.00094     0.00055       0.05  %   10000     
2.595193e+02      0.31            0.00            1.00054     0.00038       0.04  %   10000     
2.595648e+02      0.32            0.00            1.00079     0.00046       0.05  %   10000     
2.598164e+02      0.39            0.00            1.00235     0.00074       0.07  %   10000     
2.599179e+02      0.42            0.00            1.00067     0.00038       0.04  %   10000     
2.600757e+02      0.48            0.00            1.00062     0.00036       0.04  %   10000     
2.601489e+02      0.52            0.00            1.00140     0.00053       0.05  %   10000     
2.603068e+02      0.60            0.00            1.00057     0.00033       0.03  %   10000     
2.603800e+02      0.66            0.00            1.00018     0.00018       0.02  %   10000     
2.604843e+02      0.73            0.00            1.00089     0.00040       0.04  %   10000     
2.605340e+02      0.78            0.00            1.00087     0.00039       0.04  %   10000     
2.606452e+02      0.89            0.00            1.00068     0.00034       0.03  %   10000     
2.607134e+02      0.99            0.00            1.00050     0.00029       0.03  %   10000     
2.607987e+02      1.11            0.00            1.00033     0.00023       0.02  %   10000     
2.608499e+02      1.21            0.00            1.00065     0.00033       0.03  %   10000     
2.609352e+02      1.38            0.00            1.00049     0.00028       0.03  %   10000     
2.609694e+02      1.47            0.00            1.00016     0.00016       0.02  %   10000     
2.610547e+02      1.71            0.00            1.00033     0.00023       0.02  %   10000     
2.611400e+02      2.06            0.00            1.00082     0.00036       0.04  %   10000     
2.611571e+02      2.13            0.00            1.00066     0.00033       0.03  %   10000     
2.612117e+02      2.43            0.00            1.00049     0.00028       0.03  %   10000     
2.612389e+02      2.59            0.00            1.00133     0.00047       0.05  %   10000     
2.612799e+02      2.90            0.00            1.00033     0.00024       0.02  %   10000     
2.613072e+02      3.12            0.00            1.00101     0.00041       0.04  %   10000     
2.613413e+02      3.47            0.00            1.00068     0.00034       0.03  %   10000     
2.613755e+02      3.83            0.01            1.00206     0.00059       0.06  %   10000     
2.613942e+02      4.10            0.00            1.00069     0.00034       0.03  %   10000     
2.614411e+02      4.78            0.01            1.00123     0.00046       0.05  %   10000     
2.614505e+02      4.96            0.01            1.00105     0.00043       0.04  %   10000     
2.615068e+02      6.07            0.01            1.00143     0.00051       0.05  %   10000     
2.615597e+02      7.48            0.01            1.00109     0.00045       0.04  %   10000     
2.615666e+02      7.66            0.02            1.00238     0.00066       0.07  %   10000     
2.616143e+02      9.32            0.02            1.00222     0.00064       0.06  %   10000     
2.616280e+02      9.80            0.03            1.00262     0.00070       0.07  %   10000     
2.616689e+02      11.66           0.02            1.00151     0.00053       0.05  %   10000     
2.616962e+02      12.90           0.02            1.00153     0.00054       0.05  %   10000     
2.617303e+02      14.89           0.03            1.00192     0.00061       0.06  %   10000     
2.617686e+02      17.11           0.04            1.00215     0.00065       0.06  %   10000     
2.617993e+02      19.36           0.06            1.00313     0.00078       0.08  %   10000     
2.618641e+02      24.06           0.11            1.00440     0.00094       0.09  %   10000     
2.618901e+02      26.20           0.13            1.00500     0.00100       0.10  %   10000     
2.620716e+02      40.87           0.33            1.00804     0.00129       0.13  %   10000     
2.621044e+02      42.68           0.30            1.00710     0.00122       0.12  %   10000     
2.621699e+02      46.33           0.44            1.00943     0.00140       0.14  %   10000     
2.621917e+02      46.75           0.43            1.00910     0.00138       0.14  %   10000     
2.622625e+02      48.15           0.48            1.00998     0.00145       0.14  %   10000     
2.622790e+02      47.90           0.48            1.01005     0.00146       0.14  %   10000     
2.622913e+02      47.72           0.61            1.01287     0.00166       0.16  %   10000     
2.623272e+02      47.22           0.66            1.01392     0.00172       0.17  %   10000     
2.623746e+02      45.18           0.58            1.01282     0.00166       0.16  %   10000     
2.624019e+02      44.03           0.51            1.01150     0.00157       0.16  %   10000     
2.624702e+02      39.21           0.41            1.01041     0.00151       0.15  %   10000     
2.625193e+02      35.73           0.55            1.01552     0.00185       0.18  %   10000     
2.626913e+02      21.64           0.37            1.01728     0.00200       0.20  %   10000     
2.627268e+02      19.23           0.38            1.01991     0.00215       0.21  %   10000     
2.627800e+02      15.60           0.33            1.02099     0.00224       0.22  %   10000     
2.628087e+02      14.05           0.32            1.02251     0.00232       0.23  %   10000     
2.628483e+02      11.91           0.28            1.02366     0.00242       0.24  %   10000     
2.628906e+02      10.13           0.21            1.02038     0.00225       0.22  %   10000     
2.629165e+02      9.04            0.20            1.02164     0.00235       0.23  %   10000     
2.629588e+02      7.69            0.21            1.02669     0.00263       0.26  %   10000     
2.629780e+02      7.08            0.20            1.02831     0.00273       0.27  %   10000     
2.630348e+02      5.73            0.16            1.02859     0.00279       0.27  %   10000     
2.630433e+02      5.52            0.18            1.03195     0.00296       0.29  %   10000     
2.631036e+02      4.46            0.14            1.03237     0.00304       0.29  %   10000     
2.631094e+02      4.38            0.16            1.03673     0.00324       0.31  %   10000     
2.631704e+02      3.58            0.11            1.03159     0.00308       0.30  %   10000     
2.632011e+02      3.29            0.11            1.03434     0.00323       0.31  %   10000     
2.632387e+02      2.93            0.09            1.03083     0.00312       0.30  %   10000     
2.633035e+02      2.49            0.12            1.04627     0.00387       0.37  %   10000     
2.633206e+02      2.37            0.09            1.03642     0.00347       0.33  %   10000     
2.634161e+02      1.91            0.09            1.04491     0.00396       0.38  %   10000     
2.634230e+02      1.88            0.09            1.04532     0.00398       0.38  %   10000     
2.635185e+02      1.56            0.08            1.05232     0.00441       0.42  %   10000     
2.635595e+02      1.46            0.07            1.04460     0.00410       0.39  %   10000     
2.636379e+02      1.27            0.07            1.05311     0.00459       0.44  %   10000     
2.637301e+02      1.11            0.06            1.05052     0.00457       0.43  %   10000     
2.637744e+02      1.03            0.05            1.04789     0.00452       0.43  %   10000     
2.639204e+02      0.84            0.05            1.05467     0.00500       0.47  %   10000     
2.639426e+02      0.82            0.05            1.06009     0.00526       0.50  %   10000     
2.641059e+02      0.68            0.05            1.07175     0.00424       0.40  %   20000     
2.642432e+02      0.59            0.04            1.07127     0.00433       0.40  %   20000     
2.643179e+02      0.54            0.04            1.08040     0.00470       0.44  %   20000     
2.645484e+02      0.44            0.04            1.08394     0.00505       0.47  %   20000     
2.645894e+02      0.42            0.04            1.08357     0.00506       0.47  %   20000     
2.648117e+02      0.35            0.04            1.09938     0.00473       0.43  %   30000     
2.649977e+02      0.31            0.03            1.10878     0.00510       0.46  %   30000     
2.650871e+02      0.29            0.03            1.10439     0.00510       0.46  %   30000     
2.654105e+02      0.24            0.03            1.12995     0.00521       0.46  %   40000     
2.655858e+02      0.22            0.03            1.12872     0.00531       0.47  %   40000     
2.657482e+02      0.20            0.03            1.14415     0.00518       0.45  %   50000     
2.661976e+02      0.16            0.03            1.16562     0.00539       0.46  %   60000     
2.663185e+02      0.15            0.02            1.15851     0.00533       0.46  %   60000     
2.667065e+02      0.13            0.02            1.17814     0.00552       0.47  %   70000     
2.672702e+02      0.11            0.02            1.17756     0.00583       0.50  %   70000     
2.673435e+02      0.11            0.02            1.16664     0.00568       0.49  %   70000     
2.678339e+02      0.09            0.01            1.09715     0.00539       0.49  %   50000     
2.686065e+02      0.08            0.00            1.02153     0.00422       0.41  %   20000     
2.688410e+02      0.08            0.00            1.01341     0.00474       0.47  %   10000     
2.694836e+02      0.07            0.00            1.01240     0.00469       0.46  %   10000     
2.703607e+02      0.06            0.00            1.00179     0.00179       0.18  %   10000     
2.705585e+02      0.06            0.00            1.00886     0.00396       0.39  %   10000     
2.710240e+02      0.07            0.00            1.00340     0.00240       0.24  %   10000     
2.714895e+02      0.07            0.00            1.00312     0.00221       0.22  %   10000     
2.718386e+02      0.08            0.00            1.00562     0.00281       0.28  %   10000     
2.721296e+02      0.09            0.00            1.00492     0.00246       0.24  %   10000     
2.723623e+02      0.10            0.00            1.00212     0.00150       0.15  %   10000     
2.725270e+02      0.12            0.00            1.00092     0.00092       0.09  %   10000     
2.726601e+02      0.14            0.00            1.00079     0.00079       0.08  %   10000     
2.727219e+02      0.15            0.00            1.00289     0.00144       0.14  %   10000     
2.727666e+02      0.16            0.00            1.00203     0.00117       0.12  %   10000     
2.728464e+02      0.19            0.00            1.00058     0.00058       0.06  %   10000     
2.729180e+02      0.23            0.00            1.00149     0.00086       0.09  %   10000     
2.729737e+02      0.27            0.00            1.00086     0.00061       0.06  %   10000     
2.730294e+02      0.34            0.00            1.00037     0.00037       0.04  %   10000     
2.730771e+02      0.41            0.00            1.00063     0.00045       0.04  %   10000     
2.731245e+02      0.52            0.00            1.00054     0.00038       0.04  %   10000     
2.731717e+02      0.65            0.00            1.00023     0.00023       0.02  %   10000     
2.732189e+02      0.83            0.00            1.00021     0.00021       0.02  %   10000     
2.732661e+02      1.07            0.00            1.00018     0.00018       0.02  %   10000     
2.732897e+02      1.22            0.00            1.00069     0.00034       0.03  %   10000     
2.733211e+02      1.42            0.00            1.00016     0.00016       0.02  %   10000     
2.733809e+02      1.90            0.00            1.00015     0.00015       0.01  %   10000     
2.734174e+02      2.27            0.00            1.00028     0.00020       0.02  %   10000     
2.734517e+02      2.62            0.00            1.00000     0.00000       0.00  %   10000     
2.735577e+02      3.94            0.00            1.00025     0.00018       0.02  %   10000     
2.735778e+02      4.19            0.00            1.00012     0.00012       0.01  %   10000     
2.736986e+02      5.66            0.00            1.00012     0.00012       0.01  %   10000     
2.737842e+02      6.35            0.00            1.00012     0.00012       0.01  %   10000     
2.738621e+02      6.58            0.00            1.00035     0.00020       0.02  %   10000     
2.739113e+02      6.43            0.00            1.00048     0.00024       0.02  %   10000     
2.739415e+02      6.34            0.00            1.00048     0.00024       0.02  %   10000     
2.740220e+02      5.69            0.00            1.00012     0.00012       0.01  %   10000     
2.740572e+02      5.26            0.00            1.00062     0.00028       0.03  %   10000     
2.741554e+02      4.07            0.00            1.00065     0.00029       0.03  %   10000     
2.742334e+02      3.10            0.00            1.00056     0.00028       0.03  %   10000     
2.742710e+02      2.64            0.00            1.00132     0.00044       0.04  %   10000     
2.743435e+02      1.90            0.00            1.00146     0.00049       0.05  %   10000     
2.744064e+02      1.39            0.00            1.00238     0.00066       0.07  %   10000     
2.744615e+02      1.05            0.00            1.00332     0.00083       0.08  %   10000     
2.745086e+02      0.82            0.00            1.00259     0.00078       0.08  %   10000     
2.745558e+02      0.64            0.00            1.00458     0.00111       0.11  %   10000     
2.746014e+02      0.51            0.00            1.00338     0.00102       0.10  %   10000     
2.746076e+02      0.50            0.00            1.00377     0.00109       0.11  %   10000     
2.746589e+02      0.39            0.00            1.00885     0.00180       0.18  %   10000     
2.747101e+02      0.32            0.00            1.00730     0.00177       0.18  %   10000     
2.747687e+02      0.26            0.00            1.01156     0.00241       0.24  %   10000     
2.748233e+02      0.22            0.00            1.01827     0.00323       0.32  %   10000     
2.748867e+02      0.18            0.00            1.01747     0.00336       0.33  %   10000     
2.749008e+02      0.18            0.00            1.01188     0.00280       0.28  %   10000     
2.749755e+02      0.15            0.00            1.01799     0.00367       0.36  %   10000     
2.750769e+02      0.13            0.00            1.02308     0.00444       0.43  %   10000     
2.752036e+02      0.11            0.00            1.02717     0.00363       0.35  %   20000     
2.753717e+02      0.10            0.00            1.02311     0.00504       0.49  %   10000     
2.755957e+02      0.08            0.00            1.03534     0.00467       0.45  %   20000     
2.757207e+02      0.08            0.00            1.03490     0.00474       0.46  %   20000     
2.758758e+02      0.07            0.00            1.04173     0.00437       0.42  %   30000     
2.762102e+02      0.07            0.00            1.05179     0.00507       0.48  %   30000     
2.767624e+02      0.06            0.00            1.04589     0.00494       0.47  %   30000     
2.774250e+02      0.06            0.00            1.04938     0.00448       0.43  %   40000     
2.778667e+02      0.06            0.00            1.04361     0.00484       0.46  %   30000     
2.788441e+02      0.06            0.00            1.03947     0.00446       0.43  %   30000     
2.798214e+02      0.06            0.00            1.00136     0.00136       0.14  %   10000     
2.803420e+02      0.06            0.00            1.00258     0.00183       0.18  %   10000     
2.816433e+02      0.07            0.00            1.00215     0.00152       0.15  %   10000     
2.829073e+02      0.09            0.00            1.00173     0.00123       0.12  %   10000     
2.839109e+02      0.10            0.00            1.00429     0.00175       0.17  %   10000     
2.849426e+02      0.12            0.00            1.00057     0.00057       0.06  %   10000     
2.858453e+02      0.15            0.00            1.00232     0.00104       0.10  %   10000     
2.864198e+02      0.17            0.00            1.00201     0.00090       0.09  %   10000     
2.866840e+02      0.18            0.00            1.00114     0.00066       0.07  %   10000     
2.873109e+02      0.22            0.00            1.00130     0.00065       0.07  %   10000     
2.873937e+02      0.23            0.00            1.00032     0.00032       0.03  %   10000     
2.877564e+02      0.26            0.00            1.00000     0.00000       0.00  %   10000     
2.880599e+02      0.28            0.00            1.00140     0.00062       0.06  %   10000     
2.885153e+02      0.34            0.00            1.00255     0.00081       0.08  %   10000     
2.886006e+02      0.35            0.00            1.00051     0.00036       0.04  %   10000     
2.889706e+02      0.41            0.00            1.00071     0.00041       0.04  %   10000     
2.891239e+02      0.43            0.00            1.00094     0.00047       0.05  %   10000     
2.893853e+02      0.49            0.00            1.00091     0.00046       0.05  %   10000     
2.895906e+02      0.54            0.00            1.00113     0.00051       0.05  %   10000     
2.897309e+02      0.59            0.00            1.00089     0.00045       0.04  %   10000     
2.899923e+02      0.67            0.00            1.00135     0.00055       0.05  %   10000     
2.900765e+02      0.71            0.00            1.00156     0.00059       0.06  %   10000     
2.903437e+02      0.83            0.00            1.00045     0.00032       0.03  %   10000     
2.903552e+02      0.84            0.00            1.00045     0.00032       0.03  %   10000     
2.906109e+02      1.00            0.00            1.00091     0.00046       0.05  %   10000     
2.906750e+02      1.04            0.00            1.00185     0.00065       0.07  %   10000     
2.908526e+02      1.20            0.00            1.00140     0.00057       0.06  %   10000     
2.909506e+02      1.28            0.00            1.00190     0.00067       0.07  %   10000     
2.910731e+02      1.44            0.00            1.00287     0.00083       0.08  %   10000     
2.912017e+02      1.59            0.00            1.00246     0.00078       0.08  %   10000     
2.912752e+02      1.72            0.00            1.00123     0.00055       0.06  %   10000     
2.914222e+02      1.97            0.01            1.00458     0.00108       0.11  %   10000     
2.914467e+02      2.03            0.01            1.00280     0.00084       0.08  %   10000     
2.916121e+02      2.42            0.00            1.00184     0.00069       0.07  %   10000     
2.916182e+02      2.43            0.01            1.00316     0.00091       0.09  %   10000     
2.917590e+02      2.89            0.01            1.00216     0.00076       0.08  %   10000     
2.917897e+02      2.99            0.01            1.00437     0.00109       0.11  %   10000     
2.918953e+02      3.47            0.01            1.00277     0.00087       0.09  %   10000     
2.919538e+02      3.73            0.01            1.00369     0.00102       0.10  %   10000     
2.920252e+02      4.19            0.02            1.00370     0.00103       0.10  %   10000     
2.920935e+02      4.62            0.02            1.00410     0.00109       0.11  %   10000     
2.921351e+02      4.99            0.03            1.00585     0.00131       0.13  %   10000     
2.922160e+02      5.70            0.02            1.00391     0.00109       0.11  %   10000     
2.922331e+02      5.91            0.05            1.00782     0.00153       0.15  %   10000     
2.923262e+02      7.05            0.04            1.00619     0.00138       0.14  %   10000     
2.923311e+02      7.13            0.06            1.00803     0.00157       0.16  %   10000     
2.924168e+02      8.57            0.05            1.00632     0.00141       0.14  %   10000     
2.924242e+02      8.69            0.08            1.00890     0.00168       0.17  %   10000     
2.924989e+02      10.42           0.06            1.00613     0.00140       0.14  %   10000     
2.925222e+02      10.96           0.12            1.01114     0.00191       0.19  %   10000     
2.925761e+02      12.66           0.10            1.00790     0.00161       0.16  %   10000     
2.926079e+02      13.65           0.16            1.01175     0.00198       0.20  %   10000     
2.926520e+02      15.50           0.16            1.01041     0.00187       0.18  %   10000     
2.926925e+02      17.17           0.18            1.01031     0.00188       0.19  %   10000     
2.927304e+02      19.24           0.23            1.01199     0.00202       0.20  %   10000     
2.927806e+02      21.94           0.23            1.01054     0.00192       0.19  %   10000     
2.928162e+02      24.45           0.31            1.01259     0.00209       0.21  %   10000     
2.928836e+02      29.08           0.44            1.01508     0.00232       0.23  %   10000     
2.929105e+02      31.45           0.42            1.01323     0.00217       0.21  %   10000     
2.930097e+02      39.88           0.80            1.02018     0.00271       0.27  %   10000     
2.930244e+02      41.25           0.67            1.01615     0.00243       0.24  %   10000     
2.932302e+02      59.41           1.41            1.02380     0.00299       0.29  %   10000     
2.932498e+02      60.52           1.64            1.02705     0.00320       0.31  %   10000     
2.933478e+02      66.25           2.51            1.03791     0.00379       0.37  %   10000     
2.933674e+02      66.57           2.34            1.03521     0.00367       0.35  %   10000     
2.934561e+02      68.35           2.02            1.02953     0.00337       0.33  %   10000     
2.934669e+02      68.09           2.79            1.04104     0.00398       0.38  %   10000     
2.935576e+02      66.27           2.89            1.04367     0.00412       0.39  %   10000     
2.935683e+02      65.62           2.65            1.04037     0.00398       0.38  %   10000     
2.936712e+02      59.69           2.97            1.04967     0.00443       0.42  %   10000     
2.936761e+02      59.42           2.81            1.04721     0.00432       0.41  %   10000     
2.938745e+02      42.32           1.95            1.04603     0.00433       0.41  %   10000     
2.939750e+02      33.11           1.85            1.05598     0.00484       0.46  %   10000     
2.940289e+02      29.03           1.83            1.06305     0.00513       0.48  %   10000     
2.940779e+02      25.21           1.65            1.06542     0.00528       0.50  %   10000     
2.941293e+02      22.05           1.56            1.07088     0.00389       0.36  %   20000     
2.941661e+02      19.75           1.43            1.07267     0.00398       0.37  %   20000     
2.942273e+02      16.80           1.17            1.06985     0.00391       0.37  %   20000     
2.942543e+02      15.48           1.15            1.07415     0.00407       0.38  %   20000     
2.943253e+02      12.88           0.94            1.07267     0.00405       0.38  %   20000     
2.943400e+02      12.34           1.04            1.08465     0.00439       0.40  %   20000     
2.944233e+02      10.04           0.89            1.08854     0.00454       0.42  %   20000     
2.944258e+02      9.97            0.74            1.07425     0.00416       0.39  %   20000     
2.945238e+02      7.97            0.73            1.09150     0.00469       0.43  %   20000     
2.945336e+02      7.83            0.72            1.09156     0.00468       0.43  %   20000     
2.946340e+02      6.36            0.57            1.08960     0.00472       0.43  %   20000     
2.946560e+02      6.12            0.60            1.09749     0.00491       0.45  %   20000     
2.947443e+02      5.19            0.54            1.10421     0.00517       0.47  %   20000     
2.947785e+02      4.93            0.47            1.09505     0.00494       0.45  %   20000     
2.948651e+02      4.26            0.42            1.09873     0.00512       0.47  %   20000     
2.949294e+02      3.89            0.41            1.10539     0.00530       0.48  %   20000     
2.950020e+02      3.48            0.35            1.10067     0.00527       0.48  %   20000     
2.950993e+02      3.08            0.33            1.10590     0.00543       0.49  %   20000     
2.951617e+02      2.82            0.31            1.10877     0.00456       0.41  %   30000     
2.953259e+02      2.33            0.29            1.12621     0.00499       0.44  %   30000     
2.953451e+02      2.28            0.30            1.13045     0.00509       0.45  %   30000     
2.955380e+02      1.86            0.23            1.12550     0.00512       0.45  %   30000     
2.957708e+02      1.49            0.21            1.13919     0.00555       0.49  %   30000     
2.958442e+02      1.41            0.20            1.14338     0.00565       0.49  %   30000     
2.960158e+02      1.22            0.18            1.14649     0.00509       0.44  %   40000     
2.962117e+02      1.06            0.17            1.15880     0.00537       0.46  %   40000     
2.963118e+02      0.97            0.15            1.15760     0.00545       0.47  %   40000     
2.966156e+02      0.79            0.13            1.16834     0.00581       0.50  %   40000     
2.966257e+02      0.79            0.14            1.17307     0.00527       0.45  %   50000     
2.969854e+02      0.64            0.12            1.18431     0.00566       0.48  %   50000     
2.970628e+02      0.61            0.11            1.18576     0.00571       0.48  %   50000     
2.973927e+02      0.51            0.10            1.19063     0.00550       0.46  %   60000     
2.976908e+02      0.45            0.10            1.21517     0.00596       0.49  %   60000     
2.978408e+02      0.41            0.09            1.22058     0.00571       0.47  %   70000     
2.983568e+02      0.33            0.08            1.23165     0.00614       0.50  %   70000     
2.984546e+02      0.32            0.07            1.23116     0.00576       0.47  %   80000     
2.989334e+02      0.27            0.06            1.23435     0.00609       0.49  %   80000     
2.992664e+02      0.24            0.05            1.19938     0.00574       0.48  %   80000     
2.996109e+02      0.21            0.03            1.15418     0.00561       0.49  %   70000     
3.003424e+02      0.17            0.01            1.06992     0.00474       0.44  %   50000     
3.004616e+02      0.17            0.01            1.06187     0.00501       0.47  %   40000     
3.011638e+02      0.14            0.00            1.03279     0.00446       0.43  %   30000     
3.020306e+02      0.11            0.00            1.02323     0.00484       0.47  %   20000     
3.020671e+02      0.11            0.00            1.02440     0.00406       0.40  %   30000     
3.031067e+02      0.09            0.00            1.01390     0.00401       0.40  %   20000     
3.041759e+02      0.08            0.00            1.00513     0.00363       0.36  %   10000     
3.042355e+02      0.08            0.00            1.01423     0.00429       0.42  %   20000     
3.056725e+02      0.06            0.00            1.01784     0.00420       0.41  %   30000     
3.072310e+02      0.05            0.00            1.00332     0.00332       0.33  %   10000     
3.074303e+02      0.05            0.00            1.00669     0.00473       0.47  %   10000     
3.087640e+02      0.04            0.00            1.01221     0.00386       0.38  %   30000     
3.105056e+02      0.04            0.00            1.00397     0.00397       0.40  %   10000     
3.122277e+02      0.04            0.00            1.00413     0.00413       0.41  %   10000     
3.124044e+02      0.03            0.00            1.00000     0.00000       0.00  %   10000     
3.147804e+02      0.03            0.00            1.00423     0.00423       0.42  %   10000     
3.158382e+02      0.03            0.00            1.01043     0.00466       0.46  %   20000     
3.177715e+02      0.03            0.00            1.00000     0.00000       0.00  %   10000     
3.196542e+02      0.04            0.00            1.00339     0.00339       0.34  %   10000     
3.208924e+02      0.04            0.00            1.00296     0.00296       0.30  %   10000     
3.220367e+02      0.05            0.00            1.00501     0.00354       0.35  %   10000     
3.223306e+02      0.05            0.00            1.00000     0.00000       0.00  %   10000     
3.230380e+02      0.05            0.00            1.00409     0.00289       0.29  %   10000     
3.238399e+02      0.06            0.00            1.00167     0.00167       0.17  %   10000     
3.244987e+02      0.08            0.00            1.00137     0.00137       0.14  %   10000     
3.245319e+02      0.08            0.00            1.00135     0.00135       0.14  %   10000     
3.250708e+02      0.09            0.00            1.00111     0.00111       0.11  %   10000     
3.256019e+02      0.11            0.00            1.00176     0.00125       0.12  %   10000     
3.257167e+02      0.12            0.00            1.00083     0.00083       0.08  %   10000     
3.260481e+02      0.14            0.00            1.00211     0.00122       0.12  %   10000     
3.264304e+02      0.17            0.00            1.00113     0.00080       0.08  %   10000     
3.266814e+02      0.20            0.00            1.00000     0.00000       0.00  %   10000     
3.267648e+02      0.21            0.00            1.00045     0.00045       0.05  %   10000     
3.270608e+02      0.25            0.00            1.00073     0.00051       0.05  %   10000     
3.273197e+02      0.31            0.00            1.00089     0.00051       0.05  %   10000     
3.273417e+02      0.32            0.00            1.00000     0.00000       0.00  %   10000     
3.275285e+02      0.38            0.00            1.00099     0.00049       0.05  %   10000     
3.277004e+02      0.46            0.00            1.00064     0.00037       0.04  %   10000     
3.278343e+02      0.55            0.00            1.00000     0.00000       0.00  %   10000     
3.278585e+02      0.56            0.00            1.00055     0.00032       0.03  %   10000     
3.279892e+02      0.68            0.00            1.00016     0.00016       0.02  %   10000     
3.280981e+02      0.82            0.00            1.00074     0.00033       0.03  %   10000     
3.281940e+02      0.99            0.00            1.00027     0.00019       0.02  %   10000     
3.282240e+02      1.06            0.00            1.00013     0.00013       0.01  %   10000     
3.282703e+02      1.17            0.00            1.00026     0.00018       0.02  %   10000     
3.283232e+02      1.36            0.00            1.00000     0.00000       0.00  %   10000     
3.283467e+02      1.44            0.00            1.00000     0.00000       0.00  %   10000     
3.283894e+02      1.64            0.00            1.00024     0.00017       0.02  %   10000     
3.284077e+02      1.73            0.00            1.00012     0.00012       0.01  %   10000     
3.284352e+02      1.91            0.00            1.00024     0.00017       0.02  %   10000     
3.284649e+02      2.10            0.00            1.00024     0.00017       0.02  %   10000     
3.284809e+02      2.25            0.00            1.00000     0.00000       0.00  %   10000     
3.285221e+02      2.61            0.00            1.00023     0.00017       0.02  %   10000     
3.285267e+02      2.66            0.00            1.00012     0.00012       0.01  %   10000     
3.285724e+02      3.21            0.00            1.00023     0.00017       0.02  %   10000     
3.285793e+02      3.29            0.00            1.00012     0.00012       0.01  %   10000     
3.286182e+02      3.90            0.00            1.00000     0.00000       0.00  %   10000     
3.286319e+02      4.11            0.00            1.00000     0.00000       0.00  %   10000     
3.286639e+02      4.78            0.00            1.00059     0.00026       0.03  %   10000     
3.286937e+02      5.39            0.00            1.00048     0.00024       0.02  %   10000     
3.287097e+02      5.83            0.00            1.00012     0.00012       0.01  %   10000     
3.287554e+02      7.07            0.00            1.00036     0.00021       0.02  %   10000     
3.288071e+02      8.88            0.01            1.00061     0.00027       0.03  %   10000     
3.288203e+02      9.33            0.00            1.00037     0.00021       0.02  %   10000     
3.288639e+02      11.25           0.01            1.00074     0.00030       0.03  %   10000     
3.288982e+02      12.76           0.00            1.00025     0.00018       0.02  %   10000     
3.289238e+02      14.15           0.00            1.00012     0.00012       0.01  %   10000     
3.290025e+02      18.42           0.02            1.00127     0.00040       0.04  %   10000     
3.290080e+02      18.72           0.00            1.00013     0.00013       0.01  %   10000     
3.291818e+02      28.76           0.03            1.00105     0.00037       0.04  %   10000     
3.292550e+02      31.77           0.05            1.00146     0.00044       0.04  %   10000     
3.292843e+02      32.98           0.04            1.00133     0.00042       0.04  %   10000     
3.293484e+02      34.01           0.06            1.00175     0.00049       0.05  %   10000     
3.293809e+02      34.55           0.04            1.00121     0.00040       0.04  %   10000     
3.293875e+02      34.55           0.04            1.00121     0.00040       0.04  %   10000     
3.294247e+02      34.06           0.07            1.00218     0.00054       0.05  %   10000     
3.294509e+02      33.71           0.04            1.00123     0.00041       0.04  %   10000     
3.294801e+02      33.33           0.08            1.00233     0.00056       0.06  %   10000     
3.295314e+02      31.44           0.09            1.00291     0.00064       0.06  %   10000     
3.295716e+02      29.96           0.08            1.00278     0.00062       0.06  %   10000     
3.296339e+02      26.62           0.06            1.00227     0.00057       0.06  %   10000     
3.298284e+02      16.10           0.06            1.00387     0.00076       0.08  %   10000     
3.298974e+02      13.06           0.06            1.00484     0.00085       0.09  %   10000     
3.299065e+02      12.66           0.07            1.00517     0.00089       0.09  %   10000     
3.299725e+02      10.48           0.05            1.00496     0.00088       0.09  %   10000     
3.299907e+02      10.07           0.06            1.00558     0.00093       0.09  %   10000     
3.300273e+02      9.25            0.05            1.00565     0.00094       0.09  %   10000     
3.300593e+02      8.80            0.06            1.00675     0.00103       0.10  %   10000     
3.300731e+02      8.62            0.07            1.00757     0.00109       0.11  %   10000     
3.301280e+02      8.36            0.06            1.00723     0.00106       0.11  %   10000     
3.301325e+02      8.34            0.06            1.00693     0.00104       0.10  %   10000     
3.301508e+02      8.42            0.05            1.00565     0.00094       0.09  %   10000     
3.301783e+02      8.53            0.06            1.00738     0.00107       0.11  %   10000     
3.302176e+02      9.03            0.06            1.00683     0.00103       0.10  %   10000     
3.302376e+02      9.29            0.06            1.00668     0.00102       0.10  %   10000     
3.302860e+02      10.35           0.05            1.00521     0.00089       0.09  %   10000     
3.303052e+02      10.77           0.08            1.00706     0.00104       0.10  %   10000     
3.303648e+02      12.67           0.08            1.00636     0.00098       0.10  %   10000     
3.303994e+02      13.76           0.09            1.00638     0.00098       0.10  %   10000     
3.304724e+02      16.53           0.09            1.00544     0.00090       0.09  %   10000     
3.306243e+02      22.23           0.13            1.00575     0.00093       0.09  %   10000     
3.306627e+02      23.19           0.16            1.00701     0.00103       0.10  %   10000     
3.307165e+02      24.52           0.20            1.00824     0.00112       0.11  %   10000     
3.307626e+02      24.91           0.17            1.00694     0.00103       0.10  %   10000     
3.308017e+02      25.25           0.27            1.01063     0.00128       0.13  %   10000     
3.308645e+02      24.71           0.17            1.00672     0.00102       0.10  %   10000     
3.308798e+02      24.58           0.19            1.00781     0.00110       0.11  %   10000     
3.309490e+02      22.87           0.24            1.01064     0.00130       0.13  %   10000     
3.309721e+02      22.30           0.27            1.01209     0.00138       0.14  %   10000     
3.310567e+02      18.99           0.23            1.01226     0.00141       0.14  %   10000     
3.311162e+02      16.66           0.14            1.00862     0.00119       0.12  %   10000     
3.312604e+02      10.68           0.15            1.01422     0.00158       0.16  %   10000     
3.313257e+02      8.44            0.11            1.01252     0.00151       0.15  %   10000     
3.313484e+02      7.66            0.11            1.01487     0.00167       0.16  %   10000     
3.314151e+02      5.84            0.11            1.01892     0.00193       0.19  %   10000     
3.314265e+02      5.59            0.10            1.01845     0.00191       0.19  %   10000     
3.314799e+02      4.44            0.08            1.01796     0.00195       0.19  %   10000     
3.315304e+02      3.61            0.08            1.02113     0.00217       0.21  %   10000     
3.315448e+02      3.38            0.07            1.02051     0.00216       0.21  %   10000     
3.316061e+02      2.63            0.07            1.02705     0.00259       0.25  %   10000     
3.316265e+02      2.44            0.06            1.02354     0.00244       0.24  %   10000     
3.316601e+02      2.13            0.07            1.03388     0.00301       0.29  %   10000     
3.317202e+02      1.71            0.06            1.03223     0.00307       0.30  %   10000     
3.317466e+02      1.58            0.05            1.02982     0.00300       0.29  %   10000     
3.317802e+02      1.41            0.05            1.03735     0.00345       0.33  %   10000     
3.318523e+02      1.14            0.06            1.04890     0.00413       0.39  %   10000     
3.318667e+02      1.11            0.05            1.04881     0.00416       0.40  %   10000     
3.319364e+02      0.93            0.05            1.04927     0.00438       0.42  %   10000     
3.320208e+02      0.78            0.05            1.06096     0.00508       0.48  %   10000     
3.320313e+02      0.76            0.05            1.06360     0.00523       0.49  %   10000     
3.321491e+02      0.62            0.04            1.07144     0.00415       0.39  %   20000     
3.322328e+02      0.55            0.04            1.08032     0.00453       0.42  %   20000     
3.322865e+02      0.51            0.04            1.08700     0.00485       0.45  %   20000     
3.324558e+02      0.41            0.04            1.10048     0.00454       0.41  %   30000     
3.326336e+02      0.34            0.04            1.11414     0.00511       0.46  %   30000     
3.326534e+02      0.34            0.04            1.11604     0.00519       0.47  %   30000     
3.328790e+02      0.27            0.03            1.12805     0.00507       0.45  %   40000     
3.331256e+02      0.22            0.03            1.14318     0.00571       0.50  %   40000     
3.331314e+02      0.22            0.04            1.15750     0.00536       0.46  %   50000     
3.334382e+02      0.18            0.03            1.18145     0.00568       0.48  %   60000     
3.338022e+02      0.15            0.03            1.20846     0.00569       0.47  %   80000     
3.340178e+02      0.13            0.03            1.22268     0.00610       0.50  %   80000     
3.341783e+02      0.12            0.03            1.25416     0.00603       0.48  %   100000    
3.346242e+02      0.10            0.03            1.29170     0.00697       0.54  %   100000    
3.351445e+02      0.08            0.03            1.33551     0.00804       0.60  %   100000    
3.353680e+02      0.08            0.03            1.34781     0.00838       0.62  %   100000    
3.357792e+02      0.07            0.02            1.36762     0.00911       0.67  %   100000    
3.365266e+02      0.06            0.01            1.25997     0.00832       0.66  %   100000    
3.372966e+02      0.05            0.01            1.18862     0.00756       0.64  %   100000    
3.379836e+02      0.04            0.00            1.06049     0.00500       0.47  %   80000     
3.381713e+02      0.04            0.00            1.05021     0.00494       0.47  %   70000     
3.393581e+02      0.03            0.00            1.01162     0.00474       0.47  %   20000     
3.402943e+02      0.03            0.00            1.01038     0.00464       0.46  %   20000     
3.415426e+02      0.03            0.00            1.00441     0.00441       0.44  %   10000     
3.426357e+02      0.03            0.00            1.00448     0.00317       0.32  %   20000     
3.431823e+02      0.03            0.00            1.00453     0.00320       0.32  %   20000     
3.443708e+02      0.03            0.00            1.00000     0.00000       0.00  %   10000     
3.460935e+02      0.03            0.00            1.00419     0.00419       0.42  %   10000     
3.472968e+02      0.03            0.00            1.00383     0.00383       0.38  %   10000     
3.485549e+02      0.03            0.00            1.00332     0.00332       0.33  %   10000     
3.491840e+02      0.04            0.00            1.00300     0.00300       0.30  %   10000     
3.494265e+02      0.04            0.00            1.00287     0.00287       0.29  %   10000     
3.502753e+02      0.04            0.00            1.00475     0.00336       0.33  %   10000     
3.508816e+02      0.05            0.00            1.00400     0.00283       0.28  %   10000     
3.514161e+02      0.06            0.00            1.00000     0.00000       0.00  %   10000     
3.517994e+02      0.07            0.00            1.00286     0.00202       0.20  %   10000     
3.519271e+02      0.07            0.00            1.00000     0.00000       0.00  %   10000     
3.523381e+02      0.09            0.00            1.00110     0.00110       0.11  %   10000     
3.527053e+02      0.11            0.00            1.00000     0.00000       0.00  %   10000     
3.529790e+02      0.13            0.00            1.00148     0.00104       0.10  %   10000     
3.530267e+02      0.13            0.00            1.00000     0.00000       0.00  %   10000     
3.532755e+02      0.16            0.00            1.00000     0.00000       0.00  %   10000     
3.534887e+02      0.20            0.00            1.00098     0.00069       0.07  %   10000     
3.536720e+02      0.24            0.00            1.00000     0.00000       0.00  %   10000     
3.536938e+02      0.24            0.00            1.00000     0.00000       0.00  %   10000     
3.538661e+02      0.30            0.00            1.00000     0.00000       0.00  %   10000     
3.540088e+02      0.36            0.00            1.00029     0.00029       0.03  %   10000     
3.541266e+02      0.43            0.00            1.00025     0.00025       0.03  %   10000     
3.542248e+02      0.51            0.00            1.00000     0.00000       0.00  %   10000     
3.543186e+02      0.62            0.00            1.00020     0.00020       0.02  %   10000     
3.543790e+02      0.72            0.00            1.00018     0.00018       0.02  %   10000     
3.543950e+02      0.75            0.00            1.00000     0.00000       0.00  %   10000     
3.544714e+02      0.93            0.00            1.00065     0.00033       0.03  %   10000     
3.544779e+02      0.96            0.00            1.00032     0.00023       0.02  %   10000     
3.545325e+02      1.14            0.00            1.00046     0.00027       0.03  %   10000     
3.545788e+02      1.35            0.00            1.00000     0.00000       0.00  %   10000     
3.545890e+02      1.40            0.00            1.00014     0.00014       0.01  %   10000     
3.546406e+02      1.72            0.00            1.00000     0.00000       0.00  %   10000     
3.546545e+02      1.83            0.00            1.00014     0.00014       0.01  %   10000     
3.546921e+02      2.13            0.00            1.00013     0.00013       0.01  %   10000     
3.547210e+02      2.44            0.00            1.00000     0.00000       0.00  %   10000     
3.547437e+02      2.68            0.00            1.00026     0.00019       0.02  %   10000     
3.547726e+02      3.08            0.00            1.00000     0.00000       0.00  %   10000     
3.547953e+02      3.39            0.00            1.00013     0.00013       0.01  %   10000     
3.548241e+02      3.90            0.00            1.00000     0.00000       0.00  %   10000     
3.548571e+02      4.50            0.00            1.00013     0.00013       0.01  %   10000     
3.548819e+02      5.07            0.00            1.00038     0.00022       0.02  %   10000     
3.549190e+02      5.94            0.00            1.00025     0.00018       0.02  %   10000     
3.549376e+02      6.48            0.00            1.00013     0.00013       0.01  %   10000     
3.549850e+02      7.88            0.00            1.00025     0.00018       0.02  %   10000     
3.550008e+02      8.46            0.01            1.00064     0.00028       0.03  %   10000     
3.550665e+02      10.88           0.00            1.00013     0.00013       0.01  %   10000     
3.550741e+02      11.22           0.00            1.00026     0.00018       0.02  %   10000     
3.551649e+02      15.30           0.01            1.00039     0.00022       0.02  %   10000     
3.551995e+02      16.85           0.02            1.00104     0.00037       0.04  %   10000     
3.553513e+02      23.65           0.02            1.00092     0.00035       0.03  %   10000     
3.554074e+02      25.34           0.03            1.00107     0.00038       0.04  %   10000     
3.554536e+02      26.74           0.02            1.00080     0.00033       0.03  %   10000     
3.555163e+02      27.39           0.03            1.00122     0.00041       0.04  %   10000     
3.555458e+02      27.70           0.07            1.00270     0.00060       0.06  %   10000     
3.556169e+02      27.01           0.06            1.00206     0.00053       0.05  %   10000     
3.556302e+02      26.88           0.06            1.00206     0.00053       0.05  %   10000     
3.557226e+02      24.18           0.03            1.00140     0.00044       0.04  %   10000     
3.557357e+02      23.80           0.08            1.00350     0.00070       0.07  %   10000     
3.558216e+02      19.96           0.05            1.00273     0.00062       0.06  %   10000     
3.559123e+02      15.88           0.07            1.00456     0.00082       0.08  %   10000     
3.560282e+02      10.75           0.05            1.00419     0.00081       0.08  %   10000     
3.560905e+02      8.49            0.04            1.00513     0.00091       0.09  %   10000     
3.561111e+02      7.74            0.04            1.00474     0.00088       0.09  %   10000     
3.561771e+02      5.82            0.03            1.00551     0.00097       0.10  %   10000     
3.561936e+02      5.44            0.03            1.00609     0.00103       0.10  %   10000     
3.562328e+02      4.54            0.03            1.00766     0.00118       0.12  %   10000     
3.562947e+02      3.42            0.03            1.00820     0.00126       0.13  %   10000     
3.562967e+02      3.39            0.02            1.00607     0.00109       0.11  %   10000     
3.563462e+02      2.71            0.02            1.00862     0.00134       0.13  %   10000     
3.563978e+02      2.15            0.02            1.01062     0.00155       0.15  %   10000     
3.563999e+02      2.14            0.03            1.01200     0.00164       0.16  %   10000     
3.564494e+02      1.73            0.03            1.01503     0.00192       0.19  %   10000     
3.565009e+02      1.41            0.02            1.01658     0.00210       0.21  %   10000     
3.565208e+02      1.32            0.02            1.01589     0.00208       0.20  %   10000     
3.565620e+02      1.13            0.02            1.01715     0.00225       0.22  %   10000     
3.566223e+02      0.93            0.02            1.02274     0.00271       0.26  %   10000     
3.566513e+02      0.86            0.02            1.01848     0.00248       0.24  %   10000     
3.566977e+02      0.75            0.02            1.02215     0.00283       0.28  %   10000     
3.567731e+02      0.62            0.01            1.02328     0.00305       0.30  %   10000     
3.568251e+02      0.56            0.01            1.02499     0.00324       0.32  %   10000     
3.568564e+02      0.52            0.02            1.03187     0.00374       0.36  %   10000     
3.569606e+02      0.43            0.02            1.03571     0.00419       0.40  %   10000     
3.570568e+02      0.38            0.01            1.03776     0.00450       0.43  %   10000     
3.570856e+02      0.36            0.01            1.04127     0.00478       0.46  %   10000     
3.572286e+02      0.30            0.01            1.04441     0.00374       0.36  %   20000     
3.573997e+02      0.24            0.01            1.05242     0.00434       0.41  %   20000     
3.574834e+02      0.22            0.01            1.05539     0.00457       0.43  %   20000     
3.576040e+02      0.20            0.01            1.06641     0.00428       0.40  %   30000     
3.578529e+02      0.16            0.01            1.07780     0.00500       0.46  %   30000     
3.580529e+02      0.14            0.01            1.08340     0.00471       0.43  %   40000     
3.581174e+02      0.13            0.01            1.08879     0.00496       0.46  %   40000     
3.584241e+02      0.11            0.01            1.09141     0.00541       0.50  %   40000     
3.587820e+02      0.09            0.01            1.12411     0.00551       0.49  %   60000     
3.589702e+02      0.08            0.01            1.11902     0.00554       0.50  %   60000     
3.591760e+02      0.08            0.01            1.13790     0.00535       0.47  %   80000     
3.596623e+02      0.07            0.01            1.15306     0.00566       0.49  %   90000     
3.602459e+02      0.06            0.01            1.17199     0.00599       0.51  %   100000    
3.609118e+02      0.05            0.01            1.17723     0.00627       0.53  %   100000    
3.610264e+02      0.05            0.01            1.17569     0.00626       0.53  %   100000    
3.613831e+02      0.05            0.01            1.18470     0.00648       0.55  %   100000    
3.623259e+02      0.05            0.01            1.15524     0.00592       0.51  %   100000    
3.631580e+02      0.05            0.00            1.05343     0.00477       0.45  %   50000     
3.639901e+02      0.05            0.00            1.00575     0.00332       0.33  %   10000     
3.647749e+02      0.06            0.00            1.00166     0.00166       0.17  %   10000     
3.655799e+02      0.07            0.00            1.00137     0.00137       0.14  %   10000     
3.658614e+02      0.07            0.00            1.00628     0.00281       0.28  %   10000     
3.661549e+02      0.08            0.00            1.00114     0.00114       0.11  %   10000     
3.667518e+02      0.10            0.00            1.00457     0.00204       0.20  %   10000     
3.672656e+02      0.12            0.00            1.00146     0.00104       0.10  %   10000     
3.673077e+02      0.12            0.00            1.00215     0.00124       0.12  %   10000     
3.677106e+02      0.14            0.00            1.00174     0.00100       0.10  %   10000     
3.680639e+02      0.17            0.00            1.00094     0.00067       0.07  %   10000     
3.683667e+02      0.21            0.00            1.00039     0.00039       0.04  %   10000     
3.686401e+02      0.26            0.00            1.00032     0.00032       0.03  %   10000     
3.688745e+02      0.31            0.00            1.00027     0.00027       0.03  %   10000     
3.691042e+02      0.39            0.00            1.00046     0.00032       0.03  %   10000     
3.693012e+02      0.48            0.00            1.00040     0.00028       0.03  %   10000     
3.694153e+02      0.55            0.00            1.00018     0.00018       0.02  %   10000     
3.694640e+02      0.58            0.00            1.00035     0.00025       0.02  %   10000     
3.696193e+02      0.73            0.00            1.00016     0.00016       0.02  %   10000     
3.696654e+02      0.79            0.00            1.00000     0.00000       0.00  %   10000     
3.697302e+02      0.87            0.00            1.00030     0.00021       0.02  %   10000     
3.697955e+02      0.99            0.00            1.00058     0.00029       0.03  %   10000     
3.698442e+02      1.08            0.00            1.00014     0.00014       0.01  %   10000     
3.698931e+02      1.21            0.00            1.00028     0.00020       0.02  %   10000     
3.699391e+02      1.33            0.00            1.00042     0.00024       0.02  %   10000     
3.699722e+02      1.45            0.00            1.00000     0.00000       0.00  %   10000     
3.700181e+02      1.63            0.00            1.00041     0.00024       0.02  %   10000     
3.700304e+02      1.69            0.00            1.00000     0.00000       0.00  %   10000     
3.700886e+02      2.00            0.00            1.00055     0.00027       0.03  %   10000     
3.701442e+02      2.41            0.00            1.00014     0.00014       0.01  %   10000     
3.701532e+02      2.48            0.00            1.00042     0.00024       0.02  %   10000     
3.701959e+02      2.91            0.00            1.00028     0.00020       0.02  %   10000     
3.702179e+02      3.13            0.00            1.00028     0.00020       0.02  %   10000     
3.702476e+02      3.54            0.00            1.00042     0.00024       0.02  %   10000     
3.702799e+02      3.98            0.00            1.00057     0.00029       0.03  %   10000     
3.702993e+02      4.33            0.00            1.00072     0.00032       0.03  %   10000     
3.703439e+02      5.15            0.00            1.00000     0.00000       0.00  %   10000     
3.703459e+02      5.20            0.00            1.00029     0.00021       0.02  %   10000     
3.704002e+02      6.53            0.00            1.00015     0.00015       0.01  %   10000     
3.704079e+02      6.72            0.00            1.00060     0.00030       0.03  %   10000     
3.704545e+02      8.19            0.00            1.00060     0.00030       0.03  %   10000     
3.704723e+02      8.75            0.01            1.00061     0.00030       0.03  %   10000     
3.705163e+02      10.53           0.00            1.00046     0.00027       0.03  %   10000     
3.705460e+02      11.73           0.02            1.00140     0.00047       0.05  %   10000     
3.705794e+02      13.44           0.01            1.00078     0.00035       0.03  %   10000     
3.706332e+02      16.17           0.01            1.00032     0.00023       0.02  %   10000     
3.706611e+02      17.91           0.02            1.00127     0.00045       0.04  %   10000     
3.707677e+02      24.52           0.04            1.00163     0.00052       0.05  %   10000     
3.707759e+02      25.03           0.04            1.00147     0.00049       0.05  %   10000     
3.709414e+02      35.21           0.07            1.00201     0.00058       0.06  %   10000     
3.709704e+02      36.38           0.10            1.00288     0.00070       0.07  %   10000     
3.710407e+02      39.22           0.11            1.00289     0.00070       0.07  %   10000     
3.710738e+02      39.68           0.16            1.00395     0.00082       0.08  %   10000     
3.711359e+02      40.57           0.14            1.00344     0.00077       0.08  %   10000     
3.711761e+02      40.01           0.25            1.00628     0.00105       0.10  %   10000     
3.712249e+02      39.35           0.28            1.00717     0.00112       0.11  %   10000     
3.712662e+02      37.72           0.18            1.00478     0.00092       0.09  %   10000     
3.713242e+02      35.45           0.22            1.00622     0.00105       0.10  %   10000     
3.713800e+02      32.09           0.22            1.00670     0.00110       0.11  %   10000     
3.714793e+02      26.08           0.20            1.00774     0.00119       0.12  %   10000     
3.716241e+02      16.95           0.16            1.00951     0.00136       0.13  %   10000     
3.716779e+02      14.14           0.16            1.01123     0.00148       0.15  %   10000     
3.717112e+02      12.39           0.14            1.01110     0.00149       0.15  %   10000     
3.717817e+02      9.41            0.12            1.01232     0.00160       0.16  %   10000     
3.717842e+02      9.30            0.13            1.01361     0.00168       0.17  %   10000     
3.718548e+02      6.97            0.09            1.01343     0.00171       0.17  %   10000     
3.718650e+02      6.71            0.08            1.01126     0.00157       0.16  %   10000     
3.719169e+02      5.39            0.08            1.01486     0.00185       0.18  %   10000     
3.719544e+02      4.67            0.06            1.01306     0.00176       0.17  %   10000     
3.719789e+02      4.19            0.07            1.01765     0.00207       0.20  %   10000     
3.720358e+02      3.37            0.04            1.01185     0.00174       0.17  %   10000     
3.720436e+02      3.26            0.06            1.01826     0.00217       0.21  %   10000     
3.721082e+02      2.58            0.05            1.02014     0.00237       0.23  %   10000     
3.721341e+02      2.38            0.05            1.02305     0.00255       0.25  %   10000     
3.721729e+02      2.08            0.04            1.01946     0.00241       0.24  %   10000     
3.722375e+02      1.71            0.05            1.02832     0.00299       0.29  %   10000     
3.723151e+02      1.40            0.04            1.02690     0.00303       0.30  %   10000     
3.723701e+02      1.23            0.04            1.03227     0.00339       0.33  %   10000     
3.723927e+02      1.17            0.03            1.02982     0.00330       0.32  %   10000     
3.724889e+02      0.97            0.03            1.03147     0.00353       0.34  %   10000     
3.725318e+02      0.90            0.03            1.03337     0.00367       0.36  %   10000     
3.726044e+02      0.79            0.03            1.03639     0.00395       0.38  %   10000     
3.727290e+02      0.66            0.02            1.03603     0.00409       0.39  %   10000     
3.727482e+02      0.65            0.03            1.03959     0.00430       0.41  %   10000     
3.728709e+02      0.55            0.02            1.04446     0.00475       0.45  %   10000     
3.730412e+02      0.46            0.02            1.04419     0.00349       0.33  %   20000     
3.730870e+02      0.44            0.02            1.04786     0.00366       0.35  %   20000     
3.732490e+02      0.38            0.03            1.06785     0.00453       0.42  %   20000     
3.734846e+02      0.32            0.02            1.06082     0.00446       0.42  %   20000     
3.735552e+02      0.31            0.02            1.05376     0.00422       0.40  %   20000     
3.737203e+02      0.28            0.02            1.05488     0.00436       0.41  %   20000     
3.739873e+02      0.26            0.02            1.06589     0.00482       0.45  %   20000     
3.741442e+02      0.26            0.02            1.06507     0.00474       0.44  %   20000     
3.742227e+02      0.26            0.02            1.06584     0.00469       0.44  %   20000     
3.743026e+02      0.26            0.02            1.05821     0.00436       0.41  %   20000     
3.744225e+02      0.28            0.02            1.06177     0.00431       0.41  %   20000     
3.745224e+02      0.31            0.02            1.06058     0.00405       0.38  %   20000     
3.746023e+02      0.35            0.01            1.03601     0.00417       0.40  %   10000     
3.746722e+02      0.41            0.02            1.04001     0.00411       0.39  %   10000     
3.747321e+02      0.49            0.01            1.02861     0.00325       0.32  %   10000     
3.747921e+02      0.60            0.02            1.02909     0.00304       0.29  %   10000     
3.748520e+02      0.75            0.02            1.02350     0.00252       0.25  %   10000     
3.748620e+02      0.78            0.02            1.01937     0.00226       0.22  %   10000     
3.749126e+02      0.95            0.01            1.01433     0.00183       0.18  %   10000     
3.749295e+02      1.03            0.01            1.01371     0.00175       0.17  %   10000     
3.749716e+02      1.22            0.02            1.01318     0.00164       0.16  %   10000     
3.750391e+02      1.62            0.02            1.00975     0.00132       0.13  %   10000     
3.750644e+02      1.81            0.02            1.00948     0.00127       0.13  %   10000     
3.751150e+02      2.19            0.01            1.00629     0.00100       0.10  %   10000     
3.751932e+02      2.94            0.02            1.00619     0.00095       0.09  %   10000     
3.752126e+02      3.13            0.02            1.00480     0.00083       0.08  %   10000     
3.753626e+02      4.78            0.02            1.00415     0.00074       0.07  %   10000     
3.754381e+02      5.61            0.02            1.00301     0.00063       0.06  %   10000     
3.755461e+02      6.46            0.03            1.00453     0.00077       0.08  %   10000     
3.756292e+02      6.74            0.03            1.00378     0.00070       0.07  %   10000     
3.756319e+02      6.75            0.02            1.00326     0.00065       0.06  %   10000     
3.756510e+02      6.76            0.01            1.00222     0.00054       0.05  %   10000     
3.757471e+02      6.50            0.03            1.00398     0.00073       0.07  %   10000     
3.757741e+02      6.30            0.03            1.00442     0.00077       0.08  %   10000     
3.758011e+02      6.10            0.03            1.00419     0.00075       0.07  %   10000     
3.758442e+02      5.78            0.03            1.00438     0.00077       0.08  %   10000     
3.759630e+02      4.49            0.03            1.00598     0.00093       0.09  %   10000     
3.760196e+02      3.88            0.03            1.00803     0.00110       0.11  %   10000     
3.761456e+02      2.54            0.02            1.00968     0.00129       0.13  %   10000     
3.762247e+02      1.86            0.02            1.01011     0.00140       0.14  %   10000     
3.762922e+02      1.40            0.03            1.01802     0.00198       0.19  %   10000     
3.763512e+02      1.09            0.03            1.02409     0.00243       0.24  %   10000     
3.763630e+02      1.04            0.02            1.01931     0.00221       0.22  %   10000     
3.764102e+02      0.84            0.02            1.02491     0.00266       0.26  %   10000     
3.764640e+02      0.67            0.02            1.02990     0.00312       0.30  %   10000     
3.765242e+02      0.53            0.02            1.03793     0.00379       0.37  %   10000     
3.765844e+02      0.42            0.02            1.04295     0.00434       0.42  %   10000     
3.766286e+02      0.37            0.02            1.04901     0.00485       0.46  %   10000     
3.766446e+02      0.35            0.02            1.05509     0.00371       0.35  %   20000     
3.767148e+02      0.29            0.02            1.06369     0.00428       0.40  %   20000     
3.767924e+02      0.24            0.02            1.07440     0.00492       0.46  %   20000     
3.768747e+02      0.21            0.02            1.07671     0.00525       0.49  %   20000     
3.769790e+02      0.19            0.02            1.10240     0.00517       0.47  %   30000     
3.769845e+02      0.19            0.02            1.09126     0.00490       0.45  %   30000     
3.771491e+02      0.16            0.02            1.10227     0.00473       0.43  %   40000     
3.773686e+02      0.14            0.02            1.12344     0.00539       0.48  %   40000     
3.776430e+02      0.13            0.02            1.11567     0.00532       0.48  %   40000     
3.779971e+02      0.13            0.02            1.11816     0.00532       0.48  %   40000     
3.780451e+02      0.13            0.01            1.10825     0.00507       0.46  %   40000     
3.784271e+02      0.13            0.01            1.08811     0.00507       0.47  %   30000     
3.787711e+02      0.15            0.01            1.05003     0.00441       0.42  %   20000     
3.791151e+02      0.17            0.01            1.03122     0.00454       0.44  %   10000     
3.794164e+02      0.20            0.00            1.01841     0.00320       0.31  %   10000     
3.795471e+02      0.21            0.00            1.01222     0.00249       0.25  %   10000     
3.796750e+02      0.23            0.00            1.01209     0.00237       0.23  %   10000     
3.798904e+02      0.27            0.00            1.00779     0.00174       0.17  %   10000     
3.800900e+02      0.33            0.00            1.00947     0.00176       0.17  %   10000     
3.802601e+02      0.40            0.00            1.00612     0.00130       0.13  %   10000     
3.802826e+02      0.41            0.00            1.00489     0.00115       0.11  %   10000     
3.804019e+02      0.47            0.00            1.00531     0.00113       0.11  %   10000     
3.805339e+02      0.57            0.00            1.00379     0.00089       0.09  %   10000     
3.806375e+02      0.68            0.00            1.00283     0.00073       0.07  %   10000     
3.807032e+02      0.78            0.00            1.00175     0.00055       0.06  %   10000     
3.807411e+02      0.83            0.00            1.00289     0.00070       0.07  %   10000     
3.807985e+02      0.95            0.00            1.00224     0.00060       0.06  %   10000     
3.808234e+02      1.01            0.00            1.00205     0.00057       0.06  %   10000     
3.808938e+02      1.22            0.00            1.00104     0.00039       0.04  %   10000     
3.809004e+02      1.24            0.00            1.00104     0.00039       0.04  %   10000     
3.809697e+02      1.54            0.00            1.00212     0.00055       0.05  %   10000     
3.809701e+02      1.54            0.00            1.00156     0.00047       0.05  %   10000     
3.810312e+02      1.90            0.00            1.00124     0.00041       0.04  %   10000     
3.810888e+02      2.36            0.00            1.00149     0.00045       0.04  %   10000     
3.811348e+02      2.86            0.00            1.00094     0.00036       0.04  %   10000     
3.811520e+02      3.05            0.00            1.00108     0.00038       0.04  %   10000     
3.811866e+02      3.55            0.00            1.00135     0.00043       0.04  %   10000     
3.812130e+02      3.94            0.01            1.00162     0.00047       0.05  %   10000     
3.812337e+02      4.34            0.01            1.00162     0.00047       0.05  %   10000     
3.812752e+02      5.14            0.00            1.00068     0.00030       0.03  %   10000     
3.812878e+02      5.46            0.00            1.00082     0.00033       0.03  %   10000     
3.813373e+02      6.69            0.01            1.00138     0.00043       0.04  %   10000     
3.813396e+02      6.77            0.00            1.00041     0.00024       0.02  %   10000     
3.813971e+02      8.60            0.02            1.00222     0.00056       0.06  %   10000     
3.814056e+02      8.87            0.01            1.00126     0.00042       0.04  %   10000     
3.814599e+02      11.03           0.02            1.00183     0.00051       0.05  %   10000     
3.814851e+02      12.03           0.02            1.00156     0.00047       0.05  %   10000     
3.815311e+02      14.29           0.03            1.00200     0.00053       0.05  %   10000     
3.815955e+02      17.44           0.03            1.00174     0.00050       0.05  %   10000     
3.816286e+02      19.19           0.03            1.00175     0.00050       0.05  %   10000     
3.817980e+02      28.03           0.07            1.00239     0.00060       0.06  %   10000     
3.818459e+02      29.76           0.09            1.00303     0.00068       0.07  %   10000     
3.819085e+02      32.01           0.12            1.00365     0.00074       0.07  %   10000     
3.819490e+02      32.52           0.10            1.00293     0.00067       0.07  %   10000     
3.820112e+02      33.32           0.16            1.00480     0.00086       0.09  %   10000     
3.820497e+02      32.85           0.16            1.00502     0.00089       0.09  %   10000     
3.820760e+02      32.54           0.19            1.00583     0.00096       0.10  %   10000     
3.821055e+02      32.19           0.17            1.00536     0.00092       0.09  %   10000     
3.821571e+02      30.49           0.21            1.00688     0.00105       0.10  %   10000     
3.821975e+02      29.16           0.18            1.00627     0.00100       0.10  %   10000     
3.822602e+02      26.04           0.16            1.00608     0.00100       0.10  %   10000     
3.823559e+02      21.24           0.14            1.00638     0.00103       0.10  %   10000     
3.825032e+02      13.58           0.12            1.00915     0.00128       0.13  %   10000     
3.825760e+02      10.43           0.09            1.00894     0.00129       0.13  %   10000     
3.825845e+02      10.06           0.09            1.00939     0.00132       0.13  %   10000     
3.826606e+02      7.41            0.06            1.00856     0.00130       0.13  %   10000     
3.826825e+02      6.82            0.07            1.01007     0.00142       0.14  %   10000     
3.827250e+02      5.65            0.08            1.01438     0.00174       0.17  %   10000     
3.827826e+02      4.43            0.08            1.01722     0.00195       0.19  %   10000     
3.827867e+02      4.34            0.06            1.01441     0.00180       0.18  %   10000     
3.828408e+02      3.45            0.04            1.01253     0.00173       0.17  %   10000     
3.828631e+02      3.16            0.05            1.01626     0.00199       0.20  %   10000     
3.828948e+02      2.75            0.05            1.01895     0.00221       0.22  %   10000     
3.829496e+02      2.22            0.05            1.02298     0.00253       0.25  %   10000     
3.829713e+02      2.05            0.05            1.02608     0.00272       0.27  %   10000     
3.830049e+02      1.80            0.04            1.01973     0.00244       0.24  %   10000     
3.830711e+02      1.44            0.05            1.03162     0.00323       0.31  %   10000     
3.830748e+02      1.43            0.03            1.02438     0.00284       0.28  %   10000     
3.831382e+02      1.18            0.03            1.02682     0.00313       0.30  %   10000     
3.832190e+02      0.95            0.03            1.03567     0.00379       0.37  %   10000     
3.832272e+02      0.93            0.03            1.02896     0.00342       0.33  %   10000     
3.833089e+02      0.78            0.03            1.04069     0.00427       0.41  %   10000     
3.834040e+02      0.65            0.03            1.04225     0.00456       0.44  %   10000     
3.834303e+02      0.62            0.02            1.03795     0.00437       0.42  %   10000     
3.835203e+02      0.53            0.02            1.04663     0.00507       0.48  %   10000     
3.836598e+02      0.44            0.02            1.05507     0.00412       0.39  %   20000     
3.836929e+02      0.42            0.02            1.05484     0.00415       0.39  %   20000     
3.838346e+02      0.35            0.02            1.06058     0.00463       0.44  %   20000     
3.840254e+02      0.29            0.02            1.06191     0.00499       0.47  %   20000     
3.840459e+02      0.28            0.02            1.07055     0.00437       0.41  %   30000     
3.842287e+02      0.24            0.02            1.07271     0.00471       0.44  %   30000     
3.844667e+02      0.19            0.02            1.08001     0.00529       0.49  %   30000     
3.846293e+02      0.17            0.02            1.09853     0.00527       0.48  %   40000     
3.847444e+02      0.16            0.02            1.11265     0.00521       0.47  %   50000     
3.850799e+02      0.13            0.02            1.12271     0.00537       0.48  %   60000     
3.854386e+02      0.11            0.02            1.15162     0.00554       0.48  %   80000     
3.856175e+02      0.10            0.02            1.15538     0.00576       0.50  %   80000     
3.858691e+02      0.09            0.02            1.17323     0.00571       0.49  %   100000    
3.863955e+02      0.07            0.01            1.20250     0.00669       0.56  %   100000    
3.869605e+02      0.06            0.01            1.22452     0.00754       0.62  %   100000    
3.870752e+02      0.06            0.01            1.23716     0.00782       0.63  %   100000    
3.876431e+02      0.05            0.01            1.27732     0.00901       0.71  %   100000    
3.884396e+02      0.04            0.01            1.30911     0.01017       0.78  %   100000    
3.892808e+02      0.04            0.01            1.31105     0.01075       0.82  %   100000    
3.898903e+02      0.03            0.01            1.19031     0.00863       0.72  %   100000    
3.902013e+02      0.03            0.00            1.11046     0.00669       0.60  %   100000    
3.911217e+02      0.03            0.00            1.01582     0.00477       0.47  %   30000     
3.922584e+02      0.03            0.00            1.01117     0.00499       0.49  %   20000     
3.933950e+02      0.03            0.00            1.00443     0.00443       0.44  %   10000     
3.943835e+02      0.03            0.00            1.00632     0.00365       0.36  %   20000     
3.953719e+02      0.03            0.00            1.00572     0.00330       0.33  %   20000     
3.962461e+02      0.03            0.00            1.00660     0.00330       0.33  %   20000     
3.968918e+02      0.04            0.00            1.00847     0.00489       0.48  %   10000     
3.972080e+02      0.04            0.00            1.00254     0.00254       0.25  %   10000     
3.974298e+02      0.05            0.00            1.00235     0.00235       0.23  %   10000     
3.978048e+02      0.05            0.00            1.00397     0.00281       0.28  %   10000     
3.981182e+02      0.06            0.00            1.00502     0.00290       0.29  %   10000     
3.983793e+02      0.08            0.00            1.00282     0.00200       0.20  %   10000     
3.986175e+02      0.09            0.00            1.00000     0.00000       0.00  %   10000     
3.986864e+02      0.10            0.00            1.00110     0.00110       0.11  %   10000     
3.987934e+02      0.11            0.00            1.00000     0.00000       0.00  %   10000     
3.989400e+02      0.13            0.00            1.00083     0.00083       0.08  %   10000     
3.990573e+02      0.15            0.00            1.00000     0.00000       0.00  %   10000     
3.991429e+02      0.18            0.00            1.00000     0.00000       0.00  %   10000     
3.992178e+02      0.21            0.00            1.00105     0.00074       0.07  %   10000     
3.992856e+02      0.26            0.00            1.00045     0.00045       0.04  %   10000     
3.992927e+02      0.26            0.00            1.00088     0.00062       0.06  %   10000     
3.993569e+02      0.32            0.00            1.00037     0.00037       0.04  %   10000     
3.994119e+02      0.39            0.00            1.00000     0.00000       0.00  %   10000     
3.994728e+02      0.49            0.00            1.00027     0.00027       0.03  %   10000     
3.995337e+02      0.64            0.00            1.00023     0.00023       0.02  %   10000     
3.995947e+02      0.82            0.00            1.00000     0.00000       0.00  %   10000     
3.996621e+02      1.10            0.00            1.00018     0.00018       0.02  %   10000     
3.997025e+02      1.31            0.00            1.00000     0.00000       0.00  %   10000     
3.997295e+02      1.45            0.00            1.00000     0.00000       0.00  %   10000     
3.998138e+02      2.00            0.00            1.00014     0.00014       0.01  %   10000     
3.998374e+02      2.20            0.00            1.00014     0.00014       0.01  %   10000     
3.999321e+02      2.97            0.00            1.00013     0.00013       0.01  %   10000     
3.999978e+02      3.54            0.00            1.00000     0.00000       0.00  %   10000     
4.001165e+02      4.57            0.00            1.00012     0.00012       0.01  %   10000     
4.002135e+02      5.19            0.00            1.00024     0.00017       0.02  %   10000     
4.002189e+02      5.22            0.00            1.00024     0.00017       0.02  %   10000     
4.003252e+02      5.52            0.00            1.00000     0.00000       0.00  %   10000     
4.003429e+02      5.53            0.00            1.00012     0.00012       0.01  %   10000     
4.004090e+02      5.42            0.00            1.00000     0.00000       0.00  %   10000     
4.004360e+02      5.37            0.00            1.00025     0.00017       0.02  %   10000     
4.005672e+02      4.73            0.00            1.00064     0.00029       0.03  %   10000     
4.005879e+02      4.61            0.00            1.00026     0.00018       0.02  %   10000     
4.007326e+02      3.80            0.00            1.00068     0.00030       0.03  %   10000     
4.008265e+02      3.55            0.00            1.00014     0.00014       0.01  %   10000     
4.008399e+02      3.55            0.00            1.00069     0.00031       0.03  %   10000     
4.008520e+02      3.55            0.00            1.00041     0.00024       0.02  %   10000     
4.009256e+02      3.70            0.01            1.00138     0.00044       0.04  %   10000     
4.009512e+02      3.86            0.00            1.00027     0.00019       0.02  %   10000     
4.010020e+02      4.16            0.00            1.00054     0.00027       0.03  %   10000     
4.010602e+02      4.74            0.01            1.00120     0.00040       0.04  %   10000     
4.010812e+02      4.94            0.01            1.00107     0.00038       0.04  %   10000     
4.011787e+02      6.27            0.00            1.00078     0.00032       0.03  %   10000     
4.011866e+02      6.38            0.01            1.00104     0.00037       0.04  %   10000     
4.013803e+02      9.29            0.01            1.00064     0.00029       0.03  %   10000     
4.014938e+02      10.41           0.01            1.00129     0.00041       0.04  %   10000     
4.015737e+02      10.66           0.01            1.00117     0.00039       0.04  %   10000     
4.016224e+02      10.49           0.02            1.00171     0.00047       0.05  %   10000     
4.016624e+02      10.35           0.02            1.00198     0.00051       0.05  %   10000     
4.016825e+02      10.14           0.01            1.00133     0.00042       0.04  %   10000     
4.017693e+02      9.24            0.01            1.00108     0.00038       0.04  %   10000     
4.018161e+02      8.49            0.01            1.00165     0.00048       0.05  %   10000     
4.019229e+02      6.79            0.01            1.00215     0.00055       0.06  %   10000     
4.019830e+02      5.80            0.01            1.00192     0.00053       0.05  %   10000     
4.020758e+02      4.27            0.01            1.00239     0.00062       0.06  %   10000     
4.021658e+02      3.06            0.01            1.00435     0.00087       0.09  %   10000     
4.022159e+02      2.53            0.01            1.00350     0.00080       0.08  %   10000     
4.022410e+02      2.26            0.01            1.00480     0.00096       0.10  %   10000     
4.023036e+02      1.73            0.01            1.00489     0.00102       0.10  %   10000     
4.023662e+02      1.33            0.01            1.00690     0.00128       0.13  %   10000     
4.023829e+02      1.24            0.01            1.00807     0.00140       0.14  %   10000     
4.024288e+02      1.02            0.01            1.01058     0.00169       0.17  %   10000     
4.024914e+02      0.79            0.01            1.01557     0.00220       0.22  %   10000     
4.025081e+02      0.74            0.01            1.01318     0.00205       0.20  %   10000     
4.025540e+02      0.62            0.01            1.01803     0.00254       0.25  %   10000     
4.026201e+02      0.49            0.01            1.01552     0.00255       0.25  %   10000     
4.026835e+02      0.40            0.01            1.01868     0.00299       0.29  %   10000     
4.027412e+02      0.34            0.01            1.02390     0.00355       0.35  %   10000     
4.027559e+02      0.33            0.01            1.02964     0.00402       0.39  %   10000     
4.028282e+02      0.28            0.01            1.02311     0.00379       0.37  %   10000     
4.029286e+02      0.23            0.01            1.03489     0.00502       0.49  %   10000     
4.030355e+02      0.19            0.01            1.04156     0.00415       0.40  %   20000     
4.030630e+02      0.18            0.01            1.03797     0.00402       0.39  %   20000     
4.031638e+02      0.16            0.01            1.05237     0.00500       0.48  %   20000     
4.033253e+02      0.13            0.01            1.05514     0.00454       0.43  %   30000     
4.035331e+02      0.11            0.01            1.06315     0.00529       0.50  %   30000     
4.036335e+02      0.10            0.01            1.07497     0.00515       0.48  %   40000     
4.037687e+02      0.09            0.01            1.07482     0.00485       0.45  %   50000     
4.040302e+02      0.07            0.01            1.09134     0.00530       0.49  %   60000     
4.043352e+02      0.06            0.01            1.10717     0.00539       0.49  %   80000     
4.047016e+02      0.05            0.01            1.12524     0.00563       0.50  %   100000    
4.049791e+02      0.04            0.01            1.13238     0.00605       0.53  %   100000    
4.051536e+02      0.04            0.01            1.16537     0.00699       0.60  %   100000    
4.056876e+02      0.03            0.01            1.18351     0.00794       0.67  %   100000    
4.063770e+02      0.03            0.01            1.21656     0.00929       0.76  %   100000    
4.070664e+02      0.03            0.01            1.23732     0.01025       0.83  %   100000    
4.076179e+02      0.02            0.01            1.23496     0.01049       0.85  %   100000    
4.080460e+02      0.02            0.01            1.22381     0.01052       0.86  %   100000    
4.093305e+02      0.02            0.00            1.16120     0.00936       0.81  %   100000    
4.110431e+02      0.02            0.00            1.00580     0.00410       0.41  %   20000     
4.134059e+02      0.02            0.00            1.00000     0.00000       0.00  %   10000     
4.147759e+02      0.02            0.00            1.00583     0.00337       0.33  %   30000     
4.173675e+02      0.02            0.00            1.00000     0.00000       0.00  %   10000     
4.209467e+02      0.02            0.00            1.00000     0.00000       0.00  %   10000     
4.234524e+02      0.02            0.00            1.00402     0.00402       0.40  %   10000     
4.257138e+02      0.03            0.00            1.00000     0.00000       0.00  %   10000     
4.264676e+02      0.03            0.00            1.00000     0.00000       0.00  %   10000     
4.276980e+02      0.03            0.00            1.00271     0.00271       0.27  %   10000     
4.292785e+02      0.04            0.00            1.00656     0.00379       0.38  %   10000     
4.306792e+02      0.04            0.00            1.00175     0.00175       0.17  %   10000     
4.310294e+02      0.05            0.00            1.00491     0.00283       0.28  %   10000     
4.317297e+02      0.05            0.00            1.00142     0.00142       0.14  %   10000     
4.327314e+02      0.06            0.00            1.00000     0.00000       0.00  %   10000     
4.336079e+02      0.08            0.00            1.00181     0.00128       0.13  %   10000     
4.343839e+02      0.10            0.00            1.00145     0.00103       0.10  %   10000     
4.343926e+02      0.10            0.00            1.00217     0.00126       0.13  %   10000     
4.350521e+02      0.12            0.00            1.00059     0.00059       0.06  %   10000     
4.356319e+02      0.14            0.00            1.00048     0.00048       0.05  %   10000     
4.361537e+02      0.18            0.00            1.00197     0.00088       0.09  %   10000     
4.363099e+02      0.19            0.00            1.00074     0.00052       0.05  %   10000     
4.365965e+02      0.22            0.00            1.00034     0.00034       0.03  %   10000     
4.369011e+02      0.26            0.00            1.00030     0.00030       0.03  %   10000     
4.370129e+02      0.28            0.00            1.00029     0.00029       0.03  %   10000     
4.372867e+02      0.33            0.00            1.00000     0.00000       0.00  %   10000     
4.373599e+02      0.34            0.00            1.00051     0.00036       0.04  %   10000     
4.376722e+02      0.42            0.00            1.00070     0.00041       0.04  %   10000     
4.376838e+02      0.43            0.00            1.00070     0.00041       0.04  %   10000     
4.379287e+02      0.52            0.00            1.00111     0.00050       0.05  %   10000     
4.379760e+02      0.54            0.00            1.00022     0.00022       0.02  %   10000     
4.381748e+02      0.64            0.00            1.00043     0.00030       0.03  %   10000     
4.382130e+02      0.67            0.00            1.00021     0.00021       0.02  %   10000     
4.383934e+02      0.79            0.00            1.00083     0.00042       0.04  %   10000     
4.384044e+02      0.81            0.00            1.00083     0.00041       0.04  %   10000     
4.385684e+02      0.97            0.00            1.00021     0.00021       0.02  %   10000     
4.385847e+02      0.99            0.00            1.00062     0.00036       0.04  %   10000     
4.387050e+02      1.15            0.00            1.00041     0.00029       0.03  %   10000     
4.387487e+02      1.22            0.00            1.00063     0.00036       0.04  %   10000     
4.388362e+02      1.38            0.00            1.00021     0.00021       0.02  %   10000     
4.388800e+02      1.47            0.00            1.00042     0.00030       0.03  %   10000     
4.389455e+02      1.64            0.00            1.00042     0.00030       0.03  %   10000     
4.390043e+02      1.80            0.00            1.00065     0.00037       0.04  %   10000     
4.390390e+02      1.93            0.00            1.00021     0.00021       0.02  %   10000     
4.391246e+02      2.25            0.00            1.00022     0.00022       0.02  %   10000     
4.391325e+02      2.29            0.00            1.00022     0.00022       0.02  %   10000     
4.392167e+02      2.74            0.01            1.00202     0.00067       0.07  %   10000     
4.392298e+02      2.81            0.00            1.00136     0.00055       0.06  %   10000     
4.392932e+02      3.27            0.00            1.00046     0.00032       0.03  %   10000     
4.393282e+02      3.53            0.01            1.00303     0.00084       0.08  %   10000     
4.393698e+02      3.95            0.01            1.00140     0.00057       0.06  %   10000     
4.394157e+02      4.41            0.01            1.00120     0.00054       0.05  %   10000     
4.394463e+02      4.82            0.01            1.00288     0.00083       0.08  %   10000     
4.395031e+02      5.58            0.01            1.00221     0.00074       0.07  %   10000     
4.395228e+02      5.93            0.01            1.00123     0.00055       0.05  %   10000     
4.395906e+02      7.12            0.01            1.00202     0.00071       0.07  %   10000     
4.396037e+02      7.43            0.02            1.00277     0.00083       0.08  %   10000     
4.396890e+02      9.38            0.01            1.00155     0.00063       0.06  %   10000     
4.396923e+02      9.47            0.03            1.00336     0.00093       0.09  %   10000     
4.397896e+02      12.29           0.03            1.00212     0.00075       0.07  %   10000     
4.399186e+02      16.86           0.07            1.00434     0.00108       0.11  %   10000     
4.399405e+02      17.62           0.07            1.00383     0.00102       0.10  %   10000     
4.401744e+02      26.10           0.23            1.00877     0.00157       0.16  %   10000     
4.402007e+02      26.75           0.14            1.00514     0.00121       0.12  %   10000     
4.402794e+02      28.71           0.25            1.00862     0.00157       0.16  %   10000     
4.402969e+02      28.87           0.22            1.00753     0.00147       0.15  %   10000     
4.404049e+02      29.95           0.31            1.01022     0.00172       0.17  %   10000     
4.404109e+02      29.95           0.34            1.01141     0.00182       0.18  %   10000     
4.404236e+02      29.85           0.30            1.01001     0.00171       0.17  %   10000     
4.404499e+02      29.65           0.34            1.01155     0.00185       0.18  %   10000     
4.405112e+02      29.19           0.35            1.01188     0.00187       0.19  %   10000     
4.405287e+02      28.78           0.31            1.01076     0.00179       0.18  %   10000     
4.406424e+02      26.18           0.29            1.01091     0.00181       0.18  %   10000     
4.406511e+02      25.87           0.36            1.01399     0.00206       0.20  %   10000     
4.408436e+02      18.95           0.29            1.01545     0.00220       0.22  %   10000     
4.408720e+02      17.92           0.22            1.01206     0.00195       0.19  %   10000     
4.410185e+02      12.69           0.22            1.01715     0.00237       0.23  %   10000     
4.410447e+02      11.93           0.22            1.01846     0.00246       0.24  %   10000     
4.411322e+02      9.37            0.14            1.01471     0.00224       0.22  %   10000     
4.411650e+02      8.62            0.16            1.01883     0.00253       0.25  %   10000     
4.412306e+02      7.12            0.16            1.02237     0.00281       0.27  %   10000     
4.412743e+02      6.35            0.14            1.02249     0.00283       0.28  %   10000     
4.413181e+02      5.58            0.14            1.02538     0.00304       0.30  %   10000     
4.413727e+02      4.85            0.11            1.02309     0.00292       0.29  %   10000     
4.414055e+02      4.41            0.10            1.02332     0.00298       0.29  %   10000     
4.414821e+02      3.64            0.08            1.02122     0.00288       0.28  %   10000     
4.414930e+02      3.53            0.09            1.02580     0.00319       0.31  %   10000     
4.415914e+02      2.81            0.08            1.02821     0.00341       0.33  %   10000     
4.416987e+02      2.24            0.06            1.02624     0.00338       0.33  %   10000     
4.417158e+02      2.18            0.06            1.02977     0.00360       0.35  %   10000     
4.418183e+02      1.80            0.05            1.03002     0.00371       0.36  %   10000     
4.418524e+02      1.71            0.05            1.03016     0.00373       0.36  %   10000     
4.419522e+02      1.45            0.05            1.03186     0.00394       0.38  %   10000     
4.420342e+02      1.30            0.05            1.03544     0.00419       0.40  %   10000     
4.421053e+02      1.17            0.04            1.03381     0.00418       0.40  %   10000     
4.422310e+02      1.00            0.04            1.04106     0.00469       0.45  %   10000     
4.422638e+02      0.96            0.03            1.03636     0.00446       0.43  %   10000     
4.424551e+02      0.78            0.03            1.04370     0.00506       0.48  %   10000     
4.424989e+02      0.75            0.03            1.04635     0.00523       0.50  %   10000     
4.426738e+02      0.63            0.03            1.05286     0.00409       0.39  %   20000     
4.427910e+02      0.57            0.03            1.05022     0.00403       0.38  %   20000     
4.429301e+02      0.51            0.03            1.05595     0.00438       0.41  %   20000     
4.431586e+02      0.43            0.03            1.06603     0.00489       0.46  %   20000     
4.432312e+02      0.41            0.02            1.05419     0.00450       0.43  %   20000     
4.435439e+02      0.33            0.02            1.07012     0.00534       0.50  %   20000     
4.436934e+02      0.31            0.02            1.06249     0.00510       0.48  %   20000     
4.439012e+02      0.27            0.02            1.06897     0.00451       0.42  %   30000     
4.442674e+02      0.23            0.02            1.07396     0.00484       0.45  %   30000     
4.442751e+02      0.23            0.02            1.08134     0.00507       0.47  %   30000     
4.447068e+02      0.19            0.02            1.08835     0.00477       0.44  %   40000     
4.451796e+02      0.17            0.01            1.08441     0.00478       0.44  %   40000     
4.451833e+02      0.17            0.02            1.09486     0.00507       0.46  %   40000     
4.457348e+02      0.15            0.01            1.08570     0.00494       0.45  %   40000     
4.463966e+02      0.14            0.01            1.08565     0.00491       0.45  %   40000     
4.464713e+02      0.14            0.01            1.09983     0.00527       0.48  %   40000     
4.468378e+02      0.13            0.01            1.08128     0.00469       0.43  %   40000     
4.472860e+02      0.14            0.01            1.08244     0.00525       0.48  %   30000     
4.477341e+02      0.15            0.01            1.07133     0.00459       0.43  %   30000     
4.480703e+02      0.16            0.01            1.06162     0.00490       0.46  %   20000     
4.484064e+02      0.19            0.01            1.04678     0.00394       0.38  %   20000     
4.487073e+02      0.22            0.01            1.03418     0.00436       0.42  %   10000     
4.489760e+02      0.27            0.01            1.02791     0.00359       0.35  %   10000     
4.491679e+02      0.32            0.01            1.02438     0.00311       0.30  %   10000     
4.491939e+02      0.33            0.01            1.02261     0.00296       0.29  %   10000     
4.493497e+02      0.38            0.01            1.01364     0.00215       0.21  %   10000     
4.495072e+02      0.46            0.01            1.01114     0.00180       0.18  %   10000     
4.496385e+02      0.56            0.00            1.00868     0.00149       0.15  %   10000     
4.497377e+02      0.67            0.00            1.00592     0.00116       0.12  %   10000     
4.497407e+02      0.68            0.00            1.00432     0.00099       0.10  %   10000     
4.497604e+02      0.71            0.00            1.00377     0.00091       0.09  %   10000     
4.498356e+02      0.83            0.00            1.00390     0.00089       0.09  %   10000     
4.498968e+02      0.96            0.00            1.00210     0.00063       0.06  %   10000     
4.499115e+02      1.00            0.00            1.00095     0.00042       0.04  %   10000     
4.499805e+02      1.21            0.00            1.00248     0.00066       0.07  %   10000     
4.500117e+02      1.35            0.00            1.00222     0.00061       0.06  %   10000     
4.500525e+02      1.53            0.00            1.00182     0.00055       0.05  %   10000     
4.500837e+02      1.71            0.00            1.00129     0.00046       0.05  %   10000     
4.501125e+02      1.88            0.00            1.00127     0.00045       0.04  %   10000     
4.501557e+02      2.22            0.00            1.00077     0.00034       0.03  %   10000     
4.501726e+02      2.36            0.00            1.00108     0.00041       0.04  %   10000     
4.502230e+02      2.88            0.00            1.00120     0.00042       0.04  %   10000     
4.502326e+02      2.97            0.00            1.00090     0.00037       0.04  %   10000     
4.502830e+02      3.66            0.00            1.00029     0.00021       0.02  %   10000     
4.502986e+02      3.87            0.00            1.00059     0.00029       0.03  %   10000     
4.503430e+02      4.64            0.00            1.00102     0.00039       0.04  %   10000     
4.503622e+02      4.98            0.01            1.00131     0.00044       0.04  %   10000     
4.504105e+02      6.06            0.01            1.00087     0.00035       0.04  %   10000     
4.504391e+02      6.70            0.01            1.00116     0.00041       0.04  %   10000     
4.504786e+02      7.82            0.01            1.00173     0.00050       0.05  %   10000     
4.505181e+02      8.93            0.01            1.00058     0.00029       0.03  %   10000     
4.505562e+02      10.27           0.01            1.00116     0.00041       0.04  %   10000     
4.506293e+02      12.82           0.01            1.00073     0.00033       0.03  %   10000     
4.506619e+02      14.11           0.01            1.00088     0.00036       0.04  %   10000     
4.508924e+02      23.07           0.05            1.00224     0.00058       0.06  %   10000     
4.509385e+02      24.32           0.02            1.00090     0.00037       0.04  %   10000     
4.509923e+02      25.77           0.05            1.00211     0.00056       0.06  %   10000     
4.510538e+02      26.45           0.05            1.00199     0.00055       0.05  %   10000     
4.511010e+02      26.98           0.05            1.00199     0.00055       0.05  %   10000     
4.511114e+02      26.99           0.05            1.00184     0.00053       0.05  %   10000     
4.511498e+02      26.68           0.07            1.00263     0.00064       0.06  %   10000     
4.511786e+02      26.45           0.08            1.00310     0.00069       0.07  %   10000     
4.512017e+02      26.27           0.08            1.00294     0.00067       0.07  %   10000     
4.512939e+02      24.02           0.06            1.00253     0.00063       0.06  %   10000     
4.513208e+02      23.36           0.09            1.00395     0.00079       0.08  %   10000     
4.514284e+02      19.27           0.06            1.00325     0.00073       0.07  %   10000     
4.515052e+02      16.33           0.06            1.00364     0.00078       0.08  %   10000     
4.516547e+02      10.58           0.05            1.00509     0.00094       0.09  %   10000     
4.517003e+02      9.14            0.05            1.00571     0.00101       0.10  %   10000     
4.517447e+02      7.74            0.06            1.00756     0.00118       0.12  %   10000     
4.518113e+02      6.07            0.04            1.00709     0.00116       0.12  %   10000     
4.518269e+02      5.67            0.05            1.00838     0.00128       0.13  %   10000     
4.518942e+02      4.35            0.04            1.00890     0.00135       0.13  %   10000     
4.519158e+02      4.03            0.04            1.00944     0.00140       0.14  %   10000     
4.519614e+02      3.33            0.02            1.00709     0.00125       0.12  %   10000     
4.519998e+02      2.88            0.03            1.00966     0.00149       0.15  %   10000     
4.520214e+02      2.63            0.03            1.00974     0.00152       0.15  %   10000     
4.520815e+02      2.09            0.02            1.01128     0.00170       0.17  %   10000     
4.520959e+02      1.99            0.03            1.01611     0.00204       0.20  %   10000     
4.521477e+02      1.64            0.03            1.01689     0.00217       0.21  %   10000     
4.522159e+02      1.31            0.02            1.01352     0.00203       0.20  %   10000     
4.522181e+02      1.30            0.02            1.01574     0.00220       0.22  %   10000     
4.522885e+02      1.05            0.02            1.02219     0.00274       0.27  %   10000     
4.523542e+02      0.89            0.02            1.02207     0.00284       0.28  %   10000     
4.523699e+02      0.85            0.02            1.02114     0.00282       0.28  %   10000     
4.524484e+02      0.71            0.02            1.02658     0.00331       0.32  %   10000     
4.525256e+02      0.61            0.02            1.02546     0.00336       0.33  %   10000     
4.525465e+02      0.59            0.02            1.02617     0.00346       0.34  %   10000     
4.526696e+02      0.48            0.02            1.03875     0.00446       0.43  %   10000     
4.527734e+02      0.42            0.01            1.02894     0.00400       0.39  %   10000     
4.528192e+02      0.39            0.02            1.03961     0.00479       0.46  %   10000     
4.529938e+02      0.32            0.02            1.04775     0.00396       0.38  %   20000     
4.531556e+02      0.27            0.01            1.04634     0.00410       0.39  %   20000     
4.531845e+02      0.26            0.01            1.04890     0.00426       0.41  %   20000     
4.534310e+02      0.21            0.01            1.05747     0.00497       0.47  %   20000     
4.536646e+02      0.18            0.01            1.06586     0.00460       0.43  %   30000     
4.537252e+02      0.17            0.01            1.06861     0.00474       0.44  %   30000     
4.539522e+02      0.15            0.01            1.07469     0.00522       0.49  %   30000     
4.542973e+02      0.12            0.01            1.08443     0.00514       0.47  %   40000     
4.545416e+02      0.11            0.01            1.09252     0.00499       0.46  %   50000     
4.546791e+02      0.10            0.01            1.08970     0.00504       0.46  %   50000     
4.551341e+02      0.09            0.01            1.10748     0.00536       0.48  %   60000     
4.557408e+02      0.07            0.01            1.13016     0.00544       0.48  %   80000     
4.564233e+02      0.06            0.01            1.15145     0.00557       0.48  %   100000    
4.571058e+02      0.06            0.01            1.14382     0.00567       0.50  %   100000    
4.581296e+02      0.05            0.01            1.17033     0.00640       0.55  %   100000    
4.584708e+02      0.05            0.01            1.17304     0.00648       0.55  %   100000    
4.591410e+02      0.04            0.01            1.16759     0.00648       0.55  %   100000    
4.604814e+02      0.04            0.00            1.08620     0.00522       0.48  %   80000     
4.611517e+02      0.04            0.00            1.00999     0.00499       0.49  %   10000     
4.626316e+02      0.04            0.00            1.00696     0.00402       0.40  %   10000     
4.644684e+02      0.05            0.00            1.00198     0.00198       0.20  %   10000     
4.658960e+02      0.05            0.00            1.00333     0.00235       0.23  %   10000     
4.672984e+02      0.06            0.00            1.00134     0.00134       0.13  %   10000     
4.676301e+02      0.06            0.00            1.00377     0.00218       0.22  %   10000     
4.684593e+02      0.07            0.00            1.00213     0.00151       0.15  %   10000     
4.694544e+02      0.09            0.00            1.00085     0.00085       0.08  %   10000     
4.703895e+02      0.11            0.00            1.00066     0.00066       0.07  %   10000     
4.711098e+02      0.13            0.00            1.00215     0.00108       0.11  %   10000     
4.711588e+02      0.13            0.00            1.00000     0.00000       0.00  %   10000     
4.718117e+02      0.16            0.00            1.00000     0.00000       0.00  %   10000     
4.724181e+02      0.20            0.00            1.00071     0.00050       0.05  %   10000     
4.727914e+02      0.23            0.00            1.00062     0.00044       0.04  %   10000     
4.729398e+02      0.24            0.00            1.00119     0.00059       0.06  %   10000     
4.734069e+02      0.30            0.00            1.00077     0.00044       0.04  %   10000     
4.734747e+02      0.31            0.00            1.00075     0.00043       0.04  %   10000     
4.738370e+02      0.37            0.00            1.00000     0.00000       0.00  %   10000     
4.739671e+02      0.40            0.00            1.00066     0.00038       0.04  %   10000     
4.742054e+02      0.45            0.00            1.00084     0.00042       0.04  %   10000     
4.742314e+02      0.46            0.00            1.00042     0.00030       0.03  %   10000     
4.744956e+02      0.55            0.00            1.00080     0.00040       0.04  %   10000     
4.745492e+02      0.57            0.00            1.00000     0.00000       0.00  %   10000     
4.747539e+02      0.66            0.00            1.00059     0.00034       0.03  %   10000     
4.748523e+02      0.71            0.00            1.00098     0.00044       0.04  %   10000     
4.749747e+02      0.79            0.00            1.00000     0.00000       0.00  %   10000     
4.750984e+02      0.87            0.00            1.00039     0.00028       0.03  %   10000     
4.751580e+02      0.92            0.00            1.00039     0.00028       0.03  %   10000     
4.753255e+02      1.08            0.00            1.00080     0.00040       0.04  %   10000     
4.753368e+02      1.09            0.00            1.00080     0.00040       0.04  %   10000     
4.754901e+02      1.28            0.00            1.00081     0.00041       0.04  %   10000     
4.755213e+02      1.32            0.00            1.00082     0.00041       0.04  %   10000     
4.756405e+02      1.53            0.00            1.00062     0.00036       0.04  %   10000     
4.757001e+02      1.64            0.00            1.00148     0.00056       0.06  %   10000     
4.757597e+02      1.79            0.00            1.00128     0.00052       0.05  %   10000     
4.758534e+02      2.02            0.00            1.00088     0.00044       0.04  %   10000     
4.758741e+02      2.09            0.00            1.00088     0.00044       0.04  %   10000     
4.759794e+02      2.45            0.01            1.00226     0.00071       0.07  %   10000     
4.759939e+02      2.51            0.00            1.00046     0.00032       0.03  %   10000     
4.760696e+02      2.88            0.01            1.00185     0.00065       0.07  %   10000     
4.761190e+02      3.12            0.01            1.00190     0.00067       0.07  %   10000     
4.761565e+02      3.38            0.00            1.00119     0.00053       0.05  %   10000     
4.762132e+02      3.76            0.01            1.00147     0.00060       0.06  %   10000     
4.762473e+02      4.08            0.01            1.00295     0.00085       0.08  %   10000     
4.763154e+02      4.70            0.01            1.00178     0.00067       0.07  %   10000     
4.763268e+02      4.85            0.01            1.00229     0.00076       0.08  %   10000     
4.764062e+02      5.84            0.02            1.00341     0.00094       0.09  %   10000     
4.764834e+02      7.13            0.02            1.00242     0.00081       0.08  %   10000     
4.764971e+02      7.36            0.03            1.00353     0.00098       0.10  %   10000     
4.765652e+02      8.86            0.02            1.00249     0.00083       0.08  %   10000     
4.765879e+02      9.36            0.03            1.00365     0.00101       0.10  %   10000     
4.766537e+02      11.26           0.03            1.00227     0.00080       0.08  %   10000     
4.766900e+02      12.30           0.05            1.00435     0.00112       0.11  %   10000     
4.767445e+02      14.33           0.06            1.00408     0.00109       0.11  %   10000     
4.767968e+02      16.24           0.06            1.00388     0.00108       0.11  %   10000     
4.768512e+02      18.74           0.09            1.00478     0.00119       0.12  %   10000     
4.769307e+02      22.32           0.14            1.00646     0.00141       0.14  %   10000     
4.769943e+02      25.48           0.20            1.00775     0.00155       0.15  %   10000     
4.772168e+02      36.22           0.34            1.00927     0.00172       0.17  %   10000     
4.772531e+02      37.36           0.30            1.00811     0.00162       0.16  %   10000     
4.773530e+02      40.52           0.45            1.01113     0.00190       0.19  %   10000     
4.774717e+02      41.78           0.57            1.01360     0.00212       0.21  %   10000     
4.774846e+02      41.68           0.64            1.01534     0.00226       0.22  %   10000     
4.775482e+02      41.22           0.55            1.01337     0.00211       0.21  %   10000     
4.775937e+02      40.08           0.53            1.01325     0.00212       0.21  %   10000     
4.776664e+02      38.33           0.61            1.01596     0.00232       0.23  %   10000     
4.777208e+02      36.00           0.69            1.01904     0.00256       0.25  %   10000     
4.778298e+02      31.39           0.78            1.02470     0.00292       0.29  %   10000     
4.779252e+02      26.72           0.60            1.02237     0.00281       0.27  %   10000     
4.780762e+02      19.19           0.46            1.02375     0.00296       0.29  %   10000     
4.781318e+02      16.91           0.52            1.03048     0.00335       0.33  %   10000     
4.781988e+02      14.13           0.35            1.02495     0.00308       0.30  %   10000     
4.782567e+02      12.24           0.38            1.03127     0.00346       0.34  %   10000     
4.782976e+02      10.88           0.35            1.03209     0.00355       0.34  %   10000     
4.783702e+02      9.01            0.28            1.03140     0.00354       0.34  %   10000     
4.783884e+02      8.54            0.26            1.03023     0.00350       0.34  %   10000     
4.784792e+02      6.73            0.20            1.02999     0.00355       0.34  %   10000     
4.784837e+02      6.67            0.23            1.03461     0.00381       0.37  %   10000     
4.785700e+02      5.37            0.22            1.04096     0.00423       0.41  %   10000     
4.785973e+02      5.07            0.19            1.03833     0.00409       0.39  %   10000     
4.786722e+02      4.24            0.18            1.04325     0.00444       0.43  %   10000     
4.787108e+02      3.94            0.17            1.04252     0.00441       0.42  %   10000     
4.787744e+02      3.43            0.14            1.04090     0.00442       0.42  %   10000     
4.788470e+02      3.01            0.14            1.04542     0.00469       0.45  %   10000     
4.788944e+02      2.74            0.13            1.04793     0.00489       0.47  %   10000     
4.789953e+02      2.33            0.11            1.04732     0.00494       0.47  %   10000     
4.790145e+02      2.25            0.10            1.04427     0.00481       0.46  %   10000     
4.791456e+02      1.86            0.09            1.04651     0.00505       0.48  %   10000     
4.791733e+02      1.80            0.08            1.04552     0.00501       0.48  %   10000     
4.792989e+02      1.52            0.09            1.06122     0.00421       0.40  %   20000     
4.793783e+02      1.40            0.07            1.05347     0.00397       0.38  %   20000     
4.794776e+02      1.24            0.08            1.06697     0.00454       0.43  %   20000     
4.796621e+02      1.03            0.07            1.06483     0.00458       0.43  %   20000     
4.796735e+02      1.02            0.06            1.06160     0.00448       0.42  %   20000     
4.799005e+02      0.83            0.06            1.07030     0.00497       0.46  %   20000     
4.800027e+02      0.77            0.05            1.06351     0.00477       0.45  %   20000     
4.801617e+02      0.67            0.05            1.07391     0.00529       0.49  %   20000     
4.803876e+02      0.57            0.04            1.06969     0.00528       0.49  %   20000     
4.804478e+02      0.55            0.05            1.08612     0.00484       0.45  %   30000     
4.807765e+02      0.44            0.04            1.09473     0.00530       0.48  %   30000     
4.808611e+02      0.42            0.04            1.08883     0.00516       0.47  %   30000     
4.811620e+02      0.36            0.03            1.09683     0.00487       0.44  %   40000     
4.814925e+02      0.31            0.03            1.10425     0.00521       0.47  %   40000     
4.815676e+02      0.29            0.03            1.11474     0.00553       0.50  %   40000     
4.820184e+02      0.24            0.03            1.11780     0.00525       0.47  %   50000     
4.821362e+02      0.23            0.03            1.12393     0.00542       0.48  %   50000     
4.825444e+02      0.20            0.03            1.13760     0.00544       0.48  %   60000     
4.831753e+02      0.16            0.02            1.14115     0.00532       0.47  %   70000     
4.832091e+02      0.16            0.02            1.14930     0.00547       0.48  %   70000     
4.838963e+02      0.14            0.02            1.16224     0.00556       0.48  %   80000     
4.844433e+02      0.13            0.02            1.16974     0.00576       0.49  %   80000     
4.846172e+02      0.12            0.02            1.16688     0.00575       0.49  %   80000     
4.854124e+02      0.11            0.02            1.15590     0.00555       0.48  %   80000     
4.856775e+02      0.11            0.02            1.15666     0.00551       0.48  %   80000     
4.863299e+02      0.12            0.02            1.13269     0.00559       0.49  %   60000     
4.867648e+02      0.13            0.01            1.11083     0.00528       0.48  %   50000     
4.870910e+02      0.14            0.01            1.07594     0.00532       0.49  %   30000     
4.874172e+02      0.16            0.01            1.04388     0.00459       0.44  %   20000     
4.876735e+02      0.18            0.00            1.02683     0.00332       0.32  %   20000     
4.878870e+02      0.21            0.00            1.01552     0.00331       0.33  %   10000     
4.880579e+02      0.25            0.00            1.01156     0.00265       0.26  %   10000     
4.880880e+02      0.25            0.00            1.00765     0.00212       0.21  %   10000     
4.882289e+02      0.30            0.00            1.00817     0.00204       0.20  %   10000     
4.883571e+02      0.35            0.00            1.00568     0.00157       0.16  %   10000     
4.884598e+02      0.42            0.00            1.00341     0.00114       0.11  %   10000     
4.885409e+02      0.50            0.00            1.00600     0.00141       0.14  %   10000     
4.885442e+02      0.50            0.00            1.00199     0.00081       0.08  %   10000     
4.886128e+02      0.59            0.00            1.00266     0.00089       0.09  %   10000     
4.886272e+02      0.61            0.00            1.00232     0.00082       0.08  %   10000     
4.887018e+02      0.75            0.00            1.00205     0.00073       0.07  %   10000     
4.887566e+02      0.90            0.00            1.00163     0.00061       0.06  %   10000     
4.887765e+02      0.95            0.00            1.00113     0.00051       0.05  %   10000     
4.888386e+02      1.17            0.00            1.00124     0.00051       0.05  %   10000     
4.888808e+02      1.37            0.00            1.00058     0.00034       0.03  %   10000     
4.889007e+02      1.46            0.00            1.00095     0.00043       0.04  %   10000     
4.889629e+02      1.85            0.00            1.00053     0.00031       0.03  %   10000     
4.889803e+02      1.98            0.00            1.00035     0.00025       0.02  %   10000     
4.890312e+02      2.39            0.00            1.00067     0.00033       0.03  %   10000     
4.890672e+02      2.76            0.00            1.00097     0.00040       0.04  %   10000     
4.891095e+02      3.20            0.00            1.00016     0.00016       0.02  %   10000     
4.891542e+02      3.80            0.00            1.00046     0.00027       0.03  %   10000     
4.891959e+02      4.35            0.00            1.00046     0.00027       0.03  %   10000     
4.892375e+02      5.05            0.00            1.00090     0.00037       0.04  %   10000     
4.892974e+02      6.06            0.01            1.00090     0.00037       0.04  %   10000     
4.893471e+02      7.05            0.01            1.00074     0.00033       0.03  %   10000     
4.895260e+02      10.63           0.01            1.00104     0.00039       0.04  %   10000     
4.895976e+02      12.06           0.01            1.00089     0.00036       0.04  %   10000     
4.897090e+02      13.62           0.01            1.00105     0.00040       0.04  %   10000     
4.897249e+02      13.84           0.02            1.00165     0.00050       0.05  %   10000     
4.898401e+02      14.41           0.02            1.00122     0.00043       0.04  %   10000     
4.898405e+02      14.41           0.02            1.00168     0.00051       0.05  %   10000     
4.899257e+02      14.03           0.03            1.00187     0.00054       0.05  %   10000     
4.899416e+02      13.96           0.02            1.00171     0.00052       0.05  %   10000     
4.900291e+02      12.81           0.02            1.00127     0.00045       0.04  %   10000     
4.900689e+02      12.29           0.03            1.00224     0.00060       0.06  %   10000     
4.901484e+02      10.72           0.04            1.00345     0.00075       0.08  %   10000     
4.903962e+02      5.81            0.02            1.00370     0.00083       0.08  %   10000     
4.904914e+02      4.25            0.01            1.00317     0.00079       0.08  %   10000     
4.904957e+02      4.20            0.01            1.00298     0.00077       0.08  %   10000     
4.905709e+02      3.21            0.02            1.00559     0.00109       0.11  %   10000     
4.906355e+02      2.53            0.01            1.00391     0.00095       0.09  %   10000     
4.906417e+02      2.47            0.02            1.00743     0.00131       0.13  %   10000     
4.907088e+02      1.92            0.01            1.00536     0.00117       0.12  %   10000     
4.907548e+02      1.63            0.01            1.00649     0.00132       0.13  %   10000     
4.907760e+02      1.50            0.01            1.00732     0.00143       0.14  %   10000     
4.908468e+02      1.17            0.01            1.01010     0.00178       0.18  %   10000     
4.908890e+02      1.02            0.01            1.00737     0.00157       0.16  %   10000     
4.909089e+02      0.95            0.01            1.00905     0.00177       0.18  %   10000     
4.909835e+02      0.76            0.01            1.01138     0.00211       0.21  %   10000     
4.910196e+02      0.69            0.01            1.01271     0.00228       0.23  %   10000     
4.910643e+02      0.61            0.01            1.01765     0.00279       0.27  %   10000     
4.911484e+02      0.51            0.01            1.02354     0.00339       0.33  %   10000     
4.911502e+02      0.51            0.01            1.02063     0.00318       0.31  %   10000     
4.912324e+02      0.44            0.01            1.01676     0.00301       0.30  %   10000     
4.913444e+02      0.37            0.01            1.02146     0.00357       0.35  %   10000     
4.914757e+02      0.32            0.01            1.02946     0.00433       0.42  %   10000     
4.914915e+02      0.32            0.01            1.02269     0.00383       0.37  %   10000     
4.916671e+02      0.28            0.01            1.03204     0.00471       0.46  %   10000     
4.918777e+02      0.26            0.01            1.03138     0.00472       0.46  %   10000     
4.920182e+02      0.25            0.01            1.02865     0.00447       0.43  %   10000     
4.921304e+02      0.26            0.00            1.01676     0.00335       0.33  %   10000     
4.921747e+02      0.26            0.01            1.02246     0.00384       0.38  %   10000     
4.923311e+02      0.28            0.01            1.01802     0.00329       0.32  %   10000     
4.924616e+02      0.31            0.01            1.01708     0.00301       0.30  %   10000     
4.925659e+02      0.35            0.01            1.01597     0.00273       0.27  %   10000     
4.926572e+02      0.41            0.01            1.01386     0.00237       0.23  %   10000     
4.927354e+02      0.49            0.01            1.01093     0.00196       0.19  %   10000     
4.928006e+02      0.58            0.01            1.00985     0.00174       0.17  %   10000     
4.928037e+02      0.59            0.01            1.00886     0.00164       0.16  %   10000     
4.928693e+02      0.72            0.01            1.00825     0.00148       0.15  %   10000     
4.929353e+02      0.91            0.01            1.00715     0.00128       0.13  %   10000     
4.929699e+02      1.05            0.01            1.00596     0.00113       0.11  %   10000     
4.930013e+02      1.17            0.01            1.00585     0.00108       0.11  %   10000     
4.930673e+02      1.52            0.01            1.00448     0.00090       0.09  %   10000     
4.930777e+02      1.60            0.01            1.00351     0.00079       0.08  %   10000     
4.931354e+02      2.01            0.01            1.00358     0.00076       0.08  %   10000     
4.931689e+02      2.32            0.01            1.00218     0.00058       0.06  %   10000     
4.932006e+02      2.61            0.01            1.00287     0.00066       0.07  %   10000     
4.932622e+02      3.33            0.01            1.00172     0.00050       0.05  %   10000     
4.932743e+02      3.47            0.01            1.00284     0.00064       0.06  %   10000     
4.933480e+02      4.55            0.01            1.00177     0.00049       0.05  %   10000     
4.933666e+02      4.83            0.01            1.00122     0.00041       0.04  %   10000     
4.934559e+02      6.47            0.01            1.00145     0.00044       0.04  %   10000     
4.934980e+02      7.24            0.02            1.00262     0.00059       0.06  %   10000     
4.935836e+02      8.89            0.02            1.00169     0.00047       0.05  %   10000     
4.937179e+02      11.49           0.01            1.00130     0.00041       0.04  %   10000     
4.938432e+02      13.09           0.03            1.00237     0.00056       0.06  %   10000     
4.938551e+02      13.14           0.02            1.00145     0.00044       0.04  %   10000     
4.939441e+02      13.52           0.03            1.00254     0.00058       0.06  %   10000     
4.939923e+02      13.29           0.03            1.00217     0.00054       0.05  %   10000     
4.940565e+02      12.98           0.05            1.00356     0.00070       0.07  %   10000     
4.940803e+02      12.67           0.02            1.00193     0.00052       0.05  %   10000     
4.941639e+02      11.58           0.04            1.00310     0.00066       0.07  %   10000     
4.941997e+02      10.90           0.04            1.00329     0.00069       0.07  %   10000     
4.943617e+02      7.79            0.03            1.00323     0.00070       0.07  %   10000     
4.943787e+02      7.47            0.04            1.00497     0.00088       0.09  %   10000     
4.945002e+02      5.17            0.03            1.00648     0.00105       0.10  %   10000     
4.945935e+02      3.72            0.02            1.00582     0.00104       0.10  %   10000     
4.946569e+02      2.94            0.02            1.00770     0.00125       0.12  %   10000     
4.946680e+02      2.80            0.02            1.00765     0.00125       0.12  %   10000     
4.947426e+02      2.07            0.03            1.01262     0.00171       0.17  %   10000     
4.948060e+02      1.59            0.02            1.01179     0.00175       0.17  %   10000     
4.948079e+02      1.58            0.02            1.01474     0.00196       0.19  %   10000     
4.948682e+02      1.23            0.02            1.01351     0.00201       0.20  %   10000     
4.949329e+02      0.95            0.01            1.01526     0.00230       0.23  %   10000     
4.949706e+02      0.83            0.02            1.02471     0.00303       0.30  %   10000     
4.949975e+02      0.74            0.02            1.02455     0.00313       0.31  %   10000     
4.950622e+02      0.59            0.02            1.03229     0.00387       0.38  %   10000     
4.951274e+02      0.48            0.02            1.04466     0.00488       0.47  %   10000     
4.951352e+02      0.47            0.02            1.03706     0.00448       0.43  %   10000     
4.952041e+02      0.38            0.01            1.03848     0.00491       0.47  %   10000     
4.952698e+02      0.33            0.01            1.04443     0.00396       0.38  %   20000     
4.953574e+02      0.27            0.02            1.05690     0.00479       0.45  %   20000     
4.954624e+02      0.23            0.01            1.05950     0.00427       0.40  %   30000     
4.954784e+02      0.22            0.01            1.06440     0.00447       0.42  %   30000     
4.955834e+02      0.19            0.01            1.07005     0.00495       0.46  %   30000     
4.957563e+02      0.16            0.01            1.08445     0.00508       0.47  %   40000     
4.959453e+02      0.13            0.01            1.10160     0.00533       0.48  %   50000     
4.959638e+02      0.13            0.01            1.10324     0.00541       0.49  %   50000     
4.962157e+02      0.11            0.01            1.12166     0.00538       0.48  %   70000     
4.965200e+02      0.09            0.01            1.14329     0.00556       0.49  %   90000     
4.967532e+02      0.08            0.01            1.16274     0.00588       0.51  %   100000    
4.968408e+02      0.07            0.01            1.16939     0.00612       0.52  %   100000    
4.972818e+02      0.06            0.01            1.18915     0.00699       0.59  %   100000    
4.977228e+02      0.05            0.01            1.22616     0.00812       0.66  %   100000    
4.981195e+02      0.05            0.01            1.23084     0.00855       0.69  %   100000    
4.982835e+02      0.05            0.01            1.24930     0.00907       0.73  %   100000    
4.989728e+02      0.04            0.01            1.27601     0.01017       0.80  %   100000    
4.998001e+02      0.03            0.01            1.26780     0.01062       0.84  %   100000    
5.007956e+02      0.03            0.01            1.19044     0.00943       0.79  %   100000    
5.009090e+02      0.03            0.01            1.19084     0.00948       0.80  %   100000    
5.022352e+02      0.03            0.00            1.18308     0.00983       0.83  %   100000    
5.042583e+02      0.02            0.00            1.09951     0.00767       0.70  %   100000    
5.063637e+02      0.02            0.00            1.00318     0.00318       0.32  %   20000     
5.075130e+02      0.02            0.00            1.00000     0.00000       0.00  %   10000     
5.087695e+02      0.02            0.00            1.00000     0.00000       0.00  %   10000     
5.121649e+02      0.02            0.00            1.00866     0.00387       0.38  %   40000     
5.166956e+02      0.02            0.00            1.00000     0.00000       0.00  %   10000     
5.204703e+02      0.02            0.00            1.00622     0.00359       0.36  %   30000     
5.228625e+02      0.02            0.00            1.00000     0.00000       0.00  %   10000     
5.250932e+02      0.02            0.00            1.00000     0.00000       0.00  %   10000     
5.265265e+02      0.02            0.00            1.00000     0.00000       0.00  %   10000     
5.277161e+02      0.03            0.00            1.00354     0.00354       0.35  %   10000     
5.285658e+02      0.03            0.00            1.00000     0.00000       0.00  %   10000     
5.292456e+02      0.04            0.00            1.00000     0.00000       0.00  %   10000     
5.298277e+02      0.04            0.00            1.00212     0.00212       0.21  %   10000     
5.299705e+02      0.04            0.00            1.00401     0.00284       0.28  %   10000     
5.303267e+02      0.05            0.00            1.00175     0.00175       0.17  %   10000     
5.307420e+02      0.06            0.00            1.00000     0.00000       0.00  %   10000     
5.311288e+02      0.07            0.00            1.00000     0.00000       0.00  %   10000     
5.314051e+02      0.09            0.00            1.00098     0.00098       0.10  %   10000     
5.316241e+02      0.10            0.00            1.00251     0.00145       0.14  %   10000     
5.316825e+02      0.10            0.00            1.00080     0.00080       0.08  %   10000     
5.319045e+02      0.13            0.00            1.00000     0.00000       0.00  %   10000     
5.321099e+02      0.15            0.00            1.00166     0.00096       0.10  %   10000     
5.322819e+02      0.19            0.00            1.00000     0.00000       0.00  %   10000     
5.324252e+02      0.23            0.00            1.00079     0.00056       0.06  %   10000     
5.325544e+02      0.28            0.00            1.00000     0.00000       0.00  %   10000     
5.326624e+02      0.34            0.00            1.00058     0.00041       0.04  %   10000     
5.326831e+02      0.36            0.00            1.00084     0.00048       0.05  %   10000     
5.327133e+02      0.38            0.00            1.00160     0.00065       0.07  %   10000     
5.327488e+02      0.41            0.00            1.00026     0.00026       0.03  %   10000     
5.328244e+02      0.50            0.00            1.00046     0.00033       0.03  %   10000     
5.328392e+02      0.53            0.00            1.00022     0.00022       0.02  %   10000     
5.328976e+02      0.62            0.00            1.00021     0.00021       0.02  %   10000     
5.329374e+02      0.71            0.00            1.00020     0.00020       0.02  %   10000     
5.329657e+02      0.78            0.00            1.00019     0.00019       0.02  %   10000     
5.330338e+02      0.98            0.00            1.00018     0.00018       0.02  %   10000     
5.330354e+02      0.99            0.00            1.00000     0.00000       0.00  %   10000     
5.330992e+02      1.24            0.00            1.00034     0.00024       0.02  %   10000     
5.331090e+02      1.29            0.00            1.00017     0.00017       0.02  %   10000     
5.331604e+02      1.56            0.00            1.00000     0.00000       0.00  %   10000     
5.331825e+02      1.71            0.00            1.00032     0.00022       0.02  %   10000     
5.332339e+02      2.06            0.00            1.00031     0.00022       0.02  %   10000     
5.332609e+02      2.30            0.00            1.00015     0.00015       0.02  %   10000     
5.333099e+02      2.73            0.00            1.00015     0.00015       0.02  %   10000     
5.333319e+02      2.98            0.00            1.00015     0.00015       0.02  %   10000     
5.333981e+02      3.73            0.00            1.00015     0.00015       0.02  %   10000     
5.334177e+02      4.01            0.00            1.00075     0.00033       0.03  %   10000     
5.335022e+02      5.23            0.00            1.00030     0.00021       0.02  %   10000     
5.335147e+02      5.45            0.00            1.00000     0.00000       0.00  %   10000     
5.336411e+02      7.68            0.00            1.00030     0.00021       0.02  %   10000     
5.336646e+02      8.09            0.00            1.00015     0.00015       0.02  %   10000     
5.338450e+02      11.26           0.01            1.00046     0.00026       0.03  %   10000     
5.338999e+02      11.92           0.01            1.00092     0.00038       0.04  %   10000     
5.339684e+02      12.75           0.01            1.00077     0.00034       0.03  %   10000     
5.340292e+02      13.01           0.01            1.00078     0.00035       0.03  %   10000     
5.340841e+02      13.24           0.01            1.00063     0.00031       0.03  %   10000     
5.341325e+02      13.05           0.01            1.00111     0.00042       0.04  %   10000     
5.341684e+02      12.90           0.01            1.00112     0.00042       0.04  %   10000     
5.341919e+02      12.81           0.01            1.00080     0.00036       0.04  %   10000     
5.342938e+02      11.62           0.02            1.00163     0.00052       0.05  %   10000     
5.343174e+02      11.34           0.02            1.00180     0.00054       0.05  %   10000     
5.344428e+02      9.14            0.01            1.00153     0.00051       0.05  %   10000     
5.345290e+02      7.61            0.01            1.00192     0.00058       0.06  %   10000     
5.346817e+02      4.98            0.02            1.00396     0.00086       0.09  %   10000     
5.347420e+02      4.13            0.01            1.00350     0.00082       0.08  %   10000     
5.347750e+02      3.67            0.02            1.00501     0.00100       0.10  %   10000     
5.348572e+02      2.75            0.01            1.00364     0.00088       0.09  %   10000     
5.348632e+02      2.68            0.01            1.00432     0.00097       0.10  %   10000     
5.349367e+02      2.04            0.01            1.00376     0.00094       0.09  %   10000     
5.349808e+02      1.75            0.01            1.00564     0.00118       0.12  %   10000     
5.350102e+02      1.55            0.01            1.00798     0.00143       0.14  %   10000     
5.350715e+02      1.23            0.01            1.00618     0.00132       0.13  %   10000     
5.351033e+02      1.11            0.01            1.00555     0.00127       0.13  %   10000     
5.351327e+02      0.99            0.01            1.00771     0.00154       0.15  %   10000     
5.351940e+02      0.80            0.01            1.00715     0.00156       0.15  %   10000     
5.352259e+02      0.73            0.01            1.00710     0.00159       0.16  %   10000     
5.352642e+02      0.64            0.01            1.00993     0.00194       0.19  %   10000     
5.353358e+02      0.52            0.01            1.01284     0.00234       0.23  %   10000     
5.353771e+02      0.47            0.01            1.01172     0.00230       0.23  %   10000     
5.354164e+02      0.42            0.00            1.00918     0.00210       0.21  %   10000     
5.355060e+02      0.34            0.00            1.01316     0.00268       0.26  %   10000     
5.355913e+02      0.29            0.01            1.02361     0.00377       0.37  %   10000     
5.356155e+02      0.28            0.01            1.02099     0.00359       0.35  %   10000     
5.357151e+02      0.24            0.00            1.01944     0.00367       0.36  %   10000     
5.358636e+02      0.19            0.01            1.02949     0.00342       0.33  %   20000     
5.359845e+02      0.17            0.00            1.02953     0.00506       0.49  %   10000     
5.360392e+02      0.16            0.00            1.02286     0.00457       0.45  %   10000     
5.362419e+02      0.13            0.00            1.03598     0.00436       0.42  %   20000     
5.364783e+02      0.11            0.00            1.04139     0.00501       0.48  %   20000     
5.367272e+02      0.09            0.00            1.04571     0.00461       0.44  %   30000     
5.370258e+02      0.07            0.00            1.05462     0.00468       0.44  %   40000     
5.373566e+02      0.06            0.00            1.06173     0.00528       0.50  %   40000     
5.373730e+02      0.06            0.00            1.06964     0.00503       0.47  %   50000     
5.377664e+02      0.05            0.00            1.06969     0.00491       0.46  %   60000     
5.382581e+02      0.05            0.00            1.07771     0.00510       0.47  %   70000     
5.387619e+02      0.04            0.00            1.08991     0.00537       0.49  %   80000     
5.390209e+02      0.04            0.00            1.08069     0.00517       0.48  %   80000     
5.392900e+02      0.04            0.00            1.09921     0.00523       0.48  %   100000    
5.399942e+02      0.03            0.00            1.09774     0.00535       0.49  %   100000    
5.410505e+02      0.03            0.00            1.11256     0.00579       0.52  %   100000    
5.414026e+02      0.03            0.00            1.10731     0.00563       0.51  %   100000    
5.424522e+02      0.03            0.00            1.09910     0.00521       0.47  %   100000    
5.431520e+02      0.03            0.00            1.09254     0.00537       0.49  %   80000     
5.438518e+02      0.04            0.00            1.07699     0.00529       0.49  %   60000     
5.443653e+02      0.04            0.00            1.06576     0.00502       0.47  %   50000     
5.443881e+02      0.04            0.00            1.05104     0.00493       0.47  %   40000     
5.448562e+02      0.05            0.00            1.04112     0.00471       0.45  %   30000     
5.452654e+02      0.06            0.00            1.01777     0.00492       0.48  %   10000     
5.456594e+02      0.07            0.00            1.00336     0.00194       0.19  %   10000     
5.459168e+02      0.08            0.00            1.00384     0.00192       0.19  %   10000     
5.459565e+02      0.08            0.00            1.00749     0.00265       0.26  %   10000     
5.462040e+02      0.10            0.00            1.00156     0.00110       0.11  %   10000     
5.464367e+02      0.12            0.00            1.00322     0.00144       0.14  %   10000     
5.466372e+02      0.14            0.00            1.00107     0.00075       0.08  %   10000     
5.467559e+02      0.17            0.00            1.00047     0.00047       0.05  %   10000     
5.468043e+02      0.18            0.00            1.00045     0.00045       0.04  %   10000     
5.469346e+02      0.21            0.00            1.00038     0.00038       0.04  %   10000     
5.470557e+02      0.26            0.00            1.00000     0.00000       0.00  %   10000     
5.471526e+02      0.31            0.00            1.00029     0.00029       0.03  %   10000     
5.472156e+02      0.36            0.00            1.00052     0.00036       0.04  %   10000     
5.472421e+02      0.38            0.00            1.00000     0.00000       0.00  %   10000     
5.473093e+02      0.46            0.00            1.00023     0.00023       0.02  %   10000     
5.473253e+02      0.48            0.00            1.00044     0.00031       0.03  %   10000     
5.473850e+02      0.57            0.00            1.00020     0.00020       0.02  %   10000     
5.474362e+02      0.68            0.00            1.00057     0.00033       0.03  %   10000     
5.474523e+02      0.71            0.00            1.00019     0.00019       0.02  %   10000     
5.475172e+02      0.90            0.00            1.00035     0.00025       0.02  %   10000     
5.475202e+02      0.91            0.00            1.00000     0.00000       0.00  %   10000     
5.475859e+02      1.16            0.00            1.00050     0.00029       0.03  %   10000     
5.476042e+02      1.25            0.00            1.00000     0.00000       0.00  %   10000     
5.476546e+02      1.50            0.00            1.00016     0.00016       0.02  %   10000     
5.476844e+02      1.70            0.00            1.00016     0.00016       0.02  %   10000     
5.477233e+02      1.95            0.00            1.00000     0.00000       0.00  %   10000     
5.477530e+02      2.20            0.00            1.00030     0.00021       0.02  %   10000     
5.478034e+02      2.63            0.00            1.00045     0.00026       0.03  %   10000     
5.478332e+02      2.95            0.00            1.00045     0.00026       0.03  %   10000     
5.478891e+02      3.55            0.00            1.00000     0.00000       0.00  %   10000     
5.479127e+02      3.87            0.00            1.00030     0.00021       0.02  %   10000     
5.479936e+02      4.97            0.00            1.00015     0.00015       0.01  %   10000     
5.480064e+02      5.17            0.00            1.00059     0.00030       0.03  %   10000     
5.481372e+02      7.30            0.00            1.00000     0.00000       0.00  %   10000     
5.483057e+02      10.03           0.01            1.00061     0.00030       0.03  %   10000     
5.483789e+02      10.89           0.01            1.00092     0.00038       0.04  %   10000     
5.484357e+02      11.56           0.01            1.00108     0.00041       0.04  %   10000     
5.485034e+02      11.88           0.00            1.00016     0.00016       0.02  %   10000     
5.485520e+02      12.11           0.01            1.00063     0.00031       0.03  %   10000     
5.485656e+02      12.12           0.01            1.00094     0.00038       0.04  %   10000     
5.486298e+02      11.90           0.02            1.00128     0.00045       0.05  %   10000     
5.486554e+02      11.81           0.02            1.00192     0.00055       0.06  %   10000     
5.486664e+02      11.77           0.02            1.00128     0.00045       0.05  %   10000     
5.487763e+02      10.67           0.01            1.00131     0.00046       0.05  %   10000     
5.487836e+02      10.60           0.02            1.00181     0.00054       0.05  %   10000     
5.489228e+02      8.45            0.01            1.00171     0.00054       0.05  %   10000     
5.489521e+02      7.99            0.01            1.00172     0.00054       0.05  %   10000     
5.491396e+02      4.93            0.01            1.00207     0.00062       0.06  %   10000     
5.492330e+02      3.68            0.02            1.00436     0.00093       0.09  %   10000     
5.492479e+02      3.48            0.01            1.00201     0.00064       0.06  %   10000     
5.493349e+02      2.56            0.01            1.00218     0.00069       0.07  %   10000     
5.493669e+02      2.30            0.01            1.00603     0.00116       0.12  %   10000     
5.494150e+02      1.90            0.01            1.00452     0.00104       0.10  %   10000     
5.494814e+02      1.48            0.01            1.00644     0.00129       0.13  %   10000     
5.494837e+02      1.47            0.01            1.00518     0.00116       0.12  %   10000     
5.495523e+02      1.13            0.00            1.00402     0.00107       0.11  %   10000     
5.495958e+02      0.97            0.01            1.00609     0.00136       0.14  %   10000     
5.496210e+02      0.88            0.01            1.00929     0.00172       0.17  %   10000     
5.496876e+02      0.69            0.00            1.00610     0.00148       0.15  %   10000     
5.497233e+02      0.62            0.01            1.01018     0.00196       0.19  %   10000     
5.497531e+02      0.56            0.00            1.00640     0.00160       0.16  %   10000     
5.498279e+02      0.45            0.01            1.01133     0.00226       0.22  %   10000     
5.498595e+02      0.42            0.01            1.01369     0.00254       0.25  %   10000     
5.499027e+02      0.37            0.01            1.01682     0.00292       0.29  %   10000     
5.499893e+02      0.30            0.00            1.01442     0.00288       0.28  %   10000     
5.500773e+02      0.26            0.01            1.02036     0.00359       0.35  %   10000     
5.500948e+02      0.25            0.01            1.02025     0.00363       0.36  %   10000     
5.502121e+02      0.21            0.00            1.01856     0.00371       0.36  %   10000     
5.503528e+02      0.17            0.00            1.02349     0.00443       0.43  %   10000     
5.503688e+02      0.17            0.00            1.02541     0.00463       0.45  %   10000     
5.505156e+02      0.14            0.00            1.03349     0.00400       0.39  %   20000     
5.507110e+02      0.12            0.00            1.03438     0.00433       0.42  %   20000     
5.508622e+02      0.10            0.00            1.04373     0.00507       0.49  %   20000     
5.509220e+02      0.10            0.00            1.04122     0.00503       0.48  %   20000     
5.512112e+02      0.08            0.00            1.03420     0.00493       0.48  %   20000     
5.514674e+02      0.07            0.00            1.05184     0.00520       0.49  %   30000     
5.515485e+02      0.07            0.00            1.05596     0.00477       0.45  %   40000     
5.519698e+02      0.06            0.00            1.06041     0.00477       0.45  %   50000     
5.524571e+02      0.05            0.00            1.06691     0.00533       0.50  %   50000     
5.528148e+02      0.04            0.00            1.07502     0.00531       0.49  %   60000     
5.529444e+02      0.04            0.00            1.07214     0.00528       0.49  %   60000     
5.535625e+02      0.04            0.00            1.07405     0.00518       0.48  %   70000     
5.541806e+02      0.03            0.00            1.08594     0.00536       0.49  %   80000     
5.550048e+02      0.03            0.00            1.09198     0.00532       0.49  %   90000     
5.554968e+02      0.03            0.00            1.09372     0.00536       0.49  %   90000     
5.564058e+02      0.03            0.00            1.08470     0.00510       0.47  %   90000     
5.565706e+02      0.03            0.00            1.07829     0.00519       0.48  %   80000     
5.579962e+02      0.03            0.00            1.07187     0.00510       0.48  %   70000     
5.588872e+02      0.03            0.00            1.07384     0.00529       0.49  %   60000     
5.594218e+02      0.04            0.00            1.04759     0.00493       0.47  %   40000     
5.598053e+02      0.04            0.00            1.03359     0.00448       0.43  %   30000     
5.598108e+02      0.04            0.00            1.03289     0.00443       0.43  %   30000     
5.599970e+02      0.05            0.00            1.01134     0.00429       0.42  %   10000     
5.601568e+02      0.05            0.00            1.01137     0.00402       0.40  %   10000     
5.602687e+02      0.06            0.00            1.00621     0.00278       0.28  %   10000     
5.603645e+02      0.07            0.00            1.01170     0.00353       0.35  %   10000     
5.604444e+02      0.09            0.00            1.00451     0.00202       0.20  %   10000     
5.605137e+02      0.10            0.00            1.00306     0.00153       0.15  %   10000     
5.605830e+02      0.13            0.00            1.00191     0.00110       0.11  %   10000     
5.606522e+02      0.16            0.00            1.00105     0.00074       0.07  %   10000     
5.607215e+02      0.21            0.00            1.00172     0.00086       0.09  %   10000     
5.607908e+02      0.26            0.00            1.00071     0.00050       0.05  %   10000     
5.608712e+02      0.35            0.00            1.00029     0.00029       0.03  %   10000     
5.609612e+02      0.48            0.00            1.00048     0.00034       0.03  %   10000     
5.610103e+02      0.56            0.00            1.00000     0.00000       0.00  %   10000     
5.610758e+02      0.68            0.00            1.00000     0.00000       0.00  %   10000     
5.613625e+02      1.25            0.00            1.00016     0.00016       0.02  %   10000     
5.613678e+02      1.26            0.00            1.00046     0.00027       0.03  %   10000     
5.614935e+02      1.43            0.00            1.00000     0.00000       0.00  %   10000     
5.616060e+02      1.48            0.00            1.00030     0.00021       0.02  %   10000     
5.617200e+02      1.43            0.00            1.00015     0.00015       0.02  %   10000     
5.618510e+02      1.25            0.00            1.00048     0.00028       0.03  %   10000     
5.618614e+02      1.23            0.00            1.00000     0.00000       0.00  %   10000     
5.619662e+02      1.02            0.00            1.00035     0.00025       0.02  %   10000     
5.621855e+02      0.59            0.00            1.00090     0.00045       0.04  %   10000     
5.622838e+02      0.43            0.00            1.00081     0.00047       0.05  %   10000     
5.623622e+02      0.33            0.00            1.00256     0.00091       0.09  %   10000     
5.624403e+02      0.25            0.00            1.00194     0.00087       0.09  %   10000     
5.625054e+02      0.20            0.00            1.00184     0.00092       0.09  %   10000     
5.625705e+02      0.16            0.00            1.00328     0.00134       0.13  %   10000     
5.626356e+02      0.13            0.00            1.00194     0.00112       0.11  %   10000     
5.627006e+02      0.11            0.00            1.00453     0.00185       0.18  %   10000     
5.627775e+02      0.09            0.00            1.00444     0.00198       0.20  %   10000     
5.628600e+02      0.07            0.00            1.00613     0.00250       0.25  %   10000     
5.629543e+02      0.06            0.00            1.00345     0.00199       0.20  %   10000     
5.629767e+02      0.06            0.00            1.00469     0.00235       0.23  %   10000     
5.630486e+02      0.06            0.00            1.01130     0.00377       0.37  %   10000     
5.631428e+02      0.05            0.00            1.00668     0.00299       0.30  %   10000     
5.633314e+02      0.05            0.00            1.00144     0.00144       0.14  %   10000     
5.635199e+02      0.05            0.00            1.00450     0.00260       0.26  %   10000     
5.638970e+02      0.04            0.00            1.01238     0.00438       0.43  %   10000     
5.642741e+02      0.04            0.00            1.00154     0.00154       0.15  %   10000     
5.650383e+02      0.04            0.00            1.00439     0.00253       0.25  %   10000     
5.661845e+02      0.05            0.00            1.00510     0.00255       0.25  %   10000     
5.676965e+02      0.06            0.00            1.00503     0.00225       0.22  %   10000     
5.689768e+02      0.07            0.00            1.00317     0.00158       0.16  %   10000     
5.691596e+02      0.07            0.00            1.00457     0.00186       0.19  %   10000     
5.700741e+02      0.08            0.00            1.00310     0.00138       0.14  %   10000     
5.710983e+02      0.10            0.00            1.00335     0.00127       0.13  %   10000     
5.719397e+02      0.12            0.00            1.00153     0.00076       0.08  %   10000     
5.726825e+02      0.14            0.00            1.00062     0.00044       0.04  %   10000     
5.733858e+02      0.18            0.00            1.00101     0.00051       0.05  %   10000     
5.735943e+02      0.19            0.00            1.00024     0.00024       0.02  %   10000     
5.740133e+02      0.22            0.00            1.00021     0.00021       0.02  %   10000     
5.742653e+02      0.24            0.00            1.00020     0.00020       0.02  %   10000     
5.745397e+02      0.27            0.00            1.00000     0.00000       0.00  %   10000     
5.747007e+02      0.29            0.00            1.00018     0.00018       0.02  %   10000     
5.750475e+02      0.34            0.00            1.00017     0.00017       0.02  %   10000     
5.751078e+02      0.35            0.00            1.00052     0.00030       0.03  %   10000     
5.753792e+02      0.40            0.00            1.00000     0.00000       0.00  %   10000     
5.754436e+02      0.41            0.00            1.00034     0.00024       0.02  %   10000     
5.756507e+02      0.46            0.00            1.00000     0.00000       0.00  %   10000     
5.758398e+02      0.51            0.00            1.00050     0.00029       0.03  %   10000     
5.758951e+02      0.53            0.00            1.00000     0.00000       0.00  %   10000     
5.761127e+02      0.61            0.00            1.00050     0.00029       0.03  %   10000     
5.761828e+02      0.64            0.00            1.00017     0.00017       0.02  %   10000     
5.763302e+02      0.71            0.00            1.00017     0.00017       0.02  %   10000     
5.764693e+02      0.78            0.00            1.00018     0.00018       0.02  %   10000     
5.765207e+02      0.82            0.00            1.00088     0.00039       0.04  %   10000     
5.767007e+02      0.95            0.00            1.00073     0.00036       0.04  %   10000     
5.767264e+02      0.97            0.00            1.00018     0.00018       0.02  %   10000     
5.768678e+02      1.11            0.00            1.00075     0.00038       0.04  %   10000     
5.769514e+02      1.19            0.00            1.00077     0.00039       0.04  %   10000     
5.770253e+02      1.29            0.00            1.00058     0.00034       0.03  %   10000     
5.771378e+02      1.44            0.00            1.00040     0.00029       0.03  %   10000     
5.771764e+02      1.51            0.00            1.00081     0.00040       0.04  %   10000     
5.773114e+02      1.77            0.00            1.00105     0.00047       0.05  %   10000     
5.773178e+02      1.78            0.00            1.00021     0.00021       0.02  %   10000     
5.774271e+02      2.07            0.00            1.00131     0.00053       0.05  %   10000     
5.774682e+02      2.18            0.00            1.00111     0.00050       0.05  %   10000     
5.775370e+02      2.43            0.00            1.00135     0.00055       0.06  %   10000     
5.775965e+02      2.65            0.00            1.00186     0.00066       0.07  %   10000     
5.776427e+02      2.88            0.01            1.00327     0.00087       0.09  %   10000     
5.777138e+02      3.23            0.01            1.00169     0.00064       0.06  %   10000     
5.777395e+02      3.41            0.01            1.00218     0.00073       0.07  %   10000     
5.778295e+02      4.03            0.01            1.00226     0.00075       0.08  %   10000     
5.779195e+02      4.87            0.01            1.00284     0.00086       0.09  %   10000     
5.779323e+02      4.99            0.01            1.00235     0.00078       0.08  %   10000     
5.780095e+02      5.96            0.01            1.00239     0.00080       0.08  %   10000     
5.780352e+02      6.29            0.01            1.00135     0.00060       0.06  %   10000     
5.780995e+02      7.36            0.02            1.00246     0.00082       0.08  %   10000     
5.781380e+02      8.00            0.02            1.00308     0.00093       0.09  %   10000     
5.781920e+02      9.19            0.02            1.00253     0.00084       0.08  %   10000     
5.782537e+02      10.53           0.02            1.00231     0.00082       0.08  %   10000     
5.782949e+02      11.70           0.03            1.00289     0.00091       0.09  %   10000     
5.783746e+02      13.94           0.03            1.00238     0.00084       0.08  %   10000     
5.784080e+02      15.12           0.08            1.00505     0.00122       0.12  %   10000     
5.785263e+02      19.24           0.10            1.00520     0.00126       0.13  %   10000     
5.785572e+02      20.42           0.09            1.00460     0.00119       0.12  %   10000     
5.788503e+02      31.30           0.25            1.00797     0.00159       0.16  %   10000     
5.788709e+02      31.78           0.26            1.00803     0.00160       0.16  %   10000     
5.789840e+02      34.41           0.36            1.01041     0.00184       0.18  %   10000     
5.790046e+02      34.90           0.36            1.01037     0.00183       0.18  %   10000     
5.791210e+02      35.77           0.47            1.01314     0.00207       0.20  %   10000     
5.791270e+02      35.72           0.51            1.01416     0.00216       0.21  %   10000     
5.791330e+02      35.67           0.44            1.01220     0.00200       0.20  %   10000     
5.792392e+02      34.87           0.51            1.01460     0.00220       0.22  %   10000     
5.792565e+02      34.47           0.31            1.00902     0.00173       0.17  %   10000     
5.793800e+02      31.71           0.47            1.01478     0.00222       0.22  %   10000     
5.794099e+02      30.66           0.47            1.01527     0.00227       0.22  %   10000     
5.796834e+02      21.06           0.31            1.01482     0.00226       0.22  %   10000     
5.797865e+02      17.35           0.36            1.02070     0.00269       0.26  %   10000     
5.798680e+02      15.05           0.29            1.01907     0.00256       0.25  %   10000     
5.799097e+02      13.86           0.30            1.02134     0.00272       0.27  %   10000     
5.800000e+02      12.02           0.19            1.01576     0.00232       0.23  %   10000     
5.800177e+02      11.66           0.23            1.01993     0.00261       0.26  %   10000     
5.800986e+02      10.60           0.19            1.01774     0.00243       0.24  %   10000     
5.801006e+02      10.58           0.24            1.02239     0.00273       0.27  %   10000     
5.801791e+02      10.04           0.17            1.01713     0.00235       0.23  %   10000     
5.801822e+02      10.03           0.20            1.01999     0.00253       0.25  %   10000     
5.802326e+02      9.93            0.16            1.01612     0.00225       0.22  %   10000     
5.803007e+02      10.12           0.17            1.01714     0.00226       0.22  %   10000     
5.803161e+02      10.16           0.16            1.01586     0.00217       0.21  %   10000     
5.803817e+02      10.73           0.16            1.01458     0.00204       0.20  %   10000     
5.804198e+02      11.05           0.20            1.01834     0.00227       0.22  %   10000     
5.804908e+02      12.07           0.21            1.01781     0.00218       0.21  %   10000     
5.805936e+02      13.53           0.23            1.01733     0.00213       0.21  %   10000     
5.806917e+02      14.99           0.22            1.01434     0.00191       0.19  %   10000     
5.807889e+02      16.44           0.25            1.01530     0.00195       0.19  %   10000     
5.808821e+02      17.19           0.25            1.01462     0.00191       0.19  %   10000     
5.809231e+02      17.53           0.26            1.01477     0.00192       0.19  %   10000     
5.809762e+02      17.63           0.27            1.01556     0.00197       0.19  %   10000     
5.810000e+02      17.51           0.23            1.01340     0.00184       0.18  %   10000     
5.811118e+02      16.93           0.31            1.01832     0.00215       0.21  %   10000     
5.811170e+02      16.86           0.24            1.01402     0.00189       0.19  %   10000     
5.812579e+02      14.82           0.27            1.01825     0.00217       0.21  %   10000     
5.812631e+02      14.71           0.27            1.01829     0.00218       0.21  %   10000     
5.816075e+02      7.57            0.22            1.02896     0.00291       0.28  %   10000     
5.816805e+02      6.32            0.18            1.02827     0.00292       0.28  %   10000     
5.817249e+02      5.56            0.18            1.03156     0.00314       0.30  %   10000     
5.818152e+02      4.33            0.11            1.02503     0.00288       0.28  %   10000     
5.818229e+02      4.23            0.14            1.03366     0.00335       0.32  %   10000     
5.819080e+02      3.33            0.10            1.03101     0.00333       0.32  %   10000     
5.819280e+02      3.16            0.10            1.03240     0.00342       0.33  %   10000     
5.819975e+02      2.60            0.11            1.04097     0.00398       0.38  %   10000     
5.820497e+02      2.29            0.08            1.03554     0.00377       0.36  %   10000     
5.820790e+02      2.11            0.06            1.02927     0.00349       0.34  %   10000     
5.821606e+02      1.75            0.09            1.04924     0.00467       0.44  %   10000     
5.821801e+02      1.68            0.07            1.04019     0.00424       0.41  %   10000     
5.822519e+02      1.44            0.07            1.04536     0.00466       0.45  %   10000     
5.823334e+02      1.25            0.07            1.05310     0.00516       0.49  %   10000     
5.823546e+02      1.20            0.07            1.05552     0.00377       0.36  %   20000     
5.824831e+02      1.00            0.06            1.05637     0.00395       0.37  %   20000     
5.825465e+02      0.93            0.05            1.05346     0.00388       0.37  %   20000     
5.826208e+02      0.85            0.05            1.05855     0.00415       0.39  %   20000     
5.828119e+02      0.70            0.05            1.06404     0.00448       0.42  %   20000     
5.828137e+02      0.70            0.05            1.06537     0.00453       0.43  %   20000     
5.830496e+02      0.58            0.04            1.06899     0.00483       0.45  %   20000     
5.831822e+02      0.54            0.04            1.06891     0.00487       0.46  %   20000     
5.833209e+02      0.49            0.04            1.07730     0.00527       0.49  %   20000     
5.836728e+02      0.41            0.04            1.08626     0.00467       0.43  %   30000     
5.836962e+02      0.41            0.03            1.06661     0.00503       0.47  %   20000     
5.840755e+02      0.35            0.03            1.09563     0.00502       0.46  %   30000     
5.843815e+02      0.32            0.03            1.08739     0.00478       0.44  %   30000     
5.843976e+02      0.32            0.03            1.09593     0.00501       0.46  %   30000     
5.847600e+02      0.31            0.03            1.08201     0.00455       0.42  %   30000     
5.848003e+02      0.31            0.02            1.07396     0.00430       0.40  %   30000     
5.850019e+02      0.31            0.03            1.08237     0.00538       0.50  %   20000     
5.851835e+02      0.33            0.02            1.07355     0.00484       0.45  %   20000     
5.853348e+02      0.37            0.03            1.06772     0.00436       0.41  %   20000     
5.854257e+02      0.41            0.02            1.05431     0.00371       0.35  %   20000     
5.855165e+02      0.47            0.02            1.04529     0.00448       0.43  %   10000     
5.855921e+02      0.55            0.02            1.03805     0.00384       0.37  %   10000     
5.856678e+02      0.66            0.02            1.02966     0.00315       0.31  %   10000     
5.857192e+02      0.77            0.02            1.02223     0.00257       0.25  %   10000     
5.857435e+02      0.82            0.02            1.02499     0.00267       0.26  %   10000     
5.858192e+02      1.04            0.02            1.01695     0.00203       0.20  %   10000     
5.858889e+02      1.31            0.02            1.01583     0.00183       0.18  %   10000     
5.859198e+02      1.47            0.02            1.01206     0.00155       0.15  %   10000     
5.859678e+02      1.72            0.02            1.01161     0.00147       0.15  %   10000     
5.860468e+02      2.25            0.02            1.00889     0.00122       0.12  %   10000     
5.860783e+02      2.52            0.02            1.00676     0.00104       0.10  %   10000     
5.861356e+02      3.01            0.02            1.00627     0.00098       0.10  %   10000     
5.861967e+02      3.67            0.02            1.00625     0.00095       0.09  %   10000     
5.862540e+02      4.28            0.02            1.00537     0.00087       0.09  %   10000     
5.863238e+02      5.14            0.03            1.00520     0.00084       0.08  %   10000     
5.864982e+02      7.29            0.03            1.00451     0.00077       0.08  %   10000     
5.865425e+02      7.84            0.03            1.00422     0.00075       0.07  %   10000     
5.866687e+02      8.96            0.04            1.00476     0.00079       0.08  %   10000     
5.867603e+02      9.30            0.04            1.00388     0.00072       0.07  %   10000     
5.867849e+02      9.39            0.04            1.00469     0.00079       0.08  %   10000     
5.868042e+02      9.40            0.04            1.00443     0.00077       0.08  %   10000     
5.869166e+02      9.08            0.04            1.00455     0.00079       0.08  %   10000     
5.870113e+02      8.34            0.05            1.00638     0.00095       0.09  %   10000     
5.870302e+02      8.19            0.05            1.00640     0.00095       0.09  %   10000     
5.871692e+02      6.54            0.05            1.00742     0.00106       0.10  %   10000     
5.872197e+02      5.94            0.05            1.00898     0.00118       0.12  %   10000     
5.873995e+02      3.73            0.04            1.01085     0.00139       0.14  %   10000     
5.875050e+02      2.68            0.03            1.01306     0.00161       0.16  %   10000     
5.875938e+02      1.97            0.04            1.01846     0.00204       0.20  %   10000     
5.876727e+02      1.49            0.03            1.02282     0.00242       0.24  %   10000     
5.876767e+02      1.47            0.04            1.02869     0.00272       0.26  %   10000     
5.877437e+02      1.15            0.03            1.02947     0.00295       0.29  %   10000     
5.878141e+02      0.90            0.03            1.03574     0.00349       0.34  %   10000     
5.878845e+02      0.70            0.03            1.04760     0.00432       0.41  %   10000     
5.879118e+02      0.65            0.03            1.05034     0.00455       0.43  %   10000     
5.879549e+02      0.56            0.03            1.05635     0.00505       0.48  %   10000     
5.880253e+02      0.46            0.03            1.06148     0.00400       0.38  %   20000     
5.881075e+02      0.38            0.03            1.07546     0.00474       0.44  %   20000     
5.881856e+02      0.32            0.03            1.08835     0.00445       0.41  %   30000     
5.882833e+02      0.27            0.03            1.10104     0.00506       0.46  %   30000     
5.883810e+02      0.24            0.03            1.11039     0.00554       0.50  %   30000     
5.885374e+02      0.20            0.03            1.12936     0.00548       0.49  %   40000     
5.885528e+02      0.20            0.03            1.12616     0.00543       0.48  %   40000     
5.887328e+02      0.17            0.02            1.13720     0.00533       0.47  %   50000     
5.889743e+02      0.15            0.02            1.16369     0.00557       0.48  %   60000     
5.892949e+02      0.13            0.02            1.16665     0.00544       0.47  %   70000     
5.892963e+02      0.13            0.02            1.16943     0.00549       0.47  %   70000     
5.896989e+02      0.11            0.02            1.17687     0.00586       0.50  %   70000     
5.901979e+02      0.10            0.02            1.19033     0.00589       0.49  %   80000     
5.907323e+02      0.09            0.02            1.17380     0.00573       0.49  %   80000     
5.909058e+02      0.09            0.02            1.17118     0.00574       0.49  %   80000     
5.917906e+02      0.08            0.01            1.10763     0.00534       0.48  %   60000     
5.928524e+02      0.07            0.01            1.08089     0.00501       0.46  %   50000     
5.932417e+02      0.07            0.00            1.06454     0.00494       0.46  %   40000     
5.936002e+02      0.07            0.00            1.05245     0.00509       0.48  %   30000     
5.946988e+02      0.08            0.00            1.03483     0.00478       0.46  %   20000     
5.957975e+02      0.08            0.00            1.02999     0.00404       0.39  %   20000     
5.965299e+02      0.09            0.00            1.01756     0.00402       0.40  %   10000     
5.972438e+02      0.11            0.00            1.01975     0.00387       0.38  %   10000     
5.975794e+02      0.11            0.00            1.01972     0.00366       0.36  %   10000     
5.978388e+02      0.12            0.00            1.01496     0.00305       0.30  %   10000     
5.984337e+02      0.15            0.00            1.00740     0.00191       0.19  %   10000     
5.989393e+02      0.18            0.00            1.00513     0.00142       0.14  %   10000     
5.993816e+02      0.22            0.00            1.00224     0.00085       0.08  %   10000     
5.996772e+02      0.26            0.00            1.00138     0.00062       0.06  %   10000     
5.997384e+02      0.26            0.00            1.00134     0.00060       0.06  %   10000     
6.000810e+02      0.33            0.00            1.00023     0.00023       0.02  %   10000     
6.002002e+02      0.36            0.00            1.00000     0.00000       0.00  %   10000     
6.003165e+02      0.39            0.00            1.00041     0.00029       0.03  %   10000     
6.003746e+02      0.40            0.00            1.00020     0.00020       0.02  %   10000     
6.005841e+02      0.49            0.00            1.00019     0.00019       0.02  %   10000     
6.006314e+02      0.50            0.00            1.00037     0.00026       0.03  %   10000     
6.007722e+02      0.58            0.00            1.00000     0.00000       0.00  %   10000     
6.008149e+02      0.60            0.00            1.00000     0.00000       0.00  %   10000     
6.009289e+02      0.69            0.00            1.00035     0.00025       0.02  %   10000     
6.010100e+02      0.75            0.00            1.00000     0.00000       0.00  %   10000     
6.010664e+02      0.81            0.00            1.00035     0.00025       0.02  %   10000     
6.011618e+02      0.91            0.00            1.00018     0.00018       0.02  %   10000     
6.011748e+02      0.93            0.00            1.00018     0.00018       0.02  %   10000     
6.012832e+02      1.09            0.00            1.00089     0.00040       0.04  %   10000     
6.012918e+02      1.10            0.00            1.00000     0.00000       0.00  %   10000     
6.013699e+02      1.26            0.00            1.00109     0.00044       0.04  %   10000     
6.014002e+02      1.32            0.00            1.00055     0.00032       0.03  %   10000     
6.014566e+02      1.48            0.00            1.00074     0.00037       0.04  %   10000     
6.015086e+02      1.63            0.00            1.00096     0.00043       0.04  %   10000     
6.015346e+02      1.73            0.00            1.00038     0.00027       0.03  %   10000     
6.015953e+02      1.96            0.00            1.00059     0.00034       0.03  %   10000     
6.016127e+02      2.05            0.00            1.00040     0.00028       0.03  %   10000     
6.016821e+02      2.42            0.00            1.00082     0.00041       0.04  %   10000     
6.016841e+02      2.43            0.00            1.00082     0.00041       0.04  %   10000     
6.017576e+02      2.95            0.00            1.00085     0.00043       0.04  %   10000     
6.017688e+02      3.02            0.00            1.00086     0.00043       0.04  %   10000     
6.018311e+02      3.61            0.00            1.00044     0.00031       0.03  %   10000     
6.018524e+02      3.81            0.00            1.00112     0.00050       0.05  %   10000     
6.018986e+02      4.38            0.00            1.00045     0.00032       0.03  %   10000     
6.019409e+02      4.90            0.00            1.00000     0.00000       0.00  %   10000     
6.019723e+02      5.41            0.01            1.00141     0.00057       0.06  %   10000     
6.020324e+02      6.39            0.01            1.00097     0.00048       0.05  %   10000     
6.020515e+02      6.79            0.01            1.00121     0.00054       0.05  %   10000     
6.021364e+02      8.57            0.01            1.00125     0.00056       0.06  %   10000     
6.021373e+02      8.59            0.02            1.00276     0.00083       0.08  %   10000     
6.022388e+02      11.30           0.04            1.00335     0.00093       0.09  %   10000     
6.022578e+02      11.81           0.02            1.00130     0.00058       0.06  %   10000     
6.023654e+02      15.33           0.04            1.00239     0.00080       0.08  %   10000     
6.024486e+02      18.02           0.04            1.00244     0.00081       0.08  %   10000     
6.026498e+02      24.43           0.13            1.00533     0.00122       0.12  %   10000     
6.026637e+02      24.72           0.08            1.00339     0.00098       0.10  %   10000     
6.027955e+02      27.48           0.21            1.00746     0.00146       0.15  %   10000     
6.028024e+02      27.53           0.24            1.00864     0.00157       0.16  %   10000     
6.029139e+02      28.30           0.21            1.00729     0.00146       0.14  %   10000     
6.029267e+02      28.21           0.17            1.00616     0.00134       0.13  %   10000     
6.029669e+02      27.94           0.23            1.00828     0.00156       0.16  %   10000     
6.030209e+02      27.60           0.16            1.00590     0.00132       0.13  %   10000     
6.031042e+02      25.99           0.24            1.00907     0.00165       0.16  %   10000     
6.031458e+02      25.20           0.17            1.00693     0.00144       0.14  %   10000     
6.032568e+02      21.82           0.29            1.01306     0.00201       0.20  %   10000     
6.033400e+02      19.28           0.21            1.01098     0.00185       0.18  %   10000     
6.035551e+02      12.20           0.15            1.01203     0.00200       0.20  %   10000     
6.036071e+02      10.79           0.13            1.01210     0.00201       0.20  %   10000     
6.036765e+02      8.89            0.12            1.01363     0.00218       0.21  %   10000     
6.037459e+02      7.39            0.09            1.01171     0.00204       0.20  %   10000     
6.037805e+02      6.64            0.08            1.01239     0.00212       0.21  %   10000     
6.038499e+02      5.48            0.10            1.01904     0.00266       0.26  %   10000     
6.038759e+02      5.05            0.11            1.02218     0.00290       0.28  %   10000     
6.039621e+02      3.95            0.06            1.01596     0.00252       0.25  %   10000     
6.039681e+02      3.88            0.06            1.01526     0.00247       0.24  %   10000     
6.040467e+02      3.12            0.05            1.01692     0.00267       0.26  %   10000     
6.040705e+02      2.94            0.05            1.01659     0.00265       0.26  %   10000     
6.041252e+02      2.54            0.05            1.01784     0.00281       0.28  %   10000     
6.041925e+02      2.16            0.06            1.02765     0.00356       0.35  %   10000     
6.042076e+02      2.08            0.04            1.01967     0.00303       0.30  %   10000     
6.043052e+02      1.67            0.05            1.02941     0.00382       0.37  %   10000     
6.043225e+02      1.62            0.04            1.02302     0.00339       0.33  %   10000     
6.044027e+02      1.38            0.04            1.02866     0.00389       0.38  %   10000     
6.044743e+02      1.22            0.03            1.02344     0.00357       0.35  %   10000     
6.045220e+02      1.12            0.03            1.03060     0.00415       0.40  %   10000     
6.046477e+02      0.93            0.03            1.03186     0.00436       0.42  %   10000     
6.046520e+02      0.92            0.03            1.03136     0.00434       0.42  %   10000     
6.048038e+02      0.76            0.03            1.04030     0.00510       0.49  %   10000     
6.048461e+02      0.72            0.03            1.03871     0.00502       0.48  %   10000     
6.049963e+02      0.61            0.02            1.03717     0.00362       0.35  %   20000     
6.051194e+02      0.54            0.02            1.03520     0.00507       0.49  %   10000     
6.052051e+02      0.50            0.02            1.03992     0.00390       0.38  %   20000     
6.054483e+02      0.40            0.02            1.05269     0.00468       0.44  %   20000     
6.055070e+02      0.39            0.02            1.04900     0.00454       0.43  %   20000     
6.057373e+02      0.33            0.02            1.05156     0.00486       0.46  %   20000     
6.059330e+02      0.29            0.02            1.06520     0.00456       0.43  %   30000     
6.060411e+02      0.27            0.01            1.05524     0.00525       0.50  %   20000     
6.063770e+02      0.22            0.02            1.07236     0.00513       0.48  %   30000     
6.064721e+02      0.21            0.01            1.06264     0.00480       0.45  %   30000     
6.067688e+02      0.19            0.01            1.06659     0.00515       0.48  %   30000     
6.071676e+02      0.16            0.01            1.08243     0.00514       0.47  %   40000     
6.072479e+02      0.15            0.01            1.08292     0.00521       0.48  %   40000     
6.077986e+02      0.13            0.01            1.08691     0.00499       0.46  %   50000     
6.082219e+02      0.11            0.01            1.09048     0.00520       0.48  %   50000     
6.083493e+02      0.11            0.01            1.09451     0.00537       0.49  %   50000     
6.090952e+02      0.09            0.01            1.08678     0.00531       0.49  %   50000     
6.094646e+02      0.09            0.01            1.10516     0.00534       0.48  %   60000     
6.098411e+02      0.09            0.01            1.09440     0.00511       0.47  %   60000     
6.105870e+02      0.08            0.01            1.10861     0.00546       0.49  %   60000     
6.113329e+02      0.08            0.01            1.09010     0.00530       0.49  %   50000     
6.116060e+02      0.08            0.01            1.09591     0.00537       0.49  %   50000     
6.119979e+02      0.08            0.01            1.08575     0.00495       0.46  %   50000     
6.126629e+02      0.09            0.01            1.08245     0.00509       0.47  %   40000     
6.131616e+02      0.09            0.01            1.06419     0.00485       0.46  %   30000     
6.136604e+02      0.11            0.01            1.05372     0.00500       0.47  %   20000     
6.141041e+02      0.13            0.00            1.03793     0.00382       0.37  %   20000     
6.144933e+02      0.15            0.01            1.03360     0.00460       0.45  %   10000     
6.147604e+02      0.18            0.00            1.02537     0.00369       0.36  %   10000     
6.147714e+02      0.18            0.00            1.02790     0.00386       0.38  %   10000     
6.150314e+02      0.21            0.00            1.01485     0.00258       0.25  %   10000     
6.152547e+02      0.26            0.00            1.00797     0.00174       0.17  %   10000     
6.154407e+02      0.32            0.00            1.00842     0.00165       0.16  %   10000     
6.154689e+02      0.33            0.00            1.00567     0.00133       0.13  %   10000     
6.155545e+02      0.36            0.00            1.00556     0.00127       0.13  %   10000     
6.155775e+02      0.37            0.00            1.00432     0.00111       0.11  %   10000     
6.157020e+02      0.45            0.00            1.00594     0.00124       0.12  %   10000     
6.157184e+02      0.46            0.00            1.00355     0.00095       0.09  %   10000     
6.158016e+02      0.53            0.00            1.00238     0.00075       0.07  %   10000     
6.158357e+02      0.58            0.00            1.00138     0.00056       0.06  %   10000     
6.158923e+02      0.64            0.00            1.00200     0.00067       0.07  %   10000     
6.159530e+02      0.74            0.00            1.00148     0.00056       0.06  %   10000     
6.159722e+02      0.77            0.00            1.00084     0.00042       0.04  %   10000     
6.160465e+02      0.93            0.00            1.00240     0.00069       0.07  %   10000     
6.160521e+02      0.95            0.00            1.00100     0.00045       0.04  %   10000     
6.161244e+02      1.16            0.00            1.00097     0.00043       0.04  %   10000     
6.161320e+02      1.19            0.00            1.00097     0.00043       0.04  %   10000     
6.162023e+02      1.47            0.00            1.00094     0.00042       0.04  %   10000     
6.162039e+02      1.47            0.00            1.00151     0.00053       0.05  %   10000     
6.162759e+02      1.85            0.00            1.00112     0.00046       0.05  %   10000     
6.162762e+02      1.85            0.00            1.00056     0.00032       0.03  %   10000     
6.163478e+02      2.33            0.00            1.00093     0.00042       0.04  %   10000     
6.163502e+02      2.35            0.00            1.00074     0.00037       0.04  %   10000     
6.164303e+02      3.03            0.01            1.00167     0.00056       0.06  %   10000     
6.164315e+02      3.05            0.00            1.00111     0.00045       0.05  %   10000     
6.165169e+02      3.98            0.01            1.00187     0.00059       0.06  %   10000     
6.165211e+02      4.03            0.00            1.00093     0.00042       0.04  %   10000     
6.166077e+02      5.24            0.01            1.00113     0.00046       0.05  %   10000     
6.166333e+02      5.60            0.01            1.00133     0.00050       0.05  %   10000     
6.167228e+02      7.15            0.01            1.00076     0.00038       0.04  %   10000     
6.167867e+02      8.25            0.01            1.00097     0.00043       0.04  %   10000     
6.169325e+02      10.90           0.03            1.00256     0.00071       0.07  %   10000     
6.170245e+02      12.57           0.01            1.00099     0.00044       0.04  %   10000     
6.171217e+02      13.81           0.03            1.00242     0.00070       0.07  %   10000     
6.171575e+02      14.27           0.03            1.00201     0.00064       0.06  %   10000     
6.172598e+02      14.77           0.04            1.00288     0.00077       0.08  %   10000     
6.172885e+02      14.91           0.04            1.00267     0.00074       0.07  %   10000     
6.172958e+02      14.91           0.03            1.00226     0.00068       0.07  %   10000     
6.173582e+02      14.68           0.04            1.00271     0.00075       0.07  %   10000     
6.174056e+02      14.50           0.05            1.00354     0.00086       0.09  %   10000     
6.174823e+02      13.64           0.05            1.00362     0.00088       0.09  %   10000     
6.175334e+02      13.07           0.04            1.00341     0.00085       0.08  %   10000     
6.176332e+02      11.35           0.05            1.00417     0.00096       0.10  %   10000     
6.177201e+02      9.84            0.05            1.00468     0.00102       0.10  %   10000     
6.179221e+02      6.17            0.03            1.00552     0.00115       0.11  %   10000     
6.179835e+02      5.26            0.02            1.00440     0.00104       0.10  %   10000     
6.180372e+02      4.46            0.02            1.00457     0.00108       0.11  %   10000     
6.181186e+02      3.49            0.02            1.00583     0.00124       0.12  %   10000     
6.181311e+02      3.34            0.03            1.00805     0.00147       0.15  %   10000     
6.182122e+02      2.58            0.02            1.00685     0.00140       0.14  %   10000     
6.182322e+02      2.43            0.02            1.00633     0.00135       0.13  %   10000     
6.182913e+02      2.00            0.02            1.01101     0.00183       0.18  %   10000     
6.183441e+02      1.70            0.01            1.00826     0.00162       0.16  %   10000     
6.183713e+02      1.55            0.01            1.00757     0.00158       0.16  %   10000     
6.184400e+02      1.26            0.01            1.00914     0.00179       0.18  %   10000     
6.184432e+02      1.25            0.01            1.00918     0.00180       0.18  %   10000     
6.185231e+02      0.99            0.01            1.00888     0.00185       0.18  %   10000     
6.185679e+02      0.89            0.01            1.00960     0.00196       0.19  %   10000     
6.186030e+02      0.81            0.01            1.01257     0.00229       0.23  %   10000     
6.186829e+02      0.67            0.01            1.01631     0.00271       0.27  %   10000     
6.186957e+02      0.65            0.01            1.01643     0.00273       0.27  %   10000     
6.187757e+02      0.55            0.01            1.02031     0.00317       0.31  %   10000     
6.188544e+02      0.49            0.01            1.01987     0.00322       0.32  %   10000     
6.188912e+02      0.45            0.01            1.01360     0.00272       0.27  %   10000     
6.190067e+02      0.38            0.01            1.02372     0.00374       0.37  %   10000     
6.191189e+02      0.33            0.01            1.02198     0.00371       0.36  %   10000     
6.191511e+02      0.32            0.01            1.02447     0.00396       0.39  %   10000     
6.193325e+02      0.27            0.01            1.02270     0.00401       0.39  %   10000     
6.194494e+02      0.24            0.01            1.02434     0.00423       0.41  %   10000     
6.195385e+02      0.22            0.01            1.02860     0.00469       0.46  %   10000     
6.197857e+02      0.19            0.00            1.02190     0.00429       0.42  %   10000     
6.199451e+02      0.18            0.01            1.03562     0.00393       0.38  %   20000     
6.200729e+02      0.16            0.01            1.03396     0.00391       0.38  %   20000     
6.203802e+02      0.14            0.00            1.03209     0.00391       0.38  %   20000     
6.206874e+02      0.13            0.00            1.03331     0.00403       0.39  %   20000     
6.207059e+02      0.13            0.00            1.02887     0.00375       0.36  %   20000     
6.210971e+02      0.12            0.00            1.03504     0.00415       0.40  %   20000     
6.215068e+02      0.12            0.00            1.02746     0.00509       0.50  %   10000     
6.218894e+02      0.12            0.00            1.02084     0.00425       0.42  %   10000     
6.222719e+02      0.14            0.00            1.02868     0.00464       0.45  %   10000     
6.225589e+02      0.15            0.00            1.01950     0.00355       0.35  %   10000     
6.227980e+02      0.18            0.00            1.01708     0.00306       0.30  %   10000     
6.229653e+02      0.20            0.00            1.01330     0.00251       0.25  %   10000     
6.230938e+02      0.24            0.00            1.00906     0.00193       0.19  %   10000     
6.231929e+02      0.28            0.00            1.00974     0.00187       0.19  %   10000     
6.232780e+02      0.33            0.00            1.00918     0.00170       0.17  %   10000     
6.233393e+02      0.38            0.00            1.00709     0.00142       0.14  %   10000     
6.233630e+02      0.40            0.00            1.00685     0.00137       0.14  %   10000     
6.234339e+02      0.49            0.00            1.00556     0.00116       0.12  %   10000     
6.234503e+02      0.52            0.00            1.00701     0.00128       0.13  %   10000     
6.235076e+02      0.62            0.00            1.00469     0.00100       0.10  %   10000     
6.235756e+02      0.78            0.00            1.00286     0.00074       0.07  %   10000     
6.235789e+02      0.79            0.00            1.00189     0.00060       0.06  %   10000     
6.236437e+02      0.99            0.00            1.00174     0.00055       0.05  %   10000     
6.237074e+02      1.25            0.00            1.00273     0.00066       0.07  %   10000     
6.237117e+02      1.27            0.00            1.00240     0.00062       0.06  %   10000     
6.237817e+02      1.64            0.01            1.00345     0.00072       0.07  %   10000     
6.238121e+02      1.85            0.00            1.00190     0.00053       0.05  %   10000     
6.238577e+02      2.16            0.00            1.00185     0.00051       0.05  %   10000     
6.239070e+02      2.58            0.00            1.00097     0.00037       0.04  %   10000     
6.239431e+02      2.89            0.00            1.00109     0.00039       0.04  %   10000     
6.240019e+02      3.53            0.00            1.00134     0.00042       0.04  %   10000     
6.240475e+02      4.02            0.00            1.00093     0.00035       0.04  %   10000     
6.241130e+02      4.88            0.01            1.00131     0.00041       0.04  %   10000     
6.242065e+02      6.11            0.02            1.00247     0.00057       0.06  %   10000     
6.242836e+02      7.13            0.01            1.00156     0.00045       0.04  %   10000     
6.244142e+02      8.87            0.01            1.00130     0.00041       0.04  %   10000     
6.245175e+02      9.82            0.02            1.00183     0.00049       0.05  %   10000     
6.245357e+02      9.99            0.01            1.00131     0.00041       0.04  %   10000     
6.246517e+02      10.43           0.02            1.00198     0.00051       0.05  %   10000     
6.246665e+02      10.43           0.03            1.00252     0.00058       0.06  %   10000     
6.246667e+02      10.43           0.02            1.00159     0.00046       0.05  %   10000     
6.247802e+02      10.09           0.02            1.00188     0.00050       0.05  %   10000     
6.249017e+02      9.03            0.03            1.00289     0.00063       0.06  %   10000     
6.249138e+02      8.92            0.01            1.00138     0.00043       0.04  %   10000     
6.250535e+02      7.07            0.01            1.00200     0.00053       0.05  %   10000     
6.251385e+02      5.94            0.01            1.00248     0.00060       0.06  %   10000     
6.252946e+02      3.92            0.01            1.00362     0.00075       0.08  %   10000     
6.253952e+02      2.86            0.01            1.00318     0.00073       0.07  %   10000     
6.254066e+02      2.76            0.01            1.00286     0.00069       0.07  %   10000     
6.254806e+02      2.14            0.01            1.00595     0.00103       0.10  %   10000     
6.255534e+02      1.66            0.01            1.00482     0.00096       0.10  %   10000     
6.255619e+02      1.60            0.01            1.00449     0.00094       0.09  %   10000     
6.256340e+02      1.24            0.01            1.00939     0.00141       0.14  %   10000     
6.256977e+02      0.99            0.01            1.00691     0.00126       0.13  %   10000     
6.257062e+02      0.96            0.01            1.00794     0.00136       0.13  %   10000     
6.257764e+02      0.76            0.01            1.01290     0.00182       0.18  %   10000     
6.258282e+02      0.65            0.01            1.01294     0.00188       0.19  %   10000     
6.258428e+02      0.62            0.01            1.01186     0.00183       0.18  %   10000     
6.259203e+02      0.50            0.01            1.01097     0.00185       0.18  %   10000     
6.259977e+02      0.42            0.01            1.01500     0.00226       0.22  %   10000     
6.260370e+02      0.39            0.01            1.01682     0.00242       0.24  %   10000     
6.260862e+02      0.36            0.00            1.01362     0.00224       0.22  %   10000     
6.261969e+02      0.31            0.00            1.01451     0.00238       0.23  %   10000     
6.262980e+02      0.29            0.01            1.02233     0.00298       0.29  %   10000     
6.263297e+02      0.28            0.01            1.01892     0.00275       0.27  %   10000     
6.264846e+02      0.27            0.01            1.01909     0.00275       0.27  %   10000     
6.265067e+02      0.27            0.00            1.01660     0.00256       0.25  %   10000     
6.266584e+02      0.28            0.00            1.01365     0.00224       0.22  %   10000     
6.268101e+02      0.31            0.00            1.01507     0.00222       0.22  %   10000     
6.268229e+02      0.31            0.00            1.01485     0.00218       0.22  %   10000     
6.269112e+02      0.34            0.01            1.01685     0.00223       0.22  %   10000     
6.269870e+02      0.39            0.00            1.01023     0.00166       0.16  %   10000     
6.270337e+02      0.42            0.01            1.01280     0.00179       0.18  %   10000     
6.270755e+02      0.46            0.00            1.01026     0.00156       0.15  %   10000     
6.271391e+02      0.54            0.01            1.01021     0.00149       0.15  %   10000     
6.271513e+02      0.55            0.00            1.00557     0.00109       0.11  %   10000     
6.272272e+02      0.68            0.00            1.00465     0.00095       0.09  %   10000     
6.272445e+02      0.73            0.00            1.00660     0.00111       0.11  %   10000     
6.273030e+02      0.87            0.01            1.00620     0.00105       0.10  %   10000     
6.273499e+02      1.02            0.00            1.00487     0.00090       0.09  %   10000     
6.273734e+02      1.09            0.00            1.00446     0.00086       0.09  %   10000     
6.274462e+02      1.40            0.00            1.00343     0.00073       0.07  %   10000     
6.274504e+02      1.42            0.01            1.00358     0.00075       0.07  %   10000     
6.275253e+02      1.84            0.00            1.00269     0.00063       0.06  %   10000     
6.275339e+02      1.89            0.01            1.00402     0.00077       0.08  %   10000     
6.276109e+02      2.44            0.01            1.00290     0.00065       0.06  %   10000     
6.276195e+02      2.50            0.01            1.00348     0.00071       0.07  %   10000     
6.277062e+02      3.28            0.01            1.00271     0.00062       0.06  %   10000     
6.277275e+02      3.47            0.01            1.00300     0.00065       0.07  %   10000     
6.278203e+02      4.49            0.01            1.00325     0.00068       0.07  %   10000     
6.279061e+02      5.43            0.02            1.00328     0.00068       0.07  %   10000     
6.279985e+02      6.45            0.02            1.00272     0.00062       0.06  %   10000     
6.280944e+02      7.50            0.03            1.00345     0.00070       0.07  %   10000     
6.282125e+02      8.41            0.03            1.00322     0.00069       0.07  %   10000     
6.282176e+02      8.45            0.04            1.00497     0.00085       0.08  %   10000     
6.283270e+02      8.82            0.03            1.00371     0.00074       0.07  %   10000     
6.283508e+02      8.83            0.03            1.00298     0.00067       0.07  %   10000     
6.283557e+02      8.82            0.04            1.00448     0.00082       0.08  %   10000     
6.284589e+02      8.57            0.04            1.00426     0.00080       0.08  %   10000     
6.285753e+02      7.78            0.04            1.00514     0.00089       0.09  %   10000     
6.285890e+02      7.64            0.03            1.00439     0.00083       0.08  %   10000     
6.287567e+02      5.88            0.03            1.00592     0.00099       0.10  %   10000     
6.287601e+02      5.84            0.03            1.00593     0.00099       0.10  %   10000     
6.289619e+02      3.58            0.02            1.00600     0.00104       0.10  %   10000     
6.290699e+02      2.59            0.02            1.00645     0.00112       0.11  %   10000     
6.290956e+02      2.40            0.02            1.00694     0.00117       0.12  %   10000     
6.291662e+02      1.89            0.02            1.01066     0.00150       0.15  %   10000     
6.292453e+02      1.45            0.02            1.01084     0.00158       0.16  %   10000     
6.292518e+02      1.41            0.02            1.01118     0.00161       0.16  %   10000     
6.293266e+02      1.09            0.01            1.01079     0.00166       0.16  %   10000     
6.293966e+02      0.86            0.01            1.01234     0.00186       0.18  %   10000     
6.293982e+02      0.85            0.01            1.01576     0.00210       0.21  %   10000     
6.294652e+02      0.69            0.01            1.01928     0.00244       0.24  %   10000     
6.295395e+02      0.55            0.01            1.01926     0.00257       0.25  %   10000     
6.295411e+02      0.55            0.01            1.02066     0.00266       0.26  %   10000     
6.296139e+02      0.45            0.01            1.02334     0.00298       0.29  %   10000     
6.296883e+02      0.38            0.01            1.02050     0.00292       0.29  %   10000     
6.297400e+02      0.34            0.01            1.02404     0.00323       0.32  %   10000     
6.297775e+02      0.32            0.01            1.02655     0.00348       0.34  %   10000     
6.298906e+02      0.27            0.01            1.02913     0.00381       0.37  %   10000     
6.299842e+02      0.24            0.01            1.03312     0.00416       0.40  %   10000     
6.300100e+02      0.23            0.01            1.03481     0.00430       0.42  %   10000     
6.301532e+02      0.21            0.01            1.03923     0.00471       0.45  %   10000     
6.303442e+02      0.19            0.01            1.03369     0.00445       0.43  %   10000     
6.303911e+02      0.18            0.00            1.02010     0.00344       0.34  %   10000     
6.306307e+02      0.17            0.00            1.02922     0.00421       0.41  %   10000     
6.310126e+02      0.16            0.00            1.03051     0.00426       0.41  %   10000     
6.310515e+02      0.16            0.00            1.02675     0.00398       0.39  %   10000     
6.313946e+02      0.15            0.00            1.03216     0.00429       0.42  %   10000     
6.320058e+02      0.16            0.00            1.02236     0.00336       0.33  %   10000     
6.320843e+02      0.16            0.00            1.02434     0.00347       0.34  %   10000     
6.326170e+02      0.18            0.00            1.01402     0.00248       0.24  %   10000     
6.329451e+02      0.19            0.00            1.01351     0.00231       0.23  %   10000     
6.332282e+02      0.20            0.00            1.00928     0.00185       0.18  %   10000     
6.336336e+02      0.23            0.00            1.01252     0.00203       0.20  %   10000     
6.338395e+02      0.25            0.00            1.01103     0.00186       0.18  %   10000     
6.341066e+02      0.27            0.00            1.01024     0.00173       0.17  %   10000     
6.343737e+02      0.30            0.00            1.01034     0.00170       0.17  %   10000     
6.346134e+02      0.33            0.00            1.00713     0.00137       0.14  %   10000     
6.348413e+02      0.37            0.00            1.00696     0.00134       0.13  %   10000     
6.349934e+02      0.40            0.00            1.00777     0.00139       0.14  %   10000     
6.352069e+02      0.44            0.00            1.01017     0.00159       0.16  %   10000     
6.352808e+02      0.46            0.00            1.00761     0.00136       0.14  %   10000     
6.355620e+02      0.54            0.00            1.00807     0.00140       0.14  %   10000     
6.355861e+02      0.55            0.00            1.00638     0.00125       0.12  %   10000     
6.358271e+02      0.64            0.01            1.00814     0.00141       0.14  %   10000     
6.359074e+02      0.68            0.01            1.00826     0.00144       0.14  %   10000     
6.360521e+02      0.76            0.00            1.00629     0.00126       0.12  %   10000     
6.361806e+02      0.83            0.01            1.00929     0.00155       0.15  %   10000     
6.362449e+02      0.88            0.01            1.00878     0.00150       0.15  %   10000     
6.364216e+02      1.01            0.01            1.01175     0.00177       0.17  %   10000     
6.364377e+02      1.02            0.01            1.00564     0.00123       0.12  %   10000     
6.365903e+02      1.19            0.01            1.00909     0.00158       0.16  %   10000     
6.366626e+02      1.27            0.01            1.01075     0.00174       0.17  %   10000     
6.367414e+02      1.39            0.02            1.01083     0.00175       0.17  %   10000     
6.368687e+02      1.58            0.01            1.00891     0.00162       0.16  %   10000     
6.368791e+02      1.60            0.02            1.01218     0.00190       0.19  %   10000     
6.370097e+02      1.88            0.02            1.01294     0.00199       0.20  %   10000     
6.370290e+02      1.92            0.02            1.00841     0.00162       0.16  %   10000     
6.371382e+02      2.24            0.02            1.00862     0.00166       0.16  %   10000     
6.371896e+02      2.40            0.02            1.00854     0.00167       0.17  %   10000     
6.372507e+02      2.65            0.02            1.00927     0.00175       0.17  %   10000     
6.373342e+02      3.00            0.03            1.00964     0.00182       0.18  %   10000     
6.373632e+02      3.17            0.03            1.00999     0.00185       0.18  %   10000     
6.374628e+02      3.74            0.05            1.01258     0.00212       0.21  %   10000     
6.374756e+02      3.85            0.05            1.01257     0.00212       0.21  %   10000     
6.375785e+02      4.66            0.06            1.01228     0.00213       0.21  %   10000     
6.375913e+02      4.76            0.05            1.01052     0.00199       0.20  %   10000     
6.376797e+02      5.71            0.05            1.00923     0.00188       0.19  %   10000     
6.377038e+02      5.96            0.07            1.01173     0.00214       0.21  %   10000     
6.377874e+02      7.14            0.11            1.01549     0.00248       0.24  %   10000     
6.378291e+02      7.72            0.10            1.01304     0.00230       0.23  %   10000     
6.379031e+02      9.07            0.16            1.01724     0.00266       0.26  %   10000     
6.379593e+02      10.08           0.17            1.01690     0.00267       0.26  %   10000     
6.380300e+02      11.71           0.15            1.01272     0.00232       0.23  %   10000     
6.381216e+02      13.79           0.20            1.01448     0.00252       0.25  %   10000     
6.381858e+02      15.48           0.20            1.01324     0.00241       0.24  %   10000     
6.385200e+02      23.99           0.34            1.01400     0.00255       0.25  %   10000     
6.385522e+02      24.51           0.61            1.02503     0.00343       0.33  %   10000     
6.386743e+02      26.53           0.56            1.02092     0.00315       0.31  %   10000     
6.387252e+02      26.79           0.78            1.02909     0.00374       0.36  %   10000     
6.388162e+02      27.32           0.69            1.02523     0.00349       0.34  %   10000     
6.388669e+02      26.98           0.63            1.02324     0.00338       0.33  %   10000     
6.389635e+02      26.39           0.64            1.02427     0.00346       0.34  %   10000     
6.390085e+02      25.61           0.75            1.02922     0.00383       0.37  %   10000     
6.391178e+02      23.76           0.65            1.02733     0.00371       0.36  %   10000     
6.391820e+02      22.14           0.64            1.02896     0.00386       0.38  %   10000     
6.395612e+02      12.46           0.42            1.03348     0.00431       0.42  %   10000     
6.396223e+02      11.17           0.38            1.03408     0.00435       0.42  %   10000     
6.397091e+02      9.31            0.34            1.03656     0.00459       0.44  %   10000     
6.397894e+02      7.96            0.35            1.04384     0.00504       0.48  %   10000     
6.398408e+02      7.10            0.30            1.04216     0.00502       0.48  %   10000     
6.399340e+02      5.89            0.22            1.03741     0.00478       0.46  %   10000     
6.399565e+02      5.60            0.27            1.04892     0.00389       0.37  %   20000     
6.400754e+02      4.43            0.22            1.04916     0.00397       0.38  %   20000     
6.400818e+02      4.39            0.21            1.04686     0.00388       0.37  %   20000     
6.402039e+02      3.50            0.21            1.05966     0.00448       0.42  %   20000     
6.402297e+02      3.36            0.18            1.05388     0.00426       0.40  %   20000     
6.403325e+02      2.82            0.15            1.05431     0.00437       0.41  %   20000     
6.403903e+02      2.59            0.13            1.05107     0.00426       0.40  %   20000     
6.404610e+02      2.32            0.13            1.05634     0.00455       0.43  %   20000     
6.405832e+02      1.97            0.11            1.05507     0.00456       0.43  %   20000     
6.406255e+02      1.85            0.09            1.04865     0.00434       0.41  %   20000     
6.407860e+02      1.54            0.10            1.06725     0.00520       0.49  %   20000     
6.408071e+02      1.49            0.09            1.06274     0.00505       0.48  %   20000     
6.410170e+02      1.20            0.08            1.06679     0.00439       0.41  %   30000     
6.410461e+02      1.17            0.08            1.06455     0.00432       0.41  %   30000     
6.412419e+02      0.97            0.07            1.06764     0.00455       0.43  %   30000     
6.413062e+02      0.93            0.07            1.07211     0.00472       0.44  %   30000     
6.415071e+02      0.78            0.05            1.06569     0.00465       0.44  %   30000     
6.416718e+02      0.70            0.05            1.07074     0.00489       0.46  %   30000     
6.417963e+02      0.63            0.05            1.07288     0.00507       0.47  %   30000     
6.421297e+02      0.51            0.04            1.07804     0.00471       0.44  %   40000     
6.421337e+02      0.51            0.04            1.07520     0.00534       0.50  %   30000     
6.424952e+02      0.41            0.03            1.08430     0.00511       0.47  %   40000     
6.427046e+02      0.38            0.03            1.08186     0.00511       0.47  %   40000     
6.428908e+02      0.34            0.03            1.09412     0.00503       0.46  %   50000     
6.433606e+02      0.28            0.03            1.10581     0.00508       0.46  %   60000     
6.434137e+02      0.27            0.03            1.09438     0.00527       0.48  %   50000     
6.439201e+02      0.22            0.03            1.11426     0.00514       0.46  %   70000     
6.441682e+02      0.20            0.02            1.11946     0.00533       0.48  %   70000     
6.444883e+02      0.18            0.02            1.12333     0.00524       0.47  %   80000     
6.451193e+02      0.15            0.02            1.12816     0.00527       0.47  %   90000     
6.452811e+02      0.14            0.02            1.13178     0.00538       0.48  %   90000     
6.459075e+02      0.12            0.02            1.14624     0.00564       0.49  %   100000    
6.466464e+02      0.10            0.02            1.15918     0.00612       0.53  %   100000    
6.466957e+02      0.10            0.02            1.15929     0.00615       0.53  %   100000    
6.477399e+02      0.08            0.02            1.19593     0.00723       0.60  %   100000    
6.485873e+02      0.07            0.01            1.19390     0.00742       0.62  %   100000    
6.487840e+02      0.07            0.01            1.19978     0.00762       0.63  %   100000    
6.500052e+02      0.06            0.01            1.21032     0.00818       0.68  %   100000    
6.506240e+02      0.05            0.01            1.21352     0.00835       0.69  %   100000    
6.513894e+02      0.05            0.01            1.18635     0.00802       0.68  %   100000    
6.527736e+02      0.04            0.00            1.05959     0.00522       0.49  %   80000     
6.538735e+02      0.04            0.00            1.02500     0.00481       0.47  %   40000     
6.545599e+02      0.04            0.00            1.01875     0.00484       0.48  %   30000     
6.556317e+02      0.04            0.00            1.01945     0.00486       0.48  %   30000     
6.564117e+02      0.04            0.00            1.01245     0.00375       0.37  %   30000     
6.568017e+02      0.04            0.00            1.00472     0.00272       0.27  %   20000     
6.570617e+02      0.05            0.00            1.00288     0.00288       0.29  %   10000     
6.572567e+02      0.05            0.00            1.01029     0.00364       0.36  %   20000     
6.573867e+02      0.06            0.00            1.00227     0.00227       0.23  %   10000     
6.574842e+02      0.07            0.00            1.00000     0.00000       0.00  %   10000     
6.575633e+02      0.08            0.00            1.00512     0.00296       0.29  %   10000     
6.575655e+02      0.08            0.00            1.00170     0.00170       0.17  %   10000     
6.576467e+02      0.10            0.00            1.00000     0.00000       0.00  %   10000     
6.577117e+02      0.11            0.00            1.00473     0.00237       0.24  %   10000     
6.577826e+02      0.14            0.00            1.00000     0.00000       0.00  %   10000     
6.578536e+02      0.18            0.00            1.00154     0.00109       0.11  %   10000     
6.579245e+02      0.24            0.00            1.00123     0.00087       0.09  %   10000     
6.579954e+02      0.31            0.00            1.00000     0.00000       0.00  %   10000     
6.580782e+02      0.41            0.00            1.00000     0.00000       0.00  %   10000     
6.581661e+02      0.56            0.00            1.00063     0.00045       0.04  %   10000     
6.582283e+02      0.68            0.00            1.00055     0.00039       0.04  %   10000     
6.582803e+02      0.79            0.00            1.00000     0.00000       0.00  %   10000     
6.585272e+02      1.39            0.00            1.00019     0.00019       0.02  %   10000     
6.586158e+02      1.61            0.00            1.00018     0.00018       0.02  %   10000     
6.587543e+02      1.85            0.00            1.00000     0.00000       0.00  %   10000     
6.588783e+02      1.92            0.00            1.00017     0.00017       0.02  %   10000     
6.589956e+02      1.85            0.00            1.00017     0.00017       0.02  %   10000     
6.591260e+02      1.64            0.00            1.00037     0.00026       0.03  %   10000     
6.591300e+02      1.63            0.00            1.00037     0.00026       0.03  %   10000     
6.592935e+02      1.23            0.00            1.00043     0.00031       0.03  %   10000     
6.593571e+02      1.08            0.00            1.00139     0.00057       0.06  %   10000     
6.595110e+02      0.71            0.00            1.00059     0.00042       0.04  %   10000     
6.596081e+02      0.52            0.00            1.00219     0.00089       0.09  %   10000     
6.596983e+02      0.38            0.00            1.00275     0.00112       0.11  %   10000     
6.597695e+02      0.30            0.00            1.00168     0.00097       0.10  %   10000     
6.598451e+02      0.22            0.00            1.00140     0.00099       0.10  %   10000     
6.599081e+02      0.18            0.00            1.00340     0.00170       0.17  %   10000     
6.599712e+02      0.14            0.00            1.00617     0.00252       0.25  %   10000     
6.600342e+02      0.12            0.00            1.00740     0.00302       0.30  %   10000     
6.600972e+02      0.10            0.00            1.00875     0.00357       0.35  %   10000     
6.601634e+02      0.08            0.00            1.01364     0.00482       0.48  %   10000     
6.602315e+02      0.07            0.00            1.00583     0.00337       0.33  %   10000     
6.602452e+02      0.07            0.00            1.00200     0.00200       0.20  %   10000     
6.603270e+02      0.06            0.00            1.01026     0.00342       0.34  %   20000     
6.604498e+02      0.05            0.00            1.01832     0.00400       0.39  %   30000     
6.605726e+02      0.05            0.00            1.01290     0.00430       0.42  %   20000     
6.607772e+02      0.04            0.00            1.01572     0.00497       0.49  %   20000     
6.611046e+02      0.04            0.00            1.00852     0.00381       0.38  %   20000     
6.612174e+02      0.04            0.00            1.01609     0.00430       0.42  %   30000     
6.616791e+02      0.03            0.00            1.00920     0.00411       0.41  %   20000     
6.624206e+02      0.03            0.00            1.01921     0.00496       0.49  %   30000     
6.634093e+02      0.03            0.00            1.01947     0.00503       0.49  %   30000     
6.657904e+02      0.03            0.00            1.03290     0.00496       0.48  %   50000     
6.661941e+02      0.03            0.00            1.01844     0.00476       0.47  %   30000     
6.669482e+02      0.03            0.00            1.01781     0.00460       0.45  %   30000     
6.697353e+02      0.03            0.00            1.01993     0.00457       0.45  %   30000     
6.729004e+02      0.03            0.00            1.00767     0.00443       0.44  %   10000     
6.759662e+02      0.04            0.00            1.00391     0.00277       0.28  %   10000     
6.769881e+02      0.04            0.00            1.00000     0.00000       0.00  %   10000     
6.781219e+02      0.04            0.00            1.00000     0.00000       0.00  %   10000     
6.800117e+02      0.05            0.00            1.00000     0.00000       0.00  %   10000     
6.812353e+02      0.06            0.00            1.00094     0.00094       0.09  %   10000     
6.814393e+02      0.06            0.00            1.00181     0.00128       0.13  %   10000     
6.824590e+02      0.07            0.00            1.00215     0.00124       0.12  %   10000     
6.830708e+02      0.08            0.00            1.00000     0.00000       0.00  %   10000     
6.836622e+02      0.09            0.00            1.00000     0.00000       0.00  %   10000     
6.838427e+02      0.10            0.00            1.00047     0.00047       0.05  %   10000     
6.840497e+02      0.10            0.00            1.00130     0.00075       0.07  %   10000     
6.842822e+02      0.12            0.00            1.00115     0.00066       0.07  %   10000     
6.844371e+02      0.13            0.00            1.00035     0.00035       0.03  %   10000     
6.845501e+02      0.15            0.00            1.00032     0.00032       0.03  %   10000     
6.846563e+02      0.17            0.00            1.00028     0.00028       0.03  %   10000     
6.847449e+02      0.20            0.00            1.00025     0.00025       0.03  %   10000     
6.847893e+02      0.22            0.00            1.00024     0.00024       0.02  %   10000     
6.848334e+02      0.24            0.00            1.00000     0.00000       0.00  %   10000     
6.848638e+02      0.26            0.00            1.00000     0.00000       0.00  %   10000     
6.849131e+02      0.29            0.00            1.00000     0.00000       0.00  %   10000     
6.849928e+02      0.36            0.00            1.00018     0.00018       0.02  %   10000     
6.850275e+02      0.41            0.00            1.00035     0.00025       0.02  %   10000     
6.850726e+02      0.46            0.00            1.00033     0.00024       0.02  %   10000     
6.851466e+02      0.59            0.00            1.00031     0.00022       0.02  %   10000     
6.851499e+02      0.60            0.00            1.00000     0.00000       0.00  %   10000     
6.852336e+02      0.78            0.00            1.00000     0.00000       0.00  %   10000     
6.852657e+02      0.87            0.00            1.00014     0.00014       0.01  %   10000     
6.853249e+02      1.04            0.00            1.00041     0.00024       0.02  %   10000     
6.854136e+02      1.37            0.00            1.00000     0.00000       0.00  %   10000     
6.854358e+02      1.45            0.00            1.00000     0.00000       0.00  %   10000     
6.855752e+02      2.08            0.00            1.00012     0.00012       0.01  %   10000     
6.855837e+02      2.12            0.00            1.00000     0.00000       0.00  %   10000     
6.858203e+02      3.26            0.00            1.00000     0.00000       0.00  %   10000     
6.858972e+02      3.53            0.00            1.00024     0.00017       0.02  %   10000     
6.859534e+02      3.72            0.00            1.00012     0.00012       0.01  %   10000     
6.860629e+02      3.88            0.00            1.00012     0.00012       0.01  %   10000     
6.860865e+02      3.92            0.00            1.00024     0.00017       0.02  %   10000     
6.861017e+02      3.92            0.00            1.00036     0.00021       0.02  %   10000     
6.861590e+02      3.86            0.00            1.00012     0.00012       0.01  %   10000     
6.862181e+02      3.80            0.00            1.00000     0.00000       0.00  %   10000     
6.863128e+02      3.52            0.00            1.00025     0.00017       0.02  %   10000     
6.863364e+02      3.45            0.00            1.00000     0.00000       0.00  %   10000     
6.864902e+02      2.76            0.00            1.00000     0.00000       0.00  %   10000     
6.865287e+02      2.59            0.00            1.00025     0.00018       0.02  %   10000     
6.867354e+02      1.61            0.00            1.00026     0.00019       0.02  %   10000     
6.868149e+02      1.30            0.00            1.00027     0.00019       0.02  %   10000     
6.868463e+02      1.18            0.00            1.00041     0.00024       0.02  %   10000     
6.869387e+02      0.89            0.00            1.00086     0.00035       0.04  %   10000     
6.869812e+02      0.79            0.00            1.00058     0.00029       0.03  %   10000     
6.870282e+02      0.68            0.00            1.00060     0.00030       0.03  %   10000     
6.871147e+02      0.52            0.00            1.00112     0.00042       0.04  %   10000     
6.871416e+02      0.48            0.00            1.00032     0.00023       0.02  %   10000     
6.871868e+02      0.42            0.00            1.00067     0.00034       0.03  %   10000     
6.872589e+02      0.35            0.00            1.00088     0.00039       0.04  %   10000     
6.873119e+02      0.31            0.00            1.00018     0.00018       0.02  %   10000     
6.873454e+02      0.29            0.00            1.00093     0.00041       0.04  %   10000     
6.874175e+02      0.26            0.00            1.00212     0.00064       0.06  %   10000     
6.875040e+02      0.23            0.00            1.00238     0.00069       0.07  %   10000     
6.875105e+02      0.22            0.00            1.00099     0.00044       0.04  %   10000     
6.876194e+02      0.20            0.00            1.00061     0.00035       0.04  %   10000     
6.877924e+02      0.18            0.00            1.00082     0.00041       0.04  %   10000     
6.878510e+02      0.18            0.00            1.00122     0.00050       0.05  %   10000     
6.880227e+02      0.17            0.00            1.00121     0.00049       0.05  %   10000     
6.881376e+02      0.17            0.00            1.00099     0.00044       0.04  %   10000     
6.884240e+02      0.17            0.00            1.00092     0.00041       0.04  %   10000     
6.886014e+02      0.17            0.00            1.00054     0.00031       0.03  %   10000     
6.890177e+02      0.19            0.00            1.00097     0.00040       0.04  %   10000     
6.892972e+02      0.19            0.00            1.00062     0.00031       0.03  %   10000     
6.894821e+02      0.20            0.00            1.00030     0.00021       0.02  %   10000     
6.898691e+02      0.22            0.00            1.00056     0.00028       0.03  %   10000     
6.899930e+02      0.23            0.00            1.00070     0.00031       0.03  %   10000     
6.900819e+02      0.23            0.00            1.00055     0.00028       0.03  %   10000     
6.903118e+02      0.25            0.00            1.00055     0.00027       0.03  %   10000     
6.905747e+02      0.27            0.00            1.00082     0.00034       0.03  %   10000     
6.905782e+02      0.27            0.00            1.00041     0.00024       0.02  %   10000     
6.908445e+02      0.29            0.00            1.00014     0.00014       0.01  %   10000     
6.910775e+02      0.32            0.00            1.00057     0.00028       0.03  %   10000     
6.911564e+02      0.32            0.00            1.00057     0.00029       0.03  %   10000     
6.913093e+02      0.34            0.00            1.00059     0.00029       0.03  %   10000     
6.915383e+02      0.37            0.00            1.00122     0.00043       0.04  %   10000     
6.916488e+02      0.39            0.00            1.00063     0.00031       0.03  %   10000     
6.917672e+02      0.41            0.00            1.00112     0.00042       0.04  %   10000     
6.919900e+02      0.45            0.00            1.00051     0.00029       0.03  %   10000     
6.921413e+02      0.48            0.00            1.00071     0.00036       0.04  %   10000     
6.922124e+02      0.50            0.00            1.00162     0.00054       0.05  %   10000     
6.924340e+02      0.56            0.00            1.00173     0.00058       0.06  %   10000     
6.925790e+02      0.59            0.00            1.00142     0.00054       0.05  %   10000     
6.926556e+02      0.62            0.00            1.00186     0.00062       0.06  %   10000     
6.928772e+02      0.71            0.00            1.00222     0.00070       0.07  %   10000     
6.929631e+02      0.74            0.00            1.00184     0.00065       0.06  %   10000     
6.930890e+02      0.81            0.00            1.00119     0.00053       0.05  %   10000     
6.932422e+02      0.89            0.00            1.00253     0.00080       0.08  %   10000     
6.932958e+02      0.93            0.00            1.00179     0.00068       0.07  %   10000     
6.934961e+02      1.07            0.00            1.00302     0.00091       0.09  %   10000     
6.935114e+02      1.08            0.00            1.00444     0.00111       0.11  %   10000     
6.936734e+02      1.24            0.00            1.00146     0.00065       0.07  %   10000     
6.937565e+02      1.33            0.00            1.00365     0.00105       0.10  %   10000     
6.938506e+02      1.46            0.01            1.00373     0.00108       0.11  %   10000     
6.939754e+02      1.64            0.01            1.00460     0.00123       0.12  %   10000     
6.940082e+02      1.70            0.01            1.00297     0.00099       0.10  %   10000     
6.941461e+02      1.98            0.01            1.00590     0.00143       0.14  %   10000     
6.941724e+02      2.03            0.01            1.00565     0.00141       0.14  %   10000     
6.942818e+02      2.33            0.01            1.00400     0.00121       0.12  %   10000     
6.943475e+02      2.52            0.01            1.00529     0.00141       0.14  %   10000     
6.944219e+02      2.80            0.02            1.00804     0.00175       0.17  %   10000     
6.945007e+02      3.11            0.01            1.00478     0.00138       0.14  %   10000     
6.945445e+02      3.34            0.03            1.00760     0.00174       0.17  %   10000     
6.946539e+02      3.91            0.02            1.00418     0.00132       0.13  %   10000     
6.946670e+02      4.00            0.02            1.00418     0.00132       0.13  %   10000     
6.948027e+02      4.95            0.02            1.00437     0.00138       0.14  %   10000     
6.948071e+02      4.98            0.03            1.00658     0.00170       0.17  %   10000     
6.949472e+02      6.27            0.07            1.01183     0.00232       0.23  %   10000     
6.949647e+02      6.43            0.06            1.00874     0.00200       0.20  %   10000     
6.951048e+02      8.08            0.06            1.00803     0.00195       0.19  %   10000     
6.951529e+02      8.63            0.09            1.01013     0.00221       0.22  %   10000     
6.953193e+02      10.87           0.06            1.00597     0.00172       0.17  %   10000     
6.956125e+02      14.72           0.23            1.01555     0.00284       0.28  %   10000     
6.956438e+02      14.99           0.20            1.01363     0.00267       0.26  %   10000     
6.957842e+02      16.17           0.23            1.01430     0.00275       0.27  %   10000     
6.958241e+02      16.28           0.19            1.01181     0.00252       0.25  %   10000     
6.959311e+02      16.61           0.26            1.01562     0.00290       0.29  %   10000     
6.959800e+02      16.44           0.34            1.02082     0.00337       0.33  %   10000     
6.960063e+02      16.35           0.35            1.02146     0.00343       0.34  %   10000     
6.961134e+02      16.02           0.25            1.01536     0.00290       0.29  %   10000     
6.961816e+02      15.37           0.33            1.02129     0.00345       0.34  %   10000     
6.963217e+02      14.06           0.32            1.02245     0.00354       0.35  %   10000     
6.963961e+02      13.13           0.26            1.01995     0.00337       0.33  %   10000     
6.967419e+02      8.78            0.27            1.03085     0.00427       0.41  %   10000     
6.968085e+02      8.11            0.22            1.02769     0.00403       0.39  %   10000     
6.969195e+02      7.00            0.20            1.02833     0.00412       0.40  %   10000     
6.970001e+02      6.42            0.19            1.02984     0.00421       0.41  %   10000     
6.970829e+02      5.81            0.13            1.02248     0.00369       0.36  %   10000     
6.971534e+02      5.49            0.17            1.03125     0.00432       0.42  %   10000     
6.972451e+02      5.06            0.18            1.03536     0.00463       0.45  %   10000     
6.972847e+02      4.96            0.11            1.02118     0.00357       0.35  %   10000     
6.973727e+02      4.74            0.16            1.03311     0.00449       0.43  %   10000     
6.974478e+02      4.67            0.15            1.03153     0.00436       0.42  %   10000     
6.974888e+02      4.64            0.12            1.02495     0.00389       0.38  %   10000     
6.974948e+02      4.63            0.14            1.02926     0.00421       0.41  %   10000     
6.976024e+02      4.73            0.14            1.03036     0.00428       0.42  %   10000     
6.976425e+02      4.77            0.14            1.03007     0.00429       0.42  %   10000     
6.977174e+02      4.98            0.14            1.02868     0.00417       0.41  %   10000     
6.977681e+02      5.13            0.18            1.03470     0.00462       0.45  %   10000     
6.978669e+02      5.63            0.18            1.03261     0.00447       0.43  %   10000     
6.979194e+02      5.89            0.15            1.02507     0.00396       0.39  %   10000     
6.979982e+02      6.51            0.19            1.02867     0.00422       0.41  %   10000     
6.980726e+02      7.08            0.22            1.03063     0.00441       0.43  %   10000     
6.981288e+02      7.70            0.28            1.03682     0.00482       0.46  %   10000     
6.982215e+02      8.70            0.34            1.03910     0.00356       0.34  %   20000     
6.982751e+02      9.47            0.33            1.03501     0.00475       0.46  %   10000     
6.984049e+02      11.29           0.34            1.03011     0.00448       0.43  %   10000     
6.984576e+02      12.16           0.56            1.04586     0.00390       0.37  %   20000     
6.988267e+02      18.01           0.79            1.04386     0.00391       0.37  %   20000     
6.988753e+02      18.51           0.98            1.05309     0.00433       0.41  %   20000     
6.989818e+02      19.63           1.03            1.05222     0.00431       0.41  %   20000     
6.990351e+02      19.81           1.05            1.05281     0.00437       0.42  %   20000     
6.991464e+02      20.25           0.94            1.04629     0.00409       0.39  %   20000     
6.991995e+02      19.98           1.09            1.05470     0.00450       0.43  %   20000     
6.993295e+02      19.42           1.06            1.05452     0.00450       0.43  %   20000     
6.993701e+02      18.91           1.00            1.05313     0.00447       0.42  %   20000     
6.995242e+02      17.05           0.94            1.05543     0.00460       0.44  %   20000     
6.995404e+02      16.78           0.97            1.05805     0.00472       0.45  %   20000     
6.999743e+02      9.52            0.67            1.07046     0.00442       0.41  %   30000     
7.000190e+02      8.92            0.60            1.06746     0.00530       0.50  %   20000     
7.001528e+02      7.08            0.58            1.08227     0.00488       0.45  %   30000     
7.002055e+02      6.52            0.46            1.07084     0.00453       0.42  %   30000     
7.002988e+02      5.52            0.41            1.07416     0.00472       0.44  %   30000     
7.003677e+02      4.97            0.39            1.07917     0.00488       0.45  %   30000     
7.004488e+02      4.31            0.38            1.08881     0.00526       0.48  %   30000     
7.005299e+02      3.82            0.32            1.08497     0.00517       0.48  %   30000     
7.005908e+02      3.46            0.30            1.08626     0.00529       0.49  %   30000     
7.006921e+02      3.01            0.25            1.08399     0.00525       0.48  %   30000     
7.007530e+02      2.75            0.23            1.08398     0.00533       0.49  %   30000     
7.008949e+02      2.30            0.19            1.08368     0.00539       0.50  %   30000     
7.009152e+02      2.24            0.22            1.09982     0.00512       0.47  %   40000     
7.010977e+02      1.82            0.17            1.09132     0.00501       0.46  %   40000     
7.013005e+02      1.49            0.14            1.09630     0.00527       0.48  %   40000     
7.013410e+02      1.44            0.14            1.09893     0.00534       0.49  %   40000     
7.015412e+02      1.20            0.12            1.10225     0.00499       0.45  %   50000     
7.016477e+02      1.12            0.13            1.11528     0.00532       0.48  %   50000     
7.018074e+02      0.98            0.11            1.11250     0.00538       0.48  %   50000     
7.020102e+02      0.86            0.10            1.11260     0.00544       0.49  %   50000     
7.021268e+02      0.79            0.09            1.11959     0.00521       0.47  %   60000     
7.024157e+02      0.67            0.09            1.13952     0.00530       0.47  %   70000     
7.024917e+02      0.64            0.08            1.13221     0.00564       0.50  %   60000     
7.028922e+02      0.52            0.07            1.13671     0.00548       0.48  %   70000     
7.029226e+02      0.52            0.08            1.14571     0.00566       0.49  %   70000     
7.033484e+02      0.42            0.07            1.16074     0.00576       0.50  %   80000     
7.035593e+02      0.39            0.06            1.16372     0.00552       0.47  %   90000     
7.038108e+02      0.35            0.06            1.16923     0.00575       0.49  %   90000     
7.043382e+02      0.30            0.05            1.17513     0.00571       0.49  %   100000    
7.043715e+02      0.29            0.05            1.17292     0.00569       0.49  %   100000    
7.050595e+02      0.24            0.05            1.19239     0.00625       0.52  %   100000    
7.053605e+02      0.22            0.04            1.18914     0.00624       0.52  %   100000    
7.058457e+02      0.19            0.04            1.22139     0.00695       0.57  %   100000    
7.066099e+02      0.17            0.04            1.21645     0.00703       0.58  %   100000    
7.066801e+02      0.16            0.03            1.21477     0.00703       0.58  %   100000    
7.076813e+02      0.14            0.03            1.22503     0.00739       0.60  %   100000    
7.081709e+02      0.13            0.03            1.22544     0.00740       0.60  %   100000    
7.085157e+02      0.12            0.03            1.21543     0.00728       0.60  %   100000    
7.094173e+02      0.11            0.02            1.20592     0.00707       0.59  %   100000    
7.103189e+02      0.11            0.02            1.16516     0.00612       0.53  %   100000    
7.107120e+02      0.11            0.01            1.13045     0.00557       0.49  %   90000     
7.109678e+02      0.11            0.01            1.12671     0.00539       0.48  %   90000     
7.116167e+02      0.12            0.01            1.09327     0.00526       0.48  %   60000     
7.121034e+02      0.14            0.01            1.07498     0.00534       0.50  %   40000     
7.125090e+02      0.15            0.01            1.05955     0.00506       0.48  %   30000     
7.127894e+02      0.17            0.01            1.04728     0.00419       0.40  %   30000     
7.129146e+02      0.18            0.01            1.03543     0.00429       0.41  %   20000     
7.131983e+02      0.21            0.01            1.03001     0.00506       0.49  %   10000     
7.134347e+02      0.25            0.01            1.02560     0.00426       0.42  %   10000     
7.136638e+02      0.30            0.01            1.02020     0.00341       0.33  %   10000     
7.136710e+02      0.30            0.01            1.02064     0.00343       0.34  %   10000     
7.138543e+02      0.37            0.00            1.00708     0.00183       0.18  %   10000     
7.140070e+02      0.44            0.00            1.00864     0.00184       0.18  %   10000     
7.141292e+02      0.53            0.00            1.00433     0.00120       0.12  %   10000     
7.142200e+02      0.63            0.00            1.00292     0.00092       0.09  %   10000     
7.142236e+02      0.63            0.00            1.00291     0.00092       0.09  %   10000     
7.143087e+02      0.75            0.00            1.00259     0.00082       0.08  %   10000     
7.143248e+02      0.78            0.00            1.00404     0.00101       0.10  %   10000     
7.143938e+02      0.92            0.00            1.00163     0.00062       0.06  %   10000     
7.144590e+02      1.09            0.00            1.00064     0.00037       0.04  %   10000     
7.144789e+02      1.15            0.00            1.00190     0.00063       0.06  %   10000     
7.145472e+02      1.40            0.00            1.00098     0.00044       0.04  %   10000     
7.145590e+02      1.44            0.00            1.00176     0.00059       0.06  %   10000     
7.146326e+02      1.80            0.00            1.00112     0.00046       0.05  %   10000     
7.146355e+02      1.82            0.00            1.00056     0.00032       0.03  %   10000     
7.147061e+02      2.26            0.00            1.00054     0.00031       0.03  %   10000     
7.147091e+02      2.29            0.00            1.00072     0.00036       0.04  %   10000     
7.147826e+02      2.89            0.00            1.00106     0.00043       0.04  %   10000     
7.147885e+02      2.94            0.00            1.00106     0.00043       0.04  %   10000     
7.148562e+02      3.67            0.01            1.00174     0.00055       0.05  %   10000     
7.148812e+02      3.93            0.00            1.00123     0.00046       0.05  %   10000     
7.149298e+02      4.60            0.00            1.00017     0.00017       0.02  %   10000     
7.149778e+02      5.27            0.01            1.00106     0.00043       0.04  %   10000     
7.150180e+02      5.97            0.00            1.00035     0.00025       0.02  %   10000     
7.150997e+02      7.39            0.01            1.00071     0.00036       0.04  %   10000     
7.151151e+02      7.72            0.01            1.00161     0.00053       0.05  %   10000     
7.152416e+02      10.43           0.01            1.00091     0.00041       0.04  %   10000     
7.152863e+02      11.38           0.02            1.00148     0.00052       0.05  %   10000     
7.155100e+02      16.16           0.04            1.00230     0.00066       0.07  %   10000     
7.155923e+02      17.34           0.04            1.00216     0.00065       0.06  %   10000     
7.156465e+02      18.12           0.04            1.00197     0.00062       0.06  %   10000     
7.157312e+02      18.56           0.02            1.00121     0.00050       0.05  %   10000     
7.157816e+02      18.82           0.05            1.00244     0.00070       0.07  %   10000     
7.158411e+02      18.51           0.07            1.00373     0.00088       0.09  %   10000     
7.158842e+02      18.29           0.07            1.00356     0.00086       0.09  %   10000     
7.159125e+02      18.15           0.08            1.00461     0.00098       0.10  %   10000     
7.160019e+02      16.84           0.06            1.00368     0.00089       0.09  %   10000     
7.160631e+02      15.94           0.05            1.00328     0.00085       0.08  %   10000     
7.161384e+02      14.33           0.06            1.00406     0.00096       0.10  %   10000     
7.164482e+02      7.67            0.06            1.00734     0.00139       0.14  %   10000     
7.165598e+02      5.67            0.04            1.00765     0.00147       0.15  %   10000     
7.165656e+02      5.56            0.04            1.00713     0.00142       0.14  %   10000     
7.166598e+02      4.20            0.03            1.00813     0.00159       0.16  %   10000     
7.167069e+02      3.66            0.03            1.00877     0.00169       0.17  %   10000     
7.167481e+02      3.19            0.03            1.01033     0.00188       0.19  %   10000     
7.168363e+02      2.41            0.03            1.01382     0.00230       0.23  %   10000     
7.168540e+02      2.29            0.03            1.01366     0.00231       0.23  %   10000     
7.169099e+02      1.91            0.02            1.01279     0.00233       0.23  %   10000     
7.169834e+02      1.52            0.03            1.01893     0.00299       0.29  %   10000     
7.170011e+02      1.45            0.02            1.01351     0.00255       0.25  %   10000     
7.170570e+02      1.23            0.03            1.02282     0.00347       0.34  %   10000     
7.171305e+02      1.00            0.02            1.01835     0.00329       0.32  %   10000     
7.171736e+02      0.91            0.02            1.02178     0.00367       0.36  %   10000     
7.172149e+02      0.81            0.02            1.02403     0.00400       0.39  %   10000     
7.173042e+02      0.66            0.02            1.03086     0.00481       0.47  %   10000     
7.173597e+02      0.60            0.02            1.03110     0.00497       0.48  %   10000     
7.173935e+02      0.56            0.02            1.03013     0.00501       0.49  %   10000     
7.174955e+02      0.47            0.02            1.03607     0.00410       0.40  %   20000     
7.176077e+02      0.40            0.01            1.03348     0.00415       0.40  %   20000     
7.176277e+02      0.39            0.02            1.04216     0.00470       0.45  %   20000     
7.177785e+02      0.32            0.02            1.04772     0.00435       0.41  %   30000     
7.179383e+02      0.28            0.02            1.05544     0.00493       0.47  %   30000     
7.179593e+02      0.27            0.01            1.05555     0.00498       0.47  %   30000     
7.181636e+02      0.23            0.02            1.06874     0.00511       0.48  %   40000     
7.184148e+02      0.19            0.01            1.06199     0.00517       0.49  %   40000     
7.185468e+02      0.17            0.01            1.07241     0.00512       0.48  %   50000     
7.187078e+02      0.15            0.01            1.08031     0.00513       0.47  %   60000     
7.190568e+02      0.13            0.01            1.08339     0.00518       0.48  %   70000     
7.194868e+02      0.11            0.01            1.11066     0.00533       0.48  %   100000    
7.195117e+02      0.11            0.01            1.10660     0.00552       0.50  %   90000     
7.199515e+02      0.09            0.01            1.12921     0.00613       0.54  %   100000    
7.204988e+02      0.08            0.01            1.13170     0.00656       0.58  %   100000    
7.207125e+02      0.07            0.01            1.14710     0.00704       0.61  %   100000    
7.212651e+02      0.06            0.01            1.17633     0.00812       0.69  %   100000    
7.221060e+02      0.05            0.01            1.17792     0.00863       0.73  %   100000    
7.229057e+02      0.05            0.01            1.17996     0.00899       0.76  %   100000    
7.231425e+02      0.05            0.01            1.18937     0.00936       0.79  %   100000    
7.243863e+02      0.04            0.01            1.21784     0.01053       0.86  %   100000    
7.261189e+02      0.03            0.01            1.22389     0.01112       0.91  %   100000    
7.265183e+02      0.03            0.01            1.22142     0.01109       0.91  %   100000    
7.283156e+02      0.03            0.01            1.24286     0.01197       0.96  %   100000    
7.303635e+02      0.03            0.00            1.16419     0.00996       0.86  %   100000    
7.326708e+02      0.03            0.00            1.00982     0.00439       0.43  %   30000     
7.337952e+02      0.03            0.00            1.00559     0.00395       0.39  %   20000     
7.343874e+02      0.03            0.00            1.00000     0.00000       0.00  %   10000     
7.352024e+02      0.03            0.00            1.00000     0.00000       0.00  %   10000     
7.358137e+02      0.03            0.00            1.00446     0.00446       0.44  %   10000     
7.361559e+02      0.04            0.00            1.00406     0.00287       0.29  %   20000     
7.364327e+02      0.04            0.00            1.00000     0.00000       0.00  %   10000     
7.366403e+02      0.04            0.00            1.00000     0.00000       0.00  %   10000     
7.368134e+02      0.05            0.00            1.00562     0.00398       0.40  %   10000     
7.369345e+02      0.06            0.00            1.00000     0.00000       0.00  %   10000     
7.370383e+02      0.07            0.00            1.00208     0.00208       0.21  %   10000     
7.371154e+02      0.08            0.00            1.00536     0.00310       0.31  %   10000     
7.371248e+02      0.08            0.00            1.00351     0.00249       0.25  %   10000     
7.371987e+02      0.10            0.00            1.00000     0.00000       0.00  %   10000     
7.372727e+02      0.12            0.00            1.00000     0.00000       0.00  %   10000     
7.373466e+02      0.15            0.00            1.00099     0.00099       0.10  %   10000     
7.374206e+02      0.19            0.00            1.00319     0.00159       0.16  %   10000     
7.374945e+02      0.25            0.00            1.00064     0.00064       0.06  %   10000     
7.375739e+02      0.33            0.00            1.00051     0.00051       0.05  %   10000     
7.376574e+02      0.44            0.00            1.00081     0.00057       0.06  %   10000     
7.376598e+02      0.44            0.00            1.00040     0.00040       0.04  %   10000     
7.377535e+02      0.60            0.00            1.00033     0.00033       0.03  %   10000     
7.378682e+02      0.84            0.00            1.00026     0.00026       0.03  %   10000     
7.379937e+02      1.17            0.00            1.00000     0.00000       0.00  %   10000     
7.380333e+02      1.27            0.00            1.00042     0.00030       0.03  %   10000     
7.382750e+02      1.92            0.00            1.00035     0.00025       0.03  %   10000     
7.384150e+02      2.17            0.00            1.00000     0.00000       0.00  %   10000     
7.385416e+02      2.25            0.00            1.00051     0.00030       0.03  %   10000     
7.386752e+02      2.16            0.00            1.00035     0.00025       0.02  %   10000     
7.386778e+02      2.16            0.00            1.00035     0.00025       0.02  %   10000     
7.388152e+02      1.91            0.00            1.00075     0.00037       0.04  %   10000     
7.388363e+02      1.85            0.00            1.00057     0.00033       0.03  %   10000     
7.391956e+02      0.89            0.00            1.00140     0.00062       0.06  %   10000     
7.392121e+02      0.85            0.00            1.00143     0.00064       0.06  %   10000     
7.393111e+02      0.63            0.00            1.00139     0.00069       0.07  %   10000     
7.394071e+02      0.46            0.00            1.00000     0.00000       0.00  %   10000     
7.394881e+02      0.35            0.00            1.00159     0.00092       0.09  %   10000     
7.395690e+02      0.27            0.00            1.00198     0.00115       0.11  %   10000     
7.396483e+02      0.20            0.00            1.00497     0.00203       0.20  %   10000     
7.397114e+02      0.17            0.00            1.00295     0.00170       0.17  %   10000     
7.397219e+02      0.16            0.00            1.00509     0.00228       0.23  %   10000     
7.397954e+02      0.13            0.00            1.00875     0.00330       0.33  %   10000     
7.398772e+02      0.10            0.00            1.00462     0.00266       0.27  %   10000     
7.399589e+02      0.08            0.00            1.00738     0.00369       0.37  %   10000     
7.400407e+02      0.07            0.00            1.01396     0.00387       0.38  %   20000     
7.401388e+02      0.06            0.00            1.01489     0.00430       0.42  %   20000     
7.402439e+02      0.05            0.00            1.01534     0.00463       0.46  %   20000     
7.403770e+02      0.05            0.00            1.02276     0.00485       0.47  %   30000     
7.405957e+02      0.04            0.00            1.00695     0.00492       0.49  %   10000     
7.405989e+02      0.04            0.00            1.02438     0.00461       0.45  %   40000     
7.408652e+02      0.04            0.00            1.02299     0.00469       0.46  %   40000     
7.412202e+02      0.03            0.00            1.03461     0.00489       0.47  %   60000     
7.418285e+02      0.03            0.00            1.03275     0.00494       0.48  %   60000     
7.425886e+02      0.03            0.00            1.03228     0.00498       0.48  %   60000     
7.436019e+02      0.03            0.00            1.02902     0.00471       0.46  %   60000     
7.452923e+02      0.03            0.00            1.01706     0.00492       0.48  %   30000     
7.474025e+02      0.03            0.00            1.02737     0.00499       0.49  %   40000     
7.490822e+02      0.04            0.00            1.01537     0.00486       0.48  %   20000     
7.503420e+02      0.04            0.00            1.01308     0.00414       0.41  %   20000     
7.516093e+02      0.05            0.00            1.00429     0.00303       0.30  %   10000     
7.519818e+02      0.05            0.00            1.01196     0.00488       0.48  %   10000     
7.526956e+02      0.06            0.00            1.01390     0.00347       0.34  %   20000     
7.536628e+02      0.07            0.00            1.00554     0.00277       0.28  %   10000     
7.544049e+02      0.08            0.00            1.00113     0.00113       0.11  %   10000     
7.550193e+02      0.10            0.00            1.00186     0.00131       0.13  %   10000     
7.550893e+02      0.10            0.00            1.00091     0.00091       0.09  %   10000     
7.556292e+02      0.12            0.00            1.00152     0.00107       0.11  %   10000     
7.560012e+02      0.14            0.00            1.00132     0.00093       0.09  %   10000     
7.560920e+02      0.15            0.00            1.00064     0.00064       0.06  %   10000     
7.565270e+02      0.18            0.00            1.00000     0.00000       0.00  %   10000     
7.566577e+02      0.20            0.00            1.00206     0.00103       0.10  %   10000     
7.568849e+02      0.22            0.00            1.00048     0.00048       0.05  %   10000     
7.571463e+02      0.26            0.00            1.00000     0.00000       0.00  %   10000     
7.571861e+02      0.27            0.00            1.00043     0.00043       0.04  %   10000     
7.574779e+02      0.33            0.00            1.00039     0.00039       0.04  %   10000     
7.574846e+02      0.33            0.00            1.00079     0.00056       0.06  %   10000     
7.577167e+02      0.40            0.00            1.00037     0.00037       0.04  %   10000     
7.577432e+02      0.41            0.00            1.00074     0.00052       0.05  %   10000     
7.579157e+02      0.49            0.00            1.00072     0.00051       0.05  %   10000     
7.579422e+02      0.50            0.00            1.00107     0.00062       0.06  %   10000     
7.581033e+02      0.60            0.00            1.00035     0.00035       0.03  %   10000     
7.581080e+02      0.60            0.00            1.00035     0.00035       0.03  %   10000     
7.582559e+02      0.72            0.00            1.00104     0.00060       0.06  %   10000     
7.582685e+02      0.73            0.00            1.00173     0.00078       0.08  %   10000     
7.583769e+02      0.86            0.00            1.00069     0.00049       0.05  %   10000     
7.584061e+02      0.89            0.00            1.00035     0.00035       0.03  %   10000     
7.584980e+02      1.04            0.00            1.00139     0.00069       0.07  %   10000     
7.585417e+02      1.11            0.00            1.00035     0.00035       0.04  %   10000     
7.586081e+02      1.26            0.00            1.00035     0.00035       0.04  %   10000     
7.586611e+02      1.37            0.00            1.00215     0.00088       0.09  %   10000     
7.587142e+02      1.54            0.00            1.00143     0.00071       0.07  %   10000     
7.587805e+02      1.74            0.00            1.00073     0.00052       0.05  %   10000     
7.588203e+02      1.90            0.00            1.00182     0.00081       0.08  %   10000     
7.588999e+02      2.24            0.00            1.00150     0.00075       0.07  %   10000     
7.589264e+02      2.39            0.00            1.00186     0.00083       0.08  %   10000     
7.590193e+02      2.91            0.01            1.00191     0.00086       0.09  %   10000     
7.590325e+02      3.01            0.00            1.00153     0.00076       0.08  %   10000     
7.591386e+02      3.79            0.01            1.00274     0.00104       0.10  %   10000     
7.592633e+02      4.97            0.01            1.00280     0.00106       0.11  %   10000     
7.592845e+02      5.17            0.01            1.00243     0.00099       0.10  %   10000     
7.594198e+02      6.78            0.01            1.00205     0.00092       0.09  %   10000     
7.594861e+02      7.57            0.02            1.00251     0.00102       0.10  %   10000     
7.597833e+02      11.22           0.06            1.00520     0.00150       0.15  %   10000     
7.598098e+02      11.45           0.03            1.00262     0.00107       0.11  %   10000     
7.599106e+02      12.33           0.04            1.00308     0.00116       0.12  %   10000     
7.599530e+02      12.49           0.08            1.00624     0.00167       0.17  %   10000     
7.600719e+02      12.96           0.08            1.00582     0.00161       0.16  %   10000     
7.600936e+02      12.96           0.09            1.00675     0.00174       0.17  %   10000     
7.601113e+02      12.91           0.10            1.00771     0.00187       0.19  %   10000     
7.601421e+02      12.81           0.03            1.00228     0.00102       0.10  %   10000     
7.602342e+02      12.52           0.09            1.00691     0.00178       0.18  %   10000     
7.602528e+02      12.46           0.07            1.00551     0.00159       0.16  %   10000     
7.603828e+02      11.33           0.09            1.00754     0.00188       0.19  %   10000     
7.604253e+02      10.96           0.09            1.00798     0.00193       0.19  %   10000     
7.605950e+02      8.88            0.07            1.00826     0.00200       0.20  %   10000     
7.608497e+02      5.73            0.04            1.00669     0.00185       0.18  %   10000     
7.608868e+02      5.35            0.08            1.01494     0.00277       0.27  %   10000     
7.610036e+02      4.16            0.04            1.00917     0.00222       0.22  %   10000     
7.610566e+02      3.74            0.04            1.01028     0.00236       0.23  %   10000     
7.611309e+02      3.15            0.02            1.00732     0.00203       0.20  %   10000     
7.611840e+02      2.83            0.03            1.00963     0.00233       0.23  %   10000     
7.612503e+02      2.42            0.03            1.01180     0.00264       0.26  %   10000     
7.613166e+02      2.12            0.02            1.01136     0.00260       0.26  %   10000     
7.613670e+02      1.89            0.03            1.01797     0.00333       0.33  %   10000     
7.614493e+02      1.61            0.02            1.01394     0.00297       0.29  %   10000     
7.614864e+02      1.48            0.02            1.01305     0.00291       0.29  %   10000     
7.615905e+02      1.23            0.02            1.01422     0.00310       0.31  %   10000     
7.616058e+02      1.19            0.02            1.01921     0.00362       0.36  %   10000     
7.617295e+02      0.97            0.02            1.01882     0.00369       0.36  %   10000     
7.617447e+02      0.95            0.02            1.02175     0.00396       0.39  %   10000     
7.618596e+02      0.80            0.02            1.02458     0.00434       0.42  %   10000     
7.619414e+02      0.72            0.01            1.01406     0.00331       0.33  %   10000     
7.620158e+02      0.65            0.01            1.01874     0.00390       0.38  %   10000     
7.621735e+02      0.55            0.01            1.02219     0.00435       0.43  %   10000     
7.621934e+02      0.53            0.01            1.02245     0.00440       0.43  %   10000     
7.623923e+02      0.44            0.01            1.01661     0.00391       0.38  %   10000     
7.624388e+02      0.42            0.01            1.02319     0.00463       0.45  %   10000     
7.626245e+02      0.36            0.01            1.02871     0.00376       0.37  %   20000     
7.627704e+02      0.33            0.01            1.02334     0.00486       0.48  %   10000     
7.628898e+02      0.30            0.01            1.03234     0.00413       0.40  %   20000     
7.632174e+02      0.24            0.01            1.02270     0.00359       0.35  %   20000     
7.632224e+02      0.24            0.01            1.04030     0.00477       0.46  %   20000     
7.635912e+02      0.20            0.01            1.03743     0.00478       0.46  %   20000     
7.638240e+02      0.18            0.01            1.03816     0.00488       0.47  %   20000     
7.640274e+02      0.17            0.01            1.03850     0.00500       0.48  %   20000     
7.644801e+02      0.14            0.01            1.03904     0.00420       0.40  %   30000     
7.645644e+02      0.14            0.01            1.03540     0.00490       0.47  %   20000     
7.649723e+02      0.13            0.00            1.03517     0.00497       0.48  %   20000     
7.654644e+02      0.12            0.00            1.03728     0.00511       0.49  %   20000     
7.656030e+02      0.11            0.01            1.04683     0.00465       0.44  %   30000     
7.661205e+02      0.11            0.00            1.04250     0.00440       0.42  %   30000     
7.667767e+02      0.11            0.00            1.03758     0.00489       0.47  %   20000     
7.671766e+02      0.11            0.00            1.03129     0.00429       0.42  %   20000     
7.674594e+02      0.11            0.00            1.03100     0.00417       0.40  %   20000     
7.681422e+02      0.12            0.00            1.02109     0.00449       0.44  %   10000     
7.688249e+02      0.13            0.00            1.02162     0.00408       0.40  %   10000     
7.694223e+02      0.16            0.00            1.01588     0.00311       0.31  %   10000     
7.699107e+02      0.19            0.00            1.00732     0.00189       0.19  %   10000     
7.699823e+02      0.19            0.00            1.00798     0.00193       0.19  %   10000     
7.703138e+02      0.22            0.00            1.01128     0.00213       0.21  %   10000     
7.705782e+02      0.25            0.00            1.00633     0.00149       0.15  %   10000     
7.706535e+02      0.26            0.00            1.00921     0.00177       0.18  %   10000     
7.710084e+02      0.33            0.00            1.00664     0.00138       0.14  %   10000     
7.710120e+02      0.33            0.00            1.00634     0.00135       0.13  %   10000     
7.712924e+02      0.40            0.00            1.00285     0.00086       0.09  %   10000     
7.713350e+02      0.41            0.00            1.00381     0.00098       0.10  %   10000     
7.715266e+02      0.48            0.00            1.00459     0.00105       0.10  %   10000     
7.715408e+02      0.49            0.00            1.00458     0.00105       0.10  %   10000     
7.717183e+02      0.58            0.00            1.00490     0.00107       0.11  %   10000     
7.717478e+02      0.59            0.00            1.00234     0.00074       0.07  %   10000     
7.718798e+02      0.69            0.00            1.00370     0.00092       0.09  %   10000     
7.719245e+02      0.72            0.00            1.00396     0.00096       0.10  %   10000     
7.720090e+02      0.80            0.00            1.00372     0.00093       0.09  %   10000     
7.720718e+02      0.86            0.00            1.00426     0.00100       0.10  %   10000     
7.721221e+02      0.93            0.00            1.00284     0.00082       0.08  %   10000     
7.722152e+02      1.05            0.01            1.00537     0.00114       0.11  %   10000     
7.722351e+02      1.09            0.00            1.00342     0.00091       0.09  %   10000     
7.723373e+02      1.28            0.00            1.00380     0.00098       0.10  %   10000     
7.723430e+02      1.29            0.01            1.00508     0.00114       0.11  %   10000     
7.724268e+02      1.50            0.01            1.00548     0.00120       0.12  %   10000     
7.724651e+02      1.60            0.01            1.00563     0.00123       0.12  %   10000     
7.725248e+02      1.80            0.01            1.00599     0.00128       0.13  %   10000     
7.725787e+02      1.98            0.01            1.00648     0.00135       0.13  %   10000     
7.726099e+02      2.12            0.02            1.00708     0.00141       0.14  %   10000     
7.726923e+02      2.50            0.03            1.01036     0.00175       0.17  %   10000     
7.727051e+02      2.57            0.01            1.00504     0.00122       0.12  %   10000     
7.727945e+02      3.10            0.02            1.00710     0.00148       0.15  %   10000     
7.728059e+02      3.17            0.02            1.00779     0.00156       0.15  %   10000     
7.728911e+02      3.83            0.03            1.00737     0.00153       0.15  %   10000     
7.729337e+02      4.16            0.03            1.00758     0.00158       0.16  %   10000     
7.730004e+02      4.83            0.04            1.00902     0.00173       0.17  %   10000     
7.730756e+02      5.57            0.07            1.01216     0.00205       0.20  %   10000     
7.731296e+02      6.24            0.06            1.01013     0.00188       0.19  %   10000     
7.732772e+02      8.06            0.09            1.01104     0.00201       0.20  %   10000     
7.732915e+02      8.24            0.06            1.00775     0.00169       0.17  %   10000     
7.735868e+02      12.02           0.20            1.01692     0.00257       0.25  %   10000     
7.736549e+02      12.57           0.19            1.01536     0.00249       0.25  %   10000     
7.737685e+02      13.50           0.18            1.01354     0.00235       0.23  %   10000     
7.737799e+02      13.53           0.19            1.01402     0.00240       0.24  %   10000     
7.739009e+02      13.84           0.20            1.01429     0.00245       0.24  %   10000     
7.739266e+02      13.79           0.16            1.01189     0.00224       0.22  %   10000     
7.739900e+02      13.67           0.22            1.01588     0.00261       0.26  %   10000     
7.739923e+02      13.65           0.19            1.01375     0.00243       0.24  %   10000     
7.741377e+02      12.71           0.26            1.02084     0.00303       0.30  %   10000     
7.741490e+02      12.64           0.21            1.01639     0.00269       0.26  %   10000     
7.743364e+02      10.50           0.25            1.02369     0.00331       0.32  %   10000     
7.743535e+02      10.30           0.19            1.01814     0.00290       0.28  %   10000     
7.746715e+02      6.17            0.15            1.02478     0.00357       0.35  %   10000     
7.747510e+02      5.32            0.14            1.02576     0.00367       0.36  %   10000     
7.748192e+02      4.59            0.13            1.02739     0.00386       0.38  %   10000     
7.749214e+02      3.72            0.10            1.02667     0.00388       0.38  %   10000     
7.749469e+02      3.51            0.09            1.02432     0.00374       0.37  %   10000     
7.750634e+02      2.75            0.09            1.03417     0.00455       0.44  %   10000     
7.750747e+02      2.68            0.09            1.03454     0.00460       0.44  %   10000     
7.751883e+02      2.12            0.05            1.02429     0.00399       0.39  %   10000     
7.752053e+02      2.06            0.08            1.03687     0.00491       0.47  %   10000     
7.753019e+02      1.70            0.05            1.02738     0.00438       0.43  %   10000     
7.753661e+02      1.52            0.06            1.03724     0.00515       0.50  %   10000     
7.754297e+02      1.35            0.05            1.03531     0.00514       0.50  %   10000     
7.755141e+02      1.19            0.04            1.03182     0.00496       0.48  %   10000     
7.755594e+02      1.10            0.04            1.03857     0.00393       0.38  %   20000     
7.756898e+02      0.91            0.03            1.03229     0.00370       0.36  %   20000     
7.757079e+02      0.89            0.04            1.04136     0.00421       0.40  %   20000     
7.758783e+02      0.72            0.02            1.03440     0.00399       0.39  %   20000     
7.758925e+02      0.71            0.03            1.04565     0.00460       0.44  %   20000     
7.760771e+02      0.58            0.03            1.04507     0.00477       0.46  %   20000     
7.761765e+02      0.53            0.02            1.03777     0.00441       0.43  %   20000     
7.763043e+02      0.47            0.02            1.04616     0.00503       0.48  %   20000     
7.765314e+02      0.39            0.02            1.04685     0.00523       0.50  %   20000     
7.765527e+02      0.39            0.02            1.03964     0.00483       0.47  %   20000     
7.768012e+02      0.33            0.01            1.03957     0.00502       0.48  %   20000     
7.769574e+02      0.30            0.01            1.04447     0.00440       0.42  %   30000     
7.771561e+02      0.27            0.01            1.05111     0.00486       0.46  %   30000     
7.775408e+02      0.22            0.01            1.04636     0.00480       0.46  %   30000     
7.775695e+02      0.22            0.01            1.06142     0.00479       0.45  %   40000     
7.779453e+02      0.19            0.01            1.06240     0.00499       0.47  %   40000     
7.782895e+02      0.17            0.01            1.06187     0.00503       0.47  %   40000     
7.784306e+02      0.16            0.01            1.05905     0.00496       0.47  %   40000     
7.789342e+02      0.15            0.01            1.06521     0.00528       0.50  %   40000     
7.793216e+02      0.14            0.01            1.06191     0.00510       0.48  %   40000     
7.794468e+02      0.14            0.01            1.06109     0.00506       0.48  %   40000     
7.799594e+02      0.14            0.01            1.04778     0.00506       0.48  %   30000     
7.804304e+02      0.14            0.01            1.04279     0.00458       0.44  %   30000     
7.809014e+02      0.15            0.01            1.04413     0.00434       0.42  %   30000     
7.809554e+02      0.15            0.01            1.04148     0.00510       0.49  %   20000     
7.812546e+02      0.17            0.01            1.04104     0.00480       0.46  %   20000     
7.816078e+02      0.19            0.01            1.03180     0.00388       0.38  %   20000     
7.819288e+02      0.23            0.01            1.02192     0.00414       0.40  %   10000     
7.821853e+02      0.27            0.00            1.01820     0.00344       0.34  %   10000     
7.823990e+02      0.33            0.00            1.01353     0.00270       0.27  %   10000     
7.825537e+02      0.39            0.01            1.01300     0.00245       0.24  %   10000     
7.825713e+02      0.40            0.01            1.01318     0.00244       0.24  %   10000     
7.826861e+02      0.47            0.00            1.01047     0.00205       0.20  %   10000     
7.827346e+02      0.50            0.01            1.01136     0.00207       0.20  %   10000     
7.827920e+02      0.55            0.00            1.00751     0.00164       0.16  %   10000     
7.828979e+02      0.67            0.01            1.01070     0.00183       0.18  %   10000     
7.829674e+02      0.78            0.01            1.00772     0.00148       0.15  %   10000     
7.829978e+02      0.83            0.01            1.00667     0.00136       0.14  %   10000     
7.830916e+02      1.04            0.01            1.00797     0.00141       0.14  %   10000     
7.831065e+02      1.08            0.00            1.00415     0.00100       0.10  %   10000     
7.831698e+02      1.28            0.01            1.00391     0.00095       0.09  %   10000     
7.832137e+02      1.46            0.01            1.00438     0.00098       0.10  %   10000     
7.832481e+02      1.60            0.01            1.00472     0.00100       0.10  %   10000     
7.833075e+02      1.91            0.00            1.00204     0.00064       0.06  %   10000     
7.833263e+02      2.01            0.01            1.00385     0.00088       0.09  %   10000     
7.834045e+02      2.54            0.01            1.00290     0.00075       0.07  %   10000     
7.834890e+02      3.27            0.01            1.00224     0.00065       0.06  %   10000     
7.834983e+02      3.38            0.01            1.00297     0.00074       0.07  %   10000     
7.835891e+02      4.38            0.02            1.00401     0.00085       0.09  %   10000     
7.835994e+02      4.53            0.01            1.00290     0.00073       0.07  %   10000     
7.837033e+02      5.99            0.02            1.00270     0.00070       0.07  %   10000     
7.837136e+02      6.17            0.02            1.00340     0.00078       0.08  %   10000     
7.838469e+02      8.48            0.03            1.00304     0.00074       0.07  %   10000     
7.838519e+02      8.57            0.02            1.00268     0.00069       0.07  %   10000     
7.841598e+02      14.43           0.07            1.00488     0.00094       0.09  %   10000     
7.842398e+02      15.49           0.05            1.00330     0.00078       0.08  %   10000     
7.843199e+02      16.54           0.07            1.00440     0.00090       0.09  %   10000     
7.843950e+02      16.89           0.08            1.00485     0.00095       0.09  %   10000     
7.844655e+02      17.22           0.05            1.00317     0.00077       0.08  %   10000     
7.845427e+02      16.85           0.05            1.00285     0.00074       0.07  %   10000     
7.846128e+02      16.52           0.09            1.00533     0.00101       0.10  %   10000     
7.846929e+02      15.47           0.09            1.00584     0.00107       0.11  %   10000     
7.847630e+02      14.55           0.08            1.00568     0.00105       0.10  %   10000     
7.848430e+02      13.06           0.08            1.00602     0.00110       0.11  %   10000     
7.851634e+02      7.04            0.07            1.00986     0.00148       0.15  %   10000     
7.852476e+02      5.72            0.06            1.01022     0.00154       0.15  %   10000     
7.852871e+02      5.10            0.07            1.01319     0.00177       0.18  %   10000     
7.853977e+02      3.73            0.04            1.01036     0.00164       0.16  %   10000     
7.854099e+02      3.61            0.04            1.01016     0.00162       0.16  %   10000     
7.854944e+02      2.80            0.03            1.01217     0.00185       0.18  %   10000     
7.855507e+02      2.38            0.03            1.01452     0.00207       0.20  %   10000     
7.855789e+02      2.17            0.04            1.01664     0.00226       0.22  %   10000     
7.856665e+02      1.67            0.03            1.01568     0.00231       0.23  %   10000     
7.856978e+02      1.54            0.02            1.01543     0.00232       0.23  %   10000     
7.857447e+02      1.33            0.02            1.01616     0.00246       0.24  %   10000     
7.858229e+02      1.08            0.02            1.02156     0.00298       0.29  %   10000     
7.858542e+02      1.00            0.02            1.01880     0.00283       0.28  %   10000     
7.859088e+02      0.87            0.03            1.03053     0.00375       0.36  %   10000     
7.860020e+02      0.70            0.02            1.02841     0.00382       0.37  %   10000     
7.860128e+02      0.69            0.02            1.03231     0.00409       0.40  %   10000     
7.860952e+02      0.59            0.02            1.03116     0.00423       0.41  %   10000     
7.862117e+02      0.48            0.01            1.02980     0.00438       0.43  %   10000     
7.862674e+02      0.45            0.02            1.03430     0.00479       0.46  %   10000     
7.863518e+02      0.39            0.02            1.05046     0.00428       0.41  %   20000     
7.865076e+02      0.33            0.01            1.04344     0.00421       0.40  %   20000     
7.866024e+02      0.30            0.02            1.05078     0.00466       0.44  %   20000     
7.866946e+02      0.27            0.02            1.06288     0.00438       0.41  %   30000     
7.869431e+02      0.22            0.01            1.06303     0.00468       0.44  %   30000     
7.872223e+02      0.19            0.01            1.07272     0.00532       0.50  %   30000     
7.872255e+02      0.19            0.01            1.07082     0.00525       0.49  %   30000     
7.875589e+02      0.16            0.01            1.08720     0.00536       0.49  %   40000     
7.879598e+02      0.13            0.01            1.09143     0.00517       0.47  %   50000     
7.882801e+02      0.12            0.01            1.09525     0.00540       0.49  %   50000     
7.884181e+02      0.12            0.01            1.10164     0.00517       0.47  %   60000     
7.888764e+02      0.11            0.01            1.10777     0.00547       0.49  %   60000     
7.893346e+02      0.10            0.01            1.10700     0.00550       0.50  %   60000     
7.899834e+02      0.10            0.01            1.08723     0.00538       0.49  %   50000     
7.901407e+02      0.10            0.01            1.08094     0.00513       0.47  %   50000     
7.906273e+02      0.10            0.01            1.05934     0.00477       0.45  %   40000     
7.912712e+02      0.11            0.01            1.05369     0.00491       0.47  %   30000     
7.917541e+02      0.12            0.01            1.04571     0.00424       0.41  %   30000     
7.922370e+02      0.13            0.00            1.03487     0.00416       0.40  %   20000     
7.926727e+02      0.16            0.00            1.02146     0.00420       0.41  %   10000     
7.930705e+02      0.19            0.00            1.02356     0.00398       0.39  %   10000     
7.931406e+02      0.20            0.00            1.01802     0.00340       0.33  %   10000     
7.934115e+02      0.23            0.00            1.01920     0.00324       0.32  %   10000     
7.936880e+02      0.28            0.00            1.01001     0.00213       0.21  %   10000     
7.939077e+02      0.34            0.00            1.00965     0.00193       0.19  %   10000     
7.940905e+02      0.40            0.00            1.01030     0.00185       0.18  %   10000     
7.941085e+02      0.41            0.00            1.00920     0.00174       0.17  %   10000     
7.942715e+02      0.49            0.00            1.00575     0.00129       0.13  %   10000     
7.942746e+02      0.50            0.00            1.00803     0.00152       0.15  %   10000     
7.944073e+02      0.60            0.00            1.00647     0.00129       0.13  %   10000     
7.944588e+02      0.65            0.00            1.00542     0.00116       0.11  %   10000     
7.945263e+02      0.72            0.00            1.00662     0.00125       0.12  %   10000     
7.945937e+02      0.82            0.00            1.00514     0.00107       0.11  %   10000     
7.946387e+02      0.89            0.00            1.00503     0.00105       0.10  %   10000     
7.946949e+02      1.00            0.00            1.00442     0.00096       0.10  %   10000     
7.947324e+02      1.08            0.00            1.00374     0.00088       0.09  %   10000     
7.947961e+02      1.26            0.00            1.00360     0.00085       0.08  %   10000     
7.948261e+02      1.34            0.01            1.00438     0.00093       0.09  %   10000     
7.948804e+02      1.55            0.01            1.00428     0.00091       0.09  %   10000     
7.949198e+02      1.70            0.01            1.00330     0.00080       0.08  %   10000     
7.949648e+02      1.94            0.01            1.00515     0.00099       0.10  %   10000     
7.950135e+02      2.20            0.01            1.00363     0.00083       0.08  %   10000     
7.950467e+02      2.43            0.01            1.00379     0.00085       0.08  %   10000     
7.951021e+02      2.81            0.01            1.00457     0.00093       0.09  %   10000     
7.951336e+02      3.10            0.01            1.00359     0.00082       0.08  %   10000     
7.951979e+02      3.69            0.01            1.00286     0.00074       0.07  %   10000     
7.952205e+02      3.95            0.02            1.00380     0.00085       0.08  %   10000     
7.952936e+02      4.81            0.02            1.00442     0.00092       0.09  %   10000     
7.953073e+02      5.02            0.01            1.00288     0.00074       0.07  %   10000     
7.954122e+02      6.58            0.03            1.00526     0.00101       0.10  %   10000     
7.955322e+02      8.81            0.03            1.00316     0.00079       0.08  %   10000     
7.955622e+02      9.37            0.03            1.00339     0.00082       0.08  %   10000     
7.957151e+02      12.60           0.07            1.00528     0.00103       0.10  %   10000     
7.958830e+02      16.11           0.05            1.00330     0.00083       0.08  %   10000     
7.959789e+02      17.60           0.10            1.00549     0.00107       0.11  %   10000     
7.960389e+02      18.53           0.11            1.00612     0.00113       0.11  %   10000     
7.961289e+02      19.23           0.15            1.00774     0.00129       0.13  %   10000     
7.961564e+02      19.44           0.13            1.00666     0.00119       0.12  %   10000     
7.962132e+02      19.55           0.12            1.00605     0.00114       0.11  %   10000     
7.962667e+02      19.31           0.14            1.00747     0.00128       0.13  %   10000     
7.963057e+02      19.13           0.16            1.00817     0.00134       0.13  %   10000     
7.963417e+02      18.97           0.13            1.00706     0.00125       0.12  %   10000     
7.964317e+02      17.79           0.13            1.00723     0.00128       0.13  %   10000     
7.964916e+02      17.01           0.12            1.00724     0.00128       0.13  %   10000     
7.966116e+02      14.59           0.14            1.00938     0.00148       0.15  %   10000     
7.967375e+02      12.04           0.14            1.01203     0.00170       0.17  %   10000     
7.969324e+02      8.01            0.09            1.01113     0.00169       0.17  %   10000     
7.970014e+02      6.85            0.09            1.01320     0.00186       0.18  %   10000     
7.970673e+02      5.72            0.09            1.01492     0.00203       0.20  %   10000     
7.971590e+02      4.50            0.07            1.01590     0.00214       0.21  %   10000     
7.971788e+02      4.23            0.04            1.01002     0.00172       0.17  %   10000     
7.972739e+02      3.24            0.05            1.01389     0.00209       0.21  %   10000     
7.972847e+02      3.15            0.05            1.01459     0.00215       0.21  %   10000     
7.973653e+02      2.50            0.05            1.01814     0.00248       0.24  %   10000     
7.974159e+02      2.19            0.04            1.01665     0.00242       0.24  %   10000     
7.974496e+02      1.98            0.04            1.01958     0.00268       0.26  %   10000     
7.975339e+02      1.58            0.03            1.02122     0.00291       0.28  %   10000     
7.975470e+02      1.54            0.03            1.02260     0.00301       0.29  %   10000     
7.976220e+02      1.27            0.03            1.02550     0.00334       0.33  %   10000     
7.976970e+02      1.07            0.03            1.02720     0.00356       0.35  %   10000     
7.977157e+02      1.03            0.03            1.02935     0.00375       0.36  %   10000     
7.978094e+02      0.85            0.03            1.04073     0.00462       0.44  %   10000     
7.978844e+02      0.74            0.03            1.03970     0.00470       0.45  %   10000     
7.979158e+02      0.70            0.03            1.03944     0.00477       0.46  %   10000     
7.980416e+02      0.57            0.02            1.03967     0.00357       0.34  %   20000     
7.981359e+02      0.51            0.02            1.04800     0.00403       0.38  %   20000     
7.981988e+02      0.46            0.02            1.04575     0.00405       0.39  %   20000     
7.983560e+02      0.39            0.02            1.05150     0.00452       0.43  %   20000     
7.985039e+02      0.34            0.02            1.05393     0.00479       0.45  %   20000     
7.985658e+02      0.32            0.02            1.06317     0.00432       0.41  %   30000     
7.988155e+02      0.26            0.02            1.06963     0.00483       0.45  %   30000     
7.989697e+02      0.23            0.02            1.07569     0.00518       0.48  %   30000     
7.991083e+02      0.21            0.02            1.07680     0.00468       0.44  %   40000     
7.994585e+02      0.17            0.01            1.07949     0.00509       0.47  %   40000     
7.996498e+02      0.16            0.01            1.08397     0.00537       0.50  %   40000     
7.998328e+02      0.14            0.01            1.09656     0.00533       0.49  %   50000     
8.002768e+02      0.12            0.01            1.10465     0.00539       0.49  %   60000     
8.006420e+02      0.10            0.01            1.10985     0.00529       0.48  %   70000     
8.007949e+02      0.10            0.01            1.09998     0.00516       0.47  %   70000     
8.012925e+02      0.09            0.01            1.10204     0.00546       0.50  %   70000     
8.019916e+02      0.07            0.01            1.09199     0.00542       0.50  %   70000     
8.020437e+02      0.07            0.01            1.09649     0.00520       0.47  %   80000     
8.028655e+02      0.06            0.01            1.08427     0.00541       0.50  %   70000     
8.037394e+02      0.06            0.01            1.10779     0.00550       0.50  %   90000     
8.043797e+02      0.06            0.01            1.10412     0.00539       0.49  %   90000     
8.049223e+02      0.05            0.01            1.11273     0.00534       0.48  %   100000    
8.061052e+02      0.05            0.01            1.10084     0.00521       0.47  %   90000     
8.074697e+02      0.05            0.00            1.08936     0.00526       0.48  %   70000     
8.088340e+02      0.06            0.00            1.07605     0.00526       0.49  %   50000     
8.097436e+02      0.07            0.00            1.06685     0.00509       0.48  %   40000     
8.102117e+02      0.07            0.00            1.05065     0.00484       0.46  %   30000     
8.104150e+02      0.08            0.00            1.03908     0.00508       0.49  %   20000     
8.109745e+02      0.09            0.00            1.04708     0.00415       0.40  %   30000     
8.113661e+02      0.10            0.00            1.03216     0.00386       0.37  %   20000     
8.113669e+02      0.10            0.00            1.03820     0.00421       0.41  %   20000     
8.115832e+02      0.11            0.00            1.03623     0.00383       0.37  %   20000     
8.117553e+02      0.13            0.00            1.02051     0.00380       0.37  %   10000     
8.118782e+02      0.15            0.00            1.02544     0.00397       0.39  %   10000     
8.119765e+02      0.17            0.00            1.01526     0.00288       0.28  %   10000     
8.120749e+02      0.20            0.00            1.01495     0.00264       0.26  %   10000     
8.121609e+02      0.24            0.00            1.01121     0.00212       0.21  %   10000     
8.122470e+02      0.30            0.00            1.00678     0.00151       0.15  %   10000     
8.123312e+02      0.37            0.00            1.00602     0.00131       0.13  %   10000     
8.124080e+02      0.46            0.00            1.00395     0.00099       0.10  %   10000     
8.124146e+02      0.47            0.00            1.00415     0.00101       0.10  %   10000     
8.124951e+02      0.60            0.00            1.00298     0.00080       0.08  %   10000     
8.124979e+02      0.61            0.00            1.00318     0.00082       0.08  %   10000     
8.125918e+02      0.80            0.00            1.00242     0.00067       0.07  %   10000     
8.126695e+02      1.01            0.00            1.00288     0.00070       0.07  %   10000     
8.126923e+02      1.07            0.00            1.00233     0.00062       0.06  %   10000     
8.128064e+02      1.45            0.00            1.00152     0.00048       0.05  %   10000     
8.128216e+02      1.51            0.00            1.00030     0.00021       0.02  %   10000     
8.129737e+02      2.13            0.00            1.00070     0.00031       0.03  %   10000     
8.130279e+02      2.35            0.00            1.00084     0.00034       0.03  %   10000     
8.131973e+02      3.02            0.00            1.00055     0.00027       0.03  %   10000     
8.132217e+02      3.11            0.00            1.00068     0.00030       0.03  %   10000     
8.133677e+02      3.50            0.00            1.00055     0.00027       0.03  %   10000     
8.134974e+02      3.62            0.00            1.00028     0.00020       0.02  %   10000     
8.134995e+02      3.63            0.00            1.00070     0.00031       0.03  %   10000     
8.136308e+02      3.51            0.00            1.00043     0.00025       0.02  %   10000     
8.136734e+02      3.39            0.00            1.00029     0.00021       0.02  %   10000     
8.137647e+02      3.15            0.00            1.00015     0.00015       0.01  %   10000     
8.137830e+02      3.10            0.00            1.00090     0.00037       0.04  %   10000     
8.139472e+02      2.45            0.00            1.00065     0.00032       0.03  %   10000     
8.141906e+02      1.48            0.00            1.00057     0.00033       0.03  %   10000     
8.143119e+02      1.09            0.00            1.00151     0.00057       0.06  %   10000     
8.144170e+02      0.82            0.00            1.00172     0.00065       0.06  %   10000     
8.145153e+02      0.62            0.00            1.00195     0.00074       0.07  %   10000     
8.145730e+02      0.54            0.00            1.00180     0.00073       0.07  %   10000     
8.146031e+02      0.50            0.00            1.00220     0.00083       0.08  %   10000     
8.146909e+02      0.40            0.00            1.00142     0.00071       0.07  %   10000     
8.147885e+02      0.33            0.00            1.00439     0.00132       0.13  %   10000     
8.148743e+02      0.29            0.00            1.00430     0.00136       0.14  %   10000     
8.148860e+02      0.28            0.00            1.00479     0.00144       0.14  %   10000     
8.150031e+02      0.25            0.00            1.00189     0.00094       0.09  %   10000     
8.151202e+02      0.23            0.00            1.00246     0.00110       0.11  %   10000     
8.152360e+02      0.22            0.00            1.00396     0.00140       0.14  %   10000     
8.152674e+02      0.22            0.00            1.00248     0.00111       0.11  %   10000     
8.154147e+02      0.21            0.00            1.00098     0.00070       0.07  %   10000     
8.156292e+02      0.22            0.00            1.00562     0.00162       0.16  %   10000     
8.157092e+02      0.22            0.00            1.00463     0.00146       0.15  %   10000     
8.161019e+02      0.25            0.00            1.00497     0.00143       0.14  %   10000     
8.162427e+02      0.27            0.00            1.00196     0.00088       0.09  %   10000     
8.163108e+02      0.28            0.00            1.00269     0.00101       0.10  %   10000     
8.164945e+02      0.30            0.00            1.00329     0.00110       0.11  %   10000     
8.166888e+02      0.33            0.00            1.00273     0.00096       0.10  %   10000     
8.168192e+02      0.35            0.00            1.00166     0.00074       0.07  %   10000     
8.170513e+02      0.41            0.00            1.00277     0.00092       0.09  %   10000     
8.171188e+02      0.43            0.00            1.00152     0.00068       0.07  %   10000     
8.172929e+02      0.50            0.00            1.00203     0.00077       0.08  %   10000     
8.173327e+02      0.51            0.00            1.00318     0.00096       0.10  %   10000     
8.175092e+02      0.60            0.00            1.00084     0.00048       0.05  %   10000     
8.175187e+02      0.61            0.00            1.00195     0.00074       0.07  %   10000     
8.176524e+02      0.70            0.00            1.00272     0.00086       0.09  %   10000     
8.176858e+02      0.72            0.00            1.00191     0.00072       0.07  %   10000     
8.178171e+02      0.86            0.00            1.00187     0.00071       0.07  %   10000     
8.178434e+02      0.88            0.00            1.00054     0.00038       0.04  %   10000     
8.179460e+02      1.03            0.00            1.00080     0.00046       0.05  %   10000     
8.179723e+02      1.07            0.00            1.00107     0.00053       0.05  %   10000     
8.180534e+02      1.23            0.00            1.00212     0.00075       0.07  %   10000     
8.180797e+02      1.28            0.00            1.00241     0.00080       0.08  %   10000     
8.181616e+02      1.51            0.00            1.00267     0.00084       0.08  %   10000     
8.181871e+02      1.58            0.00            1.00215     0.00076       0.08  %   10000     
8.182615e+02      1.86            0.01            1.00295     0.00089       0.09  %   10000     
8.182945e+02      1.98            0.01            1.00326     0.00094       0.09  %   10000     
8.183614e+02      2.33            0.01            1.00324     0.00094       0.09  %   10000     
8.184020e+02      2.54            0.01            1.00275     0.00087       0.09  %   10000     
8.184613e+02      2.95            0.00            1.00109     0.00055       0.05  %   10000     
8.185034e+02      3.25            0.01            1.00333     0.00096       0.10  %   10000     
8.185614e+02      3.78            0.02            1.00442     0.00110       0.11  %   10000     
8.186087e+02      4.22            0.02            1.00450     0.00112       0.11  %   10000     
8.186664e+02      4.91            0.01            1.00279     0.00088       0.09  %   10000     
8.187275e+02      5.65            0.01            1.00199     0.00075       0.08  %   10000     
8.187810e+02      6.48            0.01            1.00198     0.00075       0.07  %   10000     
8.188612e+02      7.71            0.02            1.00316     0.00095       0.10  %   10000     
8.189147e+02      8.74            0.04            1.00486     0.00118       0.12  %   10000     
8.190522e+02      11.37           0.04            1.00379     0.00105       0.10  %   10000     
8.191362e+02      13.08           0.08            1.00585     0.00131       0.13  %   10000     
8.193195e+02      16.76           0.06            1.00382     0.00106       0.11  %   10000     
8.193654e+02      17.45           0.07            1.00415     0.00111       0.11  %   10000     
8.194570e+02      18.83           0.11            1.00589     0.00132       0.13  %   10000     
8.195334e+02      19.40           0.08            1.00389     0.00108       0.11  %   10000     
8.196098e+02      19.98           0.13            1.00654     0.00139       0.14  %   10000     
8.196533e+02      20.04           0.10            1.00478     0.00119       0.12  %   10000     
8.196593e+02      20.01           0.13            1.00628     0.00137       0.14  %   10000     
8.197817e+02      19.39           0.13            1.00694     0.00145       0.14  %   10000     
8.198122e+02      19.24           0.13            1.00690     0.00144       0.14  %   10000     
8.199192e+02      17.82           0.13            1.00727     0.00148       0.15  %   10000     
8.199497e+02      17.42           0.08            1.00482     0.00120       0.12  %   10000     
8.201331e+02      13.84           0.11            1.00766     0.00153       0.15  %   10000     
8.202247e+02      12.04           0.13            1.01044     0.00179       0.18  %   10000     
8.204042e+02      8.54            0.06            1.00739     0.00151       0.15  %   10000     
8.204157e+02      8.31            0.10            1.01205     0.00193       0.19  %   10000     
8.205494e+02      6.16            0.06            1.00932     0.00170       0.17  %   10000     
8.205570e+02      6.06            0.06            1.01054     0.00180       0.18  %   10000     
8.206639e+02      4.70            0.04            1.00873     0.00165       0.16  %   10000     
8.206716e+02      4.62            0.04            1.00902     0.00167       0.17  %   10000     
8.207774e+02      3.59            0.04            1.01186     0.00192       0.19  %   10000     
8.207822e+02      3.55            0.03            1.00810     0.00159       0.16  %   10000     
8.208853e+02      2.80            0.03            1.01059     0.00181       0.18  %   10000     
8.208889e+02      2.78            0.02            1.00840     0.00161       0.16  %   10000     
8.209796e+02      2.29            0.02            1.00808     0.00158       0.16  %   10000     
8.209956e+02      2.22            0.03            1.01234     0.00195       0.19  %   10000     
8.210805e+02      1.88            0.02            1.00984     0.00174       0.17  %   10000     
8.210991e+02      1.83            0.02            1.01036     0.00177       0.18  %   10000     
8.212016e+02      1.53            0.02            1.01326     0.00199       0.20  %   10000     
8.212191e+02      1.50            0.02            1.01165     0.00186       0.18  %   10000     
8.213155e+02      1.31            0.01            1.00824     0.00155       0.15  %   10000     
8.213527e+02      1.27            0.01            1.00865     0.00158       0.16  %   10000     
8.214717e+02      1.11            0.01            1.01231     0.00185       0.18  %   10000     
8.214830e+02      1.11            0.01            1.01056     0.00171       0.17  %   10000     
8.216340e+02      0.99            0.01            1.00737     0.00139       0.14  %   10000     
8.216436e+02      0.98            0.01            1.00710     0.00136       0.14  %   10000     
8.218147e+02      0.91            0.00            1.00441     0.00104       0.10  %   10000     
8.218232e+02      0.91            0.01            1.00684     0.00129       0.13  %   10000     
8.220021e+02      0.89            0.01            1.00676     0.00123       0.12  %   10000     
8.220770e+02      0.87            0.01            1.00684     0.00123       0.12  %   10000     
8.222169e+02      0.89            0.01            1.00642     0.00115       0.11  %   10000     
8.223566e+02      0.90            0.00            1.00439     0.00094       0.09  %   10000     
8.224265e+02      0.93            0.01            1.00681     0.00115       0.11  %   10000     
8.224964e+02      0.95            0.00            1.00498     0.00098       0.10  %   10000     
8.225663e+02      0.97            0.01            1.00533     0.00101       0.10  %   10000     
8.226362e+02      1.01            0.00            1.00470     0.00094       0.09  %   10000     
8.227645e+02      1.08            0.01            1.00602     0.00106       0.11  %   10000     
8.227832e+02      1.09            0.00            1.00413     0.00088       0.09  %   10000     
8.229008e+02      1.19            0.01            1.00551     0.00102       0.10  %   10000     
8.229890e+02      1.26            0.01            1.00585     0.00107       0.11  %   10000     
8.230184e+02      1.30            0.00            1.00371     0.00085       0.08  %   10000     
8.231241e+02      1.44            0.01            1.00668     0.00116       0.12  %   10000     
8.231823e+02      1.51            0.01            1.00543     0.00106       0.11  %   10000     
8.232289e+02      1.60            0.01            1.00614     0.00114       0.11  %   10000     
8.233338e+02      1.79            0.01            1.00762     0.00130       0.13  %   10000     
8.233467e+02      1.82            0.01            1.00453     0.00101       0.10  %   10000     
8.234306e+02      2.04            0.02            1.00874     0.00143       0.14  %   10000     
8.234947e+02      2.21            0.02            1.00991     0.00156       0.15  %   10000     
8.235194e+02      2.31            0.01            1.00450     0.00106       0.11  %   10000     
8.236082e+02      2.64            0.02            1.00820     0.00147       0.15  %   10000     
8.236428e+02      2.77            0.02            1.00711     0.00139       0.14  %   10000     
8.237020e+02      3.08            0.02            1.00731     0.00143       0.14  %   10000     
8.237793e+02      3.49            0.03            1.00924     0.00166       0.16  %   10000     
8.237941e+02      3.60            0.04            1.01227     0.00191       0.19  %   10000     
8.238911e+02      4.30            0.04            1.01017     0.00179       0.18  %   10000     
8.239125e+02      4.45            0.06            1.01297     0.00205       0.20  %   10000     
8.239947e+02      5.23            0.06            1.01144     0.00196       0.19  %   10000     
8.240440e+02      5.70            0.08            1.01365     0.00218       0.22  %   10000     
8.241065e+02      6.48            0.10            1.01534     0.00233       0.23  %   10000     
8.241888e+02      7.49            0.11            1.01425     0.00231       0.23  %   10000     
8.242250e+02      8.05            0.14            1.01699     0.00253       0.25  %   10000     
8.243598e+02      10.13           0.21            1.02043     0.00285       0.28  %   10000     
8.243664e+02      10.25           0.14            1.01323     0.00230       0.23  %   10000     
8.245802e+02      14.01           0.30            1.02159     0.00305       0.30  %   10000     
8.247940e+02      17.70           0.34            1.01945     0.00296       0.29  %   10000     
8.248664e+02      18.54           0.45            1.02418     0.00334       0.33  %   10000     
8.249519e+02      19.55           0.47            1.02389     0.00334       0.33  %   10000     
8.250435e+02      20.02           0.60            1.02995     0.00379       0.37  %   10000     
8.250868e+02      20.26           0.68            1.03380     0.00403       0.39  %   10000     
8.251295e+02      20.30           0.59            1.02919     0.00376       0.37  %   10000     
8.252126e+02      19.93           0.66            1.03314     0.00407       0.39  %   10000     
8.252294e+02      19.86           0.58            1.02921     0.00382       0.37  %   10000     
8.252881e+02      19.62           0.70            1.03583     0.00424       0.41  %   10000     
8.253664e+02      18.71           0.60            1.03217     0.00407       0.39  %   10000     
8.254550e+02      17.71           0.62            1.03503     0.00426       0.41  %   10000     
8.255506e+02      16.08           0.64            1.03956     0.00461       0.44  %   10000     
8.259716e+02      8.81            0.39            1.04429     0.00520       0.50  %   10000     
8.260637e+02      7.52            0.35            1.04677     0.00382       0.36  %   20000     
8.261262e+02      6.63            0.31            1.04627     0.00387       0.37  %   20000     
8.262282e+02      5.48            0.27            1.04850     0.00403       0.38  %   20000     
8.262577e+02      5.15            0.30            1.05785     0.00444       0.42  %   20000     
8.263893e+02      4.01            0.24            1.06054     0.00468       0.44  %   20000     
8.263926e+02      3.98            0.24            1.06055     0.00468       0.44  %   20000     
8.265209e+02      3.15            0.20            1.06206     0.00490       0.46  %   20000     
8.265571e+02      2.97            0.19            1.06325     0.00496       0.47  %   20000     
8.266525e+02      2.51            0.17            1.06790     0.00530       0.50  %   20000     
8.267215e+02      2.27            0.13            1.05723     0.00491       0.46  %   20000     
8.268005e+02      1.99            0.15            1.07600     0.00474       0.44  %   30000     
8.269189e+02      1.68            0.14            1.08249     0.00505       0.47  %   30000     
8.269321e+02      1.65            0.12            1.07387     0.00480       0.45  %   30000     
8.270965e+02      1.34            0.11            1.08292     0.00528       0.49  %   30000     
8.271572e+02      1.26            0.11            1.09110     0.00481       0.44  %   40000     
8.272826e+02      1.09            0.09            1.08596     0.00482       0.44  %   40000     
8.274061e+02      0.97            0.10            1.09988     0.00528       0.48  %   40000     
8.274970e+02      0.88            0.09            1.10155     0.00544       0.49  %   40000     
8.277017e+02      0.75            0.08            1.10730     0.00515       0.47  %   50000     
8.277429e+02      0.72            0.08            1.11083     0.00529       0.48  %   50000     
8.280307e+02      0.58            0.08            1.13172     0.00551       0.49  %   60000     
8.281129e+02      0.55            0.07            1.12064     0.00530       0.47  %   60000     
8.283596e+02      0.47            0.07            1.14628     0.00563       0.49  %   70000     
8.286063e+02      0.41            0.06            1.14141     0.00569       0.50  %   70000     
8.286885e+02      0.38            0.06            1.15066     0.00557       0.48  %   80000     
8.290719e+02      0.32            0.05            1.16777     0.00550       0.47  %   100000    
8.291167e+02      0.31            0.05            1.16630     0.00579       0.50  %   90000     
8.295502e+02      0.25            0.04            1.17617     0.00596       0.51  %   100000    
8.298425e+02      0.23            0.04            1.19126     0.00636       0.53  %   100000    
8.300285e+02      0.21            0.04            1.19374     0.00656       0.55  %   100000    
8.306101e+02      0.17            0.04            1.22736     0.00751       0.61  %   100000    
8.308830e+02      0.16            0.04            1.23673     0.00779       0.63  %   100000    
8.312747e+02      0.14            0.03            1.23820     0.00814       0.66  %   100000    
8.319727e+02      0.12            0.03            1.25057     0.00879       0.70  %   100000    
8.321231e+02      0.11            0.03            1.27421     0.00926       0.73  %   100000    
8.328335e+02      0.09            0.03            1.29961     0.01022       0.79  %   100000    
8.337778e+02      0.08            0.03            1.34607     0.01159       0.86  %   100000    
8.337977e+02      0.08            0.03            1.33975     0.01150       0.86  %   100000    
8.348999e+02      0.06            0.03            1.39549     0.01322       0.95  %   100000    
8.360794e+02      0.05            0.02            1.38007     0.01365       0.99  %   100000    
8.361278e+02      0.05            0.02            1.38550     0.01377       0.99  %   100000    
8.374882e+02      0.05            0.01            1.28857     0.01265       0.98  %   100000    
8.389578e+02      0.04            0.01            1.27542     0.01294       1.01  %   100000    
8.391319e+02      0.04            0.01            1.28331     0.01322       1.03  %   100000    
8.410799e+02      0.03            0.01            1.27719     0.01385       1.08  %   100000    
8.427192e+02      0.03            0.00            1.11378     0.00916       0.82  %   100000    
8.435439e+02      0.03            0.00            1.05102     0.00628       0.60  %   100000    
8.462063e+02      0.02            0.00            1.01835     0.00509       0.50  %   60000     
8.495324e+02      0.02            0.00            1.01931     0.00498       0.49  %   70000     
8.519711e+02      0.02            0.00            1.01234     0.00436       0.43  %   60000     
8.548950e+02      0.02            0.00            1.00912     0.00456       0.45  %   40000     
8.566118e+02      0.02            0.00            1.00000     0.00000       0.00  %   10000     
8.572555e+02      0.02            0.00            1.00000     0.00000       0.00  %   10000     
8.575774e+02      0.02            0.00            1.00776     0.00448       0.44  %   30000     
8.577920e+02      0.02            0.00            1.00000     0.00000       0.00  %   10000     
8.579530e+02      0.03            0.00            1.00639     0.00452       0.45  %   20000     
8.580871e+02      0.03            0.00            1.00829     0.00479       0.47  %   20000     
8.581944e+02      0.03            0.00            1.00791     0.00354       0.35  %   30000     
8.583151e+02      0.04            0.00            1.00000     0.00000       0.00  %   10000     
8.584424e+02      0.05            0.00            1.00000     0.00000       0.00  %   10000     
8.585941e+02      0.07            0.00            1.00459     0.00325       0.32  %   10000     
8.589913e+02      0.13            0.00            1.00131     0.00131       0.13  %   10000     
8.591545e+02      0.14            0.00            1.00000     0.00000       0.00  %   10000     
8.592757e+02      0.15            0.00            1.00347     0.00200       0.20  %   10000     
8.594163e+02      0.14            0.00            1.00119     0.00119       0.12  %   10000     
8.595868e+02      0.13            0.00            1.00400     0.00231       0.23  %   10000     
8.599804e+02      0.07            0.00            1.00227     0.00227       0.23  %   10000     
8.601072e+02      0.06            0.00            1.00281     0.00281       0.28  %   10000     
8.602199e+02      0.05            0.00            1.00000     0.00000       0.00  %   10000     
8.603326e+02      0.04            0.00            1.00585     0.00338       0.34  %   20000     
8.604365e+02      0.04            0.00            1.00435     0.00435       0.43  %   10000     
8.604614e+02      0.04            0.00            1.00885     0.00442       0.44  %   20000     
8.605791e+02      0.03            0.00            1.00718     0.00414       0.41  %   20000     
8.607218e+02      0.03            0.00            1.00499     0.00499       0.50  %   10000     
8.608288e+02      0.03            0.00            1.00501     0.00354       0.35  %   20000     
8.610547e+02      0.03            0.00            1.00000     0.00000       0.00  %   10000     
8.613400e+02      0.03            0.00            1.00441     0.00441       0.44  %   10000     
8.616253e+02      0.04            0.00            1.00387     0.00387       0.39  %   10000     
8.619106e+02      0.05            0.00            1.00491     0.00284       0.28  %   20000     
8.621100e+02      0.05            0.00            1.00000     0.00000       0.00  %   10000     
8.622567e+02      0.06            0.00            1.00000     0.00000       0.00  %   10000     
8.622695e+02      0.06            0.00            1.00242     0.00242       0.24  %   10000     
8.624090e+02      0.07            0.00            1.00000     0.00000       0.00  %   10000     
8.625286e+02      0.09            0.00            1.00000     0.00000       0.00  %   10000     
8.626253e+02      0.11            0.00            1.00141     0.00141       0.14  %   10000     
8.627147e+02      0.13            0.00            1.00116     0.00116       0.12  %   10000     
8.627914e+02      0.16            0.00            1.00192     0.00136       0.14  %   10000     
8.628681e+02      0.20            0.00            1.00000     0.00000       0.00  %   10000     
8.629448e+02      0.25            0.00            1.00063     0.00063       0.06  %   10000     
8.630192e+02      0.32            0.00            1.00051     0.00051       0.05  %   10000     
8.630985e+02      0.42            0.00            1.00041     0.00041       0.04  %   10000     
8.631777e+02      0.55            0.00            1.00034     0.00034       0.03  %   10000     
8.632093e+02      0.62            0.00            1.00031     0.00031       0.03  %   10000     
8.632654e+02      0.75            0.00            1.00000     0.00000       0.00  %   10000     
8.633567e+02      1.00            0.00            1.00000     0.00000       0.00  %   10000     
8.633990e+02      1.15            0.00            1.00022     0.00022       0.02  %   10000     
8.634568e+02      1.36            0.00            1.00000     0.00000       0.00  %   10000     
8.635721e+02      1.87            0.00            1.00018     0.00018       0.02  %   10000     
8.636041e+02      2.04            0.00            1.00034     0.00024       0.02  %   10000     
8.637907e+02      3.04            0.00            1.00015     0.00015       0.02  %   10000     
8.638063e+02      3.12            0.00            1.00031     0.00022       0.02  %   10000     
8.639859e+02      4.06            0.00            1.00015     0.00015       0.01  %   10000     
8.641364e+02      4.60            0.00            1.00000     0.00000       0.00  %   10000     
8.642780e+02      4.79            0.00            1.00015     0.00015       0.01  %   10000     
8.642953e+02      4.76            0.00            1.00015     0.00015       0.01  %   10000     
8.644217e+02      4.60            0.00            1.00046     0.00026       0.03  %   10000     
8.645210e+02      4.24            0.00            1.00048     0.00028       0.03  %   10000     
8.645721e+02      4.05            0.00            1.00049     0.00028       0.03  %   10000     
8.645778e+02      4.02            0.00            1.00032     0.00023       0.02  %   10000     
8.648141e+02      2.76            0.00            1.00150     0.00053       0.05  %   10000     
8.648602e+02      2.51            0.00            1.00058     0.00034       0.03  %   10000     
8.650199e+02      1.70            0.00            1.00186     0.00066       0.07  %   10000     
8.651264e+02      1.26            0.00            1.00109     0.00055       0.05  %   10000     
8.652264e+02      0.92            0.00            1.00229     0.00087       0.09  %   10000     
8.653187e+02      0.68            0.00            1.00279     0.00105       0.10  %   10000     
8.653998e+02      0.52            0.00            1.00480     0.00152       0.15  %   10000     
8.654112e+02      0.50            0.00            1.00492     0.00155       0.15  %   10000     
8.654816e+02      0.39            0.00            1.00475     0.00168       0.17  %   10000     
8.655543e+02      0.30            0.00            1.01154     0.00288       0.28  %   10000     
8.656271e+02      0.24            0.00            1.01051     0.00303       0.30  %   10000     
8.657013e+02      0.19            0.00            1.01272     0.00367       0.36  %   10000     
8.657378e+02      0.17            0.00            1.00921     0.00325       0.32  %   10000     
8.657770e+02      0.15            0.00            1.01790     0.00478       0.47  %   10000     
8.658527e+02      0.13            0.00            1.01371     0.00457       0.45  %   10000     
8.659410e+02      0.10            0.00            1.02280     0.00456       0.45  %   20000     
8.660420e+02      0.08            0.00            1.02274     0.00496       0.49  %   20000     
8.661493e+02      0.07            0.00            1.01005     0.00502       0.50  %   10000     
8.662723e+02      0.06            0.00            1.03161     0.00476       0.46  %   40000     
8.664364e+02      0.05            0.00            1.03219     0.00515       0.50  %   40000     
8.664463e+02      0.05            0.00            1.03586     0.00488       0.47  %   50000     
8.666416e+02      0.04            0.00            1.04410     0.00490       0.47  %   70000     
8.668771e+02      0.04            0.00            1.04774     0.00509       0.49  %   80000     
8.671842e+02      0.03            0.00            1.05197     0.00507       0.48  %   100000    
8.675382e+02      0.03            0.00            1.06643     0.00606       0.57  %   100000    
8.675680e+02      0.03            0.00            1.06380     0.00597       0.56  %   100000    
8.680657e+02      0.03            0.00            1.07528     0.00690       0.64  %   100000    
8.686354e+02      0.02            0.00            1.08352     0.00762       0.70  %   100000    
8.693189e+02      0.02            0.00            1.08153     0.00781       0.72  %   100000    
8.702302e+02      0.02            0.00            1.09039     0.00842       0.77  %   100000    
8.715973e+02      0.02            0.00            1.09569     0.00869       0.79  %   100000    
8.728733e+02      0.02            0.00            1.07636     0.00756       0.70  %   100000    
8.737240e+02      0.02            0.00            1.06957     0.00695       0.65  %   100000    
8.745747e+02      0.02            0.00            1.07135     0.00665       0.62  %   100000    
8.751925e+02      0.03            0.00            1.05946     0.00572       0.54  %   100000    
8.757698e+02      0.03            0.00            1.05201     0.00496       0.47  %   100000    
8.758160e+02      0.03            0.00            1.04904     0.00503       0.48  %   90000     
8.762509e+02      0.03            0.00            1.04054     0.00478       0.46  %   70000     
8.766420e+02      0.04            0.00            1.04107     0.00517       0.50  %   50000     
8.769492e+02      0.05            0.00            1.02617     0.00486       0.47  %   30000     
8.772053e+02      0.06            0.00            1.02689     0.00448       0.44  %   30000     
8.773896e+02      0.07            0.00            1.01899     0.00424       0.42  %   20000     
8.774304e+02      0.07            0.00            1.01449     0.00362       0.36  %   20000     
8.775431e+02      0.08            0.00            1.00959     0.00391       0.39  %   10000     
8.776660e+02      0.10            0.00            1.01485     0.00316       0.31  %   20000     
8.777735e+02      0.12            0.00            1.01019     0.00340       0.34  %   10000     
8.778740e+02      0.14            0.00            1.01307     0.00349       0.34  %   10000     
8.779572e+02      0.17            0.00            1.00312     0.00156       0.16  %   10000     
8.780404e+02      0.22            0.00            1.00639     0.00202       0.20  %   10000     
8.781118e+02      0.27            0.00            1.00534     0.00169       0.17  %   10000     
8.781831e+02      0.33            0.00            1.00400     0.00133       0.13  %   10000     
8.782578e+02      0.43            0.00            1.00514     0.00137       0.14  %   10000     
8.782708e+02      0.45            0.00            1.00248     0.00094       0.09  %   10000     
8.783217e+02      0.53            0.00            1.00314     0.00099       0.10  %   10000     
8.783301e+02      0.54            0.00            1.00309     0.00098       0.10  %   10000     
8.784115e+02      0.71            0.00            1.00208     0.00074       0.07  %   10000     
8.784869e+02      0.92            0.00            1.00293     0.00081       0.08  %   10000     
8.784928e+02      0.94            0.00            1.00089     0.00045       0.04  %   10000     
8.785833e+02      1.26            0.00            1.00098     0.00044       0.04  %   10000     
8.786137e+02      1.40            0.00            1.00112     0.00046       0.05  %   10000     
8.786847e+02      1.72            0.00            1.00087     0.00039       0.04  %   10000     
8.787531e+02      2.10            0.00            1.00049     0.00028       0.03  %   10000     
8.788082e+02      2.41            0.00            1.00064     0.00032       0.03  %   10000     
8.789050e+02      3.08            0.00            1.00106     0.00040       0.04  %   10000     
8.789943e+02      3.70            0.00            1.00044     0.00026       0.03  %   10000     
8.791010e+02      4.45            0.00            1.00058     0.00029       0.03  %   10000     
8.792347e+02      5.38            0.00            1.00071     0.00032       0.03  %   10000     
8.793927e+02      6.14            0.00            1.00072     0.00032       0.03  %   10000     
8.794626e+02      6.25            0.00            1.00073     0.00033       0.03  %   10000     
8.795351e+02      6.37            0.01            1.00103     0.00039       0.04  %   10000     
8.796434e+02      6.20            0.00            1.00060     0.00030       0.03  %   10000     
8.796677e+02      6.17            0.01            1.00105     0.00040       0.04  %   10000     
8.797649e+02      5.73            0.01            1.00093     0.00038       0.04  %   10000     
8.798135e+02      5.51            0.01            1.00126     0.00044       0.04  %   10000     
8.799776e+02      4.39            0.01            1.00186     0.00056       0.06  %   10000     
8.800503e+02      3.89            0.00            1.00123     0.00046       0.05  %   10000     
8.802533e+02      2.47            0.00            1.00186     0.00062       0.06  %   10000     
8.803807e+02      1.74            0.01            1.00384     0.00096       0.10  %   10000     
8.804749e+02      1.31            0.01            1.00579     0.00126       0.13  %   10000     
8.805691e+02      0.97            0.01            1.00550     0.00133       0.13  %   10000     
8.805805e+02      0.93            0.00            1.00461     0.00123       0.12  %   10000     
8.806571e+02      0.72            0.00            1.00582     0.00150       0.15  %   10000     
8.807317e+02      0.56            0.00            1.00826     0.00195       0.19  %   10000     
8.808063e+02      0.43            0.00            1.00819     0.00211       0.21  %   10000     
8.808646e+02      0.36            0.00            1.00997     0.00249       0.25  %   10000     
8.808809e+02      0.34            0.01            1.01697     0.00332       0.33  %   10000     
8.809544e+02      0.27            0.01            1.01883     0.00384       0.38  %   10000     
8.810280e+02      0.22            0.00            1.01964     0.00428       0.42  %   10000     
8.811138e+02      0.17            0.00            1.01693     0.00437       0.43  %   10000     
8.811996e+02      0.14            0.00            1.01465     0.00442       0.44  %   10000     
8.812142e+02      0.14            0.00            1.02859     0.00441       0.43  %   20000     
8.812890e+02      0.12            0.00            1.03434     0.00517       0.50  %   20000     
8.813998e+02      0.10            0.00            1.03256     0.00447       0.43  %   30000     
8.815265e+02      0.08            0.00            1.05049     0.00520       0.50  %   40000     
8.816848e+02      0.07            0.00            1.04800     0.00489       0.47  %   50000     
8.818560e+02      0.06            0.00            1.06005     0.00493       0.47  %   70000     
8.818738e+02      0.06            0.00            1.05723     0.00524       0.50  %   60000     
8.821091e+02      0.05            0.00            1.06771     0.00503       0.47  %   90000     
8.823913e+02      0.04            0.00            1.06297     0.00522       0.49  %   90000     
8.827211e+02      0.04            0.00            1.07900     0.00595       0.55  %   100000    
8.827293e+02      0.03            0.00            1.07513     0.00581       0.54  %   100000    
8.831929e+02      0.03            0.00            1.07029     0.00609       0.57  %   100000    
8.836646e+02      0.03            0.00            1.07652     0.00676       0.63  %   100000    
8.842840e+02      0.02            0.00            1.08958     0.00776       0.71  %   100000    
8.850101e+02      0.02            0.00            1.09723     0.00849       0.77  %   100000    
8.850274e+02      0.02            0.00            1.10702     0.00891       0.81  %   100000    
8.859783e+02      0.02            0.00            1.12432     0.01008       0.90  %   100000    
8.874305e+02      0.02            0.00            1.13458     0.01094       0.96  %   100000    
8.889547e+02      0.02            0.00            1.13828     0.01136       1.00  %   100000    
8.920751e+02      0.01            0.00            1.12381     0.01089       0.97  %   100000    
8.939034e+02      0.01            0.00            1.12985     0.01109       0.98  %   100000    
8.957318e+02      0.01            0.00            1.13341     0.01119       0.99  %   100000    
9.004535e+02      0.01            0.00            1.00000     0.00000       0.00  %   10000     
9.059616e+02      0.02            0.00            1.00508     0.00359       0.36  %   30000     
9.100793e+02      0.02            0.00            1.00000     0.00000       0.00  %   10000     
9.103582e+02      0.02            0.00            1.00000     0.00000       0.00  %   10000     
9.138553e+02      0.02            0.00            1.00000     0.00000       0.00  %   10000     
9.165740e+02      0.02            0.00            1.00000     0.00000       0.00  %   10000     
9.180330e+02      0.03            0.00            1.00000     0.00000       0.00  %   10000     
9.185838e+02      0.03            0.00            1.00000     0.00000       0.00  %   10000     
9.204283e+02      0.03            0.00            1.00274     0.00274       0.27  %   10000     
9.218879e+02      0.04            0.00            1.00000     0.00000       0.00  %   10000     
9.225567e+02      0.04            0.00            1.00000     0.00000       0.00  %   10000     
9.231417e+02      0.05            0.00            1.00172     0.00172       0.17  %   10000     
9.242164e+02      0.06            0.00            1.00000     0.00000       0.00  %   10000     
9.251156e+02      0.07            0.00            1.00106     0.00106       0.11  %   10000     
9.255278e+02      0.08            0.00            1.00000     0.00000       0.00  %   10000     
9.259025e+02      0.08            0.00            1.00000     0.00000       0.00  %   10000     
9.265623e+02      0.10            0.00            1.00134     0.00094       0.09  %   10000     
9.272010e+02      0.12            0.00            1.00265     0.00118       0.12  %   10000     
9.277236e+02      0.15            0.00            1.00043     0.00043       0.04  %   10000     
9.281716e+02      0.18            0.00            1.00000     0.00000       0.00  %   10000     
9.282213e+02      0.19            0.00            1.00071     0.00050       0.05  %   10000     
9.286759e+02      0.23            0.00            1.00030     0.00030       0.03  %   10000     
9.286848e+02      0.24            0.00            1.00000     0.00000       0.00  %   10000     
9.290011e+02      0.28            0.00            1.00027     0.00027       0.03  %   10000     
9.290360e+02      0.29            0.00            1.00000     0.00000       0.00  %   10000     
9.293463e+02      0.35            0.00            1.00049     0.00035       0.03  %   10000     
9.293637e+02      0.35            0.00            1.00049     0.00035       0.03  %   10000     
9.295895e+02      0.42            0.00            1.00000     0.00000       0.00  %   10000     
9.296459e+02      0.43            0.00            1.00070     0.00040       0.04  %   10000     
9.298012e+02      0.49            0.00            1.00046     0.00032       0.03  %   10000     
9.298894e+02      0.52            0.00            1.00023     0.00023       0.02  %   10000     
9.299776e+02      0.57            0.00            1.00114     0.00051       0.05  %   10000     
9.301116e+02      0.64            0.00            1.00092     0.00046       0.05  %   10000     
9.301399e+02      0.66            0.00            1.00092     0.00046       0.05  %   10000     
9.302810e+02      0.77            0.00            1.00070     0.00040       0.04  %   10000     
9.303022e+02      0.78            0.00            1.00094     0.00047       0.05  %   10000     
9.304221e+02      0.90            0.00            1.00024     0.00024       0.02  %   10000     
9.304687e+02      0.95            0.00            1.00073     0.00042       0.04  %   10000     
9.305350e+02      1.04            0.00            1.00025     0.00025       0.02  %   10000     
9.306232e+02      1.16            0.00            1.00025     0.00025       0.03  %   10000     
9.306514e+02      1.22            0.00            1.00026     0.00026       0.03  %   10000     
9.307485e+02      1.40            0.00            1.00053     0.00037       0.04  %   10000     
9.307520e+02      1.41            0.00            1.00053     0.00038       0.04  %   10000     
9.308455e+02      1.66            0.00            1.00055     0.00039       0.04  %   10000     
9.308906e+02      1.78            0.00            1.00112     0.00056       0.06  %   10000     
9.309443e+02      1.97            0.00            1.00057     0.00040       0.04  %   10000     
9.310177e+02      2.24            0.00            1.00030     0.00030       0.03  %   10000     
9.310430e+02      2.36            0.00            1.00030     0.00030       0.03  %   10000     
9.311418e+02      2.85            0.00            1.00124     0.00062       0.06  %   10000     
9.311447e+02      2.86            0.00            1.00093     0.00054       0.05  %   10000     
9.312406e+02      3.50            0.00            1.00096     0.00055       0.06  %   10000     
9.312717e+02      3.71            0.00            1.00065     0.00046       0.05  %   10000     
9.313479e+02      4.37            0.01            1.00133     0.00066       0.07  %   10000     
9.313987e+02      4.81            0.01            1.00171     0.00076       0.08  %   10000     
9.314622e+02      5.51            0.00            1.00069     0.00049       0.05  %   10000     
9.315398e+02      6.37            0.01            1.00107     0.00062       0.06  %   10000     
9.315906e+02      7.08            0.01            1.00071     0.00051       0.05  %   10000     
9.317261e+02      8.96            0.04            1.00485     0.00134       0.13  %   10000     
9.317600e+02      9.50            0.04            1.00411     0.00124       0.12  %   10000     
9.321212e+02      15.10           0.05            1.00358     0.00119       0.12  %   10000     
9.322002e+02      15.96           0.12            1.00774     0.00177       0.18  %   10000     
9.322906e+02      16.96           0.13            1.00775     0.00178       0.18  %   10000     
9.323900e+02      17.40           0.07            1.00420     0.00133       0.13  %   10000     
9.324622e+02      17.74           0.10            1.00544     0.00151       0.15  %   10000     
9.324835e+02      17.75           0.13            1.00714     0.00173       0.17  %   10000     
9.325481e+02      17.49           0.14            1.00773     0.00182       0.18  %   10000     
9.326575e+02      17.07           0.10            1.00562     0.00156       0.15  %   10000     
9.326801e+02      16.82           0.11            1.00654     0.00169       0.17  %   10000     
9.328607e+02      14.84           0.11            1.00760     0.00184       0.18  %   10000     
9.328776e+02      14.58           0.16            1.01125     0.00225       0.22  %   10000     
9.333179e+02      7.79            0.12            1.01546     0.00277       0.27  %   10000     
9.333970e+02      6.78            0.08            1.01210     0.00247       0.24  %   10000     
9.334845e+02      5.66            0.06            1.01105     0.00241       0.24  %   10000     
9.335663e+02      4.85            0.05            1.01122     0.00245       0.24  %   10000     
9.336256e+02      4.26            0.08            1.01940     0.00327       0.32  %   10000     
9.337074e+02      3.63            0.04            1.01076     0.00247       0.24  %   10000     
9.337526e+02      3.28            0.07            1.02280     0.00364       0.36  %   10000     
9.338486e+02      2.73            0.05            1.01751     0.00325       0.32  %   10000     
9.338796e+02      2.55            0.04            1.01609     0.00315       0.31  %   10000     
9.339897e+02      2.08            0.04            1.01813     0.00342       0.34  %   10000     
9.340066e+02      2.00            0.03            1.01709     0.00335       0.33  %   10000     
9.341336e+02      1.60            0.04            1.02450     0.00413       0.40  %   10000     
9.341594e+02      1.55            0.03            1.02178     0.00391       0.38  %   10000     
9.342756e+02      1.28            0.03            1.02708     0.00450       0.44  %   10000     
9.343582e+02      1.15            0.03            1.02690     0.00454       0.44  %   10000     
9.344291e+02      1.03            0.03            1.03137     0.00501       0.49  %   10000     
9.345570e+02      0.88            0.02            1.02186     0.00428       0.42  %   10000     
9.345888e+02      0.85            0.02            1.02061     0.00420       0.41  %   10000     
9.347793e+02      0.69            0.02            1.02785     0.00508       0.49  %   10000     
9.348392e+02      0.65            0.01            1.02251     0.00459       0.45  %   10000     
9.350015e+02      0.56            0.02            1.03130     0.00397       0.38  %   20000     
9.351850e+02      0.48            0.02            1.03232     0.00413       0.40  %   20000     
9.352556e+02      0.45            0.02            1.04115     0.00474       0.46  %   20000     
9.355096e+02      0.38            0.02            1.04850     0.00438       0.42  %   30000     
9.356295e+02      0.35            0.01            1.04026     0.00495       0.48  %   20000     
9.358231e+02      0.31            0.01            1.04586     0.00447       0.43  %   30000     
9.361550e+02      0.25            0.01            1.04752     0.00474       0.45  %   30000     
9.361730e+02      0.25            0.01            1.05266     0.00501       0.48  %   30000     
9.365809e+02      0.20            0.01            1.05990     0.00490       0.46  %   40000     
9.368868e+02      0.18            0.01            1.05958     0.00503       0.47  %   40000     
9.370658e+02      0.16            0.01            1.06201     0.00527       0.50  %   40000     
9.375681e+02      0.13            0.01            1.06969     0.00527       0.49  %   50000     
9.377119e+02      0.13            0.01            1.07248     0.00496       0.46  %   60000     
9.381745e+02      0.11            0.01            1.07987     0.00507       0.47  %   70000     
9.388676e+02      0.09            0.01            1.09125     0.00537       0.49  %   80000     
9.388826e+02      0.09            0.01            1.08313     0.00513       0.47  %   80000     
9.396003e+02      0.07            0.01            1.11170     0.00564       0.51  %   100000    
9.403330e+02      0.06            0.01            1.12534     0.00625       0.56  %   100000    
9.405382e+02      0.06            0.01            1.11852     0.00613       0.55  %   100000    
9.412336e+02      0.05            0.01            1.12726     0.00664       0.59  %   100000    
9.423285e+02      0.05            0.01            1.13763     0.00723       0.64  %   100000    
9.424701e+02      0.04            0.01            1.15665     0.00778       0.67  %   100000    
9.437066e+02      0.04            0.01            1.16128     0.00827       0.71  %   100000    
9.450036e+02      0.03            0.01            1.17385     0.00884       0.75  %   100000    
9.458885e+02      0.03            0.01            1.17981     0.00905       0.77  %   100000    
9.467734e+02      0.03            0.01            1.18535     0.00932       0.79  %   100000    
9.486006e+02      0.03            0.01            1.17391     0.00902       0.77  %   100000    
9.495429e+02      0.03            0.00            1.15744     0.00849       0.73  %   100000    
9.509348e+02      0.03            0.00            1.12843     0.00740       0.66  %   100000    
9.523266e+02      0.03            0.00            1.03591     0.00475       0.46  %   60000     
9.532545e+02      0.04            0.00            1.01432     0.00397       0.39  %   30000     
9.538854e+02      0.04            0.00            1.00575     0.00406       0.40  %   10000     
9.540194e+02      0.04            0.00            1.00549     0.00388       0.39  %   10000     
9.542008e+02      0.04            0.00            1.00258     0.00258       0.26  %   10000     
9.544111e+02      0.05            0.00            1.00232     0.00232       0.23  %   10000     
9.545688e+02      0.05            0.00            1.00934     0.00311       0.31  %   20000     
9.547003e+02      0.06            0.00            1.00364     0.00258       0.26  %   10000     
9.548054e+02      0.07            0.00            1.00000     0.00000       0.00  %   10000     
9.549105e+02      0.08            0.00            1.00000     0.00000       0.00  %   10000     
9.550023e+02      0.10            0.00            1.00111     0.00111       0.11  %   10000     
9.550842e+02      0.12            0.00            1.00185     0.00131       0.13  %   10000     
9.551662e+02      0.15            0.00            1.00076     0.00076       0.08  %   10000     
9.552481e+02      0.19            0.00            1.00000     0.00000       0.00  %   10000     
9.553463e+02      0.25            0.00            1.00198     0.00099       0.10  %   10000     
9.554446e+02      0.33            0.00            1.00000     0.00000       0.00  %   10000     
9.555509e+02      0.44            0.00            1.00065     0.00046       0.05  %   10000     
9.555883e+02      0.49            0.00            1.00000     0.00000       0.00  %   10000     
9.556859e+02      0.61            0.00            1.00052     0.00037       0.04  %   10000     
9.557136e+02      0.65            0.00            1.00025     0.00025       0.02  %   10000     
9.560913e+02      1.21            0.00            1.00018     0.00018       0.02  %   10000     
9.561218e+02      1.24            0.00            1.00055     0.00032       0.03  %   10000     
9.562567e+02      1.38            0.00            1.00053     0.00031       0.03  %   10000     
9.563948e+02      1.42            0.00            1.00000     0.00000       0.00  %   10000     
9.565403e+02      1.37            0.00            1.00036     0.00025       0.03  %   10000     
9.566827e+02      1.23            0.00            1.00019     0.00019       0.02  %   10000     
9.567081e+02      1.21            0.00            1.00039     0.00027       0.03  %   10000     
9.567978e+02      1.08            0.00            1.00061     0.00036       0.04  %   10000     
9.571326e+02      0.59            0.00            1.00057     0.00040       0.04  %   10000     
9.572359e+02      0.47            0.00            1.00100     0.00058       0.06  %   10000     
9.572680e+02      0.43            0.00            1.00070     0.00050       0.05  %   10000     
9.573805e+02      0.33            0.00            1.00085     0.00060       0.06  %   10000     
9.574768e+02      0.26            0.00            1.00203     0.00102       0.10  %   10000     
9.575732e+02      0.21            0.00            1.00300     0.00134       0.13  %   10000     
9.576696e+02      0.17            0.00            1.00418     0.00171       0.17  %   10000     
9.577681e+02      0.15            0.00            1.00631     0.00223       0.22  %   10000     
9.578593e+02      0.13            0.00            1.00772     0.00257       0.26  %   10000     
9.579688e+02      0.12            0.00            1.00273     0.00157       0.16  %   10000     
9.581148e+02      0.12            0.00            1.00278     0.00160       0.16  %   10000     
9.581806e+02      0.12            0.00            1.00458     0.00205       0.20  %   10000     
9.581878e+02      0.12            0.00            1.00183     0.00130       0.13  %   10000     
9.584067e+02      0.12            0.00            1.00170     0.00120       0.12  %   10000     
9.586256e+02      0.14            0.00            1.00377     0.00168       0.17  %   10000     
9.588811e+02      0.16            0.00            1.00377     0.00154       0.15  %   10000     
9.590649e+02      0.19            0.00            1.00431     0.00152       0.15  %   10000     
9.591821e+02      0.22            0.00            1.00096     0.00068       0.07  %   10000     
9.592490e+02      0.23            0.00            1.00136     0.00078       0.08  %   10000     
9.593964e+02      0.28            0.00            1.00039     0.00039       0.04  %   10000     
9.594109e+02      0.29            0.00            1.00190     0.00085       0.08  %   10000     
9.595254e+02      0.34            0.00            1.00067     0.00048       0.05  %   10000     
9.596366e+02      0.42            0.00            1.00088     0.00051       0.05  %   10000     
9.596377e+02      0.42            0.00            1.00029     0.00029       0.03  %   10000     
9.597293e+02      0.51            0.00            1.00053     0.00038       0.04  %   10000     
9.597738e+02      0.57            0.00            1.00051     0.00036       0.04  %   10000     
9.598220e+02      0.63            0.00            1.00073     0.00042       0.04  %   10000     
9.598850e+02      0.74            0.00            1.00068     0.00039       0.04  %   10000     
9.599146e+02      0.79            0.00            1.00045     0.00032       0.03  %   10000     
9.599962e+02      0.98            0.00            1.00021     0.00021       0.02  %   10000     
9.600073e+02      1.00            0.00            1.00021     0.00021       0.02  %   10000     
9.600944e+02      1.27            0.00            1.00080     0.00040       0.04  %   10000     
9.601000e+02      1.28            0.00            1.00020     0.00020       0.02  %   10000     
9.601979e+02      1.67            0.00            1.00038     0.00027       0.03  %   10000     
9.602038e+02      1.69            0.00            1.00038     0.00027       0.03  %   10000     
9.603076e+02      2.21            0.00            1.00000     0.00000       0.00  %   10000     
9.603076e+02      2.21            0.00            1.00019     0.00019       0.02  %   10000     
9.604173e+02      2.92            0.00            1.00074     0.00037       0.04  %   10000     
9.604392e+02      3.06            0.00            1.00056     0.00032       0.03  %   10000     
9.605508e+02      3.96            0.00            1.00018     0.00018       0.02  %   10000     
9.606042e+02      4.39            0.00            1.00056     0.00032       0.03  %   10000     
9.607287e+02      5.51            0.00            1.00056     0.00032       0.03  %   10000     
9.609511e+02      7.51            0.01            1.00114     0.00046       0.05  %   10000     
9.610461e+02      8.15            0.01            1.00154     0.00055       0.05  %   10000     
9.611054e+02      8.55            0.01            1.00116     0.00047       0.05  %   10000     
9.612121e+02      8.87            0.01            1.00119     0.00048       0.05  %   10000     
9.612719e+02      9.05            0.01            1.00079     0.00040       0.04  %   10000     
9.613012e+02      9.06            0.02            1.00199     0.00063       0.06  %   10000     
9.613684e+02      8.91            0.00            1.00041     0.00029       0.03  %   10000     
9.614168e+02      8.80            0.02            1.00265     0.00074       0.07  %   10000     
9.614642e+02      8.70            0.01            1.00143     0.00054       0.05  %   10000     
9.615472e+02      8.20            0.01            1.00167     0.00059       0.06  %   10000     
9.616125e+02      7.81            0.01            1.00189     0.00063       0.06  %   10000     
9.617430e+02      6.66            0.01            1.00088     0.00044       0.04  %   10000     
9.618972e+02      5.30            0.02            1.00413     0.00097       0.10  %   10000     
9.621048e+02      3.49            0.01            1.00254     0.00080       0.08  %   10000     
9.622061e+02      2.78            0.01            1.00294     0.00089       0.09  %   10000     
9.622409e+02      2.53            0.01            1.00414     0.00107       0.11  %   10000     
9.623613e+02      1.86            0.01            1.00577     0.00132       0.13  %   10000     
9.623887e+02      1.74            0.01            1.00432     0.00115       0.11  %   10000     
9.624651e+02      1.42            0.01            1.00503     0.00130       0.13  %   10000     
9.625541e+02      1.12            0.01            1.00767     0.00167       0.17  %   10000     
9.625652e+02      1.08            0.01            1.00558     0.00144       0.14  %   10000     
9.626579e+02      0.85            0.01            1.00875     0.00191       0.19  %   10000     
9.627395e+02      0.70            0.01            1.00774     0.00188       0.19  %   10000     
9.627506e+02      0.68            0.01            1.01206     0.00236       0.23  %   10000     
9.628433e+02      0.54            0.01            1.01306     0.00261       0.26  %   10000     
9.629248e+02      0.46            0.01            1.01429     0.00285       0.28  %   10000     
9.629359e+02      0.45            0.00            1.01105     0.00253       0.25  %   10000     
9.630472e+02      0.36            0.01            1.01592     0.00325       0.32  %   10000     
9.631576e+02      0.30            0.00            1.01328     0.00313       0.31  %   10000     
9.631629e+02      0.30            0.00            1.01337     0.00315       0.31  %   10000     
9.632832e+02      0.25            0.00            1.01915     0.00399       0.39  %   10000     
9.634111e+02      0.21            0.00            1.01465     0.00366       0.36  %   10000     
9.634336e+02      0.21            0.00            1.01778     0.00407       0.40  %   10000     
9.636277e+02      0.17            0.00            1.02462     0.00363       0.35  %   20000     
9.637490e+02      0.15            0.00            1.02219     0.00355       0.35  %   20000     
9.638466e+02      0.14            0.00            1.02553     0.00393       0.38  %   20000     
9.641093e+02      0.12            0.00            1.01806     0.00501       0.49  %   10000     
9.644219e+02      0.10            0.00            1.03722     0.00441       0.43  %   30000     
9.644572e+02      0.10            0.00            1.03016     0.00489       0.47  %   20000     
9.647657e+02      0.08            0.00            1.04039     0.00489       0.47  %   30000     
9.651783e+02      0.07            0.00            1.04311     0.00464       0.45  %   40000     
9.655430e+02      0.06            0.00            1.04205     0.00476       0.46  %   40000     
9.656775e+02      0.06            0.00            1.04961     0.00470       0.45  %   50000     
9.662634e+02      0.05            0.00            1.05494     0.00476       0.45  %   60000     
9.668493e+02      0.05            0.00            1.06331     0.00489       0.46  %   70000     
9.674706e+02      0.04            0.00            1.05868     0.00518       0.49  %   60000     
9.677281e+02      0.04            0.00            1.06390     0.00506       0.48  %   70000     
9.689132e+02      0.04            0.00            1.06781     0.00529       0.50  %   70000     
9.700983e+02      0.04            0.00            1.06359     0.00505       0.48  %   70000     
9.714588e+02      0.04            0.00            1.06173     0.00516       0.49  %   60000     
9.728194e+02      0.04            0.00            1.03971     0.00474       0.46  %   40000     
9.741816e+02      0.04            0.00            1.03803     0.00491       0.47  %   30000     
9.755470e+02      0.05            0.00            1.03262     0.00497       0.48  %   20000     
9.766012e+02      0.06            0.00            1.01962     0.00490       0.48  %   10000     
9.766848e+02      0.06            0.00            1.02050     0.00497       0.49  %   10000     
9.775849e+02      0.07            0.00            1.01742     0.00410       0.40  %   10000     
9.784548e+02      0.09            0.00            1.01288     0.00312       0.31  %   10000     
9.791893e+02      0.11            0.00            1.01019     0.00247       0.24  %   10000     
9.797638e+02      0.13            0.00            1.00538     0.00162       0.16  %   10000     
9.797939e+02      0.13            0.00            1.01013     0.00221       0.22  %   10000     
9.802563e+02      0.16            0.00            1.00578     0.00154       0.15  %   10000     
9.805035e+02      0.18            0.00            1.00375     0.00119       0.12  %   10000     
9.806936e+02      0.19            0.00            1.00392     0.00118       0.12  %   10000     
9.809932e+02      0.22            0.00            1.00193     0.00079       0.08  %   10000     
9.810761e+02      0.23            0.00            1.00570     0.00134       0.13  %   10000     
9.813540e+02      0.28            0.00            1.00088     0.00051       0.05  %   10000     
9.814150e+02      0.29            0.00            1.00174     0.00071       0.07  %   10000     
9.816547e+02      0.34            0.00            1.00166     0.00068       0.07  %   10000     
9.816961e+02      0.35            0.00            1.00083     0.00048       0.05  %   10000     
9.818814e+02      0.41            0.00            1.00134     0.00060       0.06  %   10000     
9.819369e+02      0.43            0.00            1.00081     0.00047       0.05  %   10000     
9.820757e+02      0.49            0.00            1.00106     0.00053       0.05  %   10000     
9.821312e+02      0.51            0.00            1.00134     0.00060       0.06  %   10000     
9.822422e+02      0.58            0.00            1.00000     0.00000       0.00  %   10000     
9.822977e+02      0.62            0.00            1.00081     0.00047       0.05  %   10000     
9.823810e+02      0.69            0.00            1.00081     0.00047       0.05  %   10000     
9.824559e+02      0.76            0.00            1.00110     0.00055       0.06  %   10000     
9.825059e+02      0.82            0.00            1.00028     0.00028       0.03  %   10000     
9.825808e+02      0.91            0.00            1.00085     0.00049       0.05  %   10000     
9.826225e+02      0.98            0.00            1.00056     0.00040       0.04  %   10000     
9.827057e+02      1.12            0.00            1.00145     0.00065       0.06  %   10000     
9.827196e+02      1.16            0.00            1.00058     0.00041       0.04  %   10000     
9.828168e+02      1.38            0.00            1.00119     0.00060       0.06  %   10000     
9.828212e+02      1.39            0.00            1.00000     0.00000       0.00  %   10000     
9.829139e+02      1.68            0.00            1.00000     0.00000       0.00  %   10000     
9.829225e+02      1.71            0.00            1.00061     0.00043       0.04  %   10000     
9.830055e+02      2.05            0.00            1.00125     0.00063       0.06  %   10000     
9.830238e+02      2.12            0.00            1.00158     0.00071       0.07  %   10000     
9.830971e+02      2.51            0.00            1.00032     0.00032       0.03  %   10000     
9.831382e+02      2.73            0.00            1.00098     0.00057       0.06  %   10000     
9.832026e+02      3.19            0.01            1.00164     0.00073       0.07  %   10000     
9.832603e+02      3.59            0.00            1.00067     0.00048       0.05  %   10000     
9.833136e+02      4.07            0.00            1.00034     0.00034       0.03  %   10000     
9.833935e+02      4.80            0.00            1.00104     0.00060       0.06  %   10000     
9.834357e+02      5.28            0.01            1.00207     0.00084       0.08  %   10000     
9.835490e+02      6.58            0.01            1.00177     0.00079       0.08  %   10000     
9.835934e+02      7.18            0.01            1.00106     0.00061       0.06  %   10000     
9.840286e+02      13.04           0.01            1.00112     0.00064       0.06  %   10000     
9.840463e+02      13.21           0.02            1.00187     0.00084       0.08  %   10000     
9.841884e+02      14.51           0.05            1.00338     0.00113       0.11  %   10000     
9.842240e+02      14.62           0.03            1.00228     0.00093       0.09  %   10000     
9.843633e+02      15.10           0.09            1.00611     0.00153       0.15  %   10000     
9.843742e+02      15.07           0.11            1.00729     0.00167       0.17  %   10000     
9.844860e+02      14.80           0.04            1.00270     0.00102       0.10  %   10000     
9.845126e+02      14.59           0.08            1.00544     0.00145       0.14  %   10000     
9.846547e+02      13.49           0.15            1.01094     0.00206       0.20  %   10000     
9.846725e+02      13.27           0.08            1.00590     0.00152       0.15  %   10000     
9.849034e+02      10.34           0.10            1.00920     0.00192       0.19  %   10000     
9.849101e+02      10.25           0.09            1.00921     0.00192       0.19  %   10000     
9.851832e+02      6.52            0.05            1.00746     0.00176       0.17  %   10000     
9.852098e+02      6.22            0.06            1.00908     0.00193       0.19  %   10000     
9.853386e+02      4.77            0.03            1.00592     0.00158       0.16  %   10000     
9.853653e+02      4.54            0.05            1.01012     0.00206       0.20  %   10000     
9.854630e+02      3.66            0.03            1.00906     0.00198       0.20  %   10000     
9.855052e+02      3.37            0.04            1.01115     0.00218       0.22  %   10000     
9.855850e+02      2.82            0.03            1.01055     0.00215       0.21  %   10000     
9.856362e+02      2.55            0.03            1.01179     0.00227       0.22  %   10000     
9.856971e+02      2.22            0.02            1.00980     0.00209       0.21  %   10000     
9.857497e+02      2.02            0.01            1.00619     0.00165       0.16  %   10000     
9.858171e+02      1.75            0.01            1.00676     0.00174       0.17  %   10000     
9.858670e+02      1.61            0.01            1.00804     0.00189       0.19  %   10000     
9.859420e+02      1.40            0.02            1.01136     0.00227       0.22  %   10000     
9.860077e+02      1.28            0.02            1.01297     0.00241       0.24  %   10000     
9.860670e+02      1.16            0.01            1.01175     0.00230       0.23  %   10000     
9.861530e+02      1.04            0.01            1.00752     0.00182       0.18  %   10000     
9.861946e+02      0.99            0.01            1.01109     0.00221       0.22  %   10000     
9.863029e+02      0.89            0.01            1.01071     0.00214       0.21  %   10000     
9.863334e+02      0.87            0.01            1.00898     0.00196       0.19  %   10000     
9.864777e+02      0.79            0.01            1.00841     0.00183       0.18  %   10000     
9.864999e+02      0.78            0.01            1.00717     0.00169       0.17  %   10000     
9.866776e+02      0.75            0.01            1.00819     0.00171       0.17  %   10000     
9.867886e+02      0.76            0.01            1.00950     0.00176       0.17  %   10000     
9.868774e+02      0.80            0.00            1.00479     0.00120       0.12  %   10000     
9.868930e+02      0.81            0.00            1.00503     0.00122       0.12  %   10000     
9.870191e+02      0.91            0.00            1.00389     0.00100       0.10  %   10000     
9.870235e+02      0.91            0.00            1.00492     0.00113       0.11  %   10000     
9.871278e+02      1.05            0.00            1.00397     0.00096       0.10  %   10000     
9.871609e+02      1.12            0.01            1.00583     0.00114       0.11  %   10000     
9.872369e+02      1.28            0.00            1.00359     0.00087       0.09  %   10000     
9.872554e+02      1.33            0.00            1.00207     0.00066       0.07  %   10000     
9.873292e+02      1.55            0.00            1.00298     0.00077       0.08  %   10000     
9.873477e+02      1.62            0.00            1.00254     0.00070       0.07  %   10000     
9.874215e+02      1.92            0.01            1.00342     0.00080       0.08  %   10000     
9.874400e+02      2.01            0.01            1.00319     0.00077       0.08  %   10000     
9.875292e+02      2.49            0.01            1.00276     0.00071       0.07  %   10000     
9.875323e+02      2.51            0.01            1.00202     0.00061       0.06  %   10000     
9.876246e+02      3.15            0.01            1.00364     0.00081       0.08  %   10000     
9.876369e+02      3.24            0.01            1.00274     0.00071       0.07  %   10000     
9.877169e+02      3.95            0.01            1.00200     0.00060       0.06  %   10000     
9.877608e+02      4.33            0.01            1.00332     0.00078       0.08  %   10000     
9.878335e+02      5.14            0.01            1.00276     0.00071       0.07  %   10000     
9.879225e+02      6.13            0.02            1.00300     0.00075       0.07  %   10000     
9.879779e+02      6.82            0.02            1.00245     0.00068       0.07  %   10000     
9.882819e+02      10.58           0.05            1.00434     0.00092       0.09  %   10000     
9.884025e+02      11.63           0.05            1.00426     0.00093       0.09  %   10000     
9.884493e+02      12.04           0.04            1.00365     0.00086       0.09  %   10000     
9.885576e+02      12.42           0.06            1.00458     0.00098       0.10  %   10000     
9.886031e+02      12.58           0.06            1.00479     0.00100       0.10  %   10000     
9.886203e+02      12.59           0.06            1.00460     0.00098       0.10  %   10000     
9.886824e+02      12.40           0.06            1.00447     0.00097       0.10  %   10000     
9.887274e+02      12.27           0.05            1.00408     0.00093       0.09  %   10000     
9.887767e+02      12.12           0.05            1.00387     0.00091       0.09  %   10000     
9.888752e+02      11.28           0.04            1.00398     0.00094       0.09  %   10000     
9.889564e+02      10.58           0.07            1.00669     0.00122       0.12  %   10000     
9.890229e+02      9.77            0.06            1.00662     0.00123       0.12  %   10000     
9.893577e+02      5.64            0.04            1.00654     0.00128       0.13  %   10000     
9.893927e+02      5.21            0.05            1.01000     0.00160       0.16  %   10000     
9.895386e+02      3.72            0.03            1.00906     0.00157       0.16  %   10000     
9.895698e+02      3.47            0.03            1.00775     0.00146       0.15  %   10000     
9.896617e+02      2.73            0.02            1.00854     0.00158       0.16  %   10000     
9.897232e+02      2.35            0.02            1.00878     0.00163       0.16  %   10000     
9.897694e+02      2.06            0.02            1.01200     0.00194       0.19  %   10000     
9.898617e+02      1.63            0.02            1.01411     0.00217       0.21  %   10000     
9.898771e+02      1.57            0.02            1.01149     0.00197       0.19  %   10000     
9.899540e+02      1.29            0.02            1.01407     0.00225       0.22  %   10000     
9.900309e+02      1.08            0.02            1.01545     0.00241       0.24  %   10000     
9.900553e+02      1.02            0.01            1.01392     0.00232       0.23  %   10000     
9.901585e+02      0.82            0.02            1.02029     0.00289       0.28  %   10000     
9.901870e+02      0.78            0.01            1.01836     0.00276       0.27  %   10000     
9.902616e+02      0.68            0.01            1.01363     0.00244       0.24  %   10000     
9.903761e+02      0.57            0.01            1.01965     0.00299       0.29  %   10000     
9.903819e+02      0.57            0.01            1.01744     0.00282       0.28  %   10000     
9.905194e+02      0.49            0.01            1.02386     0.00337       0.33  %   10000     
9.906125e+02      0.45            0.01            1.02375     0.00335       0.33  %   10000     
9.906805e+02      0.43            0.01            1.02260     0.00329       0.32  %   10000     
9.908953e+02      0.38            0.01            1.01965     0.00303       0.30  %   10000     
9.908985e+02      0.38            0.01            1.02197     0.00320       0.31  %   10000     
9.911637e+02      0.35            0.00            1.01144     0.00224       0.22  %   10000     
9.912959e+02      0.35            0.01            1.01915     0.00282       0.28  %   10000     
9.913785e+02      0.34            0.01            1.01826     0.00272       0.27  %   10000     
9.917227e+02      0.35            0.01            1.01585     0.00233       0.23  %   10000     
9.917651e+02      0.35            0.01            1.01457     0.00222       0.22  %   10000     
9.921185e+02      0.39            0.00            1.00894     0.00158       0.16  %   10000     
9.921517e+02      0.39            0.00            1.00964     0.00163       0.16  %   10000     
9.924334e+02      0.43            0.00            1.00473     0.00106       0.11  %   10000     
9.924647e+02      0.44            0.00            1.00817     0.00138       0.14  %   10000     
9.926681e+02      0.49            0.00            1.00636     0.00116       0.12  %   10000     
9.927777e+02      0.52            0.00            1.00491     0.00100       0.10  %   10000     
9.927855e+02      0.52            0.00            1.00530     0.00104       0.10  %   10000     
9.929498e+02      0.59            0.00            1.00721     0.00118       0.12  %   10000     
9.930241e+02      0.62            0.00            1.00505     0.00099       0.10  %   10000     
9.930907e+02      0.65            0.00            1.00556     0.00103       0.10  %   10000     
9.931998e+02      0.71            0.00            1.00615     0.00109       0.11  %   10000     
9.932354e+02      0.73            0.00            1.00562     0.00104       0.10  %   10000     
9.933272e+02      0.80            0.00            1.00567     0.00105       0.10  %   10000     
9.934221e+02      0.88            0.01            1.00605     0.00110       0.11  %   10000     
9.934363e+02      0.89            0.01            1.00606     0.00110       0.11  %   10000     
9.935455e+02      1.01            0.01            1.00695     0.00121       0.12  %   10000     
9.935840e+02      1.05            0.01            1.00475     0.00101       0.10  %   10000     
9.936365e+02      1.13            0.01            1.00616     0.00116       0.12  %   10000     
9.937355e+02      1.28            0.01            1.00584     0.00117       0.12  %   10000     
9.937460e+02      1.30            0.01            1.00708     0.00129       0.13  %   10000     
9.938293e+02      1.48            0.01            1.00938     0.00152       0.15  %   10000     
9.938982e+02      1.63            0.01            1.00784     0.00143       0.14  %   10000     
9.939233e+02      1.70            0.02            1.01002     0.00162       0.16  %   10000     
9.940109e+02      1.97            0.02            1.00980     0.00165       0.16  %   10000     
9.940391e+02      2.05            0.02            1.00979     0.00168       0.17  %   10000     
9.940985e+02      2.30            0.03            1.01099     0.00180       0.18  %   10000     
9.941643e+02      2.57            0.02            1.00658     0.00143       0.14  %   10000     
9.941893e+02      2.70            0.03            1.01232     0.00197       0.19  %   10000     
9.942879e+02      3.24            0.05            1.01482     0.00223       0.22  %   10000     
9.943020e+02      3.31            0.05            1.01571     0.00231       0.23  %   10000     
9.943975e+02      4.00            0.07            1.01680     0.00245       0.24  %   10000     
9.944428e+02      4.32            0.09            1.02075     0.00277       0.27  %   10000     
9.945117e+02      4.96            0.07            1.01363     0.00227       0.22  %   10000     
9.945978e+02      5.75            0.11            1.01915     0.00276       0.27  %   10000     
9.946432e+02      6.27            0.11            1.01729     0.00263       0.26  %   10000     
9.947997e+02      8.06            0.11            1.01416     0.00246       0.24  %   10000     
9.948059e+02      8.14            0.18            1.02235     0.00309       0.30  %   10000     
9.951784e+02      12.74           0.28            1.02233     0.00325       0.32  %   10000     
9.952817e+02      13.64           0.42            1.03053     0.00386       0.38  %   10000     
9.953506e+02      14.25           0.40            1.02820     0.00372       0.36  %   10000     
9.954583e+02      14.71           0.41            1.02811     0.00378       0.37  %   10000     
9.954933e+02      14.86           0.35            1.02350     0.00346       0.34  %   10000     
9.955571e+02      14.93           0.45            1.02995     0.00392       0.38  %   10000     
9.956414e+02      14.66           0.48            1.03256     0.00416       0.40  %   10000     
9.956884e+02      14.51           0.41            1.02853     0.00391       0.38  %   10000     
9.957337e+02      14.38           0.43            1.03011     0.00401       0.39  %   10000     
9.958701e+02      13.22           0.46            1.03479     0.00441       0.43  %   10000     
9.959328e+02      12.69           0.38            1.02980     0.00408       0.40  %   10000     
9.961080e+02      10.56           0.31            1.02971     0.00419       0.41  %   10000     
9.964335e+02      6.57            0.28            1.04273     0.00375       0.36  %   20000     
9.965337e+02      5.56            0.27            1.04927     0.00408       0.39  %   20000     
9.965995e+02      4.89            0.24            1.04849     0.00413       0.39  %   20000     
9.967215e+02      3.90            0.17            1.04413     0.00403       0.39  %   20000     
9.967403e+02      3.75            0.19            1.05122     0.00438       0.42  %   20000     
9.968812e+02      2.87            0.18            1.06363     0.00506       0.48  %   20000     
9.969093e+02      2.74            0.16            1.05991     0.00492       0.46  %   20000     
9.970063e+02      2.28            0.15            1.06625     0.00436       0.41  %   30000     
9.970658e+02      2.07            0.13            1.06421     0.00433       0.41  %   30000     
9.971472e+02      1.78            0.11            1.06417     0.00447       0.42  %   30000     
9.972536e+02      1.51            0.11            1.06982     0.00477       0.45  %   30000     
9.972724e+02      1.46            0.11            1.07529     0.00499       0.46  %   30000     
9.974289e+02      1.16            0.09            1.08078     0.00539       0.50  %   30000     
9.974747e+02      1.10            0.09            1.08185     0.00472       0.44  %   40000     
9.975768e+02      0.96            0.09            1.08948     0.00510       0.47  %   40000     
9.977329e+02      0.80            0.07            1.08927     0.00524       0.48  %   40000     
9.977517e+02      0.78            0.07            1.09543     0.00488       0.45  %   50000     
9.979657e+02      0.63            0.07            1.11160     0.00551       0.50  %   50000     
9.980048e+02      0.61            0.06            1.10579     0.00538       0.49  %   50000     
9.982005e+02      0.52            0.06            1.11594     0.00537       0.48  %   60000     
9.983961e+02      0.45            0.05            1.12258     0.00524       0.47  %   70000     
9.984743e+02      0.42            0.06            1.13488     0.00560       0.49  %   70000     
9.987873e+02      0.34            0.05            1.14040     0.00560       0.49  %   80000     
9.988656e+02      0.33            0.05            1.14434     0.00572       0.50  %   80000     
9.991004e+02      0.28            0.04            1.14447     0.00561       0.49  %   90000     
9.995037e+02      0.23            0.04            1.16148     0.00590       0.51  %   100000    
9.995240e+02      0.23            0.04            1.16383     0.00595       0.51  %   100000    
9.999589e+02      0.19            0.04            1.19132     0.00680       0.57  %   100000    
1.000387e+03      0.16            0.03            1.20630     0.00733       0.61  %   100000    
1.000456e+03      0.15            0.03            1.21817     0.00762       0.63  %   100000    
1.001089e+03      0.12            0.03            1.24609     0.00861       0.69  %   100000    
1.001520e+03      0.11            0.03            1.24680     0.00886       0.71  %   100000    
1.001808e+03      0.10            0.03            1.29379     0.00995       0.77  %   100000    
1.002563e+03      0.08            0.02            1.28588     0.01036       0.81  %   100000    
1.002811e+03      0.08            0.02            1.29395     0.01062       0.82  %   100000    
1.003528e+03      0.07            0.02            1.33281     0.01189       0.89  %   100000    
1.004464e+03      0.06            0.02            1.33814     0.01252       0.94  %   100000    
1.004641e+03      0.06            0.02            1.34416     0.01279       0.95  %   100000    
1.005753e+03      0.05            0.01            1.30987     0.01280       0.98  %   100000    
1.007173e+03      0.04            0.01            1.31683     0.01353       1.03  %   100000    
1.007324e+03      0.04            0.01            1.33856     0.01409       1.05  %   100000    
1.008894e+03      0.03            0.01            1.30000     0.01392       1.07  %   100000    
1.010989e+03      0.03            0.01            1.22007     0.01242       1.02  %   100000    
1.011153e+03      0.03            0.01            1.21277     0.01222       1.01  %   100000    
1.013609e+03      0.02            0.01            1.25008     0.01376       1.10  %   100000    
1.016202e+03      0.02            0.00            1.12226     0.00978       0.87  %   100000    
1.016998e+03      0.02            0.00            1.05619     0.00662       0.63  %   100000    
1.019299e+03      0.02            0.00            1.01572     0.00497       0.49  %   50000     
1.022380e+03      0.02            0.00            1.01005     0.00502       0.50  %   30000     
1.025500e+03      0.02            0.00            1.00000     0.00000       0.00  %   10000     
1.027574e+03      0.02            0.00            1.00000     0.00000       0.00  %   10000     
1.029642e+03      0.03            0.00            1.00266     0.00266       0.27  %   20000     
1.031131e+03      0.03            0.00            1.00000     0.00000       0.00  %   10000     
1.032653e+03      0.03            0.00            1.00770     0.00385       0.38  %   20000     
1.032726e+03      0.03            0.00            1.00382     0.00382       0.38  %   10000     
1.033866e+03      0.04            0.00            1.00000     0.00000       0.00  %   10000     
1.034810e+03      0.04            0.00            1.00520     0.00368       0.37  %   10000     
1.035663e+03      0.05            0.00            1.00000     0.00000       0.00  %   10000     
1.035753e+03      0.06            0.00            1.00000     0.00000       0.00  %   10000     
1.036352e+03      0.06            0.00            1.00000     0.00000       0.00  %   10000     
1.036902e+03      0.08            0.00            1.00000     0.00000       0.00  %   10000     
1.037223e+03      0.09            0.00            1.00000     0.00000       0.00  %   10000     
1.037296e+03      0.09            0.00            1.00113     0.00113       0.11  %   10000     
1.037577e+03      0.11            0.00            1.00095     0.00095       0.09  %   10000     
1.037759e+03      0.12            0.00            1.00082     0.00082       0.08  %   10000     
1.037919e+03      0.15            0.00            1.00000     0.00000       0.00  %   10000     
1.038033e+03      0.17            0.00            1.00061     0.00061       0.06  %   10000     
1.038088e+03      0.19            0.00            1.00056     0.00056       0.06  %   10000     
1.038147e+03      0.20            0.00            1.00103     0.00073       0.07  %   10000     
1.038238e+03      0.24            0.00            1.00000     0.00000       0.00  %   10000     
1.038334e+03      0.30            0.00            1.00075     0.00053       0.05  %   10000     
1.038422e+03      0.37            0.00            1.00032     0.00032       0.03  %   10000     
1.038511e+03      0.47            0.00            1.00027     0.00027       0.03  %   10000     
1.038595e+03      0.59            0.00            1.00000     0.00000       0.00  %   10000     
1.038599e+03      0.60            0.00            1.00023     0.00023       0.02  %   10000     
1.038625e+03      0.65            0.00            1.00000     0.00000       0.00  %   10000     
1.038702e+03      0.79            0.00            1.00020     0.00020       0.02  %   10000     
1.038810e+03      1.06            0.00            1.00000     0.00000       0.00  %   10000     
1.038812e+03      1.06            0.00            1.00018     0.00018       0.02  %   10000     
1.038935e+03      1.45            0.00            1.00000     0.00000       0.00  %   10000     
1.038967e+03      1.57            0.00            1.00016     0.00016       0.02  %   10000     
1.039096e+03      2.07            0.00            1.00000     0.00000       0.00  %   10000     
1.039118e+03      2.16            0.00            1.00014     0.00014       0.01  %   10000     
1.039298e+03      2.93            0.00            1.00000     0.00000       0.00  %   10000     
1.039460e+03      3.61            0.00            1.00027     0.00019       0.02  %   10000     
1.039627e+03      4.10            0.00            1.00041     0.00024       0.02  %   10000     
1.039786e+03      4.26            0.00            1.00014     0.00014       0.01  %   10000     
1.039799e+03      4.25            0.00            1.00000     0.00000       0.00  %   10000     
1.039932e+03      4.12            0.00            1.00029     0.00021       0.02  %   10000     
1.040020e+03      3.89            0.00            1.00030     0.00021       0.02  %   10000     
1.040090e+03      3.70            0.00            1.00046     0.00026       0.03  %   10000     
1.040185e+03      3.33            0.00            1.00080     0.00036       0.04  %   10000     
1.040550e+03      1.89            0.00            1.00120     0.00049       0.05  %   10000     
1.040686e+03      1.45            0.00            1.00069     0.00040       0.04  %   10000     
1.040806e+03      1.17            0.00            1.00180     0.00068       0.07  %   10000     
1.040810e+03      1.16            0.00            1.00155     0.00063       0.06  %   10000     
1.040907e+03      0.99            0.00            1.00173     0.00070       0.07  %   10000     
1.040992e+03      0.90            0.00            1.00093     0.00054       0.05  %   10000     
1.041007e+03      0.88            0.00            1.00158     0.00071       0.07  %   10000     
1.041107e+03      0.81            0.00            1.00344     0.00109       0.11  %   10000     
1.041174e+03      0.80            0.00            1.00248     0.00094       0.09  %   10000     
1.041207e+03      0.80            0.00            1.00255     0.00096       0.10  %   10000     
1.041307e+03      0.82            0.00            1.00151     0.00076       0.08  %   10000     
1.041329e+03      0.83            0.00            1.00529     0.00141       0.14  %   10000     
1.041428e+03      0.90            0.00            1.00194     0.00087       0.09  %   10000     
1.041465e+03      0.94            0.00            1.00387     0.00122       0.12  %   10000     
1.041564e+03      1.05            0.00            1.00434     0.00131       0.13  %   10000     
1.041598e+03      1.11            0.00            1.00313     0.00111       0.11  %   10000     
1.041698e+03      1.29            0.00            1.00319     0.00113       0.11  %   10000     
1.041719e+03      1.34            0.00            1.00357     0.00119       0.12  %   10000     
1.041834e+03      1.63            0.00            1.00282     0.00107       0.11  %   10000     
1.041837e+03      1.64            0.00            1.00161     0.00080       0.08  %   10000     
1.041960e+03      2.05            0.01            1.00408     0.00129       0.13  %   10000     
1.041970e+03      2.09            0.01            1.00410     0.00130       0.13  %   10000     
1.042089e+03      2.62            0.01            1.00207     0.00093       0.09  %   10000     
1.042113e+03      2.73            0.01            1.00293     0.00111       0.11  %   10000     
1.042225e+03      3.37            0.01            1.00295     0.00112       0.11  %   10000     
1.042279e+03      3.68            0.02            1.00430     0.00136       0.14  %   10000     
1.042391e+03      4.49            0.01            1.00302     0.00114       0.11  %   10000     
1.042531e+03      5.49            0.03            1.00624     0.00167       0.17  %   10000     
1.042840e+03      7.74            0.05            1.00598     0.00166       0.16  %   10000     
1.042900e+03      8.05            0.05            1.00609     0.00169       0.17  %   10000     
1.043021e+03      8.65            0.06            1.00658     0.00176       0.17  %   10000     
1.043104e+03      8.80            0.10            1.01157     0.00236       0.23  %   10000     
1.043204e+03      8.98            0.06            1.00675     0.00180       0.18  %   10000     
1.043273e+03      8.90            0.05            1.00589     0.00170       0.17  %   10000     
1.043321e+03      8.84            0.07            1.00737     0.00190       0.19  %   10000     
1.043415e+03      8.47            0.07            1.00855     0.00207       0.21  %   10000     
1.043488e+03      8.20            0.07            1.00803     0.00201       0.20  %   10000     
1.043627e+03      7.28            0.09            1.01304     0.00261       0.26  %   10000     
1.043727e+03      6.62            0.06            1.00841     0.00210       0.21  %   10000     
1.044084e+03      3.96            0.05            1.01282     0.00273       0.27  %   10000     
1.044184e+03      3.35            0.02            1.00593     0.00187       0.19  %   10000     
1.044266e+03      2.85            0.04            1.01365     0.00291       0.29  %   10000     
1.044366e+03      2.38            0.03            1.01403     0.00299       0.29  %   10000     
1.044418e+03      2.14            0.03            1.01323     0.00296       0.29  %   10000     
1.044548e+03      1.67            0.03            1.01817     0.00356       0.35  %   10000     
1.044554e+03      1.65            0.03            1.01686     0.00344       0.34  %   10000     
1.044690e+03      1.28            0.02            1.01586     0.00346       0.34  %   10000     
1.044699e+03      1.26            0.02            1.01513     0.00338       0.33  %   10000     
1.044826e+03      1.01            0.02            1.01883     0.00392       0.38  %   10000     
1.044881e+03      0.93            0.02            1.01916     0.00399       0.39  %   10000     
1.044947e+03      0.83            0.02            1.02275     0.00446       0.44  %   10000     
1.045063e+03      0.70            0.01            1.01290     0.00345       0.34  %   10000     
1.045095e+03      0.67            0.01            1.01987     0.00433       0.42  %   10000     
1.045264e+03      0.53            0.02            1.02896     0.00386       0.38  %   20000     
1.045307e+03      0.51            0.01            1.02405     0.00501       0.49  %   10000     
1.045433e+03      0.44            0.01            1.02137     0.00490       0.48  %   10000     
1.045565e+03      0.39            0.01            1.02241     0.00363       0.36  %   20000     
1.045626e+03      0.36            0.01            1.02755     0.00410       0.40  %   20000     
1.045864e+03      0.30            0.01            1.03782     0.00505       0.49  %   20000     
1.045906e+03      0.29            0.01            1.03272     0.00472       0.46  %   20000     
1.046148e+03      0.24            0.01            1.04678     0.00484       0.46  %   30000     
1.046277e+03      0.22            0.01            1.04118     0.00463       0.44  %   30000     
1.046413e+03      0.20            0.01            1.04148     0.00478       0.46  %   30000     
1.046753e+03      0.16            0.01            1.04012     0.00497       0.48  %   30000     
1.046862e+03      0.16            0.01            1.05065     0.00489       0.47  %   40000     
1.047148e+03      0.13            0.01            1.05851     0.00494       0.47  %   50000     
1.047618e+03      0.11            0.01            1.05849     0.00525       0.50  %   50000     
1.047708e+03      0.11            0.01            1.07144     0.00493       0.46  %   70000     
1.048146e+03      0.09            0.01            1.06208     0.00526       0.50  %   60000     
1.048593e+03      0.08            0.01            1.08574     0.00526       0.48  %   90000     
1.048749e+03      0.07            0.01            1.07953     0.00517       0.48  %   90000     
1.049462e+03      0.06            0.01            1.09839     0.00583       0.53  %   100000    
1.050172e+03      0.05            0.01            1.09870     0.00614       0.56  %   100000    
1.050175e+03      0.05            0.01            1.10678     0.00638       0.58  %   100000    
1.051065e+03      0.04            0.00            1.11374     0.00699       0.63  %   100000    
1.052104e+03      0.04            0.00            1.11697     0.00745       0.67  %   100000    
1.052254e+03      0.04            0.01            1.14097     0.00821       0.72  %   100000    
1.053143e+03      0.03            0.00            1.14426     0.00862       0.75  %   100000    
1.054493e+03      0.03            0.00            1.15737     0.00934       0.81  %   100000    
1.056047e+03      0.03            0.00            1.15989     0.00959       0.83  %   100000    
1.056283e+03      0.03            0.00            1.14183     0.00903       0.79  %   100000    
1.057601e+03      0.03            0.00            1.16764     0.00985       0.84  %   100000    
1.058398e+03      0.03            0.00            1.18232     0.01019       0.86  %   100000    
1.059758e+03      0.03            0.00            1.13261     0.00841       0.74  %   100000    
1.060603e+03      0.03            0.00            1.13392     0.00809       0.71  %   100000    
1.061236e+03      0.03            0.00            1.08964     0.00625       0.57  %   100000    
1.061404e+03      0.03            0.00            1.08027     0.00577       0.53  %   100000    
1.061553e+03      0.03            0.00            1.08989     0.00597       0.55  %   100000    
1.061816e+03      0.04            0.00            1.06293     0.00526       0.49  %   80000     
1.062001e+03      0.04            0.00            1.06345     0.00528       0.50  %   70000     
1.062132e+03      0.05            0.00            1.05653     0.00503       0.48  %   60000     
1.062238e+03      0.06            0.00            1.04374     0.00505       0.48  %   40000     
1.062343e+03      0.07            0.00            1.04243     0.00454       0.44  %   40000     
1.062435e+03      0.08            0.00            1.02836     0.00479       0.47  %   20000     
1.062527e+03      0.10            0.00            1.02827     0.00431       0.42  %   20000     
1.062620e+03      0.13            0.00            1.00840     0.00297       0.29  %   10000     
1.062712e+03      0.17            0.00            1.01414     0.00343       0.34  %   10000     
1.062808e+03      0.22            0.00            1.00785     0.00227       0.22  %   10000     
1.062904e+03      0.29            0.00            1.00625     0.00180       0.18  %   10000     
1.063010e+03      0.39            0.00            1.00495     0.00143       0.14  %   10000     
1.063023e+03      0.40            0.00            1.00602     0.00155       0.15  %   10000     
1.063140e+03      0.54            0.00            1.00327     0.00103       0.10  %   10000     
1.063315e+03      0.79            0.00            1.00334     0.00093       0.09  %   10000     
1.063426e+03      0.96            0.00            1.00276     0.00080       0.08  %   10000     
1.063640e+03      1.30            0.00            1.00161     0.00057       0.06  %   10000     
1.063805e+03      1.47            0.00            1.00135     0.00051       0.05  %   10000     
1.063959e+03      1.54            0.00            1.00210     0.00063       0.06  %   10000     
1.063973e+03      1.54            0.00            1.00115     0.00047       0.05  %   10000     
1.064117e+03      1.49            0.00            1.00157     0.00056       0.06  %   10000     
1.064171e+03      1.44            0.00            1.00222     0.00067       0.07  %   10000     
1.064267e+03      1.34            0.00            1.00209     0.00066       0.07  %   10000     
1.064341e+03      1.24            0.00            1.00197     0.00066       0.07  %   10000     
1.064504e+03      0.99            0.00            1.00197     0.00070       0.07  %   10000     
1.064751e+03      0.61            0.00            1.00199     0.00081       0.08  %   10000     
1.064808e+03      0.54            0.00            1.00470     0.00130       0.13  %   10000     
1.064893e+03      0.43            0.00            1.00338     0.00120       0.12  %   10000     
1.065005e+03      0.32            0.00            1.00792     0.00204       0.20  %   10000     
1.065106e+03      0.24            0.00            1.00991     0.00256       0.25  %   10000     
1.065199e+03      0.19            0.00            1.00410     0.00184       0.18  %   10000     
1.065294e+03      0.14            0.00            1.00924     0.00308       0.30  %   10000     
1.065389e+03      0.11            0.00            1.01020     0.00360       0.36  %   10000     
1.065483e+03      0.09            0.00            1.01245     0.00440       0.43  %   10000     
1.065549e+03      0.08            0.00            1.01492     0.00362       0.36  %   20000     
1.065567e+03      0.07            0.00            1.02006     0.00427       0.42  %   20000     
1.065673e+03      0.06            0.00            1.01408     0.00390       0.39  %   20000     
1.065778e+03      0.05            0.00            1.00744     0.00430       0.43  %   10000     
1.065920e+03      0.05            0.00            1.01982     0.00432       0.42  %   30000     
1.066071e+03      0.04            0.00            1.00931     0.00380       0.38  %   20000     
1.066322e+03      0.04            0.00            1.03044     0.00454       0.44  %   50000     
1.066623e+03      0.04            0.00            1.01659     0.00443       0.44  %   30000     
1.067225e+03      0.03            0.00            1.00364     0.00364       0.36  %   10000     
1.067425e+03      0.03            0.00            1.01451     0.00419       0.41  %   30000     
1.067493e+03      0.03            0.00            1.01565     0.00434       0.43  %   30000     
1.068411e+03      0.03            0.00            1.01925     0.00467       0.46  %   30000     
1.069643e+03      0.04            0.00            1.00869     0.00502       0.50  %   10000     
1.070629e+03      0.04            0.00            1.00608     0.00272       0.27  %   20000     
1.071580e+03      0.05            0.00            1.00981     0.00439       0.43  %   10000     
1.071764e+03      0.05            0.00            1.00744     0.00372       0.37  %   10000     
1.072319e+03      0.06            0.00            1.00947     0.00387       0.38  %   10000     
1.072953e+03      0.07            0.00            1.00379     0.00219       0.22  %   10000     
1.073485e+03      0.09            0.00            1.00102     0.00102       0.10  %   10000     
1.073983e+03      0.11            0.00            1.00325     0.00163       0.16  %   10000     
1.074297e+03      0.13            0.00            1.00207     0.00119       0.12  %   10000     
1.074398e+03      0.13            0.00            1.00066     0.00066       0.07  %   10000     
1.074752e+03      0.16            0.00            1.00162     0.00094       0.09  %   10000     
1.075063e+03      0.20            0.00            1.00045     0.00045       0.04  %   10000     
1.075177e+03      0.22            0.00            1.00248     0.00101       0.10  %   10000     
1.075236e+03      0.23            0.00            1.00080     0.00056       0.06  %   10000     
1.075332e+03      0.25            0.00            1.00076     0.00054       0.05  %   10000     
1.075505e+03      0.29            0.00            1.00102     0.00059       0.06  %   10000     
1.075534e+03      0.30            0.00            1.00067     0.00048       0.05  %   10000     
1.075722e+03      0.37            0.00            1.00061     0.00043       0.04  %   10000     
1.075731e+03      0.37            0.00            1.00030     0.00030       0.03  %   10000     
1.075883e+03      0.45            0.00            1.00142     0.00064       0.06  %   10000     
1.075892e+03      0.45            0.00            1.00113     0.00057       0.06  %   10000     
1.076017e+03      0.54            0.00            1.00137     0.00061       0.06  %   10000     
1.076026e+03      0.55            0.00            1.00054     0.00038       0.04  %   10000     
1.076135e+03      0.65            0.00            1.00053     0.00038       0.04  %   10000     
1.076152e+03      0.67            0.00            1.00080     0.00046       0.05  %   10000     
1.076243e+03      0.79            0.00            1.00105     0.00053       0.05  %   10000     
1.076273e+03      0.83            0.00            1.00000     0.00000       0.00  %   10000     
1.076352e+03      0.98            0.00            1.00132     0.00059       0.06  %   10000     
1.076389e+03      1.04            0.00            1.00107     0.00053       0.05  %   10000     
1.076447e+03      1.18            0.00            1.00080     0.00046       0.05  %   10000     
1.076504e+03      1.32            0.00            1.00136     0.00061       0.06  %   10000     
1.076547e+03      1.46            0.00            1.00000     0.00000       0.00  %   10000     
1.076626e+03      1.71            0.00            1.00139     0.00062       0.06  %   10000     
1.076654e+03      1.83            0.00            1.00083     0.00048       0.05  %   10000     
1.076757e+03      2.26            0.00            1.00057     0.00040       0.04  %   10000     
1.076762e+03      2.28            0.00            1.00114     0.00057       0.06  %   10000     
1.076881e+03      2.92            0.00            1.00000     0.00000       0.00  %   10000     
1.076888e+03      2.96            0.00            1.00118     0.00059       0.06  %   10000     
1.077024e+03      3.87            0.00            1.00121     0.00060       0.06  %   10000     
1.077055e+03      4.07            0.01            1.00153     0.00069       0.07  %   10000     
1.077213e+03      5.31            0.01            1.00094     0.00055       0.05  %   10000     
1.077518e+03      7.69            0.02            1.00199     0.00081       0.08  %   10000     
1.077604e+03      8.17            0.02            1.00204     0.00083       0.08  %   10000     
1.077690e+03      8.65            0.02            1.00205     0.00084       0.08  %   10000     
1.077747e+03      8.80            0.02            1.00243     0.00092       0.09  %   10000     
1.077844e+03      9.05            0.03            1.00385     0.00116       0.12  %   10000     
1.077889e+03      9.07            0.04            1.00459     0.00127       0.13  %   10000     
1.077914e+03      9.02            0.02            1.00250     0.00094       0.09  %   10000     
1.077985e+03      8.88            0.02            1.00218     0.00089       0.09  %   10000     
1.078076e+03      8.69            0.04            1.00511     0.00136       0.14  %   10000     
1.078124e+03      8.42            0.03            1.00334     0.00111       0.11  %   10000     
1.078276e+03      7.57            0.04            1.00568     0.00147       0.15  %   10000     
1.078343e+03      7.05            0.04            1.00582     0.00150       0.15  %   10000     
1.078758e+03      3.81            0.03            1.00885     0.00198       0.20  %   10000     
1.078868e+03      3.12            0.02            1.00503     0.00151       0.15  %   10000     
1.078923e+03      2.76            0.03            1.01092     0.00227       0.22  %   10000     
1.079044e+03      2.16            0.03            1.01255     0.00251       0.25  %   10000     
1.079058e+03      2.09            0.02            1.01016     0.00227       0.22  %   10000     
1.079180e+03      1.61            0.02            1.01151     0.00251       0.25  %   10000     
1.079207e+03      1.53            0.01            1.00940     0.00228       0.23  %   10000     
1.079300e+03      1.25            0.01            1.01072     0.00253       0.25  %   10000     
1.079381e+03      1.07            0.01            1.01242     0.00277       0.27  %   10000     
1.079424e+03      0.98            0.01            1.00973     0.00251       0.25  %   10000     
1.079535e+03      0.79            0.01            1.01332     0.00305       0.30  %   10000     
1.079562e+03      0.76            0.01            1.01133     0.00283       0.28  %   10000     
1.079669e+03      0.63            0.01            1.01930     0.00386       0.38  %   10000     
1.079751e+03      0.56            0.01            1.01688     0.00368       0.36  %   10000     
1.079810e+03      0.51            0.01            1.02033     0.00415       0.41  %   10000     
1.079959e+03      0.42            0.01            1.01943     0.00424       0.42  %   10000     
1.079989e+03      0.40            0.01            1.02148     0.00447       0.44  %   10000     
1.080138e+03      0.34            0.00            1.01433     0.00383       0.38  %   10000     
1.080287e+03      0.29            0.01            1.01844     0.00447       0.44  %   10000     
1.080347e+03      0.28            0.01            1.02421     0.00369       0.36  %   20000     
1.080585e+03      0.23            0.01            1.02423     0.00388       0.38  %   20000     
1.080645e+03      0.22            0.01            1.02833     0.00422       0.41  %   20000     
1.080876e+03      0.19            0.01            1.02698     0.00432       0.42  %   20000     
1.081171e+03      0.16            0.00            1.02767     0.00454       0.44  %   20000     
1.081222e+03      0.15            0.01            1.03358     0.00506       0.49  %   20000     
1.081568e+03      0.13            0.00            1.03622     0.00449       0.43  %   30000     
1.081869e+03      0.12            0.00            1.02894     0.00503       0.49  %   20000     
1.082011e+03      0.11            0.00            1.04499     0.00452       0.43  %   40000     
1.082565e+03      0.09            0.00            1.03860     0.00502       0.48  %   30000     
1.082724e+03      0.09            0.00            1.05089     0.00501       0.48  %   40000     
1.083119e+03      0.08            0.00            1.05141     0.00514       0.49  %   40000     
1.083677e+03      0.08            0.00            1.03337     0.00481       0.47  %   30000     
1.084091e+03      0.07            0.00            1.05062     0.00508       0.48  %   40000     
1.084350e+03      0.07            0.00            1.03820     0.00441       0.42  %   40000     
1.084686e+03      0.07            0.00            1.04083     0.00450       0.43  %   40000     
1.085358e+03      0.07            0.00            1.03803     0.00483       0.46  %   30000     
1.086198e+03      0.08            0.00            1.03556     0.00431       0.42  %   30000     
1.086870e+03      0.09            0.00            1.02300     0.00389       0.38  %   20000     
1.087537e+03      0.11            0.00            1.02003     0.00459       0.45  %   10000     
1.088107e+03      0.13            0.00            1.01261     0.00325       0.32  %   10000     
1.088595e+03      0.16            0.00            1.00940     0.00251       0.25  %   10000     
1.088847e+03      0.18            0.00            1.00999     0.00242       0.24  %   10000     
1.089002e+03      0.19            0.00            1.00987     0.00232       0.23  %   10000     
1.089382e+03      0.23            0.00            1.00718     0.00179       0.18  %   10000     
1.089518e+03      0.26            0.00            1.00620     0.00160       0.16  %   10000     
1.089680e+03      0.28            0.00            1.00421     0.00127       0.13  %   10000     
1.089743e+03      0.30            0.00            1.00663     0.00156       0.16  %   10000     
1.089950e+03      0.35            0.00            1.00303     0.00101       0.10  %   10000     
1.090086e+03      0.40            0.00            1.00251     0.00089       0.09  %   10000     
1.090178e+03      0.43            0.00            1.00732     0.00149       0.15  %   10000     
1.090282e+03      0.48            0.00            1.00379     0.00105       0.10  %   10000     
1.090361e+03      0.51            0.00            1.00373     0.00103       0.10  %   10000     
1.090441e+03      0.57            0.00            1.00223     0.00079       0.08  %   10000     
1.090514e+03      0.62            0.00            1.00250     0.00083       0.08  %   10000     
1.090594e+03      0.69            0.00            1.00272     0.00086       0.09  %   10000     
1.090674e+03      0.76            0.00            1.00274     0.00087       0.09  %   10000     
1.090717e+03      0.82            0.00            1.00136     0.00061       0.06  %   10000     
1.090796e+03      0.92            0.00            1.00302     0.00091       0.09  %   10000     
1.090824e+03      0.97            0.00            1.00492     0.00116       0.12  %   10000     
1.090915e+03      1.12            0.00            1.00111     0.00056       0.06  %   10000     
1.090919e+03      1.13            0.00            1.00251     0.00084       0.08  %   10000     
1.091015e+03      1.36            0.00            1.00199     0.00075       0.07  %   10000     
1.091043e+03      1.42            0.01            1.00576     0.00129       0.13  %   10000     
1.091116e+03      1.65            0.01            1.00466     0.00117       0.12  %   10000     
1.091155e+03      1.77            0.01            1.00477     0.00119       0.12  %   10000     
1.091216e+03      2.03            0.01            1.00420     0.00112       0.11  %   10000     
1.091279e+03      2.29            0.01            1.00465     0.00120       0.12  %   10000     
1.091313e+03      2.48            0.01            1.00217     0.00082       0.08  %   10000     
1.091402e+03      2.97            0.01            1.00354     0.00107       0.11  %   10000     
1.091424e+03      3.12            0.02            1.00482     0.00124       0.12  %   10000     
1.091534e+03      3.90            0.02            1.00433     0.00120       0.12  %   10000     
1.091536e+03      3.92            0.02            1.00501     0.00129       0.13  %   10000     
1.091664e+03      5.06            0.03            1.00586     0.00142       0.14  %   10000     
1.091684e+03      5.24            0.03            1.00661     0.00152       0.15  %   10000     
1.091813e+03      6.67            0.04            1.00570     0.00142       0.14  %   10000     
1.091894e+03      7.55            0.04            1.00513     0.00137       0.14  %   10000     
1.092081e+03      9.70            0.06            1.00608     0.00152       0.15  %   10000     
1.092237e+03      11.50           0.08            1.00696     0.00164       0.16  %   10000     
1.092316e+03      12.10           0.11            1.00911     0.00190       0.19  %   10000     
1.092443e+03      13.08           0.15            1.01122     0.00212       0.21  %   10000     
1.092463e+03      13.13           0.11            1.00847     0.00185       0.18  %   10000     
1.092610e+03      13.50           0.11            1.00780     0.00179       0.18  %   10000     
1.092634e+03      13.43           0.15            1.01121     0.00215       0.21  %   10000     
1.092718e+03      13.17           0.13            1.01014     0.00207       0.20  %   10000     
1.092801e+03      12.93           0.09            1.00719     0.00174       0.17  %   10000     
1.092870e+03      12.35           0.16            1.01256     0.00233       0.23  %   10000     
1.093007e+03      11.22           0.11            1.01010     0.00210       0.21  %   10000     
1.093076e+03      10.43           0.14            1.01303     0.00242       0.24  %   10000     
1.093478e+03      5.82            0.10            1.01712     0.00293       0.29  %   10000     
1.093571e+03      4.94            0.09            1.01850     0.00308       0.30  %   10000     
1.093649e+03      4.19            0.08            1.01832     0.00314       0.31  %   10000     
1.093767e+03      3.31            0.06            1.01803     0.00318       0.31  %   10000     
1.093784e+03      3.18            0.07            1.02058     0.00342       0.34  %   10000     
1.093907e+03      2.46            0.07            1.02940     0.00423       0.41  %   10000     
1.093938e+03      2.31            0.06            1.02531     0.00395       0.38  %   10000     
1.094027e+03      1.91            0.04            1.01978     0.00361       0.35  %   10000     
1.094089e+03      1.70            0.04            1.02433     0.00405       0.40  %   10000     
1.094151e+03      1.49            0.04            1.02497     0.00421       0.41  %   10000     
1.094248e+03      1.24            0.03            1.02562     0.00439       0.43  %   10000     
1.094264e+03      1.20            0.04            1.03293     0.00501       0.49  %   10000     
1.094387e+03      0.97            0.03            1.02582     0.00463       0.45  %   10000     
1.094434e+03      0.91            0.03            1.02884     0.00494       0.48  %   10000     
1.094509e+03      0.80            0.02            1.02523     0.00476       0.46  %   10000     
1.094644e+03      0.66            0.02            1.03729     0.00424       0.41  %   20000     
1.094650e+03      0.66            0.03            1.04091     0.00445       0.43  %   20000     
1.094803e+03      0.54            0.02            1.04210     0.00473       0.45  %   20000     
1.094889e+03      0.50            0.02            1.04724     0.00508       0.49  %   20000     
1.094987e+03      0.45            0.02            1.05337     0.00455       0.43  %   30000     
1.095196e+03      0.37            0.02            1.05021     0.00461       0.44  %   30000     
1.095202e+03      0.36            0.02            1.04913     0.00457       0.44  %   30000     
1.095416e+03      0.31            0.02            1.04978     0.00483       0.46  %   30000     
1.095557e+03      0.28            0.02            1.05942     0.00466       0.44  %   40000     
1.095719e+03      0.25            0.01            1.05941     0.00484       0.46  %   40000     
1.096035e+03      0.20            0.01            1.06562     0.00480       0.45  %   50000     
1.096140e+03      0.19            0.01            1.07690     0.00526       0.49  %   50000     
1.096384e+03      0.17            0.01            1.08688     0.00534       0.49  %   60000     
1.096815e+03      0.14            0.01            1.09189     0.00539       0.49  %   70000     
1.096922e+03      0.13            0.01            1.09212     0.00510       0.47  %   80000     
1.097330e+03      0.11            0.01            1.11453     0.00539       0.48  %   100000    
1.097836e+03      0.09            0.01            1.11573     0.00570       0.51  %   100000    
1.097922e+03      0.09            0.01            1.12300     0.00595       0.53  %   100000    
1.098597e+03      0.07            0.01            1.12702     0.00649       0.58  %   100000    
1.099344e+03      0.06            0.01            1.15756     0.00765       0.66  %   100000    
1.099347e+03      0.06            0.01            1.13557     0.00710       0.63  %   100000    
1.100091e+03      0.05            0.01            1.15018     0.00791       0.69  %   100000    
1.100999e+03      0.04            0.01            1.12785     0.00770       0.68  %   100000    
1.101357e+03      0.04            0.01            1.12739     0.00779       0.69  %   100000    
1.102228e+03      0.04            0.00            1.13174     0.00830       0.73  %   100000    
1.103458e+03      0.03            0.00            1.14502     0.00912       0.80  %   100000    
1.104936e+03      0.03            0.00            1.15988     0.00992       0.86  %   100000    
1.107073e+03      0.02            0.00            1.16273     0.01041       0.89  %   100000    
1.109007e+03      0.02            0.00            1.15721     0.01035       0.89  %   100000    
1.111458e+03      0.02            0.00            1.15960     0.01029       0.89  %   100000    
1.111606e+03      0.02            0.00            1.15406     0.01010       0.88  %   100000    
1.113591e+03      0.02            0.00            1.16508     0.01009       0.87  %   100000    
1.115081e+03      0.02            0.00            1.08216     0.00677       0.63  %   100000    
1.116148e+03      0.03            0.00            1.02574     0.00505       0.49  %   50000     
1.116862e+03      0.03            0.00            1.01740     0.00502       0.49  %   30000     
1.117361e+03      0.03            0.00            1.01136     0.00464       0.46  %   20000     
1.117384e+03      0.03            0.00            1.00375     0.00375       0.37  %   10000     
1.117647e+03      0.04            0.00            1.01006     0.00411       0.41  %   20000     
1.117861e+03      0.04            0.00            1.00000     0.00000       0.00  %   10000     
1.118004e+03      0.05            0.00            1.00791     0.00456       0.45  %   10000     
1.118146e+03      0.06            0.00            1.00226     0.00226       0.23  %   10000     
1.118265e+03      0.07            0.00            1.00191     0.00191       0.19  %   10000     
1.118360e+03      0.08            0.00            1.00650     0.00325       0.32  %   10000     
1.118455e+03      0.10            0.00            1.00000     0.00000       0.00  %   10000     
1.118550e+03      0.12            0.00            1.00217     0.00153       0.15  %   10000     
1.118635e+03      0.15            0.00            1.00265     0.00153       0.15  %   10000     
1.118716e+03      0.19            0.00            1.00000     0.00000       0.00  %   10000     
1.118810e+03      0.25            0.00            1.00057     0.00057       0.06  %   10000     
1.118904e+03      0.32            0.00            1.00000     0.00000       0.00  %   10000     
1.118998e+03      0.42            0.00            1.00074     0.00052       0.05  %   10000     
1.119068e+03      0.52            0.00            1.00000     0.00000       0.00  %   10000     
1.119111e+03      0.58            0.00            1.00030     0.00030       0.03  %   10000     
1.119244e+03      0.80            0.00            1.00049     0.00035       0.03  %   10000     
1.119402e+03      1.14            0.00            1.00041     0.00029       0.03  %   10000     
1.119430e+03      1.20            0.00            1.00040     0.00028       0.03  %   10000     
1.119734e+03      1.88            0.00            1.00017     0.00017       0.02  %   10000     
1.119785e+03      1.97            0.00            1.00017     0.00017       0.02  %   10000     
1.119898e+03      2.15            0.00            1.00016     0.00016       0.02  %   10000     
1.120064e+03      2.27            0.00            1.00016     0.00016       0.02  %   10000     
1.120088e+03      2.27            0.00            1.00033     0.00023       0.02  %   10000     
1.120251e+03      2.18            0.00            1.00017     0.00017       0.02  %   10000     
1.120256e+03      2.17            0.00            1.00051     0.00029       0.03  %   10000     
1.120409e+03      1.95            0.00            1.00018     0.00018       0.02  %   10000     
1.120511e+03      1.72            0.00            1.00057     0.00033       0.03  %   10000     
1.120682e+03      1.35            0.00            1.00021     0.00021       0.02  %   10000     
1.120895e+03      0.88            0.00            1.00027     0.00027       0.03  %   10000     
1.120933e+03      0.81            0.00            1.00084     0.00049       0.05  %   10000     
1.121034e+03      0.63            0.00            1.00132     0.00066       0.07  %   10000     
1.121150e+03      0.46            0.00            1.00285     0.00108       0.11  %   10000     
1.121256e+03      0.34            0.00            1.00303     0.00124       0.12  %   10000     
1.121352e+03      0.26            0.00            1.00249     0.00125       0.12  %   10000     
1.121440e+03      0.20            0.00            1.00608     0.00215       0.21  %   10000     
1.121486e+03      0.18            0.00            1.00587     0.00222       0.22  %   10000     
1.121519e+03      0.16            0.00            1.00363     0.00182       0.18  %   10000     
1.121606e+03      0.13            0.00            1.00552     0.00247       0.25  %   10000     
1.121694e+03      0.11            0.00            1.00660     0.00295       0.29  %   10000     
1.121781e+03      0.09            0.00            1.01082     0.00409       0.40  %   10000     
1.121880e+03      0.08            0.00            1.02151     0.00439       0.43  %   20000     
1.121986e+03      0.07            0.00            1.01523     0.00393       0.39  %   20000     
1.122113e+03      0.06            0.00            1.01358     0.00392       0.39  %   20000     
1.122178e+03      0.06            0.00            1.01871     0.00468       0.46  %   20000     
1.122283e+03      0.05            0.00            1.01494     0.00431       0.42  %   20000     
1.122495e+03      0.05            0.00            1.00534     0.00378       0.38  %   10000     
1.122835e+03      0.04            0.00            1.01543     0.00465       0.46  %   20000     
1.123331e+03      0.04            0.00            1.01265     0.00421       0.42  %   20000     
1.123801e+03      0.04            0.00            1.01480     0.00446       0.44  %   20000     
1.124428e+03      0.05            0.00            1.01813     0.00468       0.46  %   20000     
1.125054e+03      0.05            0.00            1.00825     0.00412       0.41  %   10000     
1.125524e+03      0.06            0.00            1.00702     0.00351       0.35  %   10000     
1.125871e+03      0.07            0.00            1.01203     0.00425       0.42  %   10000     
1.125909e+03      0.07            0.00            1.00443     0.00256       0.25  %   10000     
1.126194e+03      0.08            0.00            1.00497     0.00248       0.25  %   10000     
1.126393e+03      0.10            0.00            1.00637     0.00260       0.26  %   10000     
1.126536e+03      0.11            0.00            1.00554     0.00226       0.22  %   10000     
1.126662e+03      0.13            0.00            1.00396     0.00177       0.18  %   10000     
1.126784e+03      0.16            0.00            1.00397     0.00162       0.16  %   10000     
1.126888e+03      0.19            0.00            1.00332     0.00136       0.14  %   10000     
1.126974e+03      0.23            0.00            1.00329     0.00124       0.12  %   10000     
1.127050e+03      0.28            0.00            1.00081     0.00057       0.06  %   10000     
1.127061e+03      0.29            0.00            1.00277     0.00105       0.10  %   10000     
1.127141e+03      0.36            0.00            1.00068     0.00048       0.05  %   10000     
1.127148e+03      0.36            0.00            1.00167     0.00075       0.07  %   10000     
1.127236e+03      0.46            0.00            1.00029     0.00029       0.03  %   10000     
1.127323e+03      0.59            0.00            1.00221     0.00074       0.07  %   10000     
1.127324e+03      0.59            0.00            1.00074     0.00042       0.04  %   10000     
1.127421e+03      0.78            0.00            1.00043     0.00030       0.03  %   10000     
1.127525e+03      1.05            0.00            1.00076     0.00038       0.04  %   10000     
1.127529e+03      1.06            0.00            1.00075     0.00038       0.04  %   10000     
1.127635e+03      1.40            0.00            1.00069     0.00034       0.03  %   10000     
1.127693e+03      1.63            0.00            1.00066     0.00033       0.03  %   10000     
1.127779e+03      1.97            0.00            1.00047     0.00027       0.03  %   10000     
1.127857e+03      2.36            0.00            1.00015     0.00015       0.02  %   10000     
1.128012e+03      3.12            0.00            1.00059     0.00029       0.03  %   10000     
1.128086e+03      3.48            0.00            1.00015     0.00015       0.01  %   10000     
1.128272e+03      4.40            0.00            1.00014     0.00014       0.01  %   10000     
1.128443e+03      4.96            0.00            1.00072     0.00032       0.03  %   10000     
1.128457e+03      4.97            0.00            1.00014     0.00014       0.01  %   10000     
1.128598e+03      5.14            0.00            1.00073     0.00033       0.03  %   10000     
1.128649e+03      5.08            0.00            1.00088     0.00036       0.04  %   10000     
1.128751e+03      4.97            0.00            1.00045     0.00026       0.03  %   10000     
1.128781e+03      4.87            0.00            1.00090     0.00037       0.04  %   10000     
1.128919e+03      4.42            0.00            1.00062     0.00031       0.03  %   10000     
1.128978e+03      4.14            0.00            1.00094     0.00038       0.04  %   10000     
1.129185e+03      3.13            0.00            1.00117     0.00044       0.04  %   10000     
1.129260e+03      2.76            0.00            1.00087     0.00039       0.04  %   10000     
1.129402e+03      2.06            0.00            1.00170     0.00057       0.06  %   10000     
1.129545e+03      1.48            0.00            1.00127     0.00052       0.05  %   10000     
1.129638e+03      1.18            0.00            1.00138     0.00056       0.06  %   10000     
1.129665e+03      1.09            0.00            1.00166     0.00063       0.06  %   10000     
1.129771e+03      0.83            0.00            1.00081     0.00047       0.05  %   10000     
1.129863e+03      0.65            0.00            1.00363     0.00105       0.10  %   10000     
1.129903e+03      0.59            0.00            1.00380     0.00110       0.11  %   10000     
1.129956e+03      0.51            0.00            1.00482     0.00129       0.13  %   10000     
1.130048e+03      0.40            0.00            1.00432     0.00130       0.13  %   10000     
1.130140e+03      0.33            0.00            1.00530     0.00153       0.15  %   10000     
1.130188e+03      0.30            0.00            1.00417     0.00139       0.14  %   10000     
1.130246e+03      0.27            0.00            1.00700     0.00187       0.19  %   10000     
1.130351e+03      0.23            0.00            1.00776     0.00207       0.21  %   10000     
1.130482e+03      0.20            0.00            1.00783     0.00217       0.22  %   10000     
1.130575e+03      0.19            0.00            1.00493     0.00174       0.17  %   10000     
1.130640e+03      0.18            0.00            1.00759     0.00219       0.22  %   10000     
1.130798e+03      0.17            0.00            1.01154     0.00272       0.27  %   10000     
1.130979e+03      0.17            0.00            1.01004     0.00251       0.25  %   10000     
1.131159e+03      0.17            0.00            1.00299     0.00134       0.13  %   10000     
1.131373e+03      0.18            0.00            1.00494     0.00165       0.16  %   10000     
1.131521e+03      0.18            0.00            1.00677     0.00188       0.19  %   10000     
1.131882e+03      0.21            0.00            1.00788     0.00186       0.18  %   10000     
1.132198e+03      0.25            0.00            1.00183     0.00082       0.08  %   10000     
1.132445e+03      0.29            0.00            1.00188     0.00077       0.08  %   10000     
1.132507e+03      0.30            0.00            1.00365     0.00105       0.10  %   10000     
1.132771e+03      0.36            0.00            1.00235     0.00078       0.08  %   10000     
1.132855e+03      0.39            0.00            1.00320     0.00089       0.09  %   10000     
1.132913e+03      0.41            0.00            1.00239     0.00075       0.08  %   10000     
1.133005e+03      0.45            0.00            1.00138     0.00056       0.06  %   10000     
1.133086e+03      0.49            0.00            1.00264     0.00076       0.08  %   10000     
1.133178e+03      0.54            0.00            1.00256     0.00074       0.07  %   10000     
1.133259e+03      0.59            0.00            1.00206     0.00065       0.06  %   10000     
1.133352e+03      0.66            0.00            1.00081     0.00041       0.04  %   10000     
1.133389e+03      0.70            0.00            1.00100     0.00045       0.04  %   10000     
1.133487e+03      0.80            0.00            1.00179     0.00060       0.06  %   10000     
1.133493e+03      0.81            0.00            1.00059     0.00034       0.03  %   10000     
1.133597e+03      0.95            0.00            1.00179     0.00060       0.06  %   10000     
1.133618e+03      0.98            0.00            1.00220     0.00066       0.07  %   10000     
1.133688e+03      1.12            0.00            1.00180     0.00060       0.06  %   10000     
1.133747e+03      1.23            0.00            1.00225     0.00068       0.07  %   10000     
1.133779e+03      1.32            0.00            1.00205     0.00065       0.06  %   10000     
1.133864e+03      1.55            0.00            1.00126     0.00052       0.05  %   10000     
1.133874e+03      1.58            0.00            1.00126     0.00052       0.05  %   10000     
1.133969e+03      1.92            0.00            1.00130     0.00053       0.05  %   10000     
1.133980e+03      1.96            0.00            1.00088     0.00044       0.04  %   10000     
1.134064e+03      2.35            0.01            1.00247     0.00074       0.07  %   10000     
1.134096e+03      2.50            0.01            1.00252     0.00076       0.08  %   10000     
1.134163e+03      2.91            0.01            1.00302     0.00084       0.08  %   10000     
1.134228e+03      3.31            0.01            1.00288     0.00083       0.08  %   10000     
1.134267e+03      3.63            0.01            1.00241     0.00076       0.08  %   10000     
1.134366e+03      4.42            0.02            1.00476     0.00109       0.11  %   10000     
1.134385e+03      4.61            0.01            1.00176     0.00066       0.07  %   10000     
1.134505e+03      5.83            0.02            1.00260     0.00082       0.08  %   10000     
1.134528e+03      6.06            0.02            1.00315     0.00091       0.09  %   10000     
1.134664e+03      7.75            0.03            1.00351     0.00097       0.10  %   10000     
1.134794e+03      9.34            0.04            1.00392     0.00105       0.10  %   10000     
1.135069e+03      12.66           0.04            1.00323     0.00097       0.10  %   10000     
1.135143e+03      13.25           0.05            1.00360     0.00104       0.10  %   10000     
1.135249e+03      14.11           0.08            1.00545     0.00128       0.13  %   10000     
1.135318e+03      14.30           0.08            1.00527     0.00128       0.13  %   10000     
1.135419e+03      14.58           0.09            1.00624     0.00139       0.14  %   10000     
1.135482e+03      14.38           0.06            1.00446     0.00119       0.12  %   10000     
1.135522e+03      14.26           0.12            1.00868     0.00167       0.17  %   10000     
1.135600e+03      14.02           0.07            1.00516     0.00129       0.13  %   10000     
1.135665e+03      13.49           0.12            1.00890     0.00171       0.17  %   10000     
1.135767e+03      12.66           0.09            1.00698     0.00152       0.15  %   10000     
1.135878e+03      11.31           0.10            1.00864     0.00173       0.17  %   10000     
1.136081e+03      8.84            0.08            1.00903     0.00180       0.18  %   10000     
1.136331e+03      5.81            0.07            1.01193     0.00218       0.22  %   10000     
1.136432e+03      4.82            0.05            1.01025     0.00205       0.20  %   10000     
1.136492e+03      4.23            0.06            1.01496     0.00252       0.25  %   10000     
1.136617e+03      3.27            0.05            1.01542     0.00264       0.26  %   10000     
1.136631e+03      3.16            0.03            1.01056     0.00220       0.22  %   10000     
1.136756e+03      2.42            0.04            1.01840     0.00302       0.30  %   10000     
1.136779e+03      2.32            0.05            1.02005     0.00316       0.31  %   10000     
1.136873e+03      1.89            0.03            1.01784     0.00310       0.30  %   10000     
1.136944e+03      1.64            0.03            1.01687     0.00308       0.30  %   10000     
1.136980e+03      1.52            0.03            1.02157     0.00354       0.35  %   10000     
1.137095e+03      1.22            0.02            1.01713     0.00329       0.32  %   10000     
1.137115e+03      1.18            0.02            1.01983     0.00356       0.35  %   10000     
1.137211e+03      0.99            0.03            1.03400     0.00485       0.47  %   10000     
1.137315e+03      0.84            0.02            1.02509     0.00430       0.42  %   10000     
1.137344e+03      0.80            0.02            1.02354     0.00422       0.41  %   10000     
1.137488e+03      0.65            0.02            1.03224     0.00367       0.36  %   20000     
1.137546e+03      0.61            0.02            1.03685     0.00397       0.38  %   20000     
1.137662e+03      0.53            0.02            1.03911     0.00426       0.41  %   20000     
1.137835e+03      0.44            0.02            1.03693     0.00431       0.42  %   20000     
1.137864e+03      0.42            0.01            1.03256     0.00410       0.40  %   20000     
1.138095e+03      0.34            0.01            1.04230     0.00494       0.47  %   20000     
1.138182e+03      0.32            0.01            1.04229     0.00501       0.48  %   20000     
1.138351e+03      0.28            0.01            1.05318     0.00479       0.45  %   30000     
1.138625e+03      0.23            0.01            1.06101     0.00467       0.44  %   40000     
1.138646e+03      0.23            0.01            1.05917     0.00462       0.44  %   40000     
1.138969e+03      0.19            0.01            1.06825     0.00529       0.49  %   40000     
1.139359e+03      0.15            0.01            1.06374     0.00485       0.46  %   50000     
1.139363e+03      0.15            0.01            1.07269     0.00518       0.48  %   50000     
1.139832e+03      0.12            0.01            1.09292     0.00532       0.49  %   70000     
1.140125e+03      0.11            0.01            1.08654     0.00531       0.49  %   70000     
1.140325e+03      0.10            0.01            1.09954     0.00518       0.47  %   90000     
1.140901e+03      0.08            0.01            1.10443     0.00539       0.49  %   100000    
1.141400e+03      0.07            0.01            1.12944     0.00627       0.56  %   100000    
1.141580e+03      0.07            0.01            1.13718     0.00660       0.58  %   100000    
1.142300e+03      0.06            0.01            1.15329     0.00745       0.65  %   100000    
1.142943e+03      0.05            0.01            1.16341     0.00802       0.69  %   100000    
1.143222e+03      0.05            0.01            1.16507     0.00827       0.71  %   100000    
1.144244e+03      0.04            0.01            1.16327     0.00878       0.75  %   100000    
1.145262e+03      0.03            0.01            1.18074     0.00967       0.82  %   100000    
1.145436e+03      0.03            0.01            1.19518     0.01016       0.85  %   100000    
1.146903e+03      0.03            0.01            1.20613     0.01108       0.92  %   100000    
1.148369e+03      0.03            0.01            1.25423     0.01282       1.02  %   100000    
1.149106e+03      0.02            0.01            1.23984     0.01258       1.01  %   100000    
1.150727e+03      0.02            0.01            1.28519     0.01423       1.11  %   100000    
1.153715e+03      0.02            0.00            1.22431     0.01302       1.06  %   100000    
1.157472e+03      0.02            0.00            1.18500     0.01183       1.00  %   100000    
1.160034e+03      0.02            0.00            1.02310     0.00492       0.48  %   70000     
1.163999e+03      0.02            0.00            1.00661     0.00467       0.46  %   20000     
1.167194e+03      0.02            0.00            1.00570     0.00403       0.40  %   20000     
1.169284e+03      0.02            0.00            1.00000     0.00000       0.00  %   10000     
1.170821e+03      0.03            0.00            1.00000     0.00000       0.00  %   10000     
1.172358e+03      0.03            0.00            1.00353     0.00353       0.35  %   10000     
1.173350e+03      0.03            0.00            1.00303     0.00303       0.30  %   10000     
1.173846e+03      0.04            0.00            1.00000     0.00000       0.00  %   10000     
1.174176e+03      0.04            0.00            1.00256     0.00256       0.26  %   10000     
1.174838e+03      0.04            0.00            1.00214     0.00214       0.21  %   10000     
1.175217e+03      0.05            0.00            1.00187     0.00187       0.19  %   10000     
1.175502e+03      0.06            0.00            1.00163     0.00163       0.16  %   10000     
1.175680e+03      0.06            0.00            1.00143     0.00143       0.14  %   10000     
1.175823e+03      0.07            0.00            1.00247     0.00175       0.17  %   10000     
1.175865e+03      0.08            0.00            1.00000     0.00000       0.00  %   10000     
1.175947e+03      0.09            0.00            1.00000     0.00000       0.00  %   10000     
1.176054e+03      0.10            0.00            1.00088     0.00088       0.09  %   10000     
1.176160e+03      0.13            0.00            1.00145     0.00102       0.10  %   10000     
1.176257e+03      0.16            0.00            1.00119     0.00084       0.08  %   10000     
1.176355e+03      0.20            0.00            1.00049     0.00049       0.05  %   10000     
1.176453e+03      0.26            0.00            1.00000     0.00000       0.00  %   10000     
1.176567e+03      0.34            0.00            1.00000     0.00000       0.00  %   10000     
1.176615e+03      0.38            0.00            1.00060     0.00043       0.04  %   10000     
1.176693e+03      0.45            0.00            1.00054     0.00038       0.04  %   10000     
1.176834e+03      0.61            0.00            1.00022     0.00022       0.02  %   10000     
1.176861e+03      0.64            0.00            1.00000     0.00000       0.00  %   10000     
1.177263e+03      1.16            0.00            1.00017     0.00017       0.02  %   10000     
1.177323e+03      1.21            0.00            1.00000     0.00000       0.00  %   10000     
1.177448e+03      1.32            0.00            1.00032     0.00023       0.02  %   10000     
1.177604e+03      1.36            0.00            1.00000     0.00000       0.00  %   10000     
1.177765e+03      1.32            0.00            1.00000     0.00000       0.00  %   10000     
1.177860e+03      1.24            0.00            1.00000     0.00000       0.00  %   10000     
1.177874e+03      1.23            0.00            1.00017     0.00017       0.02  %   10000     
1.177945e+03      1.17            0.00            1.00000     0.00000       0.00  %   10000     
1.178266e+03      0.77            0.00            1.00020     0.00020       0.02  %   10000     
1.178433e+03      0.57            0.00            1.00047     0.00034       0.03  %   10000     
1.178578e+03      0.43            0.00            1.00083     0.00048       0.05  %   10000     
1.178695e+03      0.34            0.00            1.00064     0.00045       0.04  %   10000     
1.178812e+03      0.27            0.00            1.00073     0.00052       0.05  %   10000     
1.178932e+03      0.22            0.00            1.00083     0.00059       0.06  %   10000     
1.179058e+03      0.19            0.00            1.00230     0.00103       0.10  %   10000     
1.179184e+03      0.17            0.00            1.00098     0.00069       0.07  %   10000     
1.179310e+03      0.16            0.00            1.00100     0.00071       0.07  %   10000     
1.179436e+03      0.16            0.00            1.00296     0.00121       0.12  %   10000     
1.179449e+03      0.16            0.00            1.00098     0.00069       0.07  %   10000     
1.179646e+03      0.16            0.00            1.00046     0.00046       0.05  %   10000     
1.179898e+03      0.18            0.00            1.00164     0.00082       0.08  %   10000     
1.180192e+03      0.21            0.00            1.00104     0.00060       0.06  %   10000     
1.180468e+03      0.25            0.00            1.00058     0.00041       0.04  %   10000     
1.180481e+03      0.26            0.00            1.00086     0.00050       0.05  %   10000     
1.180703e+03      0.30            0.00            1.00126     0.00056       0.06  %   10000     
1.180821e+03      0.34            0.00            1.00023     0.00023       0.02  %   10000     
1.180911e+03      0.37            0.00            1.00045     0.00032       0.03  %   10000     
1.181026e+03      0.42            0.00            1.00042     0.00030       0.03  %   10000     
1.181093e+03      0.45            0.00            1.00042     0.00029       0.03  %   10000     
1.181151e+03      0.49            0.00            1.00020     0.00020       0.02  %   10000     
1.181250e+03      0.55            0.00            1.00060     0.00034       0.03  %   10000     
1.181276e+03      0.58            0.00            1.00039     0.00028       0.03  %   10000     
1.181383e+03      0.68            0.00            1.00039     0.00028       0.03  %   10000     
1.181393e+03      0.69            0.00            1.00098     0.00044       0.04  %   10000     
1.181477e+03      0.80            0.00            1.00039     0.00028       0.03  %   10000     
1.181511e+03      0.84            0.00            1.00039     0.00028       0.03  %   10000     
1.181571e+03      0.94            0.00            1.00020     0.00020       0.02  %   10000     
1.181628e+03      1.04            0.00            1.00020     0.00020       0.02  %   10000     
1.181664e+03      1.13            0.00            1.00040     0.00029       0.03  %   10000     
1.181735e+03      1.30            0.00            1.00000     0.00000       0.00  %   10000     
1.181755e+03      1.36            0.00            1.00021     0.00021       0.02  %   10000     
1.181839e+03      1.62            0.00            1.00064     0.00037       0.04  %   10000     
1.181845e+03      1.64            0.00            1.00043     0.00030       0.03  %   10000     
1.181936e+03      2.00            0.00            1.00044     0.00031       0.03  %   10000     
1.181943e+03      2.03            0.00            1.00022     0.00022       0.02  %   10000     
1.182036e+03      2.50            0.00            1.00046     0.00032       0.03  %   10000     
1.182062e+03      2.64            0.00            1.00163     0.00062       0.06  %   10000     
1.182139e+03      3.15            0.00            1.00047     0.00033       0.03  %   10000     
1.182189e+03      3.48            0.01            1.00194     0.00069       0.07  %   10000     
1.182254e+03      4.01            0.00            1.00025     0.00025       0.02  %   10000     
1.182335e+03      4.69            0.00            1.00025     0.00025       0.03  %   10000     
1.182390e+03      5.25            0.01            1.00127     0.00057       0.06  %   10000     
1.182544e+03      6.85            0.01            1.00159     0.00065       0.06  %   10000     
1.182552e+03      6.94            0.01            1.00133     0.00059       0.06  %   10000     
1.182911e+03      10.95           0.02            1.00142     0.00064       0.06  %   10000     
1.182982e+03      11.53           0.03            1.00261     0.00087       0.09  %   10000     
1.183082e+03      12.34           0.03            1.00204     0.00077       0.08  %   10000     
1.183174e+03      12.69           0.04            1.00329     0.00099       0.10  %   10000     
1.183259e+03      13.01           0.05            1.00360     0.00104       0.10  %   10000     
1.183299e+03      13.03           0.03            1.00242     0.00085       0.09  %   10000     
1.183351e+03      12.89           0.03            1.00246     0.00087       0.09  %   10000     
1.183406e+03      12.74           0.06            1.00435     0.00116       0.12  %   10000     
1.183478e+03      12.54           0.03            1.00249     0.00088       0.09  %   10000     
1.183562e+03      11.90           0.07            1.00575     0.00136       0.13  %   10000     
1.183679e+03      11.01           0.04            1.00356     0.00107       0.11  %   10000     
1.183754e+03      10.19           0.06            1.00630     0.00144       0.14  %   10000     
1.184179e+03      5.49            0.03            1.00601     0.00150       0.15  %   10000     
1.184309e+03      4.30            0.01            1.00274     0.00104       0.10  %   10000     
1.184346e+03      3.95            0.04            1.00924     0.00193       0.19  %   10000     
1.184488e+03      2.92            0.02            1.00690     0.00172       0.17  %   10000     
1.184496e+03      2.88            0.02            1.00821     0.00188       0.19  %   10000     
1.184606e+03      2.26            0.02            1.01072     0.00223       0.22  %   10000     
1.184664e+03      2.00            0.03            1.01384     0.00257       0.25  %   10000     
1.184728e+03      1.73            0.02            1.01012     0.00226       0.22  %   10000     
1.184832e+03      1.38            0.01            1.00923     0.00224       0.22  %   10000     
1.184936e+03      1.12            0.01            1.01064     0.00251       0.25  %   10000     
1.184996e+03      1.00            0.01            1.01467     0.00299       0.29  %   10000     
1.185051e+03      0.89            0.02            1.01678     0.00329       0.32  %   10000     
1.185160e+03      0.74            0.01            1.01042     0.00269       0.27  %   10000     
1.185181e+03      0.71            0.01            1.02060     0.00382       0.37  %   10000     
1.185312e+03      0.58            0.01            1.01796     0.00374       0.37  %   10000     
1.185364e+03      0.55            0.01            1.02077     0.00407       0.40  %   10000     
1.185468e+03      0.47            0.01            1.02079     0.00424       0.42  %   10000     
1.185625e+03      0.39            0.01            1.01971     0.00430       0.42  %   10000     
1.185651e+03      0.38            0.01            1.02108     0.00449       0.44  %   10000     
1.185833e+03      0.32            0.01            1.01906     0.00449       0.44  %   10000     
1.186013e+03      0.27            0.01            1.02445     0.00372       0.36  %   20000     
1.186046e+03      0.26            0.00            1.01625     0.00434       0.43  %   10000     
1.186302e+03      0.22            0.01            1.03311     0.00463       0.45  %   20000     
1.186554e+03      0.19            0.01            1.03983     0.00431       0.41  %   30000     
1.186622e+03      0.18            0.01            1.04213     0.00451       0.43  %   30000     
1.186996e+03      0.14            0.01            1.04346     0.00488       0.47  %   30000     
1.187316e+03      0.12            0.01            1.04295     0.00506       0.48  %   30000     
1.187370e+03      0.12            0.01            1.05111     0.00482       0.46  %   40000     
1.187815e+03      0.10            0.00            1.04522     0.00482       0.46  %   40000     
1.188260e+03      0.09            0.01            1.06531     0.00494       0.46  %   60000     
1.188313e+03      0.08            0.01            1.05941     0.00518       0.49  %   50000     
1.188826e+03      0.07            0.00            1.06157     0.00507       0.48  %   60000     
1.189467e+03      0.06            0.00            1.07464     0.00506       0.47  %   80000     
1.189502e+03      0.06            0.00            1.07238     0.00500       0.47  %   80000     
1.190177e+03      0.05            0.00            1.07444     0.00530       0.49  %   80000     
1.191220e+03      0.05            0.00            1.07736     0.00531       0.49  %   90000     
1.191638e+03      0.04            0.00            1.08641     0.00535       0.49  %   100000    
1.192226e+03      0.04            0.00            1.08627     0.00544       0.50  %   100000    
1.193735e+03      0.04            0.00            1.08966     0.00557       0.51  %   100000    
1.194741e+03      0.04            0.00            1.08402     0.00531       0.49  %   100000    
1.196409e+03      0.04            0.00            1.07469     0.00526       0.49  %   80000     
1.197521e+03      0.04            0.00            1.06218     0.00519       0.49  %   60000     
1.198633e+03      0.04            0.00            1.04555     0.00499       0.48  %   40000     
1.199335e+03      0.05            0.00            1.03746     0.00487       0.47  %   30000     
1.199776e+03      0.05            0.00            1.04440     0.00505       0.48  %   30000     
1.200656e+03      0.06            0.00            1.02857     0.00440       0.43  %   20000     
1.201315e+03      0.07            0.00            1.02915     0.00400       0.39  %   20000     
1.201389e+03      0.07            0.00            1.02413     0.00359       0.35  %   20000     
1.202070e+03      0.09            0.00            1.01784     0.00380       0.37  %   10000     
1.202604e+03      0.10            0.00            1.01076     0.00261       0.26  %   10000     
1.202803e+03      0.11            0.00            1.00968     0.00234       0.23  %   10000     
1.203082e+03      0.13            0.00            1.00837     0.00203       0.20  %   10000     
1.203511e+03      0.15            0.00            1.00768     0.00172       0.17  %   10000     
1.203879e+03      0.19            0.00            1.00460     0.00119       0.12  %   10000     
1.204085e+03      0.22            0.00            1.00402     0.00104       0.10  %   10000     
1.204192e+03      0.23            0.00            1.00456     0.00107       0.11  %   10000     
1.204359e+03      0.26            0.00            1.00207     0.00069       0.07  %   10000     
1.204486e+03      0.29            0.00            1.00261     0.00075       0.07  %   10000     
1.204492e+03      0.29            0.00            1.00260     0.00075       0.07  %   10000     
1.204690e+03      0.34            0.00            1.00260     0.00072       0.07  %   10000     
1.204732e+03      0.35            0.00            1.00279     0.00074       0.07  %   10000     
1.204853e+03      0.40            0.00            1.00135     0.00051       0.05  %   10000     
1.204944e+03      0.44            0.00            1.00309     0.00077       0.08  %   10000     
1.204980e+03      0.46            0.00            1.00268     0.00072       0.07  %   10000     
1.205085e+03      0.52            0.00            1.00387     0.00086       0.09  %   10000     
1.205122e+03      0.54            0.00            1.00255     0.00071       0.07  %   10000     
1.205191e+03      0.60            0.00            1.00218     0.00066       0.07  %   10000     
1.205257e+03      0.65            0.00            1.00163     0.00058       0.06  %   10000     
1.205282e+03      0.68            0.00            1.00225     0.00068       0.07  %   10000     
1.205372e+03      0.78            0.00            1.00277     0.00077       0.08  %   10000     
1.205393e+03      0.80            0.00            1.00389     0.00092       0.09  %   10000     
1.205460e+03      0.90            0.00            1.00311     0.00083       0.08  %   10000     
1.205529e+03      1.01            0.00            1.00210     0.00070       0.07  %   10000     
1.205550e+03      1.06            0.00            1.00445     0.00102       0.10  %   10000     
1.205641e+03      1.25            0.00            1.00198     0.00070       0.07  %   10000     
1.205654e+03      1.28            0.01            1.00476     0.00109       0.11  %   10000     
1.205735e+03      1.51            0.01            1.00522     0.00117       0.12  %   10000     
1.205779e+03      1.64            0.01            1.00568     0.00124       0.12  %   10000     
1.205821e+03      1.80            0.01            1.00356     0.00099       0.10  %   10000     
1.205910e+03      2.14            0.01            1.00348     0.00100       0.10  %   10000     
1.205920e+03      2.19            0.01            1.00493     0.00119       0.12  %   10000     
1.206029e+03      2.74            0.01            1.00520     0.00126       0.13  %   10000     
1.206043e+03      2.81            0.01            1.00526     0.00127       0.13  %   10000     
1.206142e+03      3.44            0.03            1.00737     0.00154       0.15  %   10000     
1.206176e+03      3.66            0.02            1.00590     0.00139       0.14  %   10000     
1.206265e+03      4.37            0.03            1.00737     0.00157       0.16  %   10000     
1.206345e+03      5.00            0.03            1.00661     0.00152       0.15  %   10000     
1.206417e+03      5.69            0.04            1.00669     0.00153       0.15  %   10000     
1.206664e+03      8.00            0.06            1.00757     0.00169       0.17  %   10000     
1.206866e+03      9.89            0.08            1.00783     0.00175       0.17  %   10000     
1.206934e+03      10.34           0.07            1.00640     0.00160       0.16  %   10000     
1.207026e+03      10.95           0.10            1.00886     0.00189       0.19  %   10000     
1.207118e+03      11.20           0.16            1.01411     0.00242       0.24  %   10000     
1.207226e+03      11.50           0.08            1.00667     0.00167       0.17  %   10000     
1.207242e+03      11.51           0.16            1.01380     0.00240       0.24  %   10000     
1.207308e+03      11.38           0.10            1.00899     0.00196       0.19  %   10000     
1.207349e+03      11.30           0.10            1.00905     0.00197       0.20  %   10000     
1.207393e+03      11.22           0.08            1.00690     0.00172       0.17  %   10000     
1.207499e+03      10.62           0.10            1.00932     0.00203       0.20  %   10000     
1.207566e+03      10.25           0.12            1.01201     0.00231       0.23  %   10000     
1.207721e+03      8.88            0.09            1.01026     0.00218       0.22  %   10000     
1.207837e+03      7.86            0.06            1.00759     0.00189       0.19  %   10000     
1.208136e+03      5.00            0.04            1.00892     0.00216       0.21  %   10000     
1.208252e+03      4.08            0.03            1.00759     0.00203       0.20  %   10000     
1.208305e+03      3.66            0.03            1.00954     0.00231       0.23  %   10000     
1.208445e+03      2.78            0.04            1.01372     0.00286       0.28  %   10000     
1.208450e+03      2.75            0.05            1.01737     0.00322       0.32  %   10000     
1.208583e+03      2.09            0.03            1.01229     0.00282       0.28  %   10000     
1.208614e+03      1.98            0.02            1.01174     0.00277       0.27  %   10000     
1.208711e+03      1.61            0.02            1.01123     0.00281       0.28  %   10000     
1.208793e+03      1.38            0.02            1.01461     0.00326       0.32  %   10000     
1.208820e+03      1.30            0.02            1.01425     0.00327       0.32  %   10000     
1.208952e+03      1.02            0.02            1.02373     0.00440       0.43  %   10000     
1.208980e+03      0.97            0.02            1.01900     0.00396       0.39  %   10000     
1.209072e+03      0.83            0.02            1.02041     0.00425       0.42  %   10000     
1.209174e+03      0.71            0.01            1.01961     0.00428       0.42  %   10000     
1.209207e+03      0.67            0.01            1.01444     0.00373       0.37  %   10000     
1.209343e+03      0.56            0.01            1.02089     0.00467       0.46  %   10000     
1.209416e+03      0.51            0.01            1.02621     0.00374       0.36  %   20000     
1.209512e+03      0.45            0.01            1.01826     0.00456       0.45  %   10000     
1.209693e+03      0.38            0.01            1.02841     0.00418       0.41  %   20000     
1.209717e+03      0.37            0.01            1.02421     0.00387       0.38  %   20000     
1.209905e+03      0.31            0.01            1.03248     0.00468       0.45  %   20000     
1.210080e+03      0.27            0.01            1.02204     0.00396       0.39  %   20000     
1.210162e+03      0.26            0.01            1.03799     0.00432       0.42  %   30000     
1.210479e+03      0.21            0.01            1.03765     0.00453       0.44  %   30000     
1.210612e+03      0.20            0.01            1.03352     0.00432       0.42  %   30000     
1.210804e+03      0.18            0.01            1.03392     0.00449       0.43  %   30000     
1.211235e+03      0.14            0.01            1.04108     0.00517       0.50  %   30000     
1.211283e+03      0.14            0.00            1.03340     0.00467       0.45  %   30000     
1.211737e+03      0.12            0.01            1.04733     0.00504       0.48  %   40000     
1.212246e+03      0.10            0.00            1.03476     0.00512       0.49  %   30000     
1.212305e+03      0.10            0.00            1.04411     0.00502       0.48  %   40000     
1.212967e+03      0.09            0.00            1.05253     0.00503       0.48  %   50000     
1.213346e+03      0.08            0.00            1.04340     0.00511       0.49  %   40000     
1.213464e+03      0.08            0.00            1.05765     0.00528       0.50  %   50000     
1.214125e+03      0.08            0.00            1.04449     0.00513       0.49  %   40000     
1.214456e+03      0.08            0.00            1.04256     0.00494       0.47  %   40000     
1.215010e+03      0.08            0.00            1.04592     0.00492       0.47  %   40000     
1.215564e+03      0.09            0.00            1.03187     0.00442       0.43  %   30000     
1.215979e+03      0.10            0.00            1.03140     0.00496       0.48  %   20000     
1.216187e+03      0.11            0.00            1.01685     0.00486       0.48  %   10000     
1.216360e+03      0.12            0.00            1.02417     0.00387       0.38  %   20000     
1.216498e+03      0.14            0.00            1.02553     0.00372       0.36  %   20000     
1.216550e+03      0.15            0.00            1.01627     0.00406       0.40  %   10000     
1.216619e+03      0.16            0.00            1.01779     0.00408       0.40  %   10000     
1.216726e+03      0.19            0.00            1.01994     0.00398       0.39  %   10000     
1.216836e+03      0.23            0.00            1.01778     0.00342       0.34  %   10000     
1.216928e+03      0.28            0.00            1.00718     0.00199       0.20  %   10000     
1.217020e+03      0.34            0.00            1.00918     0.00205       0.20  %   10000     
1.217111e+03      0.43            0.00            1.00838     0.00178       0.18  %   10000     
1.217196e+03      0.54            0.00            1.00161     0.00072       0.07  %   10000     
1.217203e+03      0.55            0.00            1.00541     0.00131       0.13  %   10000     
1.217310e+03      0.72            0.00            1.00185     0.00070       0.07  %   10000     
1.217325e+03      0.75            0.00            1.00258     0.00081       0.08  %   10000     
1.217424e+03      0.96            0.00            1.00135     0.00055       0.06  %   10000     
1.217547e+03      1.29            0.00            1.00214     0.00065       0.06  %   10000     
1.217548e+03      1.29            0.00            1.00097     0.00044       0.04  %   10000     
1.217700e+03      1.79            0.00            1.00138     0.00049       0.05  %   10000     
1.217707e+03      1.81            0.00            1.00120     0.00045       0.05  %   10000     
1.217897e+03      2.52            0.00            1.00111     0.00042       0.04  %   10000     
1.218125e+03      3.37            0.00            1.00107     0.00040       0.04  %   10000     
1.218264e+03      3.74            0.01            1.00137     0.00046       0.05  %   10000     
1.218302e+03      3.84            0.00            1.00107     0.00040       0.04  %   10000     
1.218466e+03      4.01            0.01            1.00155     0.00049       0.05  %   10000     
1.218484e+03      4.01            0.01            1.00140     0.00047       0.05  %   10000     
1.218569e+03      3.94            0.00            1.00064     0.00032       0.03  %   10000     
1.218651e+03      3.86            0.01            1.00210     0.00058       0.06  %   10000     
1.218790e+03      3.52            0.01            1.00237     0.00063       0.06  %   10000     
1.218828e+03      3.42            0.01            1.00206     0.00059       0.06  %   10000     
1.218853e+03      3.33            0.01            1.00156     0.00052       0.05  %   10000     
1.219094e+03      2.46            0.01            1.00295     0.00076       0.08  %   10000     
1.219312e+03      1.67            0.00            1.00280     0.00081       0.08  %   10000     
1.219471e+03      1.19            0.01            1.00496     0.00117       0.12  %   10000     
1.219592e+03      0.91            0.01            1.00672     0.00147       0.15  %   10000     
1.219697e+03      0.72            0.01            1.01102     0.00201       0.20  %   10000     
1.219773e+03      0.62            0.01            1.00966     0.00197       0.20  %   10000     
1.219803e+03      0.58            0.00            1.00843     0.00188       0.19  %   10000     
1.219910e+03      0.47            0.01            1.01063     0.00226       0.22  %   10000     
1.220025e+03      0.39            0.00            1.01199     0.00255       0.25  %   10000     
1.220042e+03      0.39            0.00            1.00937     0.00227       0.22  %   10000     
1.220136e+03      0.35            0.01            1.01672     0.00315       0.31  %   10000     
1.220247e+03      0.32            0.00            1.01010     0.00252       0.25  %   10000     
1.220338e+03      0.31            0.00            1.01470     0.00306       0.30  %   10000     
1.220396e+03      0.30            0.01            1.01814     0.00342       0.34  %   10000     
1.220470e+03      0.30            0.00            1.01164     0.00274       0.27  %   10000     
1.220486e+03      0.31            0.00            1.01545     0.00315       0.31  %   10000     
1.220692e+03      0.32            0.00            1.01370     0.00292       0.29  %   10000     
1.220849e+03      0.36            0.00            1.01284     0.00274       0.27  %   10000     
1.220915e+03      0.37            0.01            1.01671     0.00310       0.30  %   10000     
1.221137e+03      0.44            0.01            1.01315     0.00263       0.26  %   10000     
1.221145e+03      0.44            0.01            1.01204     0.00251       0.25  %   10000     
1.221315e+03      0.52            0.01            1.01137     0.00237       0.23  %   10000     
1.221372e+03      0.56            0.01            1.01387     0.00257       0.25  %   10000     
1.221496e+03      0.64            0.01            1.00977     0.00213       0.21  %   10000     
1.221543e+03      0.69            0.01            1.00907     0.00203       0.20  %   10000     
1.221659e+03      0.80            0.01            1.00936     0.00204       0.20  %   10000     
1.221699e+03      0.86            0.01            1.00700     0.00175       0.17  %   10000     
1.221807e+03      1.00            0.01            1.01429     0.00248       0.24  %   10000     
1.221830e+03      1.05            0.01            1.00686     0.00171       0.17  %   10000     
1.221949e+03      1.26            0.01            1.00641     0.00165       0.16  %   10000     
1.221972e+03      1.32            0.01            1.01101     0.00216       0.21  %   10000     
1.222097e+03      1.63            0.01            1.00765     0.00180       0.18  %   10000     
1.222112e+03      1.68            0.02            1.01100     0.00215       0.21  %   10000     
1.222242e+03      2.10            0.02            1.00768     0.00181       0.18  %   10000     
1.222254e+03      2.15            0.02            1.00808     0.00185       0.18  %   10000     
1.222405e+03      2.78            0.02            1.00732     0.00177       0.18  %   10000     
1.222409e+03      2.80            0.03            1.00947     0.00202       0.20  %   10000     
1.222586e+03      3.73            0.03            1.00917     0.00200       0.20  %   10000     
1.222628e+03      3.95            0.06            1.01636     0.00268       0.26  %   10000     
1.222884e+03      5.47            0.09            1.01593     0.00269       0.26  %   10000     
1.223075e+03      6.59            0.08            1.01289     0.00243       0.24  %   10000     
1.223174e+03      6.98            0.07            1.00992     0.00216       0.21  %   10000     
1.223313e+03      7.52            0.09            1.01141     0.00233       0.23  %   10000     
1.223339e+03      7.55            0.08            1.01054     0.00225       0.22  %   10000     
1.223486e+03      7.74            0.09            1.01113     0.00232       0.23  %   10000     
1.223545e+03      7.65            0.11            1.01482     0.00270       0.27  %   10000     
1.223573e+03      7.61            0.16            1.02085     0.00321       0.31  %   10000     
1.223685e+03      7.44            0.12            1.01595     0.00281       0.28  %   10000     
1.223741e+03      7.21            0.10            1.01371     0.00263       0.26  %   10000     
1.223899e+03      6.57            0.11            1.01750     0.00300       0.29  %   10000     
1.223978e+03      6.11            0.09            1.01426     0.00274       0.27  %   10000     
1.224453e+03      3.34            0.10            1.02860     0.00412       0.40  %   10000     
1.224532e+03      2.96            0.06            1.01874     0.00336       0.33  %   10000     
1.224634e+03      2.47            0.05            1.02037     0.00360       0.35  %   10000     
1.224729e+03      2.11            0.06            1.02809     0.00428       0.42  %   10000     
1.224798e+03      1.85            0.05            1.02943     0.00448       0.43  %   10000     
1.224927e+03      1.49            0.03            1.02090     0.00388       0.38  %   10000     
1.224947e+03      1.43            0.05            1.03225     0.00485       0.47  %   10000     
1.225095e+03      1.11            0.03            1.02623     0.00456       0.44  %   10000     
1.225124e+03      1.06            0.03            1.03281     0.00511       0.50  %   10000     
1.225243e+03      0.87            0.03            1.03679     0.00398       0.38  %   20000     
1.225322e+03      0.78            0.02            1.02675     0.00488       0.48  %   10000     
1.225389e+03      0.70            0.03            1.04361     0.00451       0.43  %   20000     
1.225535e+03      0.58            0.02            1.04075     0.00452       0.43  %   20000     
1.225555e+03      0.56            0.02            1.03784     0.00439       0.42  %   20000     
1.225741e+03      0.45            0.02            1.04919     0.00429       0.41  %   30000     
1.225778e+03      0.44            0.02            1.04212     0.00489       0.47  %   20000     
1.225938e+03      0.37            0.02            1.05218     0.00464       0.44  %   30000     
1.226103e+03      0.32            0.02            1.05369     0.00485       0.46  %   30000     
1.226144e+03      0.31            0.02            1.05184     0.00482       0.46  %   30000     
1.226391e+03      0.26            0.02            1.06645     0.00497       0.47  %   40000     
1.226432e+03      0.25            0.02            1.06976     0.00512       0.48  %   40000     
1.226679e+03      0.21            0.02            1.07237     0.00490       0.46  %   50000     
1.226926e+03      0.18            0.01            1.06911     0.00497       0.46  %   50000     
1.227009e+03      0.17            0.01            1.07669     0.00486       0.45  %   60000     
1.227420e+03      0.14            0.01            1.08074     0.00531       0.49  %   60000     
1.227633e+03      0.13            0.01            1.08923     0.00528       0.49  %   70000     
1.227903e+03      0.11            0.01            1.10547     0.00529       0.48  %   90000     
1.228466e+03      0.09            0.01            1.11846     0.00567       0.51  %   100000    
1.228695e+03      0.09            0.01            1.12302     0.00589       0.52  %   100000    
1.229044e+03      0.08            0.01            1.12951     0.00629       0.56  %   100000    
1.229720e+03      0.06            0.01            1.14972     0.00717       0.62  %   100000    
1.230186e+03      0.06            0.01            1.14506     0.00726       0.63  %   100000    
1.230508e+03      0.05            0.01            1.16507     0.00795       0.68  %   100000    
1.231526e+03      0.05            0.01            1.16927     0.00853       0.73  %   100000    
1.231961e+03      0.04            0.01            1.16540     0.00856       0.73  %   100000    
1.232545e+03      0.04            0.01            1.14163     0.00815       0.71  %   100000    
1.233768e+03      0.04            0.00            1.12223     0.00785       0.70  %   100000    
1.235185e+03      0.03            0.00            1.13141     0.00825       0.73  %   100000    
1.235278e+03      0.03            0.00            1.12709     0.00813       0.72  %   100000    
1.236788e+03      0.03            0.00            1.13486     0.00829       0.73  %   100000    
1.238293e+03      0.03            0.00            1.11760     0.00740       0.66  %   100000    
1.239296e+03      0.04            0.00            1.09717     0.00636       0.58  %   100000    
1.240048e+03      0.04            0.00            1.08843     0.00570       0.52  %   100000    
1.240529e+03      0.04            0.00            1.07505     0.00524       0.49  %   90000     
1.240801e+03      0.04            0.00            1.06676     0.00507       0.48  %   80000     
1.241386e+03      0.05            0.00            1.05480     0.00482       0.46  %   60000     
1.241805e+03      0.06            0.00            1.04993     0.00517       0.49  %   40000     
1.241895e+03      0.06            0.00            1.03635     0.00431       0.42  %   40000     
1.242190e+03      0.07            0.00            1.04140     0.00491       0.47  %   30000     
1.242496e+03      0.09            0.00            1.02511     0.00424       0.41  %   20000     
1.242751e+03      0.10            0.00            1.01769     0.00323       0.32  %   20000     
1.242955e+03      0.12            0.00            1.02053     0.00447       0.44  %   10000     
1.243011e+03      0.13            0.00            1.00733     0.00259       0.26  %   10000     
1.243120e+03      0.15            0.00            1.01545     0.00354       0.35  %   10000     
1.243252e+03      0.18            0.00            1.01914     0.00361       0.35  %   10000     
1.243367e+03      0.21            0.00            1.00633     0.00191       0.19  %   10000     
1.243483e+03      0.27            0.00            1.00997     0.00217       0.22  %   10000     
1.243585e+03      0.33            0.00            1.00396     0.00125       0.12  %   10000     
1.243656e+03      0.39            0.00            1.00279     0.00098       0.10  %   10000     
1.243687e+03      0.42            0.00            1.00266     0.00094       0.09  %   10000     
1.243777e+03      0.53            0.00            1.00344     0.00099       0.10  %   10000     
1.243797e+03      0.56            0.00            1.00525     0.00120       0.12  %   10000     
1.243866e+03      0.67            0.00            1.00378     0.00097       0.10  %   10000     
1.243959e+03      0.85            0.00            1.00245     0.00074       0.07  %   10000     
1.243960e+03      0.85            0.00            1.00133     0.00054       0.05  %   10000     
1.244062e+03      1.12            0.00            1.00280     0.00075       0.07  %   10000     
1.244080e+03      1.18            0.00            1.00314     0.00079       0.08  %   10000     
1.244165e+03      1.47            0.00            1.00074     0.00037       0.04  %   10000     
1.244204e+03      1.63            0.00            1.00126     0.00047       0.05  %   10000     
1.244290e+03      2.01            0.00            1.00069     0.00035       0.03  %   10000     
1.244343e+03      2.29            0.00            1.00068     0.00034       0.03  %   10000     
1.244438e+03      2.81            0.00            1.00149     0.00050       0.05  %   10000     
1.244483e+03      3.11            0.00            1.00065     0.00033       0.03  %   10000     
1.244641e+03      4.18            0.01            1.00129     0.00046       0.05  %   10000     
1.244657e+03      4.28            0.01            1.00130     0.00046       0.05  %   10000     
1.244948e+03      6.33            0.01            1.00180     0.00054       0.05  %   10000     
1.244957e+03      6.38            0.01            1.00131     0.00046       0.05  %   10000     
1.245149e+03      7.34            0.01            1.00134     0.00047       0.05  %   10000     
1.245220e+03      7.47            0.01            1.00170     0.00054       0.05  %   10000     
1.245327e+03      7.68            0.02            1.00258     0.00066       0.07  %   10000     
1.245336e+03      7.68            0.01            1.00120     0.00046       0.05  %   10000     
1.245405e+03      7.56            0.01            1.00140     0.00050       0.05  %   10000     
1.245503e+03      7.40            0.01            1.00178     0.00056       0.06  %   10000     
1.245530e+03      7.28            0.01            1.00126     0.00048       0.05  %   10000     
1.245700e+03      6.47            0.01            1.00207     0.00062       0.06  %   10000     
1.245709e+03      6.41            0.01            1.00151     0.00053       0.05  %   10000     
1.245932e+03      4.87            0.02            1.00368     0.00087       0.09  %   10000     
1.246196e+03      3.04            0.01            1.00190     0.00067       0.07  %   10000     
1.246348e+03      2.17            0.01            1.00458     0.00111       0.11  %   10000     
1.246435e+03      1.77            0.01            1.00667     0.00139       0.14  %   10000     
1.246474e+03      1.60            0.01            1.00763     0.00152       0.15  %   10000     
1.246586e+03      1.19            0.01            1.00700     0.00156       0.16  %   10000     
1.246655e+03      1.01            0.01            1.01216     0.00215       0.21  %   10000     
1.246692e+03      0.90            0.01            1.00890     0.00190       0.19  %   10000     
1.246788e+03      0.70            0.01            1.01267     0.00243       0.24  %   10000     
1.246864e+03      0.58            0.01            1.01418     0.00273       0.27  %   10000     
1.246879e+03      0.55            0.01            1.01027     0.00235       0.23  %   10000     
1.246976e+03      0.43            0.00            1.01148     0.00270       0.27  %   10000     
1.247074e+03      0.34            0.01            1.01936     0.00379       0.37  %   10000     
1.247126e+03      0.31            0.00            1.01596     0.00356       0.35  %   10000     
1.247172e+03      0.28            0.01            1.02245     0.00440       0.43  %   10000     
1.247284e+03      0.23            0.01            1.02679     0.00367       0.36  %   20000     
1.247399e+03      0.19            0.01            1.02721     0.00396       0.39  %   20000     
1.247442e+03      0.18            0.01            1.03544     0.00461       0.44  %   20000     
1.247530e+03      0.16            0.01            1.04373     0.00439       0.42  %   30000     
1.247661e+03      0.14            0.01            1.03759     0.00431       0.42  %   30000     
1.247836e+03      0.12            0.01            1.04501     0.00499       0.48  %   30000     
1.248058e+03      0.10            0.00            1.03401     0.00458       0.44  %   30000     
1.248071e+03      0.10            0.00            1.04423     0.00453       0.43  %   40000     
1.248295e+03      0.09            0.00            1.04957     0.00503       0.48  %   40000     
1.248581e+03      0.08            0.00            1.04436     0.00495       0.47  %   40000     
1.248961e+03      0.07            0.00            1.05082     0.00488       0.46  %   50000     
1.249114e+03      0.07            0.00            1.04308     0.00504       0.48  %   40000     
1.249341e+03      0.07            0.00            1.04300     0.00506       0.49  %   40000     
1.249531e+03      0.07            0.00            1.04738     0.00473       0.45  %   50000     
1.249919e+03      0.07            0.00            1.04143     0.00481       0.46  %   40000     
1.250308e+03      0.08            0.00            1.03526     0.00484       0.47  %   30000     
1.250600e+03      0.09            0.00            1.03137     0.00426       0.41  %   30000     
1.250842e+03      0.10            0.00            1.01189     0.00420       0.42  %   10000     
1.251013e+03      0.11            0.00            1.01282     0.00405       0.40  %   10000     
1.251158e+03      0.13            0.00            1.01201     0.00362       0.36  %   10000     
1.251286e+03      0.16            0.00            1.01196     0.00331       0.33  %   10000     
1.251365e+03      0.18            0.00            1.01539     0.00353       0.35  %   10000     
1.251395e+03      0.19            0.00            1.01165     0.00301       0.30  %   10000     
1.251504e+03      0.24            0.00            1.01098     0.00266       0.26  %   10000     
1.251514e+03      0.24            0.00            1.01013     0.00253       0.25  %   10000     
1.251595e+03      0.29            0.00            1.00885     0.00221       0.22  %   10000     
1.251688e+03      0.36            0.00            1.00328     0.00124       0.12  %   10000     
1.251739e+03      0.42            0.00            1.00297     0.00112       0.11  %   10000     
1.251784e+03      0.46            0.00            1.00319     0.00113       0.11  %   10000     
1.251890e+03      0.61            0.00            1.00304     0.00101       0.10  %   10000     
1.251930e+03      0.68            0.00            1.00412     0.00114       0.11  %   10000     
1.251992e+03      0.79            0.00            1.00326     0.00098       0.10  %   10000     
1.252103e+03      1.05            0.00            1.00261     0.00082       0.08  %   10000     
1.252106e+03      1.05            0.00            1.00208     0.00074       0.07  %   10000     
1.252235e+03      1.43            0.00            1.00188     0.00066       0.07  %   10000     
1.252247e+03      1.48            0.01            1.00349     0.00090       0.09  %   10000     
1.252393e+03      2.02            0.00            1.00087     0.00043       0.04  %   10000     
1.252419e+03      2.14            0.00            1.00107     0.00048       0.05  %   10000     
1.252640e+03      3.15            0.00            1.00081     0.00041       0.04  %   10000     
1.252696e+03      3.40            0.01            1.00182     0.00061       0.06  %   10000     
1.252920e+03      4.37            0.01            1.00140     0.00053       0.05  %   10000     
1.253040e+03      4.70            0.01            1.00244     0.00070       0.07  %   10000     
1.253109e+03      4.89            0.01            1.00203     0.00064       0.06  %   10000     
1.253251e+03      5.02            0.01            1.00186     0.00062       0.06  %   10000     
1.253252e+03      5.02            0.01            1.00166     0.00059       0.06  %   10000     
1.253396e+03      4.88            0.01            1.00127     0.00052       0.05  %   10000     
1.253405e+03      4.87            0.01            1.00234     0.00070       0.07  %   10000     
1.253570e+03      4.39            0.02            1.00399     0.00094       0.09  %   10000     
1.253598e+03      4.31            0.01            1.00200     0.00067       0.07  %   10000     
1.253790e+03      3.45            0.01            1.00335     0.00090       0.09  %   10000     
1.253893e+03      2.99            0.01            1.00200     0.00071       0.07  %   10000     
1.254129e+03      1.94            0.01            1.00525     0.00124       0.12  %   10000     
1.254278e+03      1.39            0.01            1.00730     0.00156       0.15  %   10000     
1.254284e+03      1.38            0.01            1.00833     0.00166       0.17  %   10000     
1.254407e+03      1.02            0.00            1.00309     0.00109       0.11  %   10000     
1.254522e+03      0.76            0.01            1.00851     0.00195       0.19  %   10000     
1.254528e+03      0.75            0.00            1.00586     0.00162       0.16  %   10000     
1.254622e+03      0.58            0.01            1.01101     0.00240       0.24  %   10000     
1.254722e+03      0.45            0.01            1.01168     0.00268       0.26  %   10000     
1.254746e+03      0.43            0.00            1.01080     0.00262       0.26  %   10000     
1.254821e+03      0.35            0.00            1.01242     0.00301       0.30  %   10000     
1.254921e+03      0.28            0.01            1.01995     0.00415       0.41  %   10000     
1.254997e+03      0.23            0.00            1.01949     0.00435       0.43  %   10000     
1.255020e+03      0.22            0.01            1.02752     0.00374       0.36  %   20000     
1.255121e+03      0.18            0.00            1.02157     0.00508       0.50  %   10000     
1.255239e+03      0.15            0.01            1.03527     0.00498       0.48  %   20000     
1.255326e+03      0.13            0.00            1.03468     0.00423       0.41  %   30000     
1.255357e+03      0.12            0.00            1.03836     0.00455       0.44  %   30000     
1.255492e+03      0.10            0.00            1.03861     0.00490       0.47  %   30000     
1.255666e+03      0.09            0.00            1.04535     0.00494       0.47  %   40000     
1.255879e+03      0.07            0.00            1.04894     0.00491       0.47  %   50000     
1.255951e+03      0.07            0.00            1.06293     0.00517       0.49  %   60000     
1.256145e+03      0.06            0.00            1.06301     0.00506       0.48  %   70000     
1.256506e+03      0.05            0.00            1.07814     0.00508       0.47  %   100000    
1.256885e+03      0.04            0.00            1.09372     0.00591       0.54  %   100000    
1.257030e+03      0.04            0.00            1.09058     0.00590       0.54  %   100000    
1.257359e+03      0.04            0.00            1.08859     0.00611       0.56  %   100000    
1.257927e+03      0.03            0.00            1.11136     0.00724       0.65  %   100000    
1.258699e+03      0.03            0.00            1.12088     0.00794       0.71  %   100000    
1.258887e+03      0.03            0.00            1.13049     0.00831       0.74  %   100000    
1.259728e+03      0.03            0.00            1.13242     0.00872       0.77  %   100000    
1.261015e+03      0.02            0.00            1.14870     0.00955       0.83  %   100000    
1.262685e+03      0.02            0.00            1.14815     0.00965       0.84  %   100000    
1.264474e+03      0.02            0.00            1.14030     0.00928       0.81  %   100000    
1.264608e+03      0.02            0.00            1.14746     0.00951       0.83  %   100000    
1.266663e+03      0.02            0.00            1.13787     0.00887       0.78  %   100000    
1.268719e+03      0.02            0.00            1.11456     0.00761       0.68  %   100000    
1.270353e+03      0.03            0.00            1.09419     0.00645       0.59  %   100000    
1.271987e+03      0.03            0.00            1.04582     0.00491       0.47  %   70000     
1.272195e+03      0.03            0.00            1.03646     0.00510       0.49  %   50000     
1.273076e+03      0.03            0.00            1.03353     0.00511       0.49  %   40000     
1.274139e+03      0.04            0.00            1.02723     0.00481       0.47  %   30000     
1.275050e+03      0.05            0.00            1.01870     0.00440       0.43  %   20000     
1.275804e+03      0.06            0.00            1.01699     0.00380       0.37  %   20000     
1.276379e+03      0.07            0.00            1.01701     0.00491       0.48  %   10000     
1.276501e+03      0.07            0.00            1.01504     0.00453       0.45  %   10000     
1.277098e+03      0.09            0.00            1.01100     0.00348       0.34  %   10000     
1.277611e+03      0.11            0.00            1.00889     0.00281       0.28  %   10000     
1.277780e+03      0.12            0.00            1.00409     0.00183       0.18  %   10000     
1.278061e+03      0.13            0.00            1.00581     0.00205       0.20  %   10000     
1.278307e+03      0.15            0.00            1.00641     0.00202       0.20  %   10000     
1.278429e+03      0.16            0.00            1.00671     0.00202       0.20  %   10000     
1.278732e+03      0.20            0.00            1.00368     0.00139       0.14  %   10000     
1.278793e+03      0.21            0.00            1.00457     0.00152       0.15  %   10000     
1.278998e+03      0.24            0.00            1.00373     0.00132       0.13  %   10000     
1.279157e+03      0.27            0.00            1.00129     0.00074       0.07  %   10000     
1.279226e+03      0.29            0.00            1.00210     0.00094       0.09  %   10000     
1.279385e+03      0.34            0.00            1.00195     0.00087       0.09  %   10000     
1.279430e+03      0.35            0.00            1.00116     0.00067       0.07  %   10000     
1.279574e+03      0.41            0.00            1.00184     0.00082       0.08  %   10000     
1.279612e+03      0.43            0.00            1.00073     0.00052       0.05  %   10000     
1.279726e+03      0.50            0.00            1.00035     0.00035       0.04  %   10000     
1.279764e+03      0.52            0.00            1.00213     0.00087       0.09  %   10000     
1.279872e+03      0.61            0.00            1.00069     0.00049       0.05  %   10000     
1.279922e+03      0.65            0.00            1.00000     0.00000       0.00  %   10000     
1.280002e+03      0.75            0.00            1.00000     0.00000       0.00  %   10000     
1.280057e+03      0.81            0.00            1.00139     0.00069       0.07  %   10000     
1.280126e+03      0.91            0.00            1.00103     0.00059       0.06  %   10000     
1.280195e+03      1.02            0.00            1.00000     0.00000       0.00  %   10000     
1.280247e+03      1.13            0.00            1.00069     0.00049       0.05  %   10000     
1.280332e+03      1.30            0.00            1.00248     0.00094       0.09  %   10000     
1.280368e+03      1.40            0.00            1.00070     0.00050       0.05  %   10000     
1.280484e+03      1.72            0.00            1.00036     0.00036       0.04  %   10000     
1.280490e+03      1.74            0.00            1.00072     0.00051       0.05  %   10000     
1.280626e+03      2.22            0.01            1.00259     0.00098       0.10  %   10000     
1.280635e+03      2.25            0.00            1.00037     0.00037       0.04  %   10000     
1.280778e+03      2.90            0.00            1.00114     0.00066       0.07  %   10000     
1.280818e+03      3.08            0.00            1.00154     0.00077       0.08  %   10000     
1.280960e+03      3.87            0.00            1.00117     0.00067       0.07  %   10000     
1.281121e+03      4.76            0.02            1.00363     0.00121       0.12  %   10000     
1.281409e+03      6.34            0.01            1.00210     0.00094       0.09  %   10000     
1.281446e+03      6.47            0.01            1.00212     0.00095       0.09  %   10000     
1.281592e+03      7.03            0.02            1.00301     0.00114       0.11  %   10000     
1.281640e+03      7.09            0.01            1.00131     0.00076       0.08  %   10000     
1.281799e+03      7.32            0.02            1.00222     0.00099       0.10  %   10000     
1.281828e+03      7.28            0.04            1.00583     0.00162       0.16  %   10000     
1.281907e+03      7.18            0.01            1.00137     0.00079       0.08  %   10000     
1.281986e+03      7.07            0.02            1.00319     0.00121       0.12  %   10000     
1.282071e+03      6.75            0.02            1.00234     0.00105       0.10  %   10000     
1.282205e+03      6.25            0.03            1.00520     0.00157       0.16  %   10000     
1.282284e+03      5.81            0.03            1.00534     0.00161       0.16  %   10000     
1.282775e+03      3.10            0.02            1.00608     0.00183       0.18  %   10000     
1.282879e+03      2.63            0.02            1.00679     0.00196       0.19  %   10000     
1.282957e+03      2.27            0.01            1.00592     0.00187       0.19  %   10000     
1.283085e+03      1.82            0.01            1.00679     0.00205       0.20  %   10000     
1.283121e+03      1.70            0.01            1.00635     0.00201       0.20  %   10000     
1.283265e+03      1.31            0.02            1.01157     0.00281       0.28  %   10000     
1.283279e+03      1.28            0.01            1.01024     0.00264       0.26  %   10000     
1.283405e+03      1.02            0.01            1.00884     0.00255       0.25  %   10000     
1.283461e+03      0.94            0.00            1.00450     0.00184       0.18  %   10000     
1.283553e+03      0.80            0.01            1.01280     0.00320       0.32  %   10000     
1.283641e+03      0.71            0.01            1.00910     0.00274       0.27  %   10000     
1.283706e+03      0.64            0.00            1.00521     0.00213       0.21  %   10000     
1.283841e+03      0.53            0.01            1.01659     0.00391       0.38  %   10000     
1.283862e+03      0.52            0.00            1.00843     0.00281       0.28  %   10000     
1.284033e+03      0.43            0.00            1.01012     0.00320       0.32  %   10000     
1.284093e+03      0.41            0.01            1.01328     0.00368       0.36  %   10000     
1.284204e+03      0.37            0.01            1.02035     0.00466       0.46  %   10000     
1.284340e+03      0.33            0.01            1.01971     0.00464       0.46  %   10000     
1.284430e+03      0.32            0.00            1.01518     0.00405       0.40  %   10000     
1.284477e+03      0.32            0.00            1.01413     0.00392       0.39  %   10000     
1.284545e+03      0.31            0.00            1.00858     0.00303       0.30  %   10000     
1.284682e+03      0.32            0.00            1.01202     0.00347       0.34  %   10000     
1.284812e+03      0.35            0.00            1.00797     0.00266       0.26  %   10000     
1.284818e+03      0.35            0.01            1.01852     0.00404       0.40  %   10000     
1.284940e+03      0.40            0.01            1.01292     0.00313       0.31  %   10000     
1.285061e+03      0.48            0.00            1.00695     0.00210       0.21  %   10000     
1.285180e+03      0.59            0.00            1.00415     0.00147       0.15  %   10000     
1.285182e+03      0.59            0.00            1.00413     0.00146       0.15  %   10000     
1.285322e+03      0.77            0.00            1.00457     0.00138       0.14  %   10000     
1.285505e+03      1.06            0.00            1.00322     0.00102       0.10  %   10000     
1.285612e+03      1.26            0.00            1.00398     0.00106       0.11  %   10000     
1.285791e+03      1.58            0.00            1.00245     0.00077       0.08  %   10000     
1.285908e+03      1.80            0.00            1.00206     0.00068       0.07  %   10000     
1.286102e+03      2.04            0.00            1.00107     0.00048       0.05  %   10000     
1.286273e+03      2.12            0.00            1.00063     0.00036       0.04  %   10000     
1.286436e+03      2.04            0.00            1.00108     0.00048       0.05  %   10000     
1.286476e+03      1.99            0.00            1.00153     0.00058       0.06  %   10000     
1.286625e+03      1.80            0.00            1.00092     0.00046       0.05  %   10000     
1.286917e+03      1.25            0.00            1.00339     0.00098       0.10  %   10000     
1.286953e+03      1.18            0.00            1.00321     0.00097       0.10  %   10000     
1.287170e+03      0.78            0.00            1.00569     0.00147       0.15  %   10000     
1.287312e+03      0.57            0.00            1.00662     0.00177       0.18  %   10000     
1.287441e+03      0.42            0.01            1.01306     0.00278       0.27  %   10000     
1.287555e+03      0.32            0.00            1.01550     0.00338       0.33  %   10000     
1.287665e+03      0.25            0.01            1.02195     0.00447       0.44  %   10000     
1.287716e+03      0.22            0.00            1.02005     0.00448       0.44  %   10000     
1.287763e+03      0.20            0.00            1.01440     0.00399       0.39  %   10000     
1.287873e+03      0.16            0.00            1.01763     0.00489       0.48  %   10000     
1.287983e+03      0.13            0.00            1.02840     0.00480       0.47  %   20000     
1.288093e+03      0.11            0.00            1.03399     0.00462       0.45  %   30000     
1.288225e+03      0.09            0.00            1.03759     0.00452       0.44  %   40000     
1.288392e+03      0.08            0.00            1.04665     0.00481       0.46  %   50000     
1.288399e+03      0.08            0.00            1.03920     0.00493       0.47  %   40000     
1.288587e+03      0.07            0.00            1.05441     0.00500       0.47  %   60000     
1.288830e+03      0.06            0.00            1.05055     0.00505       0.48  %   60000     
1.289218e+03      0.05            0.00            1.06276     0.00512       0.48  %   80000     
1.289751e+03      0.05            0.00            1.07029     0.00534       0.50  %   90000     
1.289802e+03      0.05            0.00            1.06448     0.00514       0.48  %   90000     
1.290468e+03      0.04            0.00            1.07658     0.00557       0.52  %   100000    
1.291578e+03      0.03            0.00            1.07671     0.00584       0.54  %   100000    
1.291757e+03      0.03            0.00            1.07676     0.00586       0.54  %   100000    
1.292911e+03      0.03            0.00            1.08323     0.00632       0.58  %   100000    
1.294252e+03      0.03            0.00            1.09556     0.00689       0.63  %   100000    
1.296046e+03      0.03            0.00            1.08608     0.00650       0.60  %   100000    
1.296638e+03      0.03            0.00            1.08027     0.00622       0.58  %   100000    
1.296943e+03      0.03            0.00            1.09260     0.00666       0.61  %   100000    
1.298662e+03      0.03            0.00            1.08317     0.00606       0.56  %   100000    
1.300381e+03      0.03            0.00            1.06276     0.00519       0.49  %   90000     
1.301921e+03      0.03            0.00            1.05939     0.00525       0.50  %   70000     
1.302477e+03      0.03            0.00            1.05510     0.00523       0.50  %   60000     
1.303107e+03      0.04            0.00            1.05537     0.00497       0.47  %   60000     
1.304094e+03      0.04            0.00            1.04331     0.00484       0.46  %   40000     
1.304854e+03      0.05            0.00            1.03012     0.00421       0.41  %   30000     
1.304886e+03      0.05            0.00            1.03103     0.00426       0.41  %   30000     
1.305583e+03      0.06            0.00            1.02340     0.00401       0.39  %   20000     
1.306181e+03      0.08            0.00            1.01401     0.00388       0.38  %   10000     
1.306501e+03      0.09            0.00            1.01294     0.00346       0.34  %   10000     
1.306646e+03      0.09            0.00            1.01377     0.00344       0.34  %   10000     
1.307073e+03      0.11            0.00            1.00742     0.00223       0.22  %   10000     
1.307397e+03      0.13            0.00            1.00988     0.00233       0.23  %   10000     
1.307678e+03      0.16            0.00            1.00587     0.00163       0.16  %   10000     
1.307913e+03      0.19            0.00            1.00454     0.00131       0.13  %   10000     
1.307940e+03      0.20            0.00            1.00517     0.00138       0.14  %   10000     
1.308111e+03      0.23            0.00            1.00261     0.00092       0.09  %   10000     
1.308216e+03      0.26            0.00            1.00329     0.00099       0.10  %   10000     
1.308285e+03      0.27            0.00            1.00288     0.00091       0.09  %   10000     
1.308400e+03      0.32            0.00            1.00238     0.00079       0.08  %   10000     
1.308441e+03      0.33            0.00            1.00130     0.00058       0.06  %   10000     
1.308536e+03      0.39            0.00            1.00245     0.00077       0.08  %   10000     
1.308585e+03      0.41            0.00            1.00097     0.00048       0.05  %   10000     
1.308669e+03      0.48            0.00            1.00116     0.00052       0.05  %   10000     
1.308718e+03      0.51            0.00            1.00070     0.00040       0.04  %   10000     
1.308780e+03      0.58            0.00            1.00114     0.00051       0.05  %   10000     
1.308829e+03      0.63            0.00            1.00115     0.00051       0.05  %   10000     
1.308882e+03      0.71            0.00            1.00136     0.00055       0.06  %   10000     
1.308940e+03      0.79            0.00            1.00092     0.00046       0.05  %   10000     
1.308973e+03      0.86            0.00            1.00091     0.00046       0.05  %   10000     
1.309051e+03      1.01            0.00            1.00139     0.00057       0.06  %   10000     
1.309062e+03      1.04            0.00            1.00139     0.00057       0.06  %   10000     
1.309150e+03      1.27            0.00            1.00236     0.00075       0.07  %   10000     
1.309161e+03      1.29            0.00            1.00071     0.00041       0.04  %   10000     
1.309250e+03      1.59            0.00            1.00097     0.00048       0.05  %   10000     
1.309272e+03      1.66            0.00            1.00098     0.00049       0.05  %   10000     
1.309353e+03      2.01            0.00            1.00074     0.00043       0.04  %   10000     
1.309402e+03      2.22            0.00            1.00102     0.00051       0.05  %   10000     
1.309452e+03      2.50            0.00            1.00153     0.00062       0.06  %   10000     
1.309549e+03      3.04            0.00            1.00132     0.00059       0.06  %   10000     
1.309577e+03      3.24            0.01            1.00158     0.00065       0.06  %   10000     
1.309719e+03      4.24            0.00            1.00109     0.00055       0.05  %   10000     
1.309726e+03      4.29            0.00            1.00110     0.00055       0.05  %   10000     
1.309914e+03      5.85            0.01            1.00228     0.00080       0.08  %   10000     
1.310212e+03      8.29            0.02            1.00209     0.00079       0.08  %   10000     
1.310276e+03      8.67            0.01            1.00122     0.00061       0.06  %   10000     
1.310389e+03      9.33            0.01            1.00153     0.00068       0.07  %   10000     
1.310478e+03      9.55            0.02            1.00157     0.00070       0.07  %   10000     
1.310583e+03      9.81            0.02            1.00221     0.00084       0.08  %   10000     
1.310602e+03      9.82            0.02            1.00222     0.00084       0.08  %   10000     
1.310650e+03      9.74            0.04            1.00451     0.00121       0.12  %   10000     
1.310710e+03      9.63            0.02            1.00228     0.00086       0.09  %   10000     
1.310755e+03      9.56            0.02            1.00260     0.00092       0.09  %   10000     
1.310896e+03      8.87            0.04            1.00471     0.00126       0.13  %   10000     
1.310932e+03      8.69            0.04            1.00404     0.00117       0.12  %   10000     
1.311095e+03      7.43            0.04            1.00492     0.00131       0.13  %   10000     
1.311191e+03      6.70            0.03            1.00428     0.00123       0.12  %   10000     
1.311506e+03      4.07            0.03            1.00717     0.00169       0.17  %   10000     
1.311627e+03      3.26            0.02            1.00497     0.00143       0.14  %   10000     
1.311680e+03      2.89            0.02            1.00732     0.00177       0.18  %   10000     
1.311815e+03      2.17            0.01            1.00645     0.00172       0.17  %   10000     
1.311825e+03      2.12            0.02            1.00838     0.00197       0.20  %   10000     
1.311945e+03      1.62            0.01            1.00760     0.00196       0.19  %   10000     
1.311990e+03      1.47            0.02            1.01500     0.00278       0.27  %   10000     
1.312065e+03      1.23            0.01            1.00667     0.00192       0.19  %   10000     
1.312145e+03      1.04            0.01            1.00644     0.00194       0.19  %   10000     
1.312185e+03      0.95            0.01            1.00981     0.00245       0.24  %   10000     
1.312291e+03      0.76            0.01            1.01144     0.00277       0.27  %   10000     
1.312322e+03      0.71            0.01            1.00890     0.00247       0.24  %   10000     
1.312402e+03      0.61            0.01            1.01115     0.00288       0.28  %   10000     
1.312499e+03      0.51            0.01            1.01042     0.00289       0.29  %   10000     
1.312513e+03      0.49            0.01            1.01629     0.00364       0.36  %   10000     
1.312632e+03      0.41            0.01            1.01264     0.00338       0.33  %   10000     
1.312721e+03      0.36            0.01            1.02285     0.00466       0.46  %   10000     
1.312773e+03      0.33            0.01            1.02199     0.00468       0.46  %   10000     
1.312931e+03      0.27            0.00            1.01769     0.00442       0.43  %   10000     
1.312950e+03      0.27            0.00            1.01670     0.00431       0.42  %   10000     
1.313107e+03      0.23            0.01            1.02209     0.00368       0.36  %   20000     
1.313293e+03      0.19            0.00            1.02199     0.00383       0.37  %   20000     
1.313295e+03      0.19            0.00            1.02203     0.00383       0.37  %   20000     
1.313549e+03      0.16            0.01            1.03287     0.00495       0.48  %   20000     
1.313801e+03      0.14            0.00            1.02177     0.00419       0.41  %   20000     
1.313854e+03      0.13            0.00            1.02726     0.00474       0.46  %   20000     
1.314193e+03      0.11            0.00            1.03603     0.00469       0.45  %   30000     
1.314463e+03      0.10            0.00            1.01933     0.00432       0.42  %   20000     
1.314589e+03      0.09            0.00            1.04267     0.00462       0.44  %   40000     
1.315064e+03      0.08            0.00            1.03157     0.00481       0.47  %   30000     
1.315432e+03      0.07            0.00            1.04068     0.00482       0.46  %   40000     
1.315620e+03      0.07            0.00            1.04262     0.00502       0.48  %   40000     
1.316218e+03      0.06            0.00            1.03630     0.00476       0.46  %   40000     
1.316816e+03      0.06            0.00            1.04494     0.00479       0.46  %   50000     
1.316853e+03      0.06            0.00            1.03954     0.00502       0.48  %   40000     
1.317613e+03      0.05            0.00            1.04368     0.00473       0.45  %   50000     
1.318410e+03      0.05            0.00            1.04663     0.00481       0.46  %   50000     
1.319241e+03      0.05            0.00            1.02977     0.00476       0.46  %   30000     
1.319318e+03      0.05            0.00            1.04267     0.00492       0.47  %   40000     
1.320454e+03      0.06            0.00            1.03192     0.00456       0.44  %   30000     
1.321362e+03      0.07            0.00            1.02142     0.00420       0.41  %   20000     
1.322256e+03      0.08            0.00            1.02064     0.00370       0.36  %   20000     
1.323003e+03      0.09            0.00            1.01395     0.00387       0.38  %   10000     
1.323432e+03      0.10            0.00            1.01573     0.00381       0.38  %   10000     
1.323643e+03      0.11            0.00            1.01831     0.00399       0.39  %   10000     
1.324215e+03      0.13            0.00            1.01144     0.00286       0.28  %   10000     
1.324536e+03      0.15            0.00            1.01130     0.00266       0.26  %   10000     
1.324577e+03      0.16            0.00            1.01362     0.00290       0.29  %   10000     
1.324701e+03      0.16            0.00            1.00955     0.00239       0.24  %   10000     
1.325032e+03      0.19            0.00            1.00527     0.00167       0.17  %   10000     
1.325114e+03      0.20            0.00            1.01085     0.00237       0.23  %   10000     
1.325445e+03      0.24            0.00            1.00648     0.00173       0.17  %   10000     
1.325461e+03      0.24            0.00            1.00600     0.00166       0.17  %   10000     
1.325740e+03      0.29            0.00            1.00639     0.00165       0.16  %   10000     
1.325786e+03      0.30            0.00            1.00552     0.00153       0.15  %   10000     
1.326004e+03      0.35            0.00            1.00242     0.00099       0.10  %   10000     
1.326065e+03      0.37            0.00            1.00525     0.00146       0.14  %   10000     
1.326223e+03      0.43            0.00            1.00353     0.00118       0.12  %   10000     
1.326293e+03      0.45            0.00            1.00592     0.00153       0.15  %   10000     
1.326396e+03      0.50            0.00            1.00311     0.00110       0.11  %   10000     
1.326492e+03      0.55            0.00            1.00828     0.00181       0.18  %   10000     
1.326562e+03      0.60            0.00            1.00430     0.00130       0.13  %   10000     
1.326686e+03      0.69            0.00            1.00678     0.00164       0.16  %   10000     
1.326706e+03      0.71            0.00            1.00636     0.00159       0.16  %   10000     
1.326851e+03      0.85            0.00            1.00489     0.00141       0.14  %   10000     
1.326996e+03      1.04            0.01            1.00502     0.00145       0.14  %   10000     
1.327016e+03      1.06            0.01            1.00761     0.00179       0.18  %   10000     
1.327140e+03      1.28            0.01            1.00690     0.00172       0.17  %   10000     
1.327182e+03      1.36            0.01            1.00441     0.00139       0.14  %   10000     
1.327285e+03      1.60            0.01            1.00625     0.00167       0.17  %   10000     
1.327347e+03      1.75            0.01            1.00827     0.00195       0.19  %   10000     
1.327430e+03      2.00            0.01            1.00740     0.00185       0.18  %   10000     
1.327529e+03      2.30            0.01            1.00624     0.00173       0.17  %   10000     
1.327595e+03      2.56            0.01            1.00577     0.00167       0.17  %   10000     
1.327744e+03      3.15            0.03            1.00805     0.00201       0.20  %   10000     
1.327785e+03      3.34            0.03            1.00907     0.00214       0.21  %   10000     
1.328083e+03      4.73            0.05            1.01127     0.00246       0.24  %   10000     
1.328306e+03      5.76            0.06            1.01104     0.00247       0.24  %   10000     
1.328414e+03      6.12            0.07            1.01079     0.00247       0.24  %   10000     
1.328505e+03      6.42            0.08            1.01195     0.00261       0.26  %   10000     
1.328637e+03      6.65            0.06            1.00880     0.00227       0.22  %   10000     
1.328673e+03      6.71            0.08            1.01171     0.00262       0.26  %   10000     
1.328752e+03      6.75            0.10            1.01478     0.00295       0.29  %   10000     
1.328829e+03      6.66            0.08            1.01151     0.00264       0.26  %   10000     
1.328864e+03      6.62            0.10            1.01462     0.00298       0.29  %   10000     
1.328948e+03      6.53            0.10            1.01462     0.00298       0.29  %   10000     
1.329075e+03      6.14            0.06            1.00946     0.00244       0.24  %   10000     
1.329175e+03      5.84            0.08            1.01391     0.00296       0.29  %   10000     
1.329340e+03      5.08            0.05            1.00926     0.00247       0.24  %   10000     
1.329803e+03      2.96            0.04            1.01331     0.00313       0.31  %   10000     
1.329911e+03      2.56            0.04            1.01728     0.00360       0.35  %   10000     
1.330010e+03      2.18            0.04            1.02049     0.00401       0.39  %   10000     
1.330159e+03      1.75            0.03            1.01554     0.00356       0.35  %   10000     
1.330196e+03      1.65            0.05            1.03098     0.00508       0.49  %   10000     
1.330361e+03      1.29            0.04            1.02841     0.00501       0.49  %   10000     
1.330366e+03      1.28            0.03            1.02398     0.00461       0.45  %   10000     
1.330527e+03      1.01            0.02            1.01806     0.00414       0.41  %   10000     
1.330572e+03      0.96            0.02            1.02488     0.00487       0.48  %   10000     
1.330692e+03      0.81            0.02            1.02789     0.00376       0.37  %   20000     
1.330779e+03      0.74            0.02            1.02941     0.00389       0.38  %   20000     
1.330878e+03      0.65            0.02            1.02388     0.00360       0.35  %   20000     
1.331011e+03      0.57            0.02            1.02688     0.00387       0.38  %   20000     
1.331072e+03      0.53            0.02            1.03815     0.00469       0.45  %   20000     
1.331259e+03      0.45            0.02            1.04450     0.00520       0.50  %   20000     
1.331293e+03      0.44            0.01            1.03116     0.00436       0.42  %   20000     
1.331503e+03      0.37            0.01            1.04028     0.00511       0.49  %   20000     
1.331606e+03      0.35            0.01            1.03998     0.00511       0.49  %   20000     
1.331796e+03      0.31            0.01            1.03818     0.00418       0.40  %   30000     
1.332061e+03      0.27            0.01            1.03245     0.00478       0.46  %   20000     
1.332133e+03      0.26            0.01            1.04351     0.00455       0.44  %   30000     
1.332412e+03      0.23            0.01            1.04923     0.00489       0.47  %   30000     
1.332619e+03      0.22            0.01            1.04551     0.00466       0.45  %   30000     
1.332784e+03      0.21            0.01            1.04605     0.00469       0.45  %   30000     
1.333094e+03      0.21            0.01            1.03147     0.00463       0.45  %   20000     
1.333363e+03      0.21            0.01            1.03035     0.00433       0.42  %   20000     
1.333418e+03      0.22            0.01            1.03593     0.00467       0.45  %   20000     
1.333638e+03      0.24            0.01            1.03069     0.00406       0.39  %   20000     
1.333803e+03      0.26            0.01            1.02629     0.00496       0.48  %   10000     
1.333933e+03      0.30            0.01            1.03169     0.00506       0.49  %   10000     
1.333940e+03      0.30            0.01            1.02018     0.00403       0.40  %   10000     
1.334050e+03      0.35            0.01            1.01974     0.00373       0.37  %   10000     
1.334161e+03      0.42            0.01            1.01501     0.00300       0.30  %   10000     
1.334261e+03      0.51            0.01            1.01378     0.00265       0.26  %   10000     
1.334275e+03      0.52            0.01            1.01093     0.00233       0.23  %   10000     
1.334361e+03      0.63            0.01            1.01049     0.00214       0.21  %   10000     
1.334443e+03      0.76            0.00            1.00573     0.00148       0.15  %   10000     
1.334461e+03      0.79            0.01            1.00899     0.00183       0.18  %   10000     
1.334561e+03      1.00            0.01            1.00719     0.00153       0.15  %   10000     
1.334612e+03      1.14            0.01            1.00667     0.00142       0.14  %   10000     
1.334668e+03      1.29            0.00            1.00288     0.00091       0.09  %   10000     
1.334782e+03      1.69            0.01            1.00514     0.00115       0.11  %   10000     
1.334911e+03      2.27            0.01            1.00236     0.00074       0.07  %   10000     
1.334925e+03      2.35            0.01            1.00349     0.00090       0.09  %   10000     
1.335068e+03      3.14            0.01            1.00440     0.00098       0.10  %   10000     
1.335096e+03      3.34            0.01            1.00347     0.00087       0.09  %   10000     
1.335331e+03      4.93            0.02            1.00312     0.00080       0.08  %   10000     
1.335395e+03      5.36            0.02            1.00310     0.00080       0.08  %   10000     
1.335614e+03      6.74            0.03            1.00433     0.00094       0.09  %   10000     
1.335719e+03      7.16            0.03            1.00356     0.00086       0.09  %   10000     
1.335806e+03      7.51            0.04            1.00480     0.00100       0.10  %   10000     
1.335934e+03      7.68            0.04            1.00490     0.00102       0.10  %   10000     
1.335948e+03      7.69            0.04            1.00469     0.00100       0.10  %   10000     
1.336074e+03      7.50            0.03            1.00437     0.00098       0.10  %   10000     
1.336120e+03      7.42            0.03            1.00437     0.00098       0.10  %   10000     
1.336284e+03      6.68            0.03            1.00479     0.00104       0.10  %   10000     
1.336321e+03      6.51            0.03            1.00526     0.00110       0.11  %   10000     
1.336513e+03      5.24            0.03            1.00636     0.00125       0.12  %   10000     
1.336842e+03      3.04            0.02            1.00694     0.00141       0.14  %   10000     
1.336988e+03      2.24            0.01            1.00545     0.00132       0.13  %   10000     
1.337000e+03      2.17            0.02            1.01039     0.00183       0.18  %   10000     
1.337128e+03      1.61            0.02            1.01033     0.00195       0.19  %   10000     
1.337198e+03      1.37            0.02            1.01222     0.00219       0.22  %   10000     
1.337248e+03      1.20            0.02            1.01354     0.00239       0.24  %   10000     
1.337357e+03      0.91            0.01            1.01561     0.00276       0.27  %   10000     
1.337399e+03      0.83            0.01            1.01382     0.00266       0.26  %   10000     
1.337465e+03      0.70            0.02            1.02227     0.00356       0.35  %   10000     
1.337562e+03      0.55            0.01            1.02575     0.00412       0.40  %   10000     
1.337640e+03      0.46            0.01            1.02418     0.00420       0.41  %   10000     
1.337668e+03      0.43            0.01            1.02158     0.00407       0.40  %   10000     
1.337766e+03      0.35            0.01            1.02230     0.00445       0.44  %   10000     
1.337881e+03      0.28            0.01            1.03156     0.00403       0.39  %   20000     
1.337996e+03      0.23            0.01            1.03878     0.00480       0.46  %   20000     
1.338136e+03      0.19            0.01            1.04665     0.00461       0.44  %   30000     
1.338227e+03      0.18            0.01            1.04056     0.00445       0.43  %   30000     
1.338287e+03      0.16            0.01            1.04544     0.00484       0.46  %   30000     
1.338464e+03      0.14            0.01            1.04182     0.00492       0.47  %   30000     
1.338716e+03      0.12            0.01            1.05314     0.00511       0.48  %   40000     
1.338786e+03      0.11            0.01            1.05478     0.00524       0.50  %   40000     
1.339005e+03      0.10            0.01            1.05951     0.00512       0.48  %   50000     
1.339353e+03      0.09            0.01            1.06940     0.00531       0.50  %   60000     
1.339788e+03      0.08            0.00            1.05686     0.00504       0.48  %   60000     
1.339930e+03      0.07            0.01            1.07263     0.00532       0.50  %   70000     
1.340310e+03      0.07            0.01            1.08336     0.00520       0.48  %   90000     
1.340921e+03      0.06            0.00            1.08447     0.00514       0.47  %   100000    
1.341533e+03      0.05            0.00            1.08755     0.00533       0.49  %   100000    
1.341930e+03      0.05            0.00            1.08784     0.00535       0.49  %   100000    
1.342347e+03      0.05            0.00            1.08871     0.00541       0.50  %   100000    
1.343570e+03      0.05            0.00            1.07914     0.00532       0.49  %   90000     
1.344583e+03      0.05            0.00            1.06317     0.00519       0.49  %   70000     
1.345850e+03      0.05            0.00            1.06458     0.00523       0.49  %   60000     
1.346864e+03      0.06            0.00            1.04883     0.00508       0.48  %   40000     
1.347624e+03      0.07            0.00            1.05174     0.00480       0.46  %   40000     
1.348406e+03      0.08            0.00            1.03592     0.00507       0.49  %   20000     
1.348696e+03      0.09            0.00            1.03057     0.00445       0.43  %   20000     
1.349076e+03      0.10            0.00            1.02747     0.00396       0.39  %   20000     
1.349627e+03      0.12            0.00            1.01836     0.00410       0.40  %   10000     
1.350129e+03      0.14            0.00            1.02047     0.00386       0.38  %   10000     
1.350559e+03      0.17            0.00            1.01352     0.00282       0.28  %   10000     
1.350908e+03      0.21            0.00            1.00775     0.00194       0.19  %   10000     
1.351003e+03      0.22            0.00            1.00911     0.00203       0.20  %   10000     
1.351207e+03      0.26            0.00            1.00900     0.00192       0.19  %   10000     
1.351308e+03      0.28            0.00            1.00728     0.00167       0.17  %   10000     
1.351485e+03      0.31            0.00            1.00564     0.00141       0.14  %   10000     
1.351613e+03      0.35            0.00            1.00522     0.00130       0.13  %   10000     
1.351709e+03      0.38            0.00            1.00440     0.00118       0.12  %   10000     
1.351819e+03      0.43            0.00            1.00415     0.00111       0.11  %   10000     
1.351902e+03      0.47            0.00            1.00637     0.00136       0.13  %   10000     
1.351973e+03      0.51            0.00            1.00504     0.00119       0.12  %   10000     
1.352063e+03      0.56            0.00            1.00386     0.00103       0.10  %   10000     
1.352127e+03      0.62            0.00            1.00779     0.00144       0.14  %   10000     
1.352223e+03      0.70            0.00            1.00642     0.00131       0.13  %   10000     
1.352261e+03      0.74            0.00            1.00343     0.00095       0.09  %   10000     
1.352368e+03      0.87            0.00            1.00345     0.00095       0.10  %   10000     
1.352385e+03      0.90            0.00            1.00448     0.00109       0.11  %   10000     
1.352494e+03      1.08            0.00            1.00400     0.00103       0.10  %   10000     
1.352498e+03      1.08            0.01            1.00480     0.00113       0.11  %   10000     
1.352603e+03      1.32            0.01            1.00620     0.00129       0.13  %   10000     
1.352635e+03      1.38            0.01            1.00383     0.00102       0.10  %   10000     
1.352713e+03      1.62            0.01            1.00468     0.00114       0.11  %   10000     
1.352761e+03      1.76            0.01            1.00479     0.00116       0.12  %   10000     
1.352818e+03      1.98            0.01            1.00367     0.00102       0.10  %   10000     
1.352903e+03      2.31            0.01            1.00320     0.00097       0.10  %   10000     
1.352934e+03      2.47            0.01            1.00553     0.00127       0.13  %   10000     
1.353057e+03      3.11            0.02            1.00543     0.00128       0.13  %   10000     
1.353062e+03      3.14            0.01            1.00332     0.00100       0.10  %   10000     
1.353197e+03      4.02            0.03            1.00809     0.00158       0.16  %   10000     
1.353211e+03      4.11            0.03            1.00721     0.00150       0.15  %   10000     
1.353365e+03      5.36            0.04            1.00675     0.00147       0.15  %   10000     
1.353434e+03      5.92            0.04            1.00692     0.00151       0.15  %   10000     
1.353632e+03      7.65            0.05            1.00718     0.00156       0.16  %   10000     
1.353858e+03      9.61            0.09            1.00947     0.00182       0.18  %   10000     
1.353961e+03      10.22           0.07            1.00684     0.00157       0.16  %   10000     
1.354043e+03      10.72           0.10            1.00974     0.00187       0.19  %   10000     
1.354167e+03      11.01           0.16            1.01416     0.00229       0.23  %   10000     
1.354251e+03      11.22           0.15            1.01302     0.00220       0.22  %   10000     
1.354260e+03      11.22           0.11            1.00968     0.00190       0.19  %   10000     
1.354368e+03      10.98           0.09            1.00807     0.00176       0.17  %   10000     
1.354459e+03      10.78           0.08            1.00770     0.00172       0.17  %   10000     
1.354562e+03      10.16           0.10            1.00992     0.00198       0.20  %   10000     
1.354675e+03      9.48            0.10            1.01039     0.00204       0.20  %   10000     
1.354798e+03      8.42            0.09            1.01120     0.00215       0.21  %   10000     
1.355225e+03      4.74            0.06            1.01167     0.00233       0.23  %   10000     
1.355325e+03      4.02            0.06            1.01484     0.00266       0.26  %   10000     
1.355394e+03      3.52            0.05            1.01396     0.00263       0.26  %   10000     
1.355538e+03      2.70            0.04            1.01531     0.00284       0.28  %   10000     
1.355551e+03      2.62            0.03            1.01334     0.00266       0.26  %   10000     
1.355692e+03      2.00            0.04            1.01901     0.00330       0.32  %   10000     
1.355714e+03      1.92            0.05            1.02376     0.00370       0.36  %   10000     
1.355824e+03      1.55            0.03            1.02187     0.00369       0.36  %   10000     
1.355890e+03      1.39            0.03            1.02502     0.00400       0.39  %   10000     
1.355956e+03      1.22            0.03            1.02577     0.00417       0.41  %   10000     
1.356073e+03      1.00            0.03            1.02966     0.00462       0.45  %   10000     
1.356088e+03      0.97            0.02            1.02421     0.00421       0.41  %   10000     
1.356218e+03      0.79            0.02            1.02794     0.00472       0.46  %   10000     
1.356275e+03      0.73            0.02            1.02937     0.00489       0.47  %   10000     
1.356362e+03      0.65            0.02            1.03043     0.00513       0.50  %   10000     
1.356507e+03      0.54            0.02            1.03871     0.00424       0.41  %   20000     
1.356699e+03      0.44            0.02            1.03651     0.00433       0.42  %   20000     
1.356828e+03      0.39            0.01            1.03352     0.00422       0.41  %   20000     
1.356924e+03      0.36            0.01            1.03913     0.00467       0.45  %   20000     
1.357145e+03      0.31            0.01            1.03992     0.00487       0.47  %   20000     
1.357270e+03      0.29            0.01            1.04544     0.00427       0.41  %   30000     
1.357353e+03      0.28            0.01            1.04124     0.00503       0.48  %   20000     
1.357519e+03      0.26            0.01            1.04399     0.00521       0.50  %   20000     
1.357685e+03      0.26            0.01            1.04549     0.00521       0.50  %   20000     
1.357816e+03      0.27            0.01            1.03278     0.00426       0.41  %   20000     
1.357850e+03      0.27            0.01            1.04265     0.00482       0.46  %   20000     
1.357988e+03      0.30            0.01            1.02030     0.00443       0.43  %   10000     
1.358098e+03      0.34            0.01            1.03242     0.00369       0.36  %   20000     
1.358206e+03      0.40            0.01            1.01714     0.00350       0.34  %   10000     
1.358326e+03      0.50            0.01            1.01451     0.00290       0.29  %   10000     
1.358342e+03      0.52            0.01            1.01235     0.00263       0.26  %   10000     
1.358446e+03      0.63            0.01            1.01134     0.00231       0.23  %   10000     
1.358567e+03      0.80            0.01            1.01084     0.00205       0.20  %   10000     
1.358727e+03      1.10            0.00            1.00396     0.00110       0.11  %   10000     
1.358737e+03      1.12            0.00            1.00360     0.00104       0.10  %   10000     
1.358813e+03      1.30            0.01            1.00518     0.00119       0.12  %   10000     
1.358956e+03      1.63            0.00            1.00216     0.00072       0.07  %   10000     
1.359112e+03      2.00            0.01            1.00431     0.00096       0.10  %   10000     
1.359258e+03      2.35            0.01            1.00262     0.00073       0.07  %   10000     
1.359458e+03      2.68            0.01            1.00213     0.00064       0.06  %   10000     
1.359632e+03      2.78            0.01            1.00291     0.00075       0.07  %   10000     
1.359801e+03      2.69            0.01            1.00301     0.00078       0.08  %   10000     
1.359828e+03      2.64            0.01            1.00325     0.00081       0.08  %   10000     
1.359997e+03      2.37            0.01            1.00346     0.00086       0.09  %   10000     
1.360013e+03      2.33            0.02            1.00698     0.00123       0.12  %   10000     
1.360354e+03      1.50            0.01            1.00582     0.00127       0.13  %   10000     
1.360403e+03      1.38            0.01            1.00697     0.00142       0.14  %   10000     
1.360563e+03      1.01            0.01            1.00808     0.00168       0.17  %   10000     
1.360713e+03      0.73            0.01            1.01398     0.00247       0.24  %   10000     
1.360837e+03      0.55            0.01            1.01342     0.00268       0.26  %   10000     
1.360944e+03      0.43            0.01            1.02595     0.00410       0.40  %   10000     
1.361051e+03      0.33            0.01            1.02757     0.00465       0.45  %   10000     
1.361158e+03      0.26            0.01            1.02380     0.00475       0.46  %   10000     
1.361247e+03      0.22            0.01            1.03355     0.00429       0.42  %   20000     
1.361259e+03      0.21            0.01            1.03102     0.00418       0.41  %   20000     
1.361350e+03      0.18            0.01            1.04556     0.00444       0.42  %   30000     
1.361454e+03      0.15            0.01            1.04594     0.00478       0.46  %   30000     
1.361584e+03      0.13            0.01            1.05161     0.00470       0.45  %   40000     
1.361713e+03      0.11            0.01            1.06573     0.00499       0.47  %   50000     
1.361869e+03      0.10            0.01            1.07213     0.00496       0.46  %   60000     
1.361944e+03      0.10            0.01            1.08460     0.00542       0.50  %   60000     
1.362076e+03      0.09            0.01            1.08123     0.00502       0.46  %   70000     
1.362387e+03      0.09            0.01            1.07613     0.00535       0.50  %   60000     
1.362906e+03      0.08            0.01            1.07209     0.00515       0.48  %   60000     
1.363317e+03      0.08            0.01            1.07106     0.00495       0.46  %   60000     
1.363831e+03      0.09            0.01            1.05893     0.00516       0.49  %   40000     
1.364242e+03      0.10            0.00            1.03663     0.00434       0.42  %   30000     
1.364605e+03      0.12            0.00            1.02772     0.00422       0.41  %   20000     
1.364724e+03      0.12            0.00            1.03285     0.00442       0.43  %   20000     
1.364878e+03      0.14            0.00            1.03140     0.00412       0.40  %   20000     
1.365096e+03      0.16            0.00            1.01645     0.00387       0.38  %   10000     
1.365287e+03      0.18            0.00            1.01457     0.00334       0.33  %   10000     
1.365456e+03      0.22            0.00            1.01535     0.00313       0.31  %   10000     
1.365583e+03      0.26            0.00            1.01747     0.00308       0.30  %   10000     
1.365709e+03      0.31            0.00            1.00596     0.00165       0.16  %   10000     
1.365711e+03      0.31            0.00            1.01052     0.00219       0.22  %   10000     
1.365817e+03      0.38            0.00            1.00947     0.00193       0.19  %   10000     
1.365823e+03      0.38            0.00            1.00941     0.00192       0.19  %   10000     
1.365935e+03      0.47            0.00            1.00777     0.00162       0.16  %   10000     
1.365968e+03      0.51            0.00            1.00385     0.00111       0.11  %   10000     
1.366041e+03      0.59            0.00            1.00534     0.00126       0.13  %   10000     
1.366118e+03      0.71            0.00            1.00297     0.00089       0.09  %   10000     
1.366147e+03      0.76            0.00            1.00528     0.00118       0.12  %   10000     
1.366253e+03      0.97            0.00            1.00360     0.00093       0.09  %   10000     
1.366253e+03      0.97            0.00            1.00384     0.00096       0.10  %   10000     
1.366361e+03      1.26            0.00            1.00270     0.00078       0.08  %   10000     
1.366375e+03      1.31            0.00            1.00311     0.00083       0.08  %   10000     
1.366483e+03      1.69            0.00            1.00257     0.00074       0.07  %   10000     
1.366496e+03      1.75            0.01            1.00509     0.00104       0.10  %   10000     
1.366614e+03      2.28            0.01            1.00291     0.00078       0.08  %   10000     
1.366618e+03      2.30            0.01            1.00270     0.00075       0.07  %   10000     
1.366739e+03      2.99            0.01            1.00349     0.00085       0.08  %   10000     
1.366771e+03      3.17            0.01            1.00289     0.00077       0.08  %   10000     
1.366889e+03      4.01            0.01            1.00206     0.00065       0.06  %   10000     
1.366999e+03      4.79            0.02            1.00419     0.00094       0.09  %   10000     
1.367077e+03      5.36            0.01            1.00232     0.00070       0.07  %   10000     
1.367343e+03      7.33            0.03            1.00391     0.00092       0.09  %   10000     
1.367499e+03      8.14            0.03            1.00359     0.00090       0.09  %   10000     
1.367532e+03      8.31            0.04            1.00494     0.00105       0.10  %   10000     
1.367705e+03      8.65            0.04            1.00419     0.00099       0.10  %   10000     
1.367719e+03      8.68            0.04            1.00489     0.00107       0.11  %   10000     
1.367731e+03      8.68            0.04            1.00443     0.00101       0.10  %   10000     
1.367885e+03      8.43            0.05            1.00580     0.00118       0.12  %   10000     
1.367896e+03      8.42            0.05            1.00653     0.00126       0.12  %   10000     
1.367907e+03      8.36            0.04            1.00534     0.00114       0.11  %   10000     
1.368073e+03      7.60            0.03            1.00404     0.00101       0.10  %   10000     
1.368112e+03      7.32            0.06            1.00770     0.00140       0.14  %   10000     
1.368329e+03      5.80            0.03            1.00579     0.00126       0.13  %   10000     
1.368340e+03      5.72            0.03            1.00581     0.00127       0.13  %   10000     
1.368626e+03      3.59            0.03            1.00800     0.00160       0.16  %   10000     
1.368791e+03      2.57            0.03            1.01108     0.00199       0.20  %   10000     
1.368808e+03      2.48            0.03            1.01083     0.00197       0.20  %   10000     
1.368931e+03      1.88            0.02            1.01177     0.00218       0.22  %   10000     
1.369016e+03      1.55            0.01            1.00962     0.00205       0.20  %   10000     
1.369051e+03      1.41            0.02            1.01421     0.00255       0.25  %   10000     
1.369155e+03      1.10            0.02            1.01868     0.00311       0.31  %   10000     
1.369225e+03      0.94            0.02            1.02012     0.00335       0.33  %   10000     
1.369264e+03      0.85            0.02            1.02261     0.00366       0.36  %   10000     
1.369369e+03      0.66            0.01            1.02062     0.00376       0.37  %   10000     
1.369435e+03      0.57            0.02            1.02747     0.00451       0.44  %   10000     
1.369475e+03      0.52            0.01            1.02694     0.00461       0.45  %   10000     
1.369580e+03      0.42            0.01            1.02562     0.00342       0.33  %   20000     
1.369646e+03      0.37            0.01            1.03689     0.00425       0.41  %   20000     
1.369697e+03      0.33            0.01            1.03824     0.00450       0.43  %   20000     
1.369816e+03      0.27            0.01            1.05063     0.00454       0.43  %   30000     
1.369944e+03      0.23            0.01            1.04713     0.00466       0.44  %   30000     
1.369952e+03      0.22            0.01            1.05323     0.00498       0.47  %   30000     
1.370089e+03      0.19            0.01            1.05255     0.00457       0.43  %   40000     
1.370281e+03      0.16            0.01            1.07090     0.00509       0.48  %   50000     
1.370442e+03      0.14            0.01            1.07212     0.00490       0.46  %   60000     
1.370505e+03      0.13            0.01            1.07445     0.00509       0.47  %   60000     
1.370774e+03      0.11            0.01            1.08918     0.00518       0.48  %   80000     
1.371108e+03      0.09            0.01            1.10360     0.00535       0.49  %   100000    
1.371196e+03      0.08            0.01            1.11220     0.00564       0.51  %   100000    
1.371507e+03      0.07            0.01            1.13297     0.00652       0.58  %   100000    
1.371973e+03      0.06            0.01            1.13302     0.00699       0.62  %   100000    
1.372238e+03      0.06            0.01            1.14681     0.00755       0.66  %   100000    
1.372528e+03      0.05            0.01            1.16565     0.00834       0.72  %   100000    
1.373194e+03      0.04            0.01            1.18327     0.00937       0.79  %   100000    
1.373915e+03      0.04            0.01            1.21128     0.01060       0.87  %   100000    
1.373963e+03      0.04            0.01            1.19756     0.01029       0.86  %   100000    
1.375032e+03      0.03            0.01            1.23470     0.01197       0.97  %   100000    
1.376314e+03      0.03            0.01            1.25928     0.01324       1.05  %   100000    
1.376569e+03      0.03            0.01            1.30206     0.01437       1.10  %   100000    
1.377707e+03      0.02            0.01            1.27234     0.01415       1.11  %   100000    
1.379321e+03      0.02            0.01            1.29690     0.01524       1.18  %   100000    
1.381472e+03      0.02            0.01            1.26210     0.01461       1.16  %   100000    
1.384636e+03      0.02            0.00            1.14711     0.01099       0.96  %   100000    
1.385690e+03      0.02            0.00            1.15707     0.01127       0.97  %   100000    
1.387917e+03      0.02            0.00            1.12596     0.00974       0.86  %   100000    
1.389587e+03      0.02            0.00            1.11142     0.00867       0.78  %   100000    
1.390426e+03      0.02            0.00            1.09909     0.00780       0.71  %   100000    
1.391228e+03      0.03            0.00            1.07871     0.00651       0.60  %   100000    
1.391273e+03      0.03            0.00            1.08397     0.00670       0.62  %   100000    
1.391838e+03      0.03            0.00            1.06045     0.00528       0.50  %   100000    
1.392261e+03      0.03            0.00            1.05975     0.00514       0.48  %   90000     
1.392638e+03      0.04            0.00            1.05221     0.00500       0.47  %   70000     
1.392873e+03      0.04            0.00            1.03789     0.00470       0.45  %   50000     
1.393034e+03      0.05            0.00            1.03919     0.00501       0.48  %   40000     
1.393079e+03      0.05            0.00            1.03603     0.00473       0.46  %   40000     
1.393226e+03      0.06            0.00            1.02355     0.00502       0.49  %   20000     
1.393361e+03      0.07            0.00            1.02077     0.00433       0.42  %   20000     
1.393483e+03      0.09            0.00            1.01948     0.00382       0.37  %   20000     
1.393587e+03      0.10            0.00            1.00870     0.00329       0.33  %   10000     
1.393692e+03      0.13            0.00            1.01713     0.00415       0.41  %   10000     
1.393779e+03      0.16            0.00            1.01169     0.00312       0.31  %   10000     
1.393866e+03      0.20            0.00            1.01097     0.00274       0.27  %   10000     
1.393958e+03      0.25            0.00            1.00721     0.00200       0.20  %   10000     
1.394051e+03      0.33            0.00            1.00451     0.00143       0.14  %   10000     
1.394099e+03      0.37            0.00            1.00647     0.00162       0.16  %   10000     
1.394144e+03      0.42            0.00            1.00298     0.00105       0.11  %   10000     
1.394248e+03      0.56            0.00            1.00339     0.00102       0.10  %   10000     
1.394358e+03      0.74            0.00            1.00362     0.00097       0.10  %   10000     
1.394396e+03      0.82            0.00            1.00244     0.00077       0.08  %   10000     
1.394480e+03      1.00            0.00            1.00111     0.00050       0.05  %   10000     
1.394632e+03      1.40            0.00            1.00193     0.00061       0.06  %   10000     
1.394648e+03      1.46            0.00            1.00095     0.00042       0.04  %   10000     
1.394878e+03      2.21            0.00            1.00102     0.00041       0.04  %   10000     
1.394895e+03      2.26            0.00            1.00084     0.00038       0.04  %   10000     
1.395166e+03      3.15            0.00            1.00128     0.00045       0.05  %   10000     
1.395350e+03      3.58            0.00            1.00112     0.00042       0.04  %   10000     
1.395498e+03      3.72            0.00            1.00081     0.00036       0.04  %   10000     
1.395519e+03      3.74            0.00            1.00130     0.00046       0.05  %   10000     
1.395544e+03      3.74            0.00            1.00098     0.00040       0.04  %   10000     
1.395717e+03      3.61            0.00            1.00101     0.00041       0.04  %   10000     
1.395753e+03      3.53            0.00            1.00068     0.00034       0.03  %   10000     
1.395864e+03      3.29            0.00            1.00106     0.00043       0.04  %   10000     
1.395891e+03      3.24            0.00            1.00088     0.00040       0.04  %   10000     
1.396148e+03      2.41            0.00            1.00160     0.00056       0.06  %   10000     
1.396181e+03      2.30            0.00            1.00061     0.00035       0.04  %   10000     
1.396440e+03      1.45            0.00            1.00274     0.00083       0.08  %   10000     
1.396593e+03      1.04            0.00            1.00149     0.00066       0.07  %   10000     
1.396710e+03      0.78            0.00            1.00175     0.00078       0.08  %   10000     
1.396811e+03      0.60            0.00            1.00246     0.00100       0.10  %   10000     
1.396823e+03      0.58            0.00            1.00294     0.00111       0.11  %   10000     
1.396932e+03      0.43            0.00            1.00309     0.00126       0.13  %   10000     
1.397028e+03      0.33            0.00            1.00313     0.00140       0.14  %   10000     
1.397125e+03      0.26            0.00            1.00840     0.00253       0.25  %   10000     
1.397175e+03      0.23            0.00            1.00672     0.00238       0.24  %   10000     
1.397215e+03      0.20            0.00            1.00738     0.00261       0.26  %   10000     
1.397300e+03      0.16            0.00            1.00554     0.00248       0.25  %   10000     
1.397385e+03      0.13            0.00            1.01054     0.00372       0.37  %   10000     
1.397487e+03      0.11            0.00            1.01434     0.00478       0.47  %   10000     
1.397590e+03      0.09            0.00            1.01881     0.00420       0.41  %   20000     
1.397634e+03      0.08            0.00            1.01990     0.00445       0.44  %   20000     
1.397709e+03      0.07            0.00            1.01783     0.00446       0.44  %   20000     
1.397835e+03      0.06            0.00            1.01681     0.00466       0.46  %   20000     
1.397988e+03      0.05            0.00            1.01887     0.00433       0.42  %   30000     
1.398172e+03      0.05            0.00            1.02031     0.00479       0.47  %   30000     
1.398417e+03      0.04            0.00            1.02589     0.00498       0.49  %   40000     
1.398646e+03      0.04            0.00            1.02499     0.00510       0.50  %   40000     
1.398723e+03      0.03            0.00            1.03374     0.00492       0.48  %   60000     
1.399175e+03      0.03            0.00            1.04816     0.00513       0.49  %   90000     
1.399776e+03      0.03            0.00            1.03677     0.00505       0.49  %   80000     
1.400529e+03      0.02            0.00            1.03951     0.00490       0.47  %   100000    
1.401498e+03      0.02            0.00            1.04432     0.00533       0.51  %   100000    
1.401680e+03      0.02            0.00            1.05272     0.00586       0.56  %   100000    
1.403327e+03      0.02            0.00            1.03781     0.00505       0.49  %   100000    
1.405524e+03      0.02            0.00            1.05155     0.00583       0.55  %   100000    
1.408776e+03      0.02            0.00            1.03872     0.00504       0.49  %   90000     
1.410983e+03      0.02            0.00            1.03874     0.00504       0.49  %   80000     
1.413229e+03      0.02            0.00            1.02242     0.00501       0.49  %   40000     
1.413623e+03      0.02            0.00            1.03022     0.00466       0.45  %   60000     
1.415462e+03      0.03            0.00            1.01069     0.00436       0.43  %   20000     
1.417128e+03      0.03            0.00            1.01286     0.00429       0.42  %   20000     
1.418176e+03      0.04            0.00            1.01926     0.00481       0.47  %   20000     
1.418515e+03      0.04            0.00            1.01929     0.00468       0.46  %   20000     
1.419702e+03      0.05            0.00            1.01493     0.00362       0.36  %   20000     
1.420610e+03      0.05            0.00            1.01118     0.00395       0.39  %   10000     
1.420710e+03      0.06            0.00            1.00678     0.00303       0.30  %   10000     
1.421399e+03      0.07            0.00            1.00329     0.00190       0.19  %   10000     
1.422130e+03      0.08            0.00            1.00676     0.00239       0.24  %   10000     
1.422745e+03      0.10            0.00            1.00594     0.00198       0.20  %   10000     
1.423214e+03      0.12            0.00            1.00481     0.00160       0.16  %   10000     
1.423547e+03      0.14            0.00            1.00226     0.00101       0.10  %   10000     
1.423616e+03      0.14            0.00            1.00440     0.00139       0.14  %   10000     
1.423905e+03      0.17            0.00            1.00190     0.00085       0.08  %   10000     
1.424111e+03      0.20            0.00            1.00270     0.00095       0.10  %   10000     
1.424111e+03      0.20            0.00            1.00000     0.00000       0.00  %   10000     
1.424292e+03      0.23            0.00            1.00122     0.00061       0.06  %   10000     
1.424393e+03      0.26            0.00            1.00143     0.00064       0.06  %   10000     
1.424447e+03      0.28            0.00            1.00084     0.00048       0.05  %   10000     
1.424576e+03      0.33            0.00            1.00052     0.00037       0.04  %   10000     
1.424604e+03      0.34            0.00            1.00025     0.00025       0.03  %   10000     
1.424699e+03      0.40            0.00            1.00096     0.00048       0.05  %   10000     
1.424752e+03      0.44            0.00            1.00070     0.00040       0.04  %   10000     
1.424821e+03      0.50            0.00            1.00045     0.00032       0.03  %   10000     
1.424868e+03      0.55            0.00            1.00066     0.00038       0.04  %   10000     
1.424927e+03      0.62            0.00            1.00043     0.00030       0.03  %   10000     
1.425003e+03      0.73            0.00            1.00021     0.00021       0.02  %   10000     
1.425032e+03      0.77            0.00            1.00041     0.00029       0.03  %   10000     
1.425138e+03      0.98            0.00            1.00000     0.00000       0.00  %   10000     
1.425154e+03      1.01            0.00            1.00000     0.00000       0.00  %   10000     
1.425269e+03      1.31            0.00            1.00019     0.00019       0.02  %   10000     
1.425274e+03      1.33            0.00            1.00038     0.00027       0.03  %   10000     
1.425401e+03      1.75            0.00            1.00000     0.00000       0.00  %   10000     
1.425428e+03      1.87            0.00            1.00000     0.00000       0.00  %   10000     
1.425549e+03      2.38            0.00            1.00037     0.00026       0.03  %   10000     
1.425616e+03      2.73            0.00            1.00018     0.00018       0.02  %   10000     
1.425751e+03      3.44            0.00            1.00018     0.00018       0.02  %   10000     
1.426122e+03      5.56            0.00            1.00017     0.00017       0.02  %   10000     
1.426165e+03      5.81            0.00            1.00035     0.00025       0.02  %   10000     
1.426350e+03      6.54            0.01            1.00104     0.00042       0.04  %   10000     
1.426372e+03      6.62            0.00            1.00069     0.00034       0.03  %   10000     
1.426563e+03      6.91            0.01            1.00103     0.00042       0.04  %   10000     
1.426572e+03      6.92            0.00            1.00052     0.00030       0.03  %   10000     
1.426592e+03      6.90            0.00            1.00034     0.00024       0.02  %   10000     
1.426770e+03      6.72            0.00            1.00052     0.00030       0.03  %   10000     
1.426975e+03      6.10            0.00            1.00018     0.00018       0.02  %   10000     
1.427123e+03      5.65            0.01            1.00131     0.00050       0.05  %   10000     
1.427262e+03      5.23            0.01            1.00223     0.00067       0.07  %   10000     
1.427308e+03      5.09            0.01            1.00169     0.00060       0.06  %   10000     
1.427375e+03      5.00            0.01            1.00288     0.00080       0.08  %   10000     
1.427473e+03      4.87            0.01            1.00147     0.00060       0.06  %   10000     
1.427484e+03      4.88            0.01            1.00197     0.00070       0.07  %   10000     
1.427618e+03      4.97            0.01            1.00224     0.00079       0.08  %   10000     
1.427636e+03      4.98            0.01            1.00258     0.00086       0.09  %   10000     
1.427760e+03      5.34            0.02            1.00317     0.00100       0.10  %   10000     
1.427807e+03      5.47            0.02            1.00333     0.00105       0.10  %   10000     
1.427943e+03      6.15            0.02            1.00396     0.00119       0.12  %   10000     
1.428039e+03      6.62            0.04            1.00536     0.00143       0.14  %   10000     
1.428444e+03      8.91            0.04            1.00484     0.00146       0.15  %   10000     
1.428641e+03      9.52            0.08            1.00877     0.00201       0.20  %   10000     
1.428651e+03      9.55            0.07            1.00739     0.00184       0.18  %   10000     
1.428754e+03      9.64            0.05            1.00516     0.00156       0.15  %   10000     
1.428841e+03      9.53            0.05            1.00532     0.00160       0.16  %   10000     
1.428885e+03      9.47            0.05            1.00487     0.00154       0.15  %   10000     
1.428901e+03      9.45            0.07            1.00779     0.00195       0.19  %   10000     
1.429053e+03      8.90            0.06            1.00706     0.00189       0.19  %   10000     
1.429065e+03      8.85            0.09            1.01009     0.00225       0.22  %   10000     
1.429273e+03      7.59            0.11            1.01488     0.00281       0.28  %   10000     
1.429314e+03      7.35            0.05            1.00746     0.00199       0.20  %   10000     
1.429737e+03      4.31            0.05            1.01220     0.00272       0.27  %   10000     
1.429928e+03      3.17            0.04            1.01108     0.00268       0.27  %   10000     
1.429940e+03      3.10            0.05            1.01577     0.00321       0.32  %   10000     
1.430099e+03      2.35            0.04            1.01629     0.00339       0.33  %   10000     
1.430131e+03      2.23            0.03            1.01356     0.00311       0.31  %   10000     
1.430244e+03      1.81            0.05            1.02605     0.00446       0.43  %   10000     
1.430334e+03      1.56            0.03            1.02139     0.00411       0.40  %   10000     
1.430390e+03      1.40            0.03            1.02153     0.00422       0.41  %   10000     
1.430513e+03      1.14            0.02            1.01407     0.00352       0.35  %   10000     
1.430536e+03      1.09            0.01            1.01348     0.00348       0.34  %   10000     
1.430668e+03      0.89            0.01            1.01166     0.00337       0.33  %   10000     
1.430714e+03      0.83            0.02            1.02071     0.00452       0.44  %   10000     
1.430812e+03      0.72            0.02            1.02379     0.00354       0.35  %   20000     
1.430948e+03      0.60            0.02            1.03321     0.00432       0.42  %   20000     
1.430957e+03      0.59            0.01            1.02268     0.00507       0.50  %   10000     
1.431139e+03      0.48            0.01            1.02925     0.00426       0.41  %   20000     
1.431211e+03      0.45            0.02            1.03555     0.00474       0.46  %   20000     
1.431334e+03      0.40            0.01            1.03598     0.00494       0.48  %   20000     
1.431537e+03      0.33            0.01            1.04076     0.00444       0.43  %   30000     
1.431562e+03      0.32            0.01            1.03101     0.00478       0.46  %   20000     
1.431849e+03      0.26            0.01            1.03877     0.00460       0.44  %   30000     
1.431972e+03      0.24            0.01            1.03861     0.00464       0.45  %   30000     
1.432175e+03      0.21            0.01            1.04885     0.00469       0.45  %   40000     
1.432437e+03      0.19            0.01            1.05659     0.00520       0.49  %   40000     
1.432571e+03      0.17            0.01            1.05436     0.00522       0.50  %   40000     
1.433024e+03      0.14            0.01            1.05643     0.00502       0.48  %   50000     
1.433076e+03      0.14            0.01            1.05682     0.00506       0.48  %   50000     
1.433479e+03      0.12            0.01            1.06654     0.00524       0.49  %   60000     
1.433953e+03      0.10            0.01            1.06291     0.00529       0.50  %   60000     
1.434037e+03      0.10            0.01            1.06560     0.00506       0.47  %   70000     
1.434721e+03      0.08            0.01            1.08579     0.00539       0.50  %   90000     
1.435068e+03      0.07            0.01            1.08165     0.00534       0.49  %   90000     
1.435450e+03      0.07            0.01            1.07741     0.00536       0.50  %   90000     
1.436301e+03      0.06            0.01            1.10022     0.00604       0.55  %   100000    
1.436821e+03      0.05            0.01            1.09881     0.00607       0.55  %   100000    
1.437149e+03      0.05            0.01            1.11223     0.00657       0.59  %   100000    
1.438281e+03      0.04            0.00            1.10007     0.00636       0.58  %   100000    
1.439213e+03      0.04            0.00            1.10557     0.00651       0.59  %   100000    
1.439696e+03      0.04            0.00            1.10525     0.00652       0.59  %   100000    
1.440828e+03      0.04            0.00            1.10602     0.00641       0.58  %   100000    
1.441972e+03      0.04            0.00            1.10056     0.00596       0.54  %   100000    
1.443116e+03      0.04            0.00            1.07590     0.00506       0.47  %   90000     
1.443974e+03      0.05            0.00            1.06912     0.00506       0.47  %   70000     
1.444776e+03      0.06            0.00            1.05729     0.00494       0.47  %   50000     
1.444832e+03      0.06            0.00            1.05645     0.00487       0.46  %   50000     
1.445490e+03      0.07            0.00            1.04536     0.00503       0.48  %   30000     
1.446007e+03      0.08            0.00            1.03396     0.00480       0.46  %   20000     
1.446265e+03      0.09            0.00            1.02753     0.00405       0.39  %   20000     
1.446437e+03      0.09            0.00            1.03233     0.00420       0.41  %   20000     
1.446832e+03      0.11            0.00            1.02332     0.00448       0.44  %   10000     
1.447186e+03      0.13            0.00            1.01561     0.00325       0.32  %   10000     
1.447324e+03      0.15            0.00            1.01643     0.00316       0.31  %   10000     
1.447438e+03      0.16            0.00            1.01173     0.00256       0.25  %   10000     
1.447665e+03      0.19            0.00            1.01010     0.00215       0.21  %   10000     
1.447854e+03      0.22            0.00            1.00691     0.00163       0.16  %   10000     
1.447892e+03      0.24            0.00            1.00553     0.00143       0.14  %   10000     
1.448005e+03      0.27            0.00            1.00567     0.00137       0.14  %   10000     
1.448150e+03      0.32            0.00            1.00463     0.00116       0.12  %   10000     
1.448156e+03      0.32            0.00            1.00490     0.00119       0.12  %   10000     
1.448279e+03      0.39            0.00            1.00468     0.00110       0.11  %   10000     
1.448284e+03      0.39            0.00            1.00156     0.00064       0.06  %   10000     
1.448409e+03      0.48            0.00            1.00286     0.00082       0.08  %   10000     
1.448418e+03      0.49            0.00            1.00499     0.00109       0.11  %   10000     
1.448520e+03      0.59            0.00            1.00339     0.00087       0.09  %   10000     
1.448529e+03      0.60            0.00            1.00406     0.00096       0.10  %   10000     
1.448632e+03      0.74            0.00            1.00329     0.00085       0.08  %   10000     
1.448641e+03      0.75            0.00            1.00417     0.00095       0.10  %   10000     
1.448722e+03      0.90            0.00            1.00346     0.00086       0.09  %   10000     
1.448764e+03      0.98            0.00            1.00283     0.00078       0.08  %   10000     
1.448806e+03      1.08            0.00            1.00454     0.00099       0.10  %   10000     
1.448887e+03      1.28            0.00            1.00352     0.00088       0.09  %   10000     
1.448907e+03      1.34            0.00            1.00285     0.00079       0.08  %   10000     
1.449007e+03      1.66            0.00            1.00268     0.00077       0.08  %   10000     
1.449016e+03      1.69            0.00            1.00292     0.00081       0.08  %   10000     
1.449104e+03      2.06            0.01            1.00591     0.00116       0.11  %   10000     
1.449159e+03      2.29            0.01            1.00232     0.00073       0.07  %   10000     
1.449218e+03      2.61            0.01            1.00210     0.00070       0.07  %   10000     
1.449318e+03      3.14            0.01            1.00434     0.00102       0.10  %   10000     
1.449349e+03      3.35            0.01            1.00217     0.00072       0.07  %   10000     
1.449508e+03      4.41            0.02            1.00376     0.00097       0.10  %   10000     
1.449535e+03      4.59            0.02            1.00456     0.00107       0.11  %   10000     
1.449764e+03      6.25            0.03            1.00533     0.00119       0.12  %   10000     
1.449935e+03      7.49            0.04            1.00518     0.00119       0.12  %   10000     
1.450067e+03      8.17            0.05            1.00593     0.00129       0.13  %   10000     
1.450150e+03      8.58            0.05            1.00568     0.00127       0.13  %   10000     
1.450278e+03      8.82            0.04            1.00441     0.00114       0.11  %   10000     
1.450349e+03      8.96            0.06            1.00679     0.00141       0.14  %   10000     
1.450356e+03      8.96            0.05            1.00591     0.00132       0.13  %   10000     
1.450445e+03      8.81            0.06            1.00638     0.00139       0.14  %   10000     
1.450511e+03      8.70            0.07            1.00798     0.00156       0.16  %   10000     
1.450539e+03      8.65            0.06            1.00645     0.00141       0.14  %   10000     
1.450675e+03      8.03            0.05            1.00637     0.00142       0.14  %   10000     
1.450718e+03      7.83            0.07            1.00830     0.00163       0.16  %   10000     
1.450918e+03      6.44            0.06            1.00885     0.00173       0.17  %   10000     
1.451025e+03      5.70            0.05            1.00803     0.00167       0.17  %   10000     
1.451312e+03      3.64            0.04            1.01228     0.00220       0.22  %   10000     
1.451469e+03      2.72            0.03            1.01281     0.00234       0.23  %   10000     
1.451492e+03      2.58            0.03            1.01002     0.00209       0.21  %   10000     
1.451635e+03      1.92            0.03            1.01399     0.00259       0.26  %   10000     
1.451693e+03      1.71            0.02            1.01345     0.00258       0.26  %   10000     
1.451760e+03      1.46            0.02            1.01653     0.00296       0.29  %   10000     
1.451879e+03      1.13            0.02            1.02066     0.00349       0.34  %   10000     
1.451894e+03      1.10            0.03            1.02382     0.00376       0.37  %   10000     
1.452002e+03      0.87            0.02            1.02336     0.00394       0.39  %   10000     
1.452073e+03      0.75            0.02            1.02692     0.00436       0.42  %   10000     
1.452113e+03      0.69            0.02            1.03207     0.00488       0.47  %   10000     
1.452225e+03      0.55            0.02            1.02925     0.00494       0.48  %   10000     
1.452259e+03      0.52            0.01            1.02572     0.00469       0.46  %   10000     
1.452337e+03      0.45            0.02            1.03842     0.00423       0.41  %   20000     
1.452471e+03      0.36            0.02            1.04346     0.00479       0.46  %   20000     
1.452521e+03      0.34            0.01            1.03557     0.00440       0.43  %   20000     
1.452609e+03      0.30            0.01            1.03878     0.00480       0.46  %   20000     
1.452764e+03      0.25            0.01            1.04732     0.00459       0.44  %   30000     
1.452860e+03      0.23            0.01            1.04778     0.00472       0.45  %   30000     
1.452958e+03      0.20            0.01            1.06548     0.00497       0.47  %   40000     
1.453168e+03      0.17            0.01            1.06371     0.00519       0.49  %   40000     
1.453328e+03      0.15            0.01            1.07079     0.00505       0.47  %   50000     
1.453440e+03      0.14            0.01            1.07302     0.00529       0.49  %   50000     
1.453767e+03      0.11            0.01            1.07945     0.00537       0.50  %   60000     
1.453922e+03      0.11            0.01            1.08757     0.00533       0.49  %   70000     
1.454147e+03      0.09            0.01            1.09328     0.00538       0.49  %   80000     
1.454551e+03      0.08            0.01            1.12053     0.00579       0.52  %   100000    
1.455002e+03      0.07            0.01            1.11454     0.00593       0.53  %   100000    
1.455037e+03      0.07            0.01            1.13068     0.00636       0.56  %   100000    
1.455692e+03      0.06            0.01            1.12249     0.00658       0.59  %   100000    
1.456380e+03      0.05            0.01            1.13471     0.00724       0.64  %   100000    
1.456513e+03      0.05            0.01            1.11911     0.00684       0.61  %   100000    
1.457206e+03      0.04            0.01            1.13607     0.00763       0.67  %   100000    
1.458320e+03      0.04            0.00            1.10857     0.00709       0.64  %   100000    
1.459292e+03      0.03            0.00            1.08423     0.00631       0.58  %   100000    
1.459717e+03      0.03            0.00            1.08809     0.00651       0.60  %   100000    
1.461394e+03      0.03            0.00            1.07960     0.00615       0.57  %   100000    
1.461953e+03      0.03            0.00            1.06449     0.00549       0.52  %   100000    
1.463593e+03      0.03            0.00            1.05994     0.00501       0.47  %   100000    
1.464685e+03      0.03            0.00            1.05451     0.00501       0.48  %   80000     
1.465505e+03      0.04            0.00            1.05135     0.00524       0.50  %   60000     
1.465800e+03      0.04            0.00            1.04776     0.00487       0.46  %   60000     
1.466051e+03      0.04            0.00            1.04304     0.00490       0.47  %   50000     
1.466468e+03      0.05            0.00            1.03618     0.00467       0.45  %   40000     
1.466755e+03      0.05            0.00            1.03376     0.00487       0.47  %   30000     
1.467006e+03      0.06            0.00            1.02878     0.00508       0.49  %   20000     
1.467007e+03      0.06            0.00            1.02607     0.00484       0.47  %   20000     
1.467186e+03      0.07            0.00            1.02751     0.00458       0.45  %   20000     
1.467329e+03      0.08            0.00            1.01934     0.00499       0.49  %   10000     
1.467455e+03      0.10            0.00            1.01072     0.00339       0.34  %   10000     
1.467562e+03      0.12            0.00            1.01159     0.00321       0.32  %   10000     
1.467670e+03      0.15            0.00            1.00653     0.00217       0.22  %   10000     
1.467759e+03      0.19            0.00            1.00845     0.00226       0.22  %   10000     
1.467849e+03      0.23            0.00            1.00350     0.00132       0.13  %   10000     
1.467939e+03      0.29            0.00            1.00457     0.00138       0.14  %   10000     
1.467988e+03      0.33            0.00            1.00224     0.00091       0.09  %   10000     
1.468046e+03      0.38            0.00            1.00270     0.00095       0.10  %   10000     
1.468053e+03      0.39            0.00            1.00466     0.00124       0.12  %   10000     
1.468158e+03      0.51            0.00            1.00168     0.00069       0.07  %   10000     
1.468282e+03      0.70            0.00            1.00187     0.00066       0.07  %   10000     
1.468309e+03      0.75            0.00            1.00203     0.00068       0.07  %   10000     
1.468419e+03      0.96            0.00            1.00101     0.00045       0.05  %   10000     
1.468541e+03      1.25            0.00            1.00164     0.00055       0.05  %   10000     
1.468587e+03      1.36            0.00            1.00160     0.00053       0.05  %   10000     
1.468761e+03      1.85            0.00            1.00131     0.00046       0.05  %   10000     
1.469098e+03      2.80            0.00            1.00046     0.00027       0.03  %   10000     
1.469111e+03      2.82            0.00            1.00155     0.00049       0.05  %   10000     
1.469300e+03      3.18            0.00            1.00031     0.00022       0.02  %   10000     
1.469456e+03      3.28            0.00            1.00142     0.00047       0.05  %   10000     
1.469474e+03      3.29            0.00            1.00063     0.00032       0.03  %   10000     
1.469651e+03      3.17            0.01            1.00212     0.00059       0.06  %   10000     
1.469701e+03      3.08            0.00            1.00132     0.00047       0.05  %   10000     
1.469794e+03      2.90            0.01            1.00238     0.00064       0.06  %   10000     
1.469856e+03      2.78            0.00            1.00138     0.00049       0.05  %   10000     
1.470042e+03      2.26            0.00            1.00112     0.00046       0.05  %   10000     
1.470398e+03      1.27            0.00            1.00164     0.00062       0.06  %   10000     
1.470553e+03      0.92            0.00            1.00409     0.00106       0.11  %   10000     
1.470685e+03      0.68            0.00            1.00512     0.00128       0.13  %   10000     
1.470805e+03      0.51            0.00            1.00639     0.00155       0.15  %   10000     
1.470870e+03      0.44            0.00            1.00655     0.00164       0.16  %   10000     
1.470911e+03      0.39            0.00            1.00660     0.00170       0.17  %   10000     
1.471018e+03      0.31            0.00            1.00832     0.00208       0.21  %   10000     
1.471125e+03      0.24            0.00            1.00792     0.00220       0.22  %   10000     
1.471232e+03      0.20            0.00            1.01334     0.00306       0.30  %   10000     
1.471238e+03      0.19            0.00            1.01130     0.00282       0.28  %   10000     
1.471339e+03      0.16            0.00            1.01117     0.00298       0.30  %   10000     
1.471445e+03      0.14            0.00            1.01318     0.00340       0.34  %   10000     
1.471552e+03      0.13            0.00            1.00935     0.00296       0.29  %   10000     
1.471680e+03      0.12            0.00            1.01545     0.00386       0.38  %   10000     
1.471762e+03      0.12            0.00            1.01723     0.00406       0.40  %   10000     
1.471830e+03      0.12            0.00            1.02196     0.00457       0.45  %   10000     
1.471979e+03      0.12            0.00            1.01811     0.00404       0.40  %   10000     
1.472128e+03      0.13            0.00            1.01317     0.00329       0.32  %   10000     
1.472277e+03      0.15            0.00            1.01005     0.00268       0.27  %   10000     
1.472389e+03      0.16            0.00            1.01007     0.00251       0.25  %   10000     
1.472502e+03      0.19            0.00            1.01184     0.00252       0.25  %   10000     
1.472544e+03      0.21            0.00            1.01002     0.00224       0.22  %   10000     
1.472613e+03      0.23            0.00            1.00726     0.00181       0.18  %   10000     
1.472726e+03      0.29            0.00            1.00644     0.00156       0.16  %   10000     
1.472828e+03      0.37            0.00            1.00447     0.00119       0.12  %   10000     
1.472857e+03      0.39            0.00            1.00333     0.00100       0.10  %   10000     
1.472924e+03      0.46            0.00            1.00248     0.00083       0.08  %   10000     
1.473034e+03      0.60            0.00            1.00118     0.00053       0.05  %   10000     
1.473042e+03      0.61            0.00            1.00234     0.00074       0.07  %   10000     
1.473143e+03      0.79            0.00            1.00231     0.00070       0.07  %   10000     
1.473165e+03      0.83            0.00            1.00287     0.00077       0.08  %   10000     
1.473254e+03      1.03            0.00            1.00134     0.00051       0.05  %   10000     
1.473319e+03      1.21            0.00            1.00273     0.00071       0.07  %   10000     
1.473384e+03      1.39            0.00            1.00089     0.00040       0.04  %   10000     
1.473450e+03      1.63            0.00            1.00154     0.00051       0.05  %   10000     
1.473533e+03      1.92            0.00            1.00118     0.00045       0.04  %   10000     
1.473600e+03      2.22            0.00            1.00115     0.00044       0.04  %   10000     
1.473738e+03      2.82            0.00            1.00098     0.00040       0.04  %   10000     
1.473773e+03      2.98            0.01            1.00212     0.00059       0.06  %   10000     
1.474042e+03      4.25            0.00            1.00115     0.00043       0.04  %   10000     
1.474126e+03      4.65            0.01            1.00181     0.00054       0.05  %   10000     
1.474318e+03      5.28            0.01            1.00185     0.00056       0.06  %   10000     
1.474364e+03      5.35            0.01            1.00119     0.00045       0.04  %   10000     
1.474485e+03      5.52            0.01            1.00224     0.00062       0.06  %   10000     
1.474522e+03      5.53            0.01            1.00139     0.00049       0.05  %   10000     
1.474585e+03      5.47            0.01            1.00106     0.00043       0.04  %   10000     
1.474689e+03      5.36            0.01            1.00143     0.00051       0.05  %   10000     
1.474758e+03      5.16            0.01            1.00128     0.00048       0.05  %   10000     
1.474890e+03      4.76            0.01            1.00226     0.00065       0.06  %   10000     
1.474978e+03      4.36            0.01            1.00273     0.00073       0.07  %   10000     
1.475206e+03      3.31            0.01            1.00274     0.00076       0.08  %   10000     
1.475260e+03      3.06            0.01            1.00325     0.00084       0.08  %   10000     
1.475456e+03      2.15            0.01            1.00317     0.00088       0.09  %   10000     
1.475619e+03      1.53            0.01            1.00360     0.00100       0.10  %   10000     
1.475712e+03      1.25            0.01            1.00569     0.00130       0.13  %   10000     
1.475754e+03      1.12            0.01            1.00600     0.00137       0.14  %   10000     
1.475869e+03      0.85            0.00            1.00578     0.00144       0.14  %   10000     
1.475967e+03      0.67            0.00            1.00569     0.00152       0.15  %   10000     
1.475983e+03      0.64            0.01            1.00919     0.00196       0.19  %   10000     
1.476080e+03      0.50            0.01            1.01253     0.00245       0.24  %   10000     
1.476179e+03      0.40            0.01            1.01892     0.00324       0.32  %   10000     
1.476239e+03      0.35            0.01            1.01863     0.00334       0.33  %   10000     
1.476278e+03      0.32            0.00            1.01543     0.00315       0.31  %   10000     
1.476376e+03      0.26            0.00            1.01787     0.00364       0.36  %   10000     
1.476491e+03      0.21            0.00            1.02335     0.00449       0.44  %   10000     
1.476521e+03      0.20            0.00            1.01959     0.00417       0.41  %   10000     
1.476604e+03      0.17            0.00            1.02872     0.00377       0.37  %   20000     
1.476729e+03      0.14            0.01            1.03654     0.00453       0.44  %   20000     
1.476887e+03      0.12            0.00            1.03094     0.00441       0.43  %   20000     
1.476973e+03      0.11            0.00            1.04076     0.00517       0.50  %   20000     
1.477044e+03      0.11            0.00            1.03783     0.00509       0.49  %   20000     
1.477296e+03      0.09            0.00            1.03491     0.00420       0.41  %   30000     
1.477647e+03      0.08            0.00            1.04553     0.00496       0.47  %   30000     
1.477656e+03      0.08            0.00            1.04012     0.00466       0.45  %   30000     
1.478141e+03      0.07            0.00            1.04748     0.00520       0.50  %   30000     
1.478734e+03      0.07            0.00            1.04389     0.00500       0.48  %   30000     
1.479022e+03      0.07            0.00            1.04738     0.00513       0.49  %   30000     
1.479130e+03      0.07            0.00            1.04049     0.00473       0.45  %   30000     
1.480090e+03      0.07            0.00            1.03748     0.00432       0.42  %   30000     
1.481051e+03      0.07            0.00            1.02658     0.00410       0.40  %   20000     
1.481556e+03      0.08            0.00            1.01351     0.00390       0.38  %   10000     
1.482011e+03      0.09            0.00            1.01231     0.00355       0.35  %   10000     
1.482971e+03      0.10            0.00            1.01450     0.00342       0.34  %   10000     
1.483408e+03      0.11            0.00            1.00495     0.00187       0.19  %   10000     
1.483747e+03      0.12            0.00            1.00784     0.00226       0.22  %   10000     
1.484412e+03      0.15            0.00            1.00706     0.00196       0.19  %   10000     
1.484521e+03      0.15            0.00            1.00524     0.00166       0.16  %   10000     
1.484707e+03      0.16            0.00            1.00547     0.00165       0.16  %   10000     
1.485065e+03      0.18            0.00            1.00508     0.00153       0.15  %   10000     
1.485241e+03      0.19            0.00            1.00483     0.00146       0.14  %   10000     
1.485625e+03      0.22            0.00            1.00619     0.00160       0.16  %   10000     
1.485764e+03      0.24            0.00            1.00479     0.00138       0.14  %   10000     
1.486087e+03      0.27            0.00            1.00387     0.00122       0.12  %   10000     
1.486200e+03      0.29            0.00            1.00493     0.00137       0.14  %   10000     
1.486518e+03      0.33            0.00            1.00564     0.00145       0.14  %   10000     
1.486565e+03      0.34            0.00            1.00336     0.00112       0.11  %   10000     
1.486843e+03      0.40            0.00            1.00374     0.00118       0.12  %   10000     
1.486888e+03      0.41            0.00            1.00490     0.00136       0.14  %   10000     
1.487121e+03      0.48            0.00            1.00455     0.00131       0.13  %   10000     
1.487225e+03      0.51            0.00            1.00503     0.00140       0.14  %   10000     
1.487353e+03      0.56            0.00            1.00620     0.00155       0.15  %   10000     
1.487525e+03      0.63            0.01            1.00962     0.00196       0.19  %   10000     
1.487566e+03      0.65            0.01            1.00961     0.00196       0.19  %   10000     
1.487772e+03      0.77            0.00            1.00291     0.00110       0.11  %   10000     
1.487783e+03      0.78            0.00            1.00500     0.00144       0.14  %   10000     
1.487946e+03      0.91            0.00            1.00427     0.00135       0.13  %   10000     
1.487986e+03      0.94            0.00            1.00477     0.00144       0.14  %   10000     
1.488120e+03      1.09            0.01            1.00483     0.00146       0.14  %   10000     
1.488189e+03      1.17            0.01            1.00496     0.00149       0.15  %   10000     
1.488276e+03      1.31            0.01            1.00813     0.00191       0.19  %   10000     
1.488363e+03      1.46            0.01            1.00604     0.00167       0.17  %   10000     
1.488438e+03      1.62            0.01            1.00464     0.00147       0.15  %   10000     
1.488508e+03      1.77            0.01            1.00523     0.00158       0.16  %   10000     
1.488597e+03      2.04            0.02            1.00759     0.00190       0.19  %   10000     
1.488666e+03      2.24            0.02            1.00923     0.00212       0.21  %   10000     
1.488752e+03      2.58            0.02            1.00678     0.00181       0.18  %   10000     
1.488814e+03      2.82            0.03            1.00890     0.00210       0.21  %   10000     
1.488911e+03      3.32            0.03            1.00886     0.00209       0.21  %   10000     
1.488986e+03      3.69            0.04            1.00957     0.00219       0.22  %   10000     
1.489074e+03      4.28            0.03            1.00701     0.00187       0.19  %   10000     
1.489171e+03      4.92            0.03            1.00513     0.00162       0.16  %   10000     
1.489259e+03      5.65            0.05            1.00817     0.00204       0.20  %   10000     
1.489403e+03      6.84            0.04            1.00578     0.00174       0.17  %   10000     
1.489491e+03      7.64            0.08            1.01003     0.00230       0.23  %   10000     
1.489871e+03      11.06           0.12            1.01052     0.00241       0.24  %   10000     
1.490029e+03      12.07           0.12            1.01034     0.00244       0.24  %   10000     
1.490066e+03      12.31           0.13            1.01092     0.00250       0.25  %   10000     
1.490275e+03      12.92           0.16            1.01209     0.00270       0.27  %   10000     
1.490289e+03      12.97           0.16            1.01270     0.00277       0.27  %   10000     
1.490304e+03      12.98           0.17            1.01333     0.00284       0.28  %   10000     
1.490493e+03      12.65           0.18            1.01409     0.00300       0.30  %   10000     
1.490525e+03      12.60           0.26            1.02059     0.00363       0.36  %   10000     
1.490556e+03      12.43           0.25            1.02020     0.00362       0.36  %   10000     
1.490746e+03      11.39           0.22            1.01915     0.00361       0.35  %   10000     
1.490815e+03      10.82           0.21            1.01912     0.00367       0.36  %   10000     
1.491129e+03      8.23            0.21            1.02529     0.00446       0.44  %   10000     
1.491418e+03      5.83            0.13            1.02156     0.00440       0.43  %   10000     
1.491630e+03      4.40            0.14            1.03204     0.00397       0.38  %   20000     
1.491728e+03      3.87            0.13            1.03395     0.00414       0.40  %   20000     
1.491820e+03      3.38            0.08            1.02459     0.00512       0.50  %   10000     
1.492010e+03      2.61            0.09            1.03621     0.00455       0.44  %   20000     
1.492179e+03      2.09            0.07            1.03342     0.00454       0.44  %   20000     
1.492282e+03      1.85            0.08            1.04420     0.00431       0.41  %   30000     
1.492377e+03      1.64            0.07            1.04556     0.00448       0.43  %   30000     
1.492535e+03      1.37            0.07            1.05170     0.00488       0.46  %   30000     
1.492557e+03      1.33            0.06            1.04857     0.00475       0.45  %   30000     
1.492772e+03      1.07            0.05            1.04922     0.00494       0.47  %   30000     
1.492779e+03      1.06            0.06            1.05290     0.00513       0.49  %   30000     
1.493004e+03      0.86            0.05            1.05361     0.00462       0.44  %   40000     
1.493054e+03      0.83            0.05            1.05867     0.00485       0.46  %   40000     
1.493251e+03      0.70            0.04            1.06042     0.00508       0.48  %   40000     
1.493406e+03      0.62            0.04            1.06441     0.00530       0.50  %   40000     
1.493533e+03      0.57            0.04            1.06605     0.00491       0.46  %   50000     
1.493815e+03      0.47            0.03            1.06189     0.00490       0.46  %   50000     
1.493829e+03      0.47            0.03            1.06818     0.00514       0.48  %   50000     
1.494160e+03      0.38            0.03            1.08161     0.00535       0.49  %   60000     
1.494322e+03      0.35            0.03            1.07494     0.00517       0.48  %   60000     
1.494541e+03      0.31            0.03            1.08136     0.00514       0.48  %   70000     
1.494830e+03      0.27            0.02            1.08192     0.00527       0.49  %   70000     
1.494959e+03      0.26            0.02            1.09084     0.00528       0.48  %   80000     
1.495456e+03      0.21            0.02            1.09802     0.00539       0.49  %   90000     
1.495496e+03      0.21            0.02            1.09682     0.00537       0.49  %   90000     
1.496057e+03      0.17            0.02            1.10885     0.00567       0.51  %   100000    
1.496321e+03      0.16            0.02            1.11888     0.00600       0.54  %   100000    
1.496691e+03      0.14            0.02            1.12703     0.00641       0.57  %   100000    
1.497326e+03      0.12            0.01            1.11801     0.00641       0.57  %   100000    
1.497431e+03      0.12            0.01            1.11993     0.00647       0.58  %   100000    
1.498119e+03      0.10            0.01            1.13161     0.00703       0.62  %   100000    
1.498558e+03      0.09            0.01            1.13332     0.00714       0.63  %   100000    
1.498979e+03      0.09            0.01            1.14234     0.00734       0.64  %   100000    
1.499119e+03      0.09            0.01            1.13565     0.00711       0.63  %   100000    
1.499124e+03      0.09            0.01            1.12392     0.00679       0.60  %   100000    
1.499399e+03      0.09            0.01            1.11976     0.00648       0.58  %   100000    
1.499610e+03      0.10            0.01            1.10466     0.00576       0.52  %   100000    
1.499736e+03      0.11            0.01            1.09527     0.00523       0.48  %   100000    
1.499862e+03      0.13            0.01            1.08027     0.00535       0.50  %   70000     
1.499988e+03      0.15            0.01            1.06899     0.00491       0.46  %   60000     
1.500094e+03      0.18            0.01            1.05642     0.00498       0.47  %   40000     
1.500199e+03      0.22            0.01            1.04837     0.00483       0.46  %   30000     
1.500304e+03      0.27            0.01            1.03895     0.00479       0.46  %   20000     
1.500430e+03      0.35            0.01            1.03257     0.00386       0.37  %   20000     
1.500556e+03      0.46            0.01            1.02013     0.00380       0.37  %   10000     
1.500609e+03      0.51            0.01            1.01751     0.00337       0.33  %   10000     
1.500704e+03      0.61            0.01            1.01339     0.00273       0.27  %   10000     
1.500824e+03      0.77            0.01            1.01297     0.00245       0.24  %   10000     
1.500921e+03      0.90            0.01            1.01202     0.00223       0.22  %   10000     
1.501281e+03      1.40            0.01            1.00678     0.00144       0.14  %   10000     
1.501312e+03      1.43            0.01            1.00730     0.00149       0.15  %   10000     
1.501493e+03      1.61            0.01            1.00487     0.00118       0.12  %   10000     
1.501686e+03      1.68            0.01            1.00654     0.00136       0.14  %   10000     
1.501868e+03      1.62            0.01            1.00593     0.00132       0.13  %   10000     
1.501968e+03      1.52            0.02            1.01090     0.00184       0.18  %   10000     
1.502074e+03      1.42            0.01            1.00720     0.00153       0.15  %   10000     
1.502155e+03      1.31            0.01            1.00730     0.00159       0.16  %   10000     
1.502617e+03      0.67            0.01            1.01540     0.00296       0.29  %   10000     
1.502620e+03      0.66            0.01            1.02121     0.00348       0.34  %   10000     
1.502785e+03      0.47            0.01            1.01647     0.00351       0.35  %   10000     
1.502921e+03      0.35            0.01            1.03216     0.00392       0.38  %   20000     
1.503043e+03      0.27            0.01            1.03962     0.00491       0.47  %   20000     
1.503156e+03      0.21            0.01            1.04234     0.00464       0.45  %   30000     
1.503271e+03      0.16            0.01            1.06986     0.00517       0.48  %   50000     
1.503387e+03      0.13            0.01            1.07592     0.00506       0.47  %   70000     
1.503502e+03      0.10            0.01            1.09430     0.00519       0.47  %   100000    
1.503609e+03      0.09            0.01            1.11621     0.00620       0.56  %   100000    
1.503617e+03      0.08            0.01            1.10467     0.00593       0.54  %   100000    
1.503761e+03      0.07            0.01            1.13552     0.00733       0.65  %   100000    
1.503877e+03      0.06            0.01            1.15481     0.00824       0.71  %   100000    
1.504064e+03      0.06            0.01            1.17512     0.00929       0.79  %   100000    
1.504282e+03      0.05            0.01            1.17387     0.00967       0.82  %   100000    
1.504663e+03      0.04            0.01            1.16087     0.00972       0.84  %   100000    
1.504717e+03      0.04            0.01            1.16153     0.00982       0.85  %   100000    
1.505443e+03      0.04            0.01            1.17386     0.01077       0.92  %   100000    
1.506313e+03      0.03            0.01            1.19558     0.01191       1.00  %   100000    
1.507565e+03      0.03            0.01            1.19820     0.01244       1.04  %   100000    
1.507648e+03      0.03            0.01            1.18300     0.01200       1.01  %   100000    
1.509650e+03      0.03            0.01            1.24455     0.01457       1.17  %   100000    
1.512273e+03      0.02            0.00            1.22059     0.01434       1.18  %   100000    
1.512344e+03      0.02            0.00            1.21511     0.01417       1.17  %   100000    
1.515377e+03      0.02            0.01            1.26958     0.01635       1.29  %   100000    
1.518738e+03      0.02            0.00            1.25265     0.01596       1.27  %   100000    
1.520732e+03      0.02            0.00            1.16459     0.01276       1.10  %   100000    
1.520857e+03      0.02            0.00            1.14360     0.01192       1.04  %   100000    
1.523211e+03      0.02            0.00            1.05466     0.00711       0.67  %   100000    
1.524682e+03      0.02            0.00            1.05241     0.00665       0.63  %   100000    
1.525564e+03      0.02            0.00            1.02988     0.00505       0.49  %   90000     
1.526315e+03      0.02            0.00            1.01891     0.00505       0.50  %   50000     
1.526813e+03      0.03            0.00            1.02019     0.00490       0.48  %   50000     
1.526816e+03      0.03            0.00            1.01335     0.00445       0.44  %   40000     
1.527192e+03      0.03            0.00            1.01923     0.00496       0.49  %   40000     
1.527442e+03      0.04            0.00            1.01498     0.00474       0.47  %   30000     
1.527664e+03      0.04            0.00            1.01915     0.00494       0.49  %   30000     
1.527833e+03      0.05            0.00            1.01460     0.00486       0.48  %   20000     
1.527955e+03      0.06            0.00            1.00279     0.00279       0.28  %   10000     
1.528076e+03      0.07            0.00            1.01045     0.00348       0.34  %   20000     
1.528173e+03      0.08            0.00            1.00784     0.00392       0.39  %   10000     
1.528282e+03      0.10            0.00            1.00633     0.00316       0.31  %   10000     
1.528385e+03      0.13            0.00            1.00380     0.00220       0.22  %   10000     
1.528485e+03      0.16            0.00            1.00608     0.00248       0.25  %   10000     
1.528586e+03      0.21            0.00            1.00242     0.00140       0.14  %   10000     
1.528652e+03      0.25            0.00            1.00138     0.00098       0.10  %   10000     
1.528686e+03      0.27            0.00            1.00324     0.00145       0.14  %   10000     
1.528801e+03      0.36            0.00            1.00051     0.00051       0.05  %   10000     
1.528911e+03      0.48            0.00            1.00084     0.00059       0.06  %   10000     
1.528958e+03      0.53            0.00            1.00115     0.00066       0.07  %   10000     
1.529041e+03      0.64            0.00            1.00171     0.00076       0.08  %   10000     
1.529206e+03      0.91            0.00            1.00056     0.00039       0.04  %   10000     
1.529254e+03      1.00            0.00            1.00079     0.00046       0.05  %   10000     
1.529468e+03      1.42            0.00            1.00091     0.00045       0.05  %   10000     
1.529586e+03      1.66            0.00            1.00065     0.00037       0.04  %   10000     
1.529752e+03      1.99            0.00            1.00020     0.00020       0.02  %   10000     
1.529948e+03      2.26            0.00            1.00160     0.00056       0.06  %   10000     
1.530137e+03      2.37            0.00            1.00061     0.00035       0.04  %   10000     
1.530154e+03      2.37            0.00            1.00020     0.00020       0.02  %   10000     
1.530338e+03      2.28            0.00            1.00000     0.00000       0.00  %   10000     
1.530418e+03      2.18            0.00            1.00022     0.00022       0.02  %   10000     
1.530488e+03      2.09            0.00            1.00067     0.00039       0.04  %   10000     
1.530523e+03      2.04            0.00            1.00023     0.00023       0.02  %   10000     
1.530796e+03      1.51            0.00            1.00185     0.00070       0.07  %   10000     
1.530831e+03      1.44            0.00            1.00162     0.00066       0.07  %   10000     
1.531089e+03      0.93            0.00            1.00035     0.00035       0.03  %   10000     
1.531255e+03      0.66            0.00            1.00217     0.00097       0.10  %   10000     
1.531388e+03      0.48            0.00            1.00428     0.00151       0.15  %   10000     
1.531502e+03      0.37            0.00            1.00393     0.00160       0.16  %   10000     
1.531618e+03      0.27            0.00            1.01408     0.00341       0.34  %   10000     
1.531719e+03      0.21            0.00            1.00922     0.00307       0.30  %   10000     
1.531820e+03      0.16            0.00            1.00508     0.00254       0.25  %   10000     
1.531922e+03      0.13            0.00            1.00783     0.00350       0.35  %   10000     
1.532018e+03      0.10            0.00            1.00565     0.00326       0.32  %   10000     
1.532025e+03      0.10            0.00            1.01726     0.00407       0.40  %   20000     
1.532134e+03      0.08            0.00            1.01647     0.00440       0.43  %   20000     
1.532254e+03      0.07            0.00            1.02197     0.00458       0.45  %   30000     
1.532375e+03      0.06            0.00            1.01519     0.00506       0.50  %   20000     
1.532520e+03      0.05            0.00            1.01973     0.00441       0.43  %   40000     
1.532688e+03      0.04            0.00            1.02861     0.00464       0.45  %   60000     
1.532898e+03      0.03            0.00            1.03273     0.00488       0.47  %   70000     
1.532912e+03      0.03            0.00            1.03582     0.00512       0.49  %   70000     
1.533168e+03      0.03            0.00            1.04076     0.00509       0.49  %   90000     
1.533599e+03      0.03            0.00            1.03263     0.00516       0.50  %   80000     
1.534030e+03      0.02            0.00            1.03989     0.00533       0.51  %   100000    
1.534703e+03      0.02            0.00            1.03650     0.00532       0.51  %   100000    
1.535425e+03      0.02            0.00            1.03106     0.00504       0.49  %   100000    
1.535540e+03      0.02            0.00            1.04101     0.00580       0.56  %   100000    
1.536389e+03      0.02            0.00            1.04244     0.00600       0.58  %   100000    
1.538316e+03      0.02            0.00            1.04601     0.00626       0.60  %   100000    
1.540217e+03      0.02            0.00            1.04108     0.00575       0.55  %   100000    
1.542117e+03      0.02            0.00            1.03477     0.00502       0.48  %   100000    
1.543788e+03      0.02            0.00            1.02682     0.00490       0.48  %   70000     
1.544999e+03      0.03            0.00            1.01434     0.00507       0.50  %   30000     
1.545006e+03      0.03            0.00            1.02596     0.00482       0.47  %   60000     
1.546008e+03      0.03            0.00            1.02005     0.00472       0.46  %   40000     
1.546807e+03      0.04            0.00            1.01964     0.00491       0.48  %   30000     
1.547463e+03      0.04            0.00            1.01213     0.00429       0.42  %   20000     
1.547483e+03      0.04            0.00            1.01205     0.00426       0.42  %   20000     
1.547966e+03      0.05            0.00            1.01246     0.00394       0.39  %   20000     
1.548406e+03      0.06            0.00            1.00204     0.00204       0.20  %   10000     
1.548776e+03      0.07            0.00            1.00837     0.00374       0.37  %   10000     
1.549008e+03      0.08            0.00            1.00580     0.00290       0.29  %   10000     
1.549084e+03      0.08            0.00            1.00415     0.00240       0.24  %   10000     
1.549355e+03      0.10            0.00            1.00339     0.00196       0.19  %   10000     
1.549564e+03      0.12            0.00            1.00378     0.00189       0.19  %   10000     
1.549732e+03      0.14            0.00            1.00481     0.00196       0.20  %   10000     
1.549885e+03      0.16            0.00            1.00203     0.00117       0.12  %   10000     
1.550023e+03      0.20            0.00            1.00114     0.00081       0.08  %   10000     
1.550161e+03      0.25            0.00            1.00094     0.00067       0.07  %   10000     
1.550190e+03      0.26            0.00            1.00135     0.00078       0.08  %   10000     
1.550235e+03      0.28            0.00            1.00126     0.00073       0.07  %   10000     
1.550281e+03      0.30            0.00            1.00040     0.00040       0.04  %   10000     
1.550393e+03      0.38            0.00            1.00103     0.00059       0.06  %   10000     
1.550418e+03      0.40            0.00            1.00066     0.00047       0.05  %   10000     
1.550506e+03      0.48            0.00            1.00090     0.00052       0.05  %   10000     
1.550570e+03      0.56            0.00            1.00193     0.00073       0.07  %   10000     
1.550620e+03      0.62            0.00            1.00053     0.00037       0.04  %   10000     
1.550721e+03      0.79            0.00            1.00096     0.00048       0.05  %   10000     
1.550734e+03      0.81            0.00            1.00024     0.00024       0.02  %   10000     
1.550842e+03      1.04            0.00            1.00045     0.00032       0.03  %   10000     
1.550859e+03      1.09            0.00            1.00088     0.00044       0.04  %   10000     
1.550964e+03      1.38            0.00            1.00106     0.00047       0.05  %   10000     
1.550981e+03      1.44            0.00            1.00084     0.00042       0.04  %   10000     
1.551098e+03      1.86            0.00            1.00041     0.00029       0.03  %   10000     
1.551104e+03      1.88            0.00            1.00020     0.00020       0.02  %   10000     
1.551243e+03      2.50            0.00            1.00040     0.00028       0.03  %   10000     
1.551256e+03      2.56            0.00            1.00060     0.00035       0.03  %   10000     
1.551396e+03      3.34            0.00            1.00020     0.00020       0.02  %   10000     
1.551472e+03      3.75            0.00            1.00061     0.00035       0.04  %   10000     
1.551619e+03      4.62            0.01            1.00143     0.00054       0.05  %   10000     
1.551881e+03      6.18            0.00            1.00063     0.00036       0.04  %   10000     
1.552035e+03      6.80            0.01            1.00086     0.00043       0.04  %   10000     
1.552105e+03      7.08            0.01            1.00129     0.00053       0.05  %   10000     
1.552256e+03      7.29            0.01            1.00111     0.00050       0.05  %   10000     
1.552295e+03      7.34            0.01            1.00156     0.00059       0.06  %   10000     
1.552449e+03      7.12            0.01            1.00116     0.00052       0.05  %   10000     
1.552471e+03      7.08            0.01            1.00116     0.00052       0.05  %   10000     
1.552493e+03      7.05            0.01            1.00163     0.00061       0.06  %   10000     
1.552684e+03      6.30            0.01            1.00195     0.00069       0.07  %   10000     
1.552907e+03      5.00            0.01            1.00209     0.00074       0.07  %   10000     
1.553008e+03      4.41            0.00            1.00054     0.00038       0.04  %   10000     
1.553280e+03      2.83            0.00            1.00125     0.00062       0.06  %   10000     
1.553441e+03      2.06            0.01            1.00277     0.00098       0.10  %   10000     
1.553448e+03      2.03            0.01            1.00488     0.00130       0.13  %   10000     
1.553584e+03      1.51            0.01            1.00513     0.00142       0.14  %   10000     
1.553686e+03      1.21            0.00            1.00389     0.00130       0.13  %   10000     
1.553706e+03      1.15            0.01            1.00490     0.00148       0.15  %   10000     
1.553823e+03      0.87            0.01            1.00664     0.00184       0.18  %   10000     
1.553884e+03      0.76            0.01            1.00927     0.00225       0.22  %   10000     
1.553926e+03      0.69            0.01            1.01163     0.00260       0.26  %   10000     
1.554028e+03      0.55            0.01            1.00936     0.00250       0.25  %   10000     
1.554120e+03      0.45            0.00            1.00449     0.00183       0.18  %   10000     
1.554140e+03      0.43            0.00            1.00776     0.00245       0.24  %   10000     
1.554255e+03      0.34            0.00            1.01366     0.00352       0.35  %   10000     
1.554369e+03      0.27            0.00            1.01050     0.00332       0.33  %   10000     
1.554399e+03      0.26            0.00            1.01404     0.00389       0.38  %   10000     
1.554497e+03      0.22            0.00            1.01594     0.00442       0.43  %   10000     
1.554630e+03      0.18            0.00            1.02395     0.00410       0.40  %   20000     
1.554702e+03      0.17            0.00            1.02014     0.00387       0.38  %   20000     
1.554775e+03      0.15            0.00            1.01930     0.00394       0.39  %   20000     
1.554941e+03      0.13            0.00            1.02689     0.00405       0.39  %   30000     
1.555107e+03      0.11            0.00            1.03648     0.00496       0.48  %   30000     
1.555149e+03      0.11            0.00            1.03769     0.00513       0.49  %   30000     
1.555402e+03      0.09            0.00            1.04411     0.00516       0.49  %   40000     
1.555718e+03      0.07            0.00            1.04970     0.00480       0.46  %   60000     
1.555884e+03      0.07            0.00            1.03879     0.00477       0.46  %   50000     
1.556123e+03      0.06            0.00            1.05011     0.00482       0.46  %   70000     
1.556564e+03      0.05            0.00            1.05170     0.00525       0.50  %   70000     
1.556885e+03      0.05            0.00            1.06156     0.00524       0.49  %   90000     
1.557093e+03      0.04            0.00            1.06442     0.00524       0.49  %   100000    
1.557642e+03      0.04            0.00            1.08202     0.00627       0.58  %   100000    
1.558427e+03      0.03            0.00            1.08398     0.00674       0.62  %   100000    
1.559378e+03      0.03            0.00            1.10587     0.00793       0.72  %   100000    
1.559408e+03      0.03            0.00            1.09374     0.00748       0.68  %   100000    
1.560585e+03      0.02            0.00            1.09400     0.00780       0.71  %   100000    
1.562050e+03      0.02            0.00            1.08842     0.00772       0.71  %   100000    
1.563514e+03      0.02            0.00            1.07527     0.00708       0.66  %   100000    
1.564970e+03      0.02            0.00            1.07621     0.00690       0.64  %   100000    
1.565941e+03      0.02            0.00            1.07438     0.00654       0.61  %   100000    
1.566669e+03      0.03            0.00            1.05236     0.00523       0.50  %   100000    
1.567060e+03      0.03            0.00            1.04964     0.00514       0.49  %   90000     
1.567154e+03      0.03            0.00            1.05690     0.00517       0.49  %   100000    
1.567397e+03      0.03            0.00            1.05525     0.00513       0.49  %   90000     
1.567613e+03      0.04            0.00            1.04324     0.00520       0.50  %   60000     
1.567757e+03      0.04            0.00            1.04735     0.00510       0.49  %   60000     
1.567865e+03      0.05            0.00            1.03495     0.00504       0.49  %   40000     
1.567991e+03      0.06            0.00            1.02187     0.00421       0.41  %   30000     
1.568099e+03      0.07            0.00            1.01517     0.00392       0.39  %   20000     
1.568207e+03      0.08            0.00            1.01814     0.00386       0.38  %   20000     
1.568315e+03      0.10            0.00            1.00928     0.00351       0.35  %   10000     
1.568422e+03      0.13            0.00            1.00954     0.00318       0.31  %   10000     
1.568549e+03      0.17            0.00            1.00491     0.00201       0.20  %   10000     
1.568687e+03      0.24            0.00            1.00439     0.00166       0.17  %   10000     
1.568851e+03      0.33            0.00            1.00618     0.00171       0.17  %   10000     
1.568973e+03      0.42            0.00            1.00277     0.00105       0.10  %   10000     
1.569077e+03      0.49            0.00            1.00247     0.00093       0.09  %   10000     
1.569428e+03      0.75            0.00            1.00161     0.00066       0.07  %   10000     
1.569596e+03      0.84            0.00            1.00101     0.00051       0.05  %   10000     
1.569629e+03      0.85            0.00            1.00150     0.00061       0.06  %   10000     
1.569820e+03      0.89            0.00            1.00148     0.00060       0.06  %   10000     
1.569834e+03      0.89            0.00            1.00222     0.00074       0.07  %   10000     
1.570011e+03      0.86            0.00            1.00279     0.00084       0.08  %   10000     
1.570197e+03      0.78            0.00            1.00055     0.00039       0.04  %   10000     
1.570292e+03      0.71            0.00            1.00322     0.00097       0.10  %   10000     
1.570429e+03      0.61            0.00            1.00324     0.00102       0.10  %   10000     
1.570503e+03      0.56            0.00            1.00275     0.00097       0.10  %   10000     
1.570771e+03      0.36            0.00            1.00701     0.00181       0.18  %   10000     
1.570936e+03      0.26            0.00            1.00958     0.00239       0.24  %   10000     
1.571082e+03      0.20            0.00            1.00921     0.00266       0.26  %   10000     
1.571211e+03      0.15            0.00            1.01158     0.00334       0.33  %   10000     
1.571328e+03      0.12            0.00            1.01424     0.00411       0.41  %   10000     
1.571437e+03      0.10            0.00            1.01565     0.00472       0.46  %   10000     
1.571531e+03      0.08            0.00            1.01880     0.00392       0.38  %   20000     
1.571545e+03      0.08            0.00            1.02343     0.00443       0.43  %   20000     
1.571676e+03      0.07            0.00            1.02492     0.00404       0.39  %   30000     
1.571806e+03      0.06            0.00            1.02217     0.00496       0.48  %   20000     
1.571937e+03      0.05            0.00            1.03281     0.00512       0.50  %   30000     
1.572119e+03      0.05            0.00            1.02881     0.00494       0.48  %   30000     
1.572396e+03      0.05            0.00            1.02316     0.00446       0.44  %   30000     
1.572812e+03      0.05            0.00            1.04065     0.00496       0.48  %   40000     
1.573367e+03      0.06            0.00            1.02749     0.00440       0.43  %   30000     
1.573921e+03      0.07            0.00            1.01766     0.00395       0.39  %   20000     
1.574397e+03      0.08            0.00            1.01759     0.00507       0.50  %   10000     
1.574861e+03      0.09            0.00            1.01423     0.00411       0.40  %   10000     
1.574953e+03      0.10            0.00            1.01013     0.00338       0.33  %   10000     
1.575259e+03      0.12            0.00            1.00776     0.00274       0.27  %   10000     
1.575592e+03      0.14            0.00            1.00801     0.00253       0.25  %   10000     
1.575644e+03      0.15            0.00            1.00695     0.00232       0.23  %   10000     
1.575851e+03      0.17            0.00            1.00896     0.00248       0.25  %   10000     
1.576073e+03      0.20            0.00            1.00598     0.00189       0.19  %   10000     
1.576087e+03      0.21            0.00            1.00709     0.00205       0.20  %   10000     
1.576257e+03      0.24            0.00            1.00698     0.00193       0.19  %   10000     
1.576339e+03      0.26            0.00            1.00404     0.00143       0.14  %   10000     
1.576443e+03      0.29            0.00            1.00484     0.00153       0.15  %   10000     
1.576539e+03      0.33            0.00            1.00590     0.00164       0.16  %   10000     
1.576620e+03      0.37            0.00            1.00266     0.00109       0.11  %   10000     
1.576705e+03      0.42            0.00            1.00508     0.00146       0.15  %   10000     
1.576768e+03      0.45            0.00            1.00461     0.00139       0.14  %   10000     
1.576862e+03      0.53            0.00            1.00242     0.00099       0.10  %   10000     
1.576916e+03      0.57            0.00            1.00362     0.00121       0.12  %   10000     
1.576986e+03      0.64            0.00            1.00511     0.00142       0.14  %   10000     
1.577061e+03      0.72            0.01            1.00709     0.00167       0.17  %   10000     
1.577110e+03      0.79            0.00            1.00272     0.00103       0.10  %   10000     
1.577206e+03      0.92            0.00            1.00313     0.00111       0.11  %   10000     
1.577238e+03      0.98            0.00            1.00388     0.00123       0.12  %   10000     
1.577354e+03      1.19            0.01            1.00511     0.00142       0.14  %   10000     
1.577372e+03      1.24            0.01            1.00470     0.00136       0.13  %   10000     
1.577517e+03      1.58            0.01            1.00319     0.00113       0.11  %   10000     
1.577520e+03      1.59            0.01            1.00638     0.00159       0.16  %   10000     
1.577682e+03      2.07            0.01            1.00325     0.00115       0.11  %   10000     
1.577709e+03      2.15            0.01            1.00452     0.00136       0.14  %   10000     
1.577892e+03      2.82            0.02            1.00543     0.00151       0.15  %   10000     
1.578034e+03      3.34            0.03            1.00775     0.00183       0.18  %   10000     
1.578378e+03      4.57            0.02            1.00541     0.00156       0.16  %   10000     
1.578437e+03      4.72            0.02            1.00459     0.00145       0.14  %   10000     
1.578555e+03      5.01            0.03            1.00601     0.00167       0.17  %   10000     
1.578674e+03      5.12            0.04            1.00717     0.00185       0.18  %   10000     
1.578779e+03      5.22            0.04            1.00718     0.00185       0.18  %   10000     
1.578896e+03      5.11            0.02            1.00396     0.00140       0.14  %   10000     
1.578910e+03      5.10            0.04            1.00745     0.00192       0.19  %   10000     
1.578987e+03      5.03            0.03            1.00597     0.00172       0.17  %   10000     
1.579129e+03      4.67            0.03            1.00570     0.00172       0.17  %   10000     
1.579236e+03      4.39            0.04            1.00993     0.00228       0.23  %   10000     
1.579378e+03      3.87            0.02            1.00546     0.00173       0.17  %   10000     
1.579839e+03      2.18            0.02            1.01018     0.00254       0.25  %   10000     
1.579969e+03      1.79            0.02            1.01262     0.00289       0.29  %   10000     
1.580032e+03      1.60            0.03            1.01732     0.00346       0.34  %   10000     
1.580194e+03      1.21            0.02            1.01810     0.00369       0.36  %   10000     
1.580206e+03      1.19            0.02            1.01740     0.00362       0.36  %   10000     
1.580342e+03      0.94            0.02            1.02489     0.00454       0.44  %   10000     
1.580413e+03      0.84            0.01            1.01544     0.00364       0.36  %   10000     
1.580482e+03      0.74            0.02            1.02186     0.00446       0.44  %   10000     
1.580630e+03      0.58            0.01            1.01505     0.00388       0.38  %   10000     
1.580634e+03      0.57            0.01            1.01712     0.00415       0.41  %   10000     
1.580786e+03      0.45            0.01            1.01913     0.00464       0.45  %   10000     
1.580822e+03      0.43            0.01            1.02861     0.00404       0.39  %   20000     
1.580936e+03      0.37            0.01            1.02634     0.00406       0.40  %   20000     
1.581088e+03      0.30            0.01            1.02948     0.00449       0.44  %   20000     
1.581103e+03      0.30            0.01            1.03474     0.00491       0.47  %   20000     
1.581269e+03      0.25            0.01            1.03164     0.00494       0.48  %   20000     
1.581384e+03      0.22            0.01            1.03135     0.00411       0.40  %   30000     
1.581480e+03      0.20            0.01            1.04263     0.00495       0.47  %   30000     
1.581739e+03      0.16            0.01            1.04026     0.00511       0.49  %   30000     
1.581754e+03      0.16            0.01            1.03326     0.00465       0.45  %   30000     
1.582007e+03      0.14            0.01            1.04504     0.00497       0.48  %   40000     
1.582329e+03      0.11            0.01            1.05162     0.00503       0.48  %   50000     
1.582341e+03      0.11            0.01            1.05274     0.00509       0.48  %   50000     
1.582697e+03      0.09            0.01            1.05810     0.00519       0.49  %   60000     
1.583056e+03      0.08            0.01            1.07248     0.00525       0.49  %   80000     
1.583165e+03      0.08            0.01            1.06780     0.00518       0.49  %   80000     
1.583710e+03      0.06            0.00            1.06456     0.00510       0.48  %   90000     
1.584234e+03      0.05            0.00            1.06515     0.00510       0.48  %   100000    
1.584291e+03      0.05            0.00            1.06152     0.00497       0.47  %   100000    
1.584959e+03      0.05            0.00            1.05938     0.00516       0.49  %   100000    
1.585684e+03      0.04            0.00            1.05986     0.00539       0.51  %   100000    
1.585872e+03      0.04            0.00            1.05398     0.00514       0.49  %   100000    
1.586688e+03      0.04            0.00            1.05366     0.00528       0.50  %   100000    
1.587535e+03      0.03            0.00            1.05722     0.00548       0.52  %   100000    
1.587959e+03      0.03            0.00            1.05678     0.00541       0.51  %   100000    
1.588687e+03      0.04            0.00            1.05150     0.00498       0.47  %   100000    
1.589172e+03      0.04            0.00            1.05505     0.00520       0.49  %   90000     
1.589658e+03      0.04            0.00            1.04116     0.00478       0.46  %   70000     
1.590026e+03      0.05            0.00            1.03451     0.00483       0.47  %   50000     
1.590254e+03      0.05            0.00            1.03454     0.00509       0.49  %   40000     
1.590277e+03      0.05            0.00            1.03562     0.00514       0.50  %   40000     
1.590465e+03      0.06            0.00            1.03771     0.00495       0.48  %   40000     
1.590621e+03      0.07            0.00            1.02484     0.00432       0.42  %   30000     
1.590778e+03      0.08            0.00            1.02074     0.00442       0.43  %   20000     
1.590903e+03      0.10            0.00            1.01420     0.00473       0.47  %   10000     
1.591022e+03      0.12            0.00            1.00906     0.00342       0.34  %   10000     
1.591124e+03      0.15            0.00            1.00962     0.00320       0.32  %   10000     
1.591226e+03      0.18            0.00            1.01043     0.00301       0.30  %   10000     
1.591327e+03      0.23            0.00            1.00771     0.00232       0.23  %   10000     
1.591395e+03      0.28            0.00            1.00782     0.00217       0.22  %   10000     
1.591429e+03      0.30            0.00            1.00396     0.00150       0.15  %   10000     
1.591537e+03      0.40            0.00            1.00412     0.00137       0.14  %   10000     
1.591652e+03      0.53            0.00            1.00296     0.00105       0.10  %   10000     
1.591736e+03      0.65            0.00            1.00319     0.00101       0.10  %   10000     
1.591766e+03      0.70            0.00            1.00430     0.00115       0.11  %   10000     
1.591899e+03      0.95            0.00            1.00233     0.00078       0.08  %   10000     
1.591979e+03      1.15            0.00            1.00094     0.00047       0.05  %   10000     
1.592056e+03      1.33            0.00            1.00177     0.00063       0.06  %   10000     
1.592198e+03      1.76            0.00            1.00140     0.00053       0.05  %   10000     
1.592269e+03      1.98            0.00            1.00058     0.00034       0.03  %   10000     
1.592481e+03      2.67            0.00            1.00163     0.00054       0.05  %   10000     
1.592665e+03      3.28            0.00            1.00053     0.00030       0.03  %   10000     
1.592865e+03      3.74            0.01            1.00174     0.00055       0.06  %   10000     
1.592990e+03      3.87            0.01            1.00160     0.00053       0.05  %   10000     
1.593042e+03      3.93            0.00            1.00071     0.00035       0.04  %   10000     
1.593083e+03      3.94            0.00            1.00125     0.00047       0.05  %   10000     
1.593253e+03      3.80            0.00            1.00111     0.00045       0.05  %   10000     
1.593271e+03      3.79            0.00            1.00130     0.00049       0.05  %   10000     
1.593378e+03      3.56            0.00            1.00057     0.00033       0.03  %   10000     
1.593460e+03      3.39            0.01            1.00176     0.00059       0.06  %   10000     
1.593603e+03      2.93            0.00            1.00167     0.00059       0.06  %   10000     
1.593776e+03      2.38            0.00            1.00180     0.00064       0.06  %   10000     
1.594026e+03      1.57            0.01            1.00410     0.00106       0.11  %   10000     
1.594040e+03      1.53            0.00            1.00222     0.00078       0.08  %   10000     
1.594210e+03      1.08            0.01            1.00702     0.00153       0.15  %   10000     
1.594345e+03      0.79            0.00            1.00280     0.00106       0.11  %   10000     
1.594412e+03      0.68            0.00            1.00571     0.00158       0.16  %   10000     
1.594462e+03      0.60            0.00            1.00816     0.00198       0.20  %   10000     
1.594567e+03      0.46            0.00            1.00926     0.00231       0.23  %   10000     
1.594672e+03      0.35            0.00            1.00704     0.00222       0.22  %   10000     
1.594777e+03      0.27            0.00            1.01375     0.00344       0.34  %   10000     
1.594785e+03      0.27            0.00            1.01219     0.00326       0.32  %   10000     
1.594882e+03      0.21            0.00            1.01489     0.00398       0.39  %   10000     
1.594975e+03      0.17            0.00            1.02171     0.00372       0.36  %   20000     
1.595068e+03      0.14            0.00            1.02350     0.00422       0.41  %   20000     
1.595179e+03      0.11            0.00            1.02739     0.00500       0.49  %   20000     
1.595248e+03      0.10            0.00            1.03012     0.00449       0.44  %   30000     
1.595291e+03      0.09            0.00            1.04306     0.00481       0.46  %   40000     
1.595402e+03      0.08            0.00            1.02989     0.00498       0.48  %   30000     
1.595540e+03      0.07            0.00            1.05146     0.00497       0.47  %   60000     
1.595699e+03      0.06            0.00            1.06010     0.00497       0.47  %   80000     
1.595815e+03      0.05            0.00            1.06342     0.00528       0.50  %   80000     
1.595922e+03      0.05            0.00            1.05361     0.00504       0.48  %   80000     
1.596177e+03      0.04            0.00            1.06543     0.00530       0.50  %   100000    
1.596567e+03      0.04            0.00            1.08428     0.00646       0.60  %   100000    
1.597070e+03      0.03            0.00            1.09518     0.00732       0.67  %   100000    
1.597490e+03      0.03            0.00            1.10391     0.00792       0.72  %   100000    
1.597645e+03      0.03            0.00            1.10792     0.00820       0.74  %   100000    
1.598508e+03      0.02            0.00            1.11631     0.00899       0.81  %   100000    
1.599782e+03      0.02            0.00            1.13348     0.01005       0.89  %   100000    
1.600768e+03      0.02            0.00            1.15280     0.01090       0.95  %   100000    
1.602741e+03      0.02            0.00            1.12661     0.00988       0.88  %   100000    
1.603130e+03      0.02            0.00            1.13161     0.01000       0.88  %   100000    
1.604444e+03      0.02            0.00            1.10070     0.00854       0.78  %   100000    
1.606146e+03      0.02            0.00            1.09132     0.00766       0.70  %   100000    
1.607282e+03      0.02            0.00            1.08327     0.00689       0.64  %   100000    
1.608204e+03      0.03            0.00            1.07594     0.00615       0.57  %   100000    
1.608246e+03      0.03            0.00            1.07048     0.00591       0.55  %   100000    
1.609050e+03      0.03            0.00            1.06477     0.00522       0.49  %   100000    
1.609694e+03      0.04            0.00            1.06026     0.00518       0.49  %   80000     
1.610296e+03      0.04            0.00            1.04442     0.00513       0.49  %   50000     
1.610412e+03      0.04            0.00            1.03731     0.00459       0.44  %   50000     
1.610826e+03      0.05            0.00            1.03228     0.00439       0.43  %   40000     
1.611267e+03      0.06            0.00            1.01541     0.00385       0.38  %   20000     
1.611598e+03      0.07            0.00            1.01436     0.00478       0.47  %   10000     
1.611644e+03      0.07            0.00            1.01468     0.00337       0.33  %   20000     
1.611874e+03      0.08            0.00            1.00528     0.00264       0.26  %   10000     
1.612095e+03      0.10            0.00            1.01331     0.00384       0.38  %   10000     
1.612299e+03      0.12            0.00            1.01013     0.00305       0.30  %   10000     
1.612486e+03      0.14            0.00            1.00151     0.00107       0.11  %   10000     
1.612635e+03      0.18            0.00            1.00126     0.00089       0.09  %   10000     
1.612700e+03      0.19            0.00            1.00287     0.00128       0.13  %   10000     
1.612762e+03      0.21            0.00            1.00373     0.00141       0.14  %   10000     
1.612883e+03      0.26            0.00            1.00271     0.00110       0.11  %   10000     
1.612884e+03      0.26            0.00            1.00271     0.00110       0.11  %   10000     
1.613006e+03      0.33            0.00            1.00231     0.00094       0.09  %   10000     
1.613068e+03      0.38            0.00            1.00141     0.00071       0.07  %   10000     
1.613112e+03      0.41            0.00            1.00135     0.00067       0.07  %   10000     
1.613190e+03      0.49            0.00            1.00245     0.00087       0.09  %   10000     
1.613218e+03      0.52            0.00            1.00060     0.00042       0.04  %   10000     
1.613330e+03      0.67            0.00            1.00136     0.00061       0.06  %   10000     
1.613344e+03      0.70            0.00            1.00187     0.00071       0.07  %   10000     
1.613445e+03      0.87            0.00            1.00126     0.00056       0.06  %   10000     
1.613478e+03      0.95            0.00            1.00122     0.00055       0.05  %   10000     
1.613558e+03      1.13            0.00            1.00143     0.00058       0.06  %   10000     
1.613599e+03      1.25            0.00            1.00163     0.00062       0.06  %   10000     
1.613696e+03      1.54            0.00            1.00046     0.00032       0.03  %   10000     
1.613720e+03      1.63            0.00            1.00113     0.00051       0.05  %   10000     
1.613844e+03      2.09            0.00            1.00090     0.00045       0.04  %   10000     
1.613858e+03      2.15            0.00            1.00111     0.00050       0.05  %   10000     
1.614024e+03      2.92            0.00            1.00133     0.00054       0.05  %   10000     
1.614037e+03      2.99            0.00            1.00067     0.00039       0.04  %   10000     
1.614233e+03      4.04            0.01            1.00135     0.00055       0.06  %   10000     
1.614537e+03      5.67            0.01            1.00162     0.00061       0.06  %   10000     
1.614669e+03      6.18            0.01            1.00095     0.00048       0.05  %   10000     
1.614736e+03      6.43            0.01            1.00119     0.00053       0.05  %   10000     
1.614893e+03      6.70            0.01            1.00221     0.00074       0.07  %   10000     
1.614917e+03      6.74            0.01            1.00147     0.00060       0.06  %   10000     
1.614962e+03      6.76            0.01            1.00173     0.00065       0.07  %   10000     
1.615092e+03      6.61            0.01            1.00204     0.00072       0.07  %   10000     
1.615136e+03      6.56            0.01            1.00154     0.00063       0.06  %   10000     
1.615324e+03      5.94            0.03            1.00426     0.00106       0.11  %   10000     
1.615346e+03      5.83            0.01            1.00161     0.00066       0.07  %   10000     
1.615616e+03      4.46            0.01            1.00291     0.00092       0.09  %   10000     
1.615622e+03      4.43            0.01            1.00291     0.00092       0.09  %   10000     
1.615935e+03      2.74            0.01            1.00202     0.00083       0.08  %   10000     
1.616094e+03      2.04            0.01            1.00445     0.00128       0.13  %   10000     
1.616111e+03      1.96            0.01            1.00490     0.00136       0.14  %   10000     
1.616249e+03      1.47            0.01            1.00635     0.00164       0.16  %   10000     
1.616335e+03      1.22            0.01            1.00772     0.00187       0.19  %   10000     
1.616370e+03      1.12            0.00            1.00285     0.00116       0.12  %   10000     
1.616491e+03      0.85            0.01            1.00924     0.00224       0.22  %   10000     
1.616561e+03      0.73            0.01            1.00932     0.00233       0.23  %   10000     
1.616611e+03      0.64            0.01            1.00943     0.00243       0.24  %   10000     
1.616716e+03      0.51            0.00            1.00794     0.00239       0.24  %   10000     
1.616765e+03      0.46            0.00            1.00685     0.00228       0.23  %   10000     
1.616821e+03      0.40            0.00            1.01082     0.00300       0.30  %   10000     
1.616925e+03      0.33            0.00            1.01441     0.00372       0.37  %   10000     
1.617039e+03      0.26            0.00            1.00883     0.00312       0.31  %   10000     
1.617045e+03      0.26            0.00            1.01337     0.00386       0.38  %   10000     
1.617161e+03      0.21            0.01            1.02771     0.00422       0.41  %   20000     
1.617302e+03      0.17            0.00            1.01498     0.00474       0.47  %   10000     
1.617339e+03      0.16            0.00            1.02159     0.00408       0.40  %   20000     
1.617443e+03      0.14            0.00            1.02917     0.00500       0.49  %   20000     
1.617620e+03      0.12            0.00            1.03691     0.00493       0.48  %   30000     
1.617739e+03      0.11            0.00            1.03754     0.00515       0.50  %   30000     
1.617800e+03      0.10            0.00            1.03045     0.00475       0.46  %   30000     
1.618041e+03      0.08            0.00            1.05128     0.00512       0.49  %   50000     
1.618330e+03      0.07            0.00            1.05127     0.00500       0.48  %   60000     
1.618389e+03      0.07            0.00            1.05586     0.00488       0.46  %   70000     
1.618718e+03      0.06            0.00            1.04564     0.00510       0.49  %   60000     
1.619040e+03      0.05            0.00            1.06677     0.00529       0.50  %   90000     
1.619156e+03      0.05            0.00            1.06917     0.00522       0.49  %   100000    
1.619714e+03      0.04            0.00            1.06875     0.00563       0.53  %   100000    
1.620317e+03      0.03            0.00            1.09210     0.00694       0.64  %   100000    
1.620586e+03      0.03            0.00            1.08479     0.00678       0.63  %   100000    
1.621041e+03      0.03            0.00            1.09397     0.00745       0.68  %   100000    
1.621831e+03      0.03            0.00            1.11595     0.00871       0.78  %   100000    
1.623063e+03      0.02            0.00            1.10834     0.00887       0.80  %   100000    
1.623242e+03      0.02            0.00            1.12667     0.00962       0.85  %   100000    
1.624602e+03      0.02            0.00            1.13058     0.01016       0.90  %   100000    
1.626449e+03      0.02            0.00            1.09403     0.00880       0.80  %   100000    
1.628305e+03      0.02            0.00            1.08755     0.00846       0.78  %   100000    
1.630454e+03      0.02            0.00            1.08209     0.00790       0.73  %   100000    
1.631796e+03      0.02            0.00            1.06700     0.00676       0.63  %   100000    
1.632333e+03      0.02            0.00            1.07130     0.00670       0.63  %   100000    
1.632682e+03      0.02            0.00            1.07605     0.00659       0.61  %   100000    
1.632842e+03      0.03            0.00            1.04922     0.00510       0.49  %   100000    
1.633002e+03      0.03            0.00            1.04777     0.00501       0.48  %   90000     
1.633122e+03      0.03            0.00            1.04414     0.00481       0.46  %   80000     
1.633190e+03      0.04            0.00            1.04340     0.00488       0.47  %   70000     
1.633262e+03      0.04            0.00            1.04522     0.00515       0.49  %   60000     
1.633382e+03      0.05            0.00            1.03074     0.00474       0.46  %   40000     
1.633502e+03      0.06            0.00            1.02054     0.00403       0.39  %   30000     
1.633622e+03      0.07            0.00            1.01791     0.00411       0.40  %   20000     
1.633742e+03      0.09            0.00            1.01489     0.00333       0.33  %   20000     
1.633882e+03      0.12            0.00            1.01589     0.00424       0.42  %   10000     
1.634032e+03      0.17            0.00            1.00864     0.00273       0.27  %   10000     
1.634237e+03      0.24            0.00            1.00501     0.00177       0.18  %   10000     
1.634242e+03      0.24            0.00            1.00435     0.00164       0.16  %   10000     
1.634677e+03      0.42            0.00            1.00162     0.00081       0.08  %   10000     
1.634891e+03      0.49            0.00            1.00295     0.00104       0.10  %   10000     
1.635076e+03      0.51            0.00            1.00179     0.00080       0.08  %   10000     
1.635101e+03      0.51            0.00            1.00179     0.00080       0.08  %   10000     
1.635290e+03      0.49            0.00            1.00259     0.00098       0.10  %   10000     
1.635510e+03      0.43            0.00            1.00287     0.00108       0.11  %   10000     
1.635600e+03      0.39            0.00            1.00264     0.00108       0.11  %   10000     
1.636069e+03      0.21            0.00            1.00513     0.00194       0.19  %   10000     
1.636249e+03      0.15            0.00            1.01163     0.00336       0.33  %   10000     
1.636399e+03      0.11            0.00            1.00997     0.00352       0.35  %   10000     
1.636533e+03      0.09            0.00            1.01718     0.00366       0.36  %   20000     
1.636653e+03      0.07            0.00            1.02452     0.00481       0.47  %   20000     
1.636788e+03      0.06            0.00            1.02155     0.00494       0.48  %   20000     
1.636932e+03      0.05            0.00            1.02470     0.00467       0.46  %   30000     
1.637097e+03      0.04            0.00            1.03739     0.00471       0.45  %   50000     
1.637262e+03      0.04            0.00            1.02905     0.00477       0.46  %   40000     
1.637396e+03      0.04            0.00            1.03801     0.00490       0.47  %   50000     
1.637464e+03      0.04            0.00            1.03750     0.00488       0.47  %   50000     
1.637756e+03      0.04            0.00            1.04046     0.00494       0.47  %   50000     
1.638085e+03      0.04            0.00            1.02777     0.00434       0.42  %   40000     
1.638414e+03      0.05            0.00            1.02416     0.00434       0.42  %   30000     
1.638682e+03      0.06            0.00            1.03204     0.00462       0.45  %   30000     
1.638878e+03      0.07            0.00            1.01216     0.00459       0.45  %   10000     
1.638929e+03      0.07            0.00            1.01901     0.00396       0.39  %   20000     
1.639049e+03      0.08            0.00            1.02226     0.00406       0.40  %   20000     
1.639195e+03      0.09            0.00            1.01131     0.00377       0.37  %   10000     
1.639318e+03      0.11            0.00            1.00745     0.00282       0.28  %   10000     
1.639432e+03      0.13            0.00            1.01248     0.00333       0.33  %   10000     
1.639547e+03      0.16            0.00            1.00657     0.00219       0.22  %   10000     
1.639645e+03      0.20            0.00            1.00608     0.00192       0.19  %   10000     
1.639731e+03      0.24            0.00            1.00566     0.00170       0.17  %   10000     
1.639744e+03      0.25            0.00            1.00453     0.00151       0.15  %   10000     
1.639842e+03      0.32            0.00            1.00295     0.00111       0.11  %   10000     
1.639953e+03      0.41            0.00            1.00347     0.00110       0.11  %   10000     
1.639957e+03      0.42            0.00            1.00379     0.00114       0.11  %   10000     
1.640066e+03      0.55            0.00            1.00147     0.00066       0.07  %   10000     
1.640180e+03      0.72            0.00            1.00201     0.00071       0.07  %   10000     
1.640184e+03      0.73            0.00            1.00175     0.00066       0.07  %   10000     
1.640306e+03      0.97            0.00            1.00155     0.00059       0.06  %   10000     
1.640371e+03      1.13            0.00            1.00208     0.00066       0.07  %   10000     
1.640453e+03      1.33            0.00            1.00139     0.00052       0.05  %   10000     
1.640532e+03      1.57            0.00            1.00113     0.00046       0.05  %   10000     
1.640638e+03      1.89            0.00            1.00055     0.00031       0.03  %   10000     
1.640749e+03      2.28            0.00            1.00070     0.00035       0.03  %   10000     
1.641141e+03      3.67            0.00            1.00051     0.00029       0.03  %   10000     
1.641346e+03      4.17            0.00            1.00119     0.00045       0.04  %   10000     
1.641454e+03      4.27            0.01            1.00173     0.00055       0.05  %   10000     
1.641548e+03      4.36            0.01            1.00121     0.00046       0.05  %   10000     
1.641554e+03      4.36            0.00            1.00069     0.00035       0.03  %   10000     
1.641691e+03      4.25            0.00            1.00107     0.00044       0.04  %   10000     
1.641737e+03      4.21            0.00            1.00072     0.00036       0.04  %   10000     
1.641807e+03      4.06            0.01            1.00183     0.00058       0.06  %   10000     
1.641938e+03      3.76            0.00            1.00094     0.00042       0.04  %   10000     
1.642038e+03      3.42            0.01            1.00194     0.00061       0.06  %   10000     
1.642267e+03      2.63            0.00            1.00190     0.00063       0.06  %   10000     
1.642361e+03      2.30            0.01            1.00309     0.00083       0.08  %   10000     
1.642542e+03      1.68            0.00            1.00174     0.00066       0.07  %   10000     
1.642700e+03      1.23            0.00            1.00283     0.00090       0.09  %   10000     
1.642835e+03      0.93            0.00            1.00257     0.00091       0.09  %   10000     
1.642846e+03      0.90            0.00            1.00424     0.00117       0.12  %   10000     
1.642970e+03      0.68            0.00            1.00377     0.00119       0.12  %   10000     
1.643082e+03      0.53            0.00            1.00390     0.00130       0.13  %   10000     
1.643145e+03      0.47            0.00            1.00603     0.00167       0.17  %   10000     
1.643194e+03      0.42            0.00            1.00648     0.00180       0.18  %   10000     
1.643305e+03      0.34            0.00            1.00919     0.00230       0.23  %   10000     
1.643405e+03      0.28            0.00            1.00960     0.00248       0.25  %   10000     
1.643439e+03      0.27            0.00            1.00855     0.00237       0.23  %   10000     
1.643504e+03      0.24            0.00            1.01335     0.00306       0.30  %   10000     
1.643629e+03      0.21            0.00            1.00687     0.00229       0.23  %   10000     
1.643742e+03      0.20            0.00            1.01256     0.00314       0.31  %   10000     
1.643836e+03      0.19            0.00            1.01165     0.00301       0.30  %   10000     
1.643880e+03      0.20            0.00            1.01143     0.00295       0.29  %   10000     
1.643931e+03      0.20            0.00            1.01199     0.00300       0.30  %   10000     
1.644057e+03      0.21            0.00            1.00894     0.00248       0.25  %   10000     
1.644183e+03      0.24            0.00            1.00542     0.00181       0.18  %   10000     
1.644310e+03      0.29            0.00            1.00864     0.00209       0.21  %   10000     
1.644320e+03      0.29            0.00            1.00649     0.00180       0.18  %   10000     
1.644420e+03      0.35            0.00            1.00607     0.00162       0.16  %   10000     
1.644469e+03      0.38            0.00            1.00599     0.00155       0.15  %   10000     
1.644530e+03      0.43            0.00            1.00369     0.00117       0.12  %   10000     
1.644641e+03      0.55            0.00            1.00536     0.00130       0.13  %   10000     
1.644692e+03      0.61            0.00            1.00350     0.00101       0.10  %   10000     
1.644744e+03      0.69            0.00            1.00166     0.00068       0.07  %   10000     
1.644840e+03      0.86            0.00            1.00346     0.00092       0.09  %   10000     
1.644856e+03      0.88            0.00            1.00317     0.00088       0.09  %   10000     
1.644969e+03      1.14            0.00            1.00287     0.00079       0.08  %   10000     
1.644987e+03      1.18            0.00            1.00153     0.00058       0.06  %   10000     
1.645123e+03      1.58            0.00            1.00181     0.00060       0.06  %   10000     
1.645132e+03      1.61            0.00            1.00200     0.00063       0.06  %   10000     
1.645284e+03      2.17            0.00            1.00152     0.00054       0.05  %   10000     
1.645297e+03      2.22            0.01            1.00227     0.00066       0.07  %   10000     
1.645457e+03      2.95            0.01            1.00202     0.00061       0.06  %   10000     
1.645558e+03      3.40            0.01            1.00165     0.00055       0.05  %   10000     
1.645726e+03      4.19            0.01            1.00165     0.00055       0.05  %   10000     
1.645866e+03      4.84            0.01            1.00165     0.00055       0.05  %   10000     
1.646096e+03      5.60            0.01            1.00207     0.00062       0.06  %   10000     
1.646104e+03      5.61            0.01            1.00264     0.00071       0.07  %   10000     
1.646294e+03      5.84            0.01            1.00174     0.00058       0.06  %   10000     
1.646306e+03      5.84            0.01            1.00194     0.00061       0.06  %   10000     
1.646334e+03      5.81            0.01            1.00196     0.00062       0.06  %   10000     
1.646489e+03      5.65            0.01            1.00241     0.00070       0.07  %   10000     
1.646540e+03      5.50            0.02            1.00369     0.00087       0.09  %   10000     
1.646702e+03      5.01            0.01            1.00191     0.00064       0.06  %   10000     
1.646750e+03      4.79            0.01            1.00239     0.00072       0.07  %   10000     
1.647037e+03      3.48            0.01            1.00387     0.00097       0.10  %   10000     
1.647309e+03      2.24            0.01            1.00371     0.00103       0.10  %   10000     
1.647482e+03      1.59            0.01            1.00492     0.00127       0.13  %   10000     
1.647536e+03      1.43            0.01            1.00755     0.00161       0.16  %   10000     
1.647618e+03      1.19            0.01            1.00643     0.00156       0.15  %   10000     
1.647751e+03      0.88            0.01            1.00976     0.00208       0.21  %   10000     
1.647826e+03      0.74            0.01            1.00969     0.00216       0.21  %   10000     
1.647869e+03      0.66            0.01            1.00987     0.00226       0.22  %   10000     
1.647976e+03      0.52            0.01            1.01161     0.00266       0.26  %   10000     
1.648080e+03      0.41            0.01            1.01571     0.00334       0.33  %   10000     
1.648108e+03      0.38            0.01            1.01332     0.00314       0.31  %   10000     
1.648184e+03      0.32            0.00            1.01264     0.00326       0.32  %   10000     
1.648288e+03      0.26            0.01            1.02481     0.00496       0.48  %   10000     
1.648407e+03      0.21            0.01            1.02881     0.00411       0.40  %   20000     
1.648462e+03      0.19            0.01            1.03256     0.00451       0.44  %   20000     
1.648529e+03      0.17            0.01            1.03114     0.00464       0.45  %   20000     
1.648664e+03      0.14            0.01            1.03804     0.00454       0.44  %   30000     
1.648800e+03      0.12            0.00            1.03610     0.00474       0.46  %   30000     
1.648954e+03      0.10            0.00            1.03811     0.00518       0.50  %   30000     
1.649022e+03      0.09            0.00            1.03419     0.00434       0.42  %   40000     
1.649129e+03      0.08            0.00            1.05117     0.00494       0.47  %   50000     
1.649363e+03      0.07            0.00            1.04882     0.00517       0.49  %   50000     
1.649641e+03      0.06            0.00            1.05476     0.00493       0.47  %   70000     
1.649655e+03      0.06            0.00            1.05607     0.00501       0.47  %   70000     
1.650006e+03      0.05            0.00            1.05125     0.00515       0.49  %   70000     
1.650441e+03      0.04            0.00            1.07009     0.00540       0.50  %   100000    
1.650927e+03      0.04            0.00            1.07857     0.00607       0.56  %   100000    
1.650963e+03      0.04            0.00            1.08989     0.00653       0.60  %   100000    
1.651568e+03      0.03            0.00            1.09378     0.00712       0.65  %   100000    
1.652421e+03      0.03            0.00            1.10476     0.00805       0.73  %   100000    
1.653107e+03      0.02            0.00            1.11760     0.00883       0.79  %   100000    
1.653444e+03      0.02            0.00            1.11164     0.00879       0.79  %   100000    
1.654472e+03      0.02            0.00            1.12942     0.00986       0.87  %   100000    
1.655859e+03      0.02            0.00            1.12340     0.00990       0.88  %   100000    
1.656553e+03      0.02            0.00            1.12519     0.00998       0.89  %   100000    
1.657120e+03      0.02            0.00            1.14075     0.01045       0.92  %   100000    
1.657449e+03      0.02            0.00            1.11079     0.00907       0.82  %   100000    
1.657669e+03      0.02            0.00            1.11788     0.00906       0.81  %   100000    
1.657834e+03      0.02            0.00            1.11423     0.00855       0.77  %   100000    
1.657999e+03      0.03            0.00            1.09300     0.00723       0.66  %   100000    
1.658136e+03      0.03            0.00            1.08226     0.00630       0.58  %   100000    
1.658274e+03      0.04            0.00            1.07805     0.00557       0.52  %   100000    
1.658398e+03      0.05            0.00            1.06061     0.00529       0.50  %   70000     
1.658521e+03      0.06            0.00            1.04127     0.00461       0.44  %   50000     
1.658645e+03      0.07            0.00            1.02440     0.00498       0.49  %   20000     
1.658775e+03      0.10            0.00            1.02061     0.00404       0.40  %   20000     
1.658924e+03      0.13            0.00            1.02175     0.00362       0.35  %   20000     
1.659122e+03      0.18            0.00            1.01667     0.00382       0.38  %   10000     
1.659215e+03      0.21            0.00            1.01387     0.00327       0.32  %   10000     
1.659595e+03      0.32            0.00            1.00644     0.00186       0.18  %   10000     
1.659810e+03      0.37            0.00            1.01022     0.00223       0.22  %   10000     
1.660000e+03      0.38            0.00            1.00522     0.00157       0.16  %   10000     
1.660197e+03      0.37            0.00            1.00787     0.00197       0.20  %   10000     
1.660392e+03      0.33            0.00            1.00758     0.00203       0.20  %   10000     
1.660634e+03      0.25            0.00            1.01344     0.00300       0.30  %   10000     
1.660753e+03      0.22            0.00            1.00995     0.00276       0.27  %   10000     
1.661007e+03      0.14            0.00            1.01991     0.00469       0.46  %   10000     
1.661178e+03      0.10            0.00            1.03209     0.00489       0.47  %   20000     
1.661318e+03      0.08            0.00            1.02595     0.00410       0.40  %   30000     
1.661444e+03      0.06            0.00            1.04373     0.00466       0.45  %   50000     
1.661566e+03      0.05            0.00            1.05411     0.00491       0.47  %   70000     
1.661674e+03      0.04            0.00            1.06156     0.00509       0.48  %   90000     
1.661782e+03      0.03            0.00            1.08261     0.00610       0.56  %   100000    
1.661917e+03      0.03            0.00            1.09706     0.00725       0.66  %   100000    
1.662053e+03      0.02            0.00            1.12071     0.00868       0.77  %   100000    
1.662215e+03      0.02            0.00            1.11516     0.00901       0.81  %   100000    
1.662431e+03      0.02            0.00            1.14830     0.01075       0.94  %   100000    
1.662648e+03      0.02            0.00            1.13621     0.01060       0.93  %   100000    
1.663081e+03      0.02            0.00            1.15707     0.01170       1.01  %   100000    
1.664110e+03      0.02            0.00            1.15021     0.01172       1.02  %   100000    
1.664559e+03      0.02            0.00            1.15448     0.01191       1.03  %   100000    
1.665826e+03      0.01            0.00            1.17638     0.01285       1.09  %   100000    
1.669509e+03      0.01            0.00            1.15577     0.01201       1.04  %   100000    
1.672660e+03      0.01            0.00            1.14661     0.01140       0.99  %   100000    
1.676744e+03      0.02            0.00            1.07451     0.00776       0.72  %   100000    
1.680481e+03      0.02            0.00            1.04090     0.00537       0.52  %   100000    
1.682852e+03      0.02            0.00            1.00000     0.00000       0.00  %   10000     
1.684631e+03      0.02            0.00            1.00000     0.00000       0.00  %   10000     
1.685947e+03      0.02            0.00            1.00436     0.00436       0.43  %   10000     
1.686671e+03      0.03            0.00            1.00387     0.00387       0.39  %   10000     
1.687033e+03      0.03            0.00            1.00363     0.00363       0.36  %   10000     
1.687937e+03      0.03            0.00            1.00294     0.00294       0.29  %   10000     
1.688578e+03      0.04            0.00            1.00000     0.00000       0.00  %   10000     
1.688853e+03      0.04            0.00            1.00222     0.00222       0.22  %   10000     
1.689129e+03      0.05            0.00            1.00803     0.00402       0.40  %   10000     
1.689588e+03      0.06            0.00            1.00164     0.00164       0.16  %   10000     
1.689955e+03      0.07            0.00            1.00136     0.00136       0.14  %   10000     
1.690128e+03      0.08            0.00            1.00122     0.00122       0.12  %   10000     
1.690260e+03      0.08            0.00            1.00000     0.00000       0.00  %   10000     
1.690504e+03      0.09            0.00            1.00000     0.00000       0.00  %   10000     
1.690733e+03      0.11            0.00            1.00155     0.00110       0.11  %   10000     
1.690922e+03      0.14            0.00            1.00129     0.00091       0.09  %   10000     
1.691069e+03      0.17            0.00            1.00109     0.00077       0.08  %   10000     
1.691216e+03      0.20            0.00            1.00045     0.00045       0.05  %   10000     
1.691274e+03      0.23            0.00            1.00000     0.00000       0.00  %   10000     
1.691341e+03      0.25            0.00            1.00077     0.00054       0.05  %   10000     
1.691375e+03      0.27            0.00            1.00000     0.00000       0.00  %   10000     
1.691460e+03      0.31            0.00            1.00033     0.00033       0.03  %   10000     
1.691578e+03      0.40            0.00            1.00057     0.00040       0.04  %   10000     
1.691579e+03      0.40            0.00            1.00000     0.00000       0.00  %   10000     
1.691698e+03      0.52            0.00            1.00025     0.00025       0.03  %   10000     
1.691731e+03      0.56            0.00            1.00048     0.00034       0.03  %   10000     
1.691819e+03      0.68            0.00            1.00023     0.00023       0.02  %   10000     
1.691884e+03      0.79            0.00            1.00021     0.00021       0.02  %   10000     
1.691943e+03      0.89            0.00            1.00021     0.00021       0.02  %   10000     
1.692024e+03      1.08            0.00            1.00020     0.00020       0.02  %   10000     
1.692065e+03      1.17            0.00            1.00020     0.00020       0.02  %   10000     
1.692163e+03      1.46            0.00            1.00000     0.00000       0.00  %   10000     
1.692205e+03      1.58            0.00            1.00019     0.00019       0.02  %   10000     
1.692303e+03      1.94            0.00            1.00000     0.00000       0.00  %   10000     
1.692370e+03      2.19            0.00            1.00000     0.00000       0.00  %   10000     
1.692468e+03      2.64            0.00            1.00000     0.00000       0.00  %   10000     
1.692591e+03      3.20            0.00            1.00018     0.00018       0.02  %   10000     
1.692664e+03      3.57            0.00            1.00000     0.00000       0.00  %   10000     
1.693033e+03      5.42            0.00            1.00037     0.00026       0.03  %   10000     
1.693215e+03      6.07            0.00            1.00038     0.00027       0.03  %   10000     
1.693235e+03      6.14            0.00            1.00038     0.00027       0.03  %   10000     
1.693418e+03      6.43            0.00            1.00058     0.00034       0.03  %   10000     
1.693452e+03      6.44            0.00            1.00020     0.00020       0.02  %   10000     
1.693465e+03      6.45            0.00            1.00039     0.00028       0.03  %   10000     
1.693651e+03      6.24            0.00            1.00000     0.00000       0.00  %   10000     
1.693663e+03      6.20            0.01            1.00101     0.00045       0.05  %   10000     
1.693853e+03      5.60            0.00            1.00084     0.00042       0.04  %   10000     
1.693875e+03      5.49            0.00            1.00042     0.00030       0.03  %   10000     
1.694155e+03      4.14            0.01            1.00137     0.00056       0.06  %   10000     
1.694177e+03      4.03            0.00            1.00115     0.00051       0.05  %   10000     
1.694467e+03      2.59            0.00            1.00183     0.00069       0.07  %   10000     
1.694649e+03      1.84            0.00            1.00204     0.00077       0.08  %   10000     
1.694667e+03      1.78            0.00            1.00059     0.00042       0.04  %   10000     
1.694796e+03      1.36            0.00            1.00164     0.00073       0.07  %   10000     
1.694911e+03      1.06            0.00            1.00325     0.00108       0.11  %   10000     
1.694918e+03      1.04            0.00            1.00328     0.00109       0.11  %   10000     
1.695037e+03      0.80            0.00            1.00456     0.00137       0.14  %   10000     
1.695148e+03      0.62            0.00            1.00375     0.00132       0.13  %   10000     
1.695157e+03      0.61            0.00            1.00330     0.00125       0.12  %   10000     
1.695260e+03      0.49            0.00            1.00432     0.00153       0.15  %   10000     
1.695371e+03      0.39            0.00            1.00804     0.00223       0.22  %   10000     
1.695396e+03      0.37            0.00            1.00697     0.00210       0.21  %   10000     
1.695487e+03      0.31            0.00            1.01148     0.00287       0.28  %   10000     
1.695601e+03      0.25            0.00            1.00739     0.00246       0.24  %   10000     
1.695658e+03      0.23            0.00            1.01384     0.00346       0.34  %   10000     
1.695734e+03      0.20            0.00            1.00761     0.00269       0.27  %   10000     
1.695848e+03      0.17            0.00            1.01386     0.00384       0.38  %   10000     
1.696000e+03      0.14            0.00            1.00966     0.00341       0.34  %   10000     
1.696076e+03      0.13            0.00            1.01009     0.00357       0.35  %   10000     
1.696172e+03      0.12            0.00            1.01905     0.00509       0.50  %   10000     
1.696395e+03      0.10            0.00            1.01393     0.00464       0.46  %   10000     
1.696651e+03      0.09            0.00            1.02068     0.00422       0.41  %   20000     
1.696817e+03      0.08            0.00            1.00902     0.00403       0.40  %   10000     
1.696970e+03      0.08            0.00            1.01339     0.00506       0.50  %   10000     
1.697379e+03      0.07            0.00            1.02014     0.00462       0.45  %   20000     
1.697800e+03      0.06            0.00            1.01698     0.00438       0.43  %   20000     
1.697919e+03      0.06            0.00            1.01826     0.00456       0.45  %   20000     
1.698221e+03      0.05            0.00            1.02674     0.00458       0.45  %   30000     
1.698783e+03      0.05            0.00            1.03601     0.00465       0.45  %   40000     
1.699344e+03      0.05            0.00            1.02810     0.00468       0.46  %   30000     
1.700051e+03      0.05            0.00            1.02938     0.00459       0.45  %   30000     
1.700757e+03      0.06            0.00            1.00931     0.00416       0.41  %   10000     
1.701286e+03      0.06            0.00            1.01608     0.00359       0.35  %   20000     
1.701816e+03      0.07            0.00            1.01604     0.00463       0.46  %   10000     
1.701909e+03      0.07            0.00            1.01283     0.00405       0.40  %   10000     
1.702299e+03      0.08            0.00            1.01070     0.00338       0.33  %   10000     
1.702688e+03      0.10            0.00            1.00777     0.00259       0.26  %   10000     
1.703012e+03      0.12            0.00            1.00563     0.00199       0.20  %   10000     
1.703259e+03      0.14            0.00            1.00471     0.00166       0.17  %   10000     
1.703292e+03      0.14            0.00            1.00403     0.00152       0.15  %   10000     
1.703505e+03      0.17            0.00            1.00243     0.00109       0.11  %   10000     
1.703718e+03      0.21            0.00            1.00241     0.00098       0.10  %   10000     
1.703793e+03      0.23            0.00            1.00223     0.00091       0.09  %   10000     
1.703888e+03      0.25            0.00            1.00480     0.00128       0.13  %   10000     
1.703897e+03      0.26            0.00            1.00340     0.00107       0.11  %   10000     
1.704045e+03      0.31            0.00            1.00090     0.00052       0.05  %   10000     
1.704106e+03      0.35            0.00            1.00198     0.00075       0.07  %   10000     
1.704175e+03      0.39            0.00            1.00218     0.00077       0.08  %   10000     
1.704231e+03      0.43            0.00            1.00182     0.00069       0.07  %   10000     
1.704306e+03      0.48            0.00            1.00126     0.00056       0.06  %   10000     
1.704371e+03      0.55            0.00            1.00121     0.00054       0.05  %   10000     
1.704422e+03      0.60            0.00            1.00095     0.00048       0.05  %   10000     
1.704487e+03      0.68            0.00            1.00162     0.00061       0.06  %   10000     
1.704538e+03      0.75            0.00            1.00162     0.00061       0.06  %   10000     
1.704603e+03      0.86            0.00            1.00136     0.00056       0.06  %   10000     
1.704654e+03      0.95            0.00            1.00182     0.00064       0.06  %   10000     
1.704707e+03      1.07            0.00            1.00090     0.00045       0.04  %   10000     
1.704782e+03      1.23            0.00            1.00136     0.00056       0.06  %   10000     
1.704812e+03      1.32            0.00            1.00068     0.00039       0.04  %   10000     
1.704917e+03      1.62            0.00            1.00251     0.00076       0.08  %   10000     
1.704928e+03      1.66            0.00            1.00275     0.00079       0.08  %   10000     
1.705048e+03      2.10            0.00            1.00209     0.00069       0.07  %   10000     
1.705090e+03      2.26            0.00            1.00188     0.00067       0.07  %   10000     
1.705194e+03      2.75            0.00            1.00166     0.00063       0.06  %   10000     
1.705279e+03      3.15            0.01            1.00218     0.00073       0.07  %   10000     
1.705361e+03      3.61            0.01            1.00171     0.00065       0.06  %   10000     
1.705618e+03      5.05            0.01            1.00231     0.00077       0.08  %   10000     
1.705841e+03      6.30            0.01            1.00185     0.00070       0.07  %   10000     
1.705989e+03      6.89            0.01            1.00109     0.00055       0.05  %   10000     
1.706071e+03      7.21            0.02            1.00273     0.00086       0.09  %   10000     
1.706224e+03      7.44            0.01            1.00170     0.00069       0.07  %   10000     
1.706286e+03      7.53            0.02            1.00283     0.00090       0.09  %   10000     
1.706294e+03      7.53            0.03            1.00397     0.00106       0.11  %   10000     
1.706437e+03      7.35            0.03            1.00470     0.00117       0.12  %   10000     
1.706450e+03      7.34            0.03            1.00441     0.00114       0.11  %   10000     
1.706484e+03      7.29            0.02            1.00294     0.00093       0.09  %   10000     
1.706647e+03      6.69            0.02            1.00276     0.00092       0.09  %   10000     
1.706721e+03      6.41            0.03            1.00494     0.00123       0.12  %   10000     
1.706870e+03      5.59            0.03            1.00550     0.00133       0.13  %   10000     
1.707333e+03      3.02            0.01            1.00494     0.00137       0.14  %   10000     
1.707476e+03      2.36            0.01            1.00526     0.00146       0.15  %   10000     
1.707511e+03      2.20            0.01            1.00541     0.00150       0.15  %   10000     
1.707660e+03      1.65            0.01            1.00686     0.00177       0.18  %   10000     
1.707691e+03      1.56            0.01            1.00557     0.00161       0.16  %   10000     
1.707794e+03      1.26            0.01            1.00913     0.00215       0.21  %   10000     
1.707873e+03      1.08            0.01            1.01071     0.00239       0.24  %   10000     
1.707911e+03      0.99            0.01            1.01339     0.00273       0.27  %   10000     
1.708027e+03      0.78            0.01            1.01365     0.00291       0.29  %   10000     
1.708059e+03      0.74            0.01            1.01586     0.00317       0.31  %   10000     
1.708143e+03      0.62            0.01            1.01254     0.00295       0.29  %   10000     
1.708259e+03      0.50            0.01            1.01402     0.00330       0.33  %   10000     
1.708292e+03      0.47            0.01            1.01833     0.00382       0.37  %   10000     
1.708375e+03      0.41            0.01            1.01923     0.00410       0.40  %   10000     
1.708515e+03      0.33            0.01            1.02379     0.00485       0.47  %   10000     
1.708530e+03      0.32            0.01            1.02201     0.00331       0.32  %   20000     
1.708667e+03      0.26            0.01            1.02495     0.00376       0.37  %   20000     
1.708792e+03      0.23            0.01            1.02967     0.00428       0.42  %   20000     
1.708820e+03      0.22            0.01            1.02348     0.00386       0.38  %   20000     
1.709011e+03      0.18            0.00            1.02678     0.00440       0.43  %   20000     
1.709211e+03      0.15            0.00            1.03050     0.00494       0.48  %   20000     
1.709225e+03      0.15            0.01            1.03890     0.00458       0.44  %   30000     
1.709473e+03      0.12            0.00            1.03983     0.00493       0.47  %   30000     
1.709772e+03      0.10            0.01            1.05115     0.00513       0.49  %   40000     
1.709858e+03      0.10            0.00            1.04227     0.00472       0.45  %   40000     
1.710146e+03      0.09            0.00            1.04605     0.00521       0.50  %   40000     
1.710597e+03      0.07            0.00            1.06230     0.00528       0.50  %   60000     
1.710808e+03      0.07            0.00            1.05602     0.00511       0.48  %   60000     
1.711122e+03      0.06            0.00            1.06713     0.00505       0.47  %   80000     
1.711775e+03      0.05            0.00            1.07296     0.00529       0.49  %   90000     
1.712032e+03      0.05            0.00            1.08044     0.00534       0.49  %   100000    
1.712558e+03      0.04            0.00            1.09037     0.00591       0.54  %   100000    
1.713410e+03      0.04            0.00            1.09088     0.00619       0.57  %   100000    
1.713897e+03      0.03            0.00            1.09518     0.00641       0.59  %   100000    
1.714404e+03      0.03            0.00            1.10085     0.00672       0.61  %   100000    
1.715597e+03      0.03            0.00            1.09598     0.00662       0.60  %   100000    
1.716392e+03      0.03            0.00            1.09170     0.00638       0.58  %   100000    
1.717093e+03      0.03            0.00            1.09340     0.00626       0.57  %   100000    
1.717793e+03      0.03            0.00            1.09174     0.00589       0.54  %   100000    
1.718230e+03      0.04            0.00            1.07931     0.00519       0.48  %   100000    
1.718493e+03      0.04            0.00            1.06099     0.00519       0.49  %   70000     
1.718636e+03      0.04            0.00            1.06446     0.00512       0.48  %   70000     
1.718755e+03      0.04            0.00            1.05354     0.00488       0.46  %   60000     
1.718930e+03      0.05            0.00            1.04287     0.00498       0.48  %   40000     
1.719084e+03      0.06            0.00            1.04348     0.00460       0.44  %   40000     
1.719215e+03      0.07            0.00            1.03087     0.00500       0.49  %   20000     
1.719322e+03      0.09            0.00            1.02718     0.00429       0.42  %   20000     
1.719429e+03      0.11            0.00            1.02226     0.00497       0.49  %   10000     
1.719536e+03      0.14            0.00            1.02154     0.00439       0.43  %   10000     
1.719644e+03      0.18            0.00            1.01365     0.00313       0.31  %   10000     
1.719751e+03      0.23            0.00            1.00920     0.00230       0.23  %   10000     
1.719869e+03      0.30            0.00            1.00728     0.00182       0.18  %   10000     
1.719968e+03      0.38            0.00            1.01020     0.00196       0.19  %   10000     
1.719993e+03      0.40            0.00            1.00691     0.00158       0.16  %   10000     
1.720129e+03      0.55            0.00            1.00623     0.00136       0.14  %   10000     
1.720272e+03      0.74            0.00            1.00247     0.00078       0.08  %   10000     
1.720287e+03      0.76            0.00            1.00244     0.00077       0.08  %   10000     
1.720501e+03      1.11            0.00            1.00245     0.00071       0.07  %   10000     
1.720609e+03      1.30            0.00            1.00364     0.00083       0.08  %   10000     
1.720927e+03      1.87            0.00            1.00087     0.00039       0.04  %   10000     
1.721138e+03      2.13            0.00            1.00220     0.00061       0.06  %   10000     
1.721336e+03      2.22            0.00            1.00154     0.00051       0.05  %   10000     
1.721346e+03      2.22            0.00            1.00172     0.00054       0.05  %   10000     
1.721425e+03      2.19            0.00            1.00227     0.00063       0.06  %   10000     
1.721537e+03      2.15            0.00            1.00142     0.00050       0.05  %   10000     
1.721748e+03      1.90            0.01            1.00285     0.00074       0.07  %   10000     
1.721767e+03      1.86            0.01            1.00269     0.00072       0.07  %   10000     
1.722103e+03      1.27            0.00            1.00368     0.00092       0.09  %   10000     
1.722166e+03      1.16            0.00            1.00289     0.00083       0.08  %   10000     
1.722358e+03      0.83            0.00            1.00318     0.00096       0.10  %   10000     
1.722527e+03      0.59            0.00            1.00640     0.00151       0.15  %   10000     
1.722670e+03      0.43            0.00            1.01051     0.00214       0.21  %   10000     
1.722789e+03      0.33            0.00            1.00800     0.00206       0.20  %   10000     
1.722903e+03      0.25            0.00            1.01629     0.00325       0.32  %   10000     
1.722955e+03      0.22            0.00            1.01349     0.00309       0.31  %   10000     
1.723017e+03      0.19            0.00            1.01372     0.00332       0.33  %   10000     
1.723121e+03      0.15            0.00            1.02165     0.00461       0.45  %   10000     
1.723224e+03      0.12            0.00            1.02620     0.00395       0.38  %   20000     
1.723328e+03      0.10            0.00            1.03056     0.00466       0.45  %   20000     
1.723449e+03      0.08            0.00            1.04543     0.00507       0.49  %   30000     
1.723572e+03      0.07            0.00            1.05201     0.00507       0.48  %   40000     
1.723586e+03      0.06            0.00            1.05617     0.00474       0.45  %   50000     
1.723712e+03      0.06            0.00            1.05753     0.00512       0.48  %   50000     
1.723852e+03      0.05            0.00            1.05375     0.00521       0.49  %   50000     
1.724062e+03      0.04            0.00            1.07872     0.00525       0.49  %   80000     
1.724273e+03      0.04            0.00            1.07585     0.00532       0.49  %   80000     
1.724553e+03      0.04            0.00            1.07676     0.00516       0.48  %   90000     
1.724897e+03      0.04            0.00            1.07435     0.00511       0.48  %   90000     
1.725114e+03      0.04            0.00            1.07249     0.00508       0.47  %   90000     
1.725675e+03      0.03            0.00            1.07778     0.00523       0.48  %   90000     
1.726441e+03      0.04            0.00            1.07278     0.00518       0.48  %   80000     
1.727399e+03      0.04            0.00            1.05052     0.00507       0.48  %   50000     
1.728166e+03      0.04            0.00            1.04723     0.00506       0.48  %   40000     
1.728688e+03      0.05            0.00            1.03080     0.00440       0.43  %   30000     
1.728944e+03      0.05            0.00            1.02916     0.00412       0.40  %   30000     
1.729555e+03      0.06            0.00            1.01894     0.00364       0.36  %   20000     
1.730065e+03      0.07            0.00            1.01809     0.00452       0.44  %   10000     
1.730130e+03      0.07            0.00            1.01422     0.00394       0.39  %   10000     
1.730501e+03      0.08            0.00            1.00990     0.00298       0.30  %   10000     
1.730891e+03      0.10            0.00            1.00854     0.00246       0.24  %   10000     
1.731217e+03      0.12            0.00            1.01086     0.00249       0.25  %   10000     
1.731496e+03      0.15            0.00            1.00557     0.00161       0.16  %   10000     
1.731707e+03      0.18            0.00            1.00508     0.00141       0.14  %   10000     
1.731746e+03      0.18            0.00            1.00413     0.00125       0.12  %   10000     
1.731917e+03      0.22            0.00            1.00527     0.00132       0.13  %   10000     
1.731974e+03      0.23            0.00            1.00187     0.00076       0.08  %   10000     
1.732085e+03      0.26            0.00            1.00204     0.00077       0.08  %   10000     
1.732161e+03      0.29            0.00            1.00137     0.00061       0.06  %   10000     
1.732234e+03      0.32            0.00            1.00317     0.00092       0.09  %   10000     
1.732293e+03      0.35            0.00            1.00280     0.00084       0.08  %   10000     
1.732358e+03      0.39            0.00            1.00125     0.00056       0.06  %   10000     
1.732418e+03      0.43            0.00            1.00364     0.00094       0.09  %   10000     
1.732482e+03      0.48            0.00            1.00193     0.00068       0.07  %   10000     
1.732517e+03      0.51            0.00            1.00166     0.00063       0.06  %   10000     
1.732606e+03      0.60            0.00            1.00142     0.00058       0.06  %   10000     
1.732616e+03      0.61            0.00            1.00142     0.00058       0.06  %   10000     
1.732721e+03      0.74            0.00            1.00190     0.00067       0.07  %   10000     
1.732743e+03      0.77            0.00            1.00096     0.00048       0.05  %   10000     
1.732820e+03      0.91            0.00            1.00359     0.00093       0.09  %   10000     
1.732880e+03      1.01            0.00            1.00416     0.00101       0.10  %   10000     
1.732919e+03      1.10            0.00            1.00171     0.00065       0.06  %   10000     
1.733019e+03      1.33            0.00            1.00352     0.00094       0.09  %   10000     
1.733027e+03      1.36            0.00            1.00277     0.00083       0.08  %   10000     
1.733151e+03      1.73            0.00            1.00286     0.00086       0.09  %   10000     
1.733158e+03      1.75            0.01            1.00287     0.00086       0.09  %   10000     
1.733287e+03      2.23            0.00            1.00161     0.00066       0.07  %   10000     
1.733334e+03      2.41            0.01            1.00219     0.00077       0.08  %   10000     
1.733440e+03      2.91            0.01            1.00333     0.00096       0.10  %   10000     
1.733555e+03      3.45            0.01            1.00259     0.00086       0.09  %   10000     
1.733639e+03      3.89            0.01            1.00233     0.00082       0.08  %   10000     
1.734020e+03      5.88            0.02            1.00405     0.00112       0.11  %   10000     
1.734167e+03      6.43            0.02            1.00323     0.00102       0.10  %   10000     
1.734266e+03      6.79            0.02            1.00292     0.00097       0.10  %   10000     
1.734390e+03      6.95            0.03            1.00470     0.00126       0.12  %   10000     
1.734489e+03      7.08            0.03            1.00405     0.00117       0.12  %   10000     
1.734571e+03      6.98            0.04            1.00519     0.00134       0.13  %   10000     
1.734628e+03      6.91            0.04            1.00524     0.00135       0.13  %   10000     
1.734692e+03      6.83            0.05            1.00771     0.00164       0.16  %   10000     
1.734803e+03      6.46            0.03            1.00397     0.00120       0.12  %   10000     
1.734890e+03      6.17            0.02            1.00328     0.00109       0.11  %   10000     
1.735025e+03      5.49            0.05            1.00875     0.00182       0.18  %   10000     
1.735232e+03      4.45            0.03            1.00715     0.00168       0.17  %   10000     
1.735550e+03      2.82            0.02            1.00767     0.00186       0.18  %   10000     
1.735707e+03      2.15            0.03            1.01349     0.00255       0.25  %   10000     
1.735726e+03      2.08            0.02            1.00977     0.00218       0.22  %   10000     
1.735890e+03      1.52            0.01            1.00811     0.00209       0.21  %   10000     
1.735937e+03      1.40            0.01            1.00937     0.00227       0.23  %   10000     
1.736029e+03      1.16            0.01            1.01074     0.00253       0.25  %   10000     
1.736153e+03      0.91            0.01            1.01299     0.00290       0.29  %   10000     
1.736168e+03      0.88            0.01            1.00859     0.00238       0.24  %   10000     
1.736292e+03      0.69            0.01            1.01544     0.00337       0.33  %   10000     
1.736327e+03      0.65            0.01            1.01952     0.00382       0.38  %   10000     
1.736416e+03      0.55            0.01            1.01973     0.00402       0.39  %   10000     
1.736526e+03      0.45            0.01            1.02062     0.00429       0.42  %   10000     
1.736541e+03      0.44            0.01            1.02464     0.00474       0.46  %   10000     
1.736665e+03      0.36            0.01            1.02653     0.00367       0.36  %   20000     
1.736774e+03      0.31            0.01            1.02086     0.00478       0.47  %   10000     
1.736814e+03      0.29            0.01            1.03317     0.00435       0.42  %   20000     
1.736971e+03      0.24            0.01            1.03271     0.00457       0.44  %   20000     
1.737060e+03      0.22            0.00            1.01873     0.00500       0.49  %   10000     
1.737165e+03      0.19            0.01            1.03251     0.00484       0.47  %   20000     
1.737380e+03      0.16            0.01            1.04187     0.00473       0.45  %   30000     
1.737415e+03      0.16            0.01            1.04393     0.00488       0.47  %   30000     
1.737622e+03      0.14            0.01            1.04373     0.00511       0.49  %   30000     
1.737900e+03      0.11            0.01            1.05196     0.00506       0.48  %   40000     
1.737927e+03      0.11            0.01            1.04728     0.00484       0.46  %   40000     
1.738248e+03      0.10            0.00            1.05099     0.00475       0.45  %   50000     
1.738665e+03      0.08            0.00            1.05388     0.00513       0.49  %   50000     
1.738718e+03      0.08            0.00            1.06041     0.00498       0.47  %   60000     
1.739194e+03      0.07            0.00            1.06075     0.00526       0.50  %   60000     
1.739830e+03      0.06            0.00            1.07291     0.00522       0.49  %   80000     
1.740002e+03      0.06            0.00            1.07175     0.00520       0.49  %   80000     
1.740541e+03      0.05            0.00            1.07924     0.00531       0.49  %   90000     
1.741447e+03      0.04            0.00            1.06781     0.00532       0.50  %   80000     
1.741937e+03      0.04            0.00            1.05406     0.00506       0.48  %   70000     
1.742535e+03      0.04            0.00            1.06197     0.00507       0.48  %   80000     
1.743260e+03      0.04            0.00            1.05161     0.00487       0.46  %   70000     
1.744411e+03      0.04            0.00            1.04558     0.00516       0.49  %   50000     
1.745561e+03      0.04            0.00            1.03498     0.00467       0.45  %   40000     
1.746711e+03      0.05            0.00            1.03358     0.00474       0.46  %   30000     
1.747552e+03      0.06            0.00            1.03204     0.00513       0.50  %   20000     
1.747718e+03      0.06            0.00            1.02594     0.00451       0.44  %   20000     
1.748556e+03      0.07            0.00            1.01190     0.00376       0.37  %   10000     
1.749243e+03      0.09            0.00            1.00728     0.00257       0.26  %   10000     
1.749251e+03      0.09            0.00            1.01452     0.00363       0.36  %   10000     
1.749850e+03      0.10            0.00            1.00671     0.00212       0.21  %   10000     
1.750330e+03      0.13            0.00            1.00818     0.00204       0.20  %   10000     
1.750333e+03      0.13            0.00            1.00510     0.00161       0.16  %   10000     
1.750740e+03      0.15            0.00            1.00463     0.00134       0.13  %   10000     
1.751077e+03      0.18            0.00            1.00271     0.00090       0.09  %   10000     
1.751346e+03      0.22            0.00            1.00220     0.00073       0.07  %   10000     
1.751530e+03      0.26            0.00            1.00316     0.00081       0.08  %   10000     
1.751587e+03      0.27            0.00            1.00223     0.00067       0.07  %   10000     
1.751711e+03      0.30            0.00            1.00167     0.00056       0.06  %   10000     
1.751777e+03      0.32            0.00            1.00126     0.00048       0.05  %   10000     
1.751842e+03      0.34            0.00            1.00069     0.00035       0.03  %   10000     
1.751940e+03      0.38            0.00            1.00118     0.00044       0.04  %   10000     
1.751972e+03      0.40            0.00            1.00066     0.00033       0.03  %   10000     
1.752070e+03      0.45            0.00            1.00147     0.00049       0.05  %   10000     
1.752103e+03      0.47            0.00            1.00049     0.00028       0.03  %   10000     
1.752152e+03      0.51            0.00            1.00130     0.00046       0.05  %   10000     
1.752234e+03      0.57            0.00            1.00066     0.00033       0.03  %   10000     
1.752253e+03      0.59            0.00            1.00150     0.00050       0.05  %   10000     
1.752310e+03      0.64            0.00            1.00118     0.00044       0.04  %   10000     
1.752383e+03      0.72            0.00            1.00035     0.00025       0.02  %   10000     
1.752398e+03      0.74            0.00            1.00104     0.00043       0.04  %   10000     
1.752484e+03      0.86            0.00            1.00180     0.00057       0.06  %   10000     
1.752519e+03      0.91            0.00            1.00092     0.00041       0.04  %   10000     
1.752576e+03      1.02            0.00            1.00188     0.00060       0.06  %   10000     
1.752663e+03      1.18            0.00            1.00119     0.00049       0.05  %   10000     
1.752674e+03      1.21            0.00            1.00099     0.00044       0.04  %   10000     
1.752775e+03      1.46            0.00            1.00146     0.00055       0.06  %   10000     
1.752815e+03      1.56            0.00            1.00107     0.00048       0.05  %   10000     
1.752875e+03      1.75            0.00            1.00219     0.00069       0.07  %   10000     
1.752969e+03      2.06            0.00            1.00230     0.00073       0.07  %   10000     
1.752995e+03      2.16            0.00            1.00092     0.00046       0.05  %   10000     
1.753121e+03      2.68            0.01            1.00341     0.00091       0.09  %   10000     
1.753138e+03      2.75            0.00            1.00148     0.00060       0.06  %   10000     
1.753265e+03      3.39            0.00            1.00102     0.00051       0.05  %   10000     
1.753369e+03      3.92            0.01            1.00240     0.00080       0.08  %   10000     
1.753460e+03      4.44            0.02            1.00381     0.00102       0.10  %   10000     
1.753861e+03      6.67            0.03            1.00387     0.00107       0.11  %   10000     
1.754013e+03      7.26            0.04            1.00497     0.00124       0.12  %   10000     
1.754091e+03      7.57            0.03            1.00343     0.00103       0.10  %   10000     
1.754267e+03      7.83            0.04            1.00555     0.00135       0.13  %   10000     
1.754322e+03      7.92            0.04            1.00458     0.00122       0.12  %   10000     
1.754470e+03      7.76            0.04            1.00579     0.00140       0.14  %   10000     
1.754550e+03      7.68            0.05            1.00620     0.00146       0.15  %   10000     
1.754574e+03      7.60            0.05            1.00660     0.00151       0.15  %   10000     
1.754865e+03      6.66            0.04            1.00670     0.00158       0.16  %   10000     
1.754939e+03      6.38            0.03            1.00534     0.00143       0.14  %   10000     
1.755232e+03      5.29            0.05            1.00977     0.00204       0.20  %   10000     
1.755305e+03      5.12            0.06            1.01080     0.00216       0.21  %   10000     
1.755462e+03      4.75            0.05            1.01111     0.00227       0.22  %   10000     
1.755531e+03      4.69            0.04            1.00752     0.00188       0.19  %   10000     
1.755700e+03      4.55            0.04            1.00905     0.00213       0.21  %   10000     
1.755741e+03      4.54            0.06            1.01373     0.00264       0.26  %   10000     
1.755812e+03      4.57            0.06            1.01286     0.00257       0.25  %   10000     
1.756281e+03      4.77            0.04            1.00849     0.00219       0.22  %   10000     
1.756290e+03      4.76            0.06            1.01248     0.00266       0.26  %   10000     
1.756476e+03      4.70            0.08            1.01691     0.00313       0.31  %   10000     
1.756483e+03      4.69            0.07            1.01461     0.00292       0.29  %   10000     
1.756680e+03      4.40            0.07            1.01577     0.00309       0.30  %   10000     
1.756759e+03      4.29            0.05            1.01212     0.00271       0.27  %   10000     
1.756969e+03      3.73            0.06            1.01597     0.00319       0.31  %   10000     
1.757087e+03      3.42            0.06            1.01811     0.00342       0.34  %   10000     
1.757552e+03      2.01            0.03            1.01723     0.00359       0.35  %   10000     
1.757696e+03      1.66            0.02            1.01327     0.00322       0.32  %   10000     
1.757782e+03      1.45            0.03            1.02057     0.00411       0.40  %   10000     
1.757959e+03      1.11            0.03            1.02759     0.00495       0.48  %   10000     
1.757962e+03      1.10            0.03            1.02499     0.00472       0.46  %   10000     
1.758142e+03      0.84            0.03            1.03264     0.00401       0.39  %   20000     
1.758188e+03      0.79            0.02            1.02511     0.00502       0.49  %   10000     
1.758306e+03      0.66            0.02            1.02837     0.00393       0.38  %   20000     
1.758423e+03      0.57            0.02            1.02651     0.00390       0.38  %   20000     
1.758472e+03      0.53            0.02            1.03482     0.00457       0.44  %   20000     
1.758645e+03      0.42            0.02            1.03649     0.00491       0.47  %   20000     
1.758688e+03      0.41            0.02            1.03906     0.00512       0.49  %   20000     
1.758818e+03      0.35            0.02            1.04439     0.00465       0.44  %   30000     
1.758991e+03      0.30            0.01            1.04048     0.00461       0.44  %   30000     
1.759032e+03      0.28            0.01            1.04742     0.00438       0.42  %   40000     
1.759278e+03      0.23            0.01            1.05242     0.00486       0.46  %   40000     
1.759319e+03      0.23            0.01            1.04078     0.00498       0.48  %   30000     
1.759564e+03      0.19            0.01            1.05723     0.00481       0.46  %   50000     
1.759810e+03      0.16            0.01            1.06321     0.00524       0.49  %   50000     
1.759892e+03      0.16            0.01            1.06250     0.00484       0.46  %   60000     
1.760302e+03      0.13            0.01            1.06943     0.00503       0.47  %   70000     
1.760497e+03      0.12            0.01            1.08179     0.00521       0.48  %   80000     
1.760753e+03      0.11            0.01            1.08026     0.00506       0.47  %   90000     
1.761279e+03      0.09            0.01            1.08033     0.00537       0.50  %   90000     
1.761472e+03      0.08            0.01            1.09203     0.00553       0.51  %   100000    
1.761939e+03      0.07            0.01            1.10861     0.00634       0.57  %   100000    
1.762699e+03      0.06            0.01            1.13409     0.00750       0.66  %   100000    
1.762897e+03      0.06            0.01            1.12232     0.00724       0.64  %   100000    
1.763562e+03      0.05            0.01            1.14224     0.00823       0.72  %   100000    
1.764524e+03      0.04            0.01            1.16131     0.00927       0.80  %   100000    
1.764811e+03      0.04            0.01            1.15707     0.00924       0.80  %   100000    
1.765805e+03      0.03            0.01            1.17976     0.01043       0.88  %   100000    
1.767306e+03      0.03            0.01            1.18777     0.01127       0.95  %   100000    
1.767450e+03      0.03            0.01            1.18825     0.01132       0.95  %   100000    
1.768806e+03      0.03            0.01            1.21225     0.01255       1.04  %   100000    
1.771160e+03      0.02            0.00            1.16173     0.01151       0.99  %   100000    
1.771634e+03      0.02            0.00            1.17147     0.01191       1.02  %   100000    
1.773869e+03      0.02            0.00            1.15771     0.01184       1.02  %   100000    
1.777685e+03      0.02            0.00            1.18154     0.01309       1.11  %   100000    
1.778729e+03      0.02            0.00            1.16098     0.01234       1.06  %   100000    
1.783031e+03      0.02            0.00            1.17115     0.01296       1.11  %   100000    
1.788937e+03      0.01            0.00            1.18840     0.01355       1.14  %   100000    
1.791959e+03      0.01            0.00            1.06303     0.00776       0.73  %   100000    
1.794475e+03      0.01            0.00            1.02072     0.00488       0.48  %   80000     
1.798341e+03      0.01            0.00            1.00000     0.00000       0.00  %   10000     
1.801705e+03      0.02            0.00            1.00396     0.00396       0.39  %   20000     
1.803722e+03      0.02            0.00            1.00000     0.00000       0.00  %   10000     
1.805027e+03      0.02            0.00            1.00000     0.00000       0.00  %   10000     
1.805079e+03      0.02            0.00            1.00000     0.00000       0.00  %   10000     
1.806114e+03      0.02            0.00            1.00000     0.00000       0.00  %   10000     
1.806984e+03      0.02            0.00            1.00000     0.00000       0.00  %   10000     
1.807653e+03      0.03            0.00            1.00418     0.00418       0.42  %   10000     
1.808103e+03      0.03            0.00            1.00361     0.00361       0.36  %   10000     
1.808340e+03      0.03            0.00            1.00000     0.00000       0.00  %   10000     
1.808464e+03      0.04            0.00            1.00000     0.00000       0.00  %   10000     
1.808752e+03      0.04            0.00            1.00000     0.00000       0.00  %   10000     
1.808967e+03      0.05            0.00            1.00227     0.00227       0.23  %   10000     
1.809155e+03      0.06            0.00            1.00000     0.00000       0.00  %   10000     
1.809314e+03      0.07            0.00            1.00000     0.00000       0.00  %   10000     
1.809316e+03      0.07            0.00            1.00000     0.00000       0.00  %   10000     
1.809450e+03      0.09            0.00            1.00400     0.00231       0.23  %   10000     
1.809573e+03      0.11            0.00            1.00110     0.00110       0.11  %   10000     
1.809693e+03      0.13            0.00            1.00090     0.00090       0.09  %   10000     
1.809693e+03      0.13            0.00            1.00000     0.00000       0.00  %   10000     
1.809796e+03      0.16            0.00            1.00076     0.00076       0.08  %   10000     
1.809900e+03      0.20            0.00            1.00000     0.00000       0.00  %   10000     
1.810003e+03      0.26            0.00            1.00053     0.00053       0.05  %   10000     
1.810037e+03      0.28            0.00            1.00000     0.00000       0.00  %   10000     
1.810125e+03      0.34            0.00            1.00000     0.00000       0.00  %   10000     
1.810242e+03      0.44            0.00            1.00000     0.00000       0.00  %   10000     
1.810243e+03      0.44            0.00            1.00000     0.00000       0.00  %   10000     
1.810370e+03      0.59            0.00            1.00032     0.00032       0.03  %   10000     
1.810466e+03      0.72            0.00            1.00000     0.00000       0.00  %   10000     
1.810517e+03      0.80            0.00            1.00028     0.00028       0.03  %   10000     
1.810691e+03      1.11            0.00            1.00025     0.00025       0.03  %   10000     
1.810699e+03      1.13            0.00            1.00025     0.00025       0.03  %   10000     
1.810964e+03      1.71            0.00            1.00000     0.00000       0.00  %   10000     
1.811009e+03      1.81            0.00            1.00023     0.00023       0.02  %   10000     
1.811318e+03      2.49            0.00            1.00022     0.00022       0.02  %   10000     
1.811470e+03      2.71            0.00            1.00022     0.00022       0.02  %   10000     
1.811541e+03      2.81            0.00            1.00044     0.00031       0.03  %   10000     
1.811734e+03      2.91            0.00            1.00045     0.00031       0.03  %   10000     
1.811739e+03      2.91            0.00            1.00022     0.00022       0.02  %   10000     
1.811909e+03      2.83            0.00            1.00069     0.00040       0.04  %   10000     
1.811918e+03      2.82            0.00            1.00046     0.00032       0.03  %   10000     
1.812132e+03      2.52            0.00            1.00000     0.00000       0.00  %   10000     
1.812431e+03      1.87            0.00            1.00106     0.00053       0.05  %   10000     
1.812465e+03      1.80            0.00            1.00027     0.00027       0.03  %   10000     
1.812770e+03      1.13            0.00            1.00032     0.00032       0.03  %   10000     
1.812951e+03      0.80            0.00            1.00113     0.00065       0.07  %   10000     
1.812953e+03      0.80            0.00            1.00076     0.00053       0.05  %   10000     
1.813101e+03      0.58            0.00            1.00089     0.00063       0.06  %   10000     
1.813228e+03      0.44            0.00            1.00157     0.00091       0.09  %   10000     
1.813255e+03      0.42            0.00            1.00108     0.00076       0.08  %   10000     
1.813355e+03      0.33            0.00            1.00126     0.00089       0.09  %   10000     
1.813471e+03      0.25            0.00            1.00605     0.00214       0.21  %   10000     
1.813527e+03      0.23            0.00            1.00245     0.00142       0.14  %   10000     
1.813584e+03      0.20            0.00            1.00637     0.00241       0.24  %   10000     
1.813698e+03      0.16            0.00            1.00550     0.00246       0.24  %   10000     
1.813811e+03      0.12            0.00            1.00131     0.00131       0.13  %   10000     
1.813908e+03      0.10            0.00            1.01197     0.00423       0.42  %   10000     
1.813936e+03      0.10            0.00            1.00471     0.00272       0.27  %   10000     
1.814048e+03      0.08            0.00            1.01276     0.00482       0.48  %   10000     
1.814188e+03      0.07            0.00            1.01493     0.00399       0.39  %   20000     
1.814355e+03      0.06            0.00            1.01607     0.00446       0.44  %   20000     
1.814523e+03      0.05            0.00            1.01676     0.00484       0.48  %   20000     
1.814746e+03      0.04            0.00            1.01472     0.00393       0.39  %   30000     
1.814802e+03      0.04            0.00            1.01126     0.00425       0.42  %   20000     
1.815058e+03      0.04            0.00            1.01435     0.00414       0.41  %   30000     
1.815443e+03      0.03            0.00            1.01875     0.00501       0.49  %   30000     
1.815827e+03      0.03            0.00            1.02062     0.00473       0.46  %   40000     
1.816340e+03      0.03            0.00            1.01968     0.00477       0.47  %   40000     
1.816852e+03      0.03            0.00            1.02267     0.00463       0.45  %   50000     
1.817162e+03      0.03            0.00            1.02683     0.00507       0.49  %   50000     
1.817471e+03      0.03            0.00            1.02023     0.00491       0.48  %   40000     
1.818179e+03      0.03            0.00            1.00446     0.00446       0.44  %   10000     
1.818533e+03      0.03            0.00            1.01244     0.00415       0.41  %   30000     
1.818769e+03      0.03            0.00            1.02298     0.00469       0.46  %   40000     
1.818946e+03      0.03            0.00            1.01982     0.00481       0.47  %   30000     
1.819123e+03      0.04            0.00            1.01225     0.00433       0.43  %   20000     
1.819271e+03      0.04            0.00            1.00524     0.00371       0.37  %   10000     
1.819406e+03      0.05            0.00            1.01199     0.00361       0.36  %   20000     
1.819523e+03      0.06            0.00            1.01079     0.00440       0.44  %   10000     
1.819640e+03      0.08            0.00            1.01013     0.00383       0.38  %   10000     
1.819693e+03      0.09            0.00            1.00646     0.00289       0.29  %   10000     
1.819745e+03      0.10            0.00            1.00351     0.00203       0.20  %   10000     
1.819850e+03      0.13            0.00            1.00282     0.00163       0.16  %   10000     
1.819967e+03      0.17            0.00            1.00368     0.00165       0.16  %   10000     
1.820084e+03      0.22            0.00            1.00058     0.00058       0.06  %   10000     
1.820218e+03      0.30            0.00            1.00182     0.00091       0.09  %   10000     
1.820266e+03      0.33            0.00            1.00166     0.00083       0.08  %   10000     
1.820366e+03      0.41            0.00            1.00288     0.00102       0.10  %   10000     
1.820548e+03      0.58            0.00            1.00171     0.00070       0.07  %   10000     
1.820691e+03      0.74            0.00            1.00049     0.00035       0.03  %   10000     
1.820889e+03      0.97            0.00            1.00022     0.00022       0.02  %   10000     
1.821163e+03      1.26            0.00            1.00039     0.00028       0.03  %   10000     
1.821380e+03      1.41            0.00            1.00019     0.00019       0.02  %   10000     
1.821550e+03      1.45            0.00            1.00038     0.00027       0.03  %   10000     
1.821755e+03      1.40            0.00            1.00040     0.00028       0.03  %   10000     
1.821771e+03      1.38            0.00            1.00020     0.00020       0.02  %   10000     
1.821957e+03      1.24            0.00            1.00064     0.00037       0.04  %   10000     
1.822103e+03      1.08            0.00            1.00046     0.00033       0.03  %   10000     
1.822312e+03      0.84            0.00            1.00107     0.00053       0.05  %   10000     
1.822540e+03      0.59            0.00            1.00134     0.00067       0.07  %   10000     
1.822571e+03      0.56            0.00            1.00313     0.00104       0.10  %   10000     
1.822751e+03      0.39            0.00            1.00089     0.00063       0.06  %   10000     
1.822899e+03      0.28            0.00            1.00282     0.00126       0.13  %   10000     
1.823020e+03      0.22            0.00            1.00140     0.00099       0.10  %   10000     
1.823132e+03      0.17            0.00            1.00694     0.00245       0.24  %   10000     
1.823249e+03      0.13            0.00            1.01092     0.00345       0.34  %   10000     
1.823250e+03      0.13            0.00            1.00656     0.00268       0.27  %   10000     
1.823351e+03      0.10            0.00            1.00536     0.00268       0.27  %   10000     
1.823454e+03      0.08            0.00            1.00980     0.00400       0.40  %   10000     
1.823571e+03      0.06            0.00            1.01408     0.00376       0.37  %   20000     
1.823674e+03      0.05            0.00            1.01299     0.00392       0.39  %   20000     
1.823791e+03      0.05            0.00            1.02576     0.00487       0.47  %   30000     
1.823937e+03      0.04            0.00            1.01604     0.00507       0.50  %   20000     
1.823998e+03      0.04            0.00            1.02121     0.00487       0.48  %   30000     
1.824082e+03      0.03            0.00            1.02598     0.00482       0.47  %   40000     
1.824253e+03      0.03            0.00            1.02260     0.00471       0.46  %   40000     
1.824480e+03      0.03            0.00            1.03467     0.00495       0.48  %   60000     
1.824822e+03      0.03            0.00            1.03314     0.00499       0.48  %   60000     
1.825391e+03      0.02            0.00            1.03213     0.00502       0.49  %   60000     
1.825847e+03      0.02            0.00            1.03494     0.00484       0.47  %   70000     
1.826533e+03      0.02            0.00            1.02543     0.00480       0.47  %   50000     
1.827391e+03      0.03            0.00            1.02159     0.00471       0.46  %   40000     
1.828077e+03      0.03            0.00            1.02783     0.00500       0.49  %   40000     
1.828506e+03      0.03            0.00            1.02459     0.00442       0.43  %   40000     
1.828873e+03      0.04            0.00            1.01828     0.00409       0.40  %   30000     
1.829083e+03      0.04            0.00            1.02081     0.00504       0.49  %   20000     
1.829294e+03      0.05            0.00            1.01686     0.00421       0.41  %   20000     
1.829469e+03      0.06            0.00            1.01340     0.00346       0.34  %   20000     
1.829610e+03      0.07            0.00            1.01058     0.00400       0.40  %   10000     
1.829734e+03      0.08            0.00            1.01014     0.00358       0.35  %   10000     
1.829772e+03      0.09            0.00            1.00832     0.00314       0.31  %   10000     
1.829850e+03      0.10            0.00            1.01163     0.00350       0.35  %   10000     
1.829966e+03      0.13            0.00            1.00521     0.00213       0.21  %   10000     
1.830056e+03      0.16            0.00            1.00441     0.00180       0.18  %   10000     
1.830081e+03      0.17            0.00            1.00283     0.00141       0.14  %   10000     
1.830197e+03      0.21            0.00            1.00754     0.00209       0.21  %   10000     
1.830313e+03      0.28            0.00            1.00381     0.00135       0.13  %   10000     
1.830346e+03      0.30            0.00            1.00358     0.00127       0.13  %   10000     
1.830434e+03      0.37            0.00            1.00358     0.00119       0.12  %   10000     
1.830569e+03      0.49            0.00            1.00166     0.00074       0.07  %   10000     
1.830601e+03      0.53            0.00            1.00127     0.00064       0.06  %   10000     
1.830720e+03      0.68            0.00            1.00143     0.00064       0.06  %   10000     
1.830829e+03      0.85            0.00            1.00129     0.00058       0.06  %   10000     
1.830896e+03      0.95            0.00            1.00150     0.00061       0.06  %   10000     
1.831081e+03      1.30            0.00            1.00090     0.00045       0.04  %   10000     
1.831179e+03      1.49            0.00            1.00109     0.00049       0.05  %   10000     
1.831523e+03      2.15            0.00            1.00061     0.00035       0.04  %   10000     
1.831676e+03      2.35            0.00            1.00061     0.00035       0.04  %   10000     
1.831736e+03      2.43            0.00            1.00000     0.00000       0.00  %   10000     
1.831946e+03      2.53            0.00            1.00165     0.00058       0.06  %   10000     
1.831955e+03      2.52            0.00            1.00062     0.00036       0.04  %   10000     
1.832088e+03      2.46            0.00            1.00105     0.00047       0.05  %   10000     
1.832148e+03      2.44            0.00            1.00042     0.00030       0.03  %   10000     
1.832329e+03      2.20            0.00            1.00132     0.00054       0.05  %   10000     
1.832361e+03      2.16            0.00            1.00132     0.00054       0.05  %   10000     
1.832654e+03      1.60            0.00            1.00049     0.00035       0.03  %   10000     
1.832724e+03      1.47            0.00            1.00101     0.00050       0.05  %   10000     
1.832995e+03      0.95            0.00            1.00301     0.00095       0.09  %   10000     
1.833140e+03      0.73            0.00            1.00169     0.00076       0.08  %   10000     
1.833168e+03      0.69            0.00            1.00070     0.00050       0.05  %   10000     
1.833320e+03      0.50            0.00            1.00292     0.00110       0.11  %   10000     
1.833418e+03      0.41            0.00            1.00422     0.00141       0.14  %   10000     
1.833451e+03      0.37            0.00            1.00396     0.00140       0.14  %   10000     
1.833569e+03      0.29            0.00            1.00592     0.00187       0.19  %   10000     
1.833680e+03      0.22            0.00            1.00705     0.00223       0.22  %   10000     
1.833704e+03      0.21            0.00            1.00437     0.00178       0.18  %   10000     
1.833791e+03      0.17            0.00            1.00936     0.00282       0.28  %   10000     
1.833903e+03      0.14            0.00            1.01128     0.00340       0.34  %   10000     
1.834014e+03      0.11            0.00            1.01098     0.00366       0.36  %   10000     
1.834113e+03      0.09            0.00            1.00698     0.00312       0.31  %   10000     
1.834136e+03      0.09            0.00            1.01812     0.00362       0.36  %   20000     
1.834249e+03      0.08            0.00            1.01933     0.00403       0.40  %   20000     
1.834377e+03      0.06            0.00            1.01549     0.00387       0.38  %   20000     
1.834538e+03      0.05            0.00            1.02665     0.00444       0.43  %   30000     
1.834647e+03      0.05            0.00            1.02447     0.00439       0.43  %   30000     
1.834731e+03      0.05            0.00            1.02093     0.00418       0.41  %   30000     
1.834988e+03      0.04            0.00            1.02737     0.00508       0.49  %   30000     
1.835345e+03      0.04            0.00            1.03657     0.00480       0.46  %   50000     
1.835803e+03      0.03            0.00            1.04056     0.00481       0.46  %   60000     
1.835880e+03      0.03            0.00            1.03588     0.00497       0.48  %   50000     
1.836489e+03      0.03            0.00            1.03266     0.00492       0.48  %   50000     
1.837404e+03      0.03            0.00            1.04199     0.00520       0.50  %   60000     
1.838777e+03      0.03            0.00            1.03898     0.00499       0.48  %   60000     
1.840761e+03      0.03            0.00            1.02686     0.00482       0.47  %   40000     
1.841422e+03      0.03            0.00            1.03112     0.00505       0.49  %   40000     
1.842744e+03      0.03            0.00            1.03624     0.00517       0.50  %   40000     
1.844498e+03      0.04            0.00            1.02130     0.00418       0.41  %   30000     
1.845794e+03      0.04            0.00            1.02477     0.00505       0.49  %   20000     
1.846010e+03      0.04            0.00            1.02115     0.00461       0.45  %   20000     
1.847306e+03      0.05            0.00            1.01493     0.00498       0.49  %   10000     
1.848180e+03      0.06            0.00            1.00708     0.00317       0.31  %   10000     
1.848344e+03      0.06            0.00            1.01245     0.00415       0.41  %   10000     
1.849057e+03      0.07            0.00            1.01090     0.00363       0.36  %   10000     
1.849204e+03      0.07            0.00            1.01663     0.00444       0.44  %   10000     
1.850026e+03      0.09            0.00            1.01023     0.00323       0.32  %   10000     
1.850081e+03      0.09            0.00            1.01009     0.00319       0.32  %   10000     
1.850712e+03      0.11            0.00            1.00821     0.00274       0.27  %   10000     
1.850812e+03      0.11            0.00            1.00981     0.00296       0.29  %   10000     
1.851288e+03      0.13            0.00            1.00504     0.00206       0.20  %   10000     
1.851445e+03      0.14            0.00            1.00488     0.00199       0.20  %   10000     
1.851818e+03      0.16            0.00            1.00079     0.00079       0.08  %   10000     
1.851979e+03      0.18            0.00            1.00383     0.00171       0.17  %   10000     
1.852270e+03      0.20            0.00            1.00456     0.00186       0.19  %   10000     
1.852392e+03      0.22            0.00            1.00522     0.00197       0.20  %   10000     
1.852641e+03      0.24            0.00            1.00299     0.00149       0.15  %   10000     
1.852758e+03      0.26            0.00            1.00809     0.00244       0.24  %   10000     
1.853006e+03      0.30            0.00            1.00445     0.00182       0.18  %   10000     
1.853035e+03      0.31            0.00            1.00221     0.00128       0.13  %   10000     
1.853307e+03      0.36            0.00            1.00447     0.00182       0.18  %   10000     
1.853335e+03      0.37            0.00            1.00675     0.00225       0.22  %   10000     
1.853552e+03      0.44            0.00            1.00602     0.00213       0.21  %   10000     
1.853642e+03      0.47            0.00            1.00616     0.00218       0.22  %   10000     
1.853800e+03      0.53            0.00            1.00308     0.00154       0.15  %   10000     
1.853898e+03      0.57            0.00            1.00553     0.00209       0.21  %   10000     
1.854030e+03      0.65            0.00            1.00316     0.00158       0.16  %   10000     
1.854151e+03      0.72            0.00            1.00651     0.00230       0.23  %   10000     
1.854235e+03      0.79            0.01            1.00650     0.00230       0.23  %   10000     
1.854381e+03      0.90            0.00            1.00505     0.00206       0.20  %   10000     
1.854461e+03      0.98            0.01            1.00586     0.00222       0.22  %   10000     
1.854644e+03      1.17            0.01            1.00610     0.00231       0.23  %   10000     
1.854692e+03      1.24            0.00            1.00261     0.00150       0.15  %   10000     
1.854926e+03      1.56            0.01            1.00813     0.00271       0.27  %   10000     
1.854929e+03      1.56            0.01            1.00722     0.00255       0.25  %   10000     
1.855207e+03      2.04            0.02            1.01026     0.00309       0.31  %   10000     
1.855317e+03      2.23            0.01            1.00667     0.00252       0.25  %   10000     
1.855843e+03      3.18            0.04            1.01309     0.00363       0.36  %   10000     
1.855902e+03      3.25            0.03            1.00918     0.00306       0.30  %   10000     
1.856107e+03      3.50            0.05            1.01341     0.00372       0.37  %   10000     
1.856197e+03      3.54            0.03            1.00949     0.00316       0.31  %   10000     
1.856382e+03      3.62            0.04            1.01166     0.00351       0.35  %   10000     
1.856470e+03      3.59            0.03            1.00974     0.00325       0.32  %   10000     
1.856497e+03      3.58            0.05            1.01303     0.00376       0.37  %   10000     
1.856633e+03      3.52            0.05            1.01303     0.00376       0.37  %   10000     
1.856772e+03      3.36            0.03            1.00782     0.00296       0.29  %   10000     
1.856940e+03      3.16            0.05            1.01568     0.00419       0.41  %   10000     
1.857087e+03      2.90            0.03            1.01036     0.00345       0.34  %   10000     
1.857745e+03      1.75            0.03            1.01735     0.00463       0.46  %   10000     
1.857898e+03      1.54            0.02            1.01111     0.00370       0.37  %   10000     
1.858001e+03      1.40            0.02            1.01634     0.00453       0.45  %   10000     
1.858184e+03      1.21            0.02            1.01620     0.00449       0.44  %   10000     
1.858227e+03      1.18            0.02            1.01473     0.00425       0.42  %   10000     
1.858381e+03      1.08            0.02            1.02160     0.00509       0.50  %   10000     
1.858486e+03      1.05            0.01            1.00912     0.00322       0.32  %   10000     
1.858513e+03      1.04            0.02            1.01469     0.00407       0.40  %   10000     
1.858578e+03      1.03            0.01            1.01418     0.00393       0.39  %   10000     
1.858710e+03      1.06            0.01            1.01078     0.00325       0.32  %   10000     
1.858744e+03      1.08            0.01            1.00940     0.00297       0.29  %   10000     
1.858874e+03      1.16            0.01            1.00906     0.00273       0.27  %   10000     
1.858949e+03      1.26            0.01            1.00593     0.00210       0.21  %   10000     
1.859039e+03      1.37            0.01            1.00536     0.00189       0.19  %   10000     
1.859203e+03      1.67            0.01            1.00482     0.00161       0.16  %   10000     
1.859230e+03      1.74            0.01            1.00411     0.00145       0.14  %   10000     
1.859395e+03      2.16            0.01            1.00383     0.00128       0.13  %   10000     
1.859501e+03      2.50            0.01            1.00452     0.00131       0.13  %   10000     
1.859544e+03      2.64            0.01            1.00290     0.00102       0.10  %   10000     
1.859739e+03      3.27            0.01            1.00254     0.00090       0.09  %   10000     
1.859924e+03      3.83            0.01            1.00289     0.00091       0.09  %   10000     
1.860053e+03      4.22            0.01            1.00192     0.00073       0.07  %   10000     
1.860262e+03      4.61            0.01            1.00265     0.00084       0.08  %   10000     
1.860400e+03      4.69            0.01            1.00159     0.00065       0.06  %   10000     
1.860416e+03      4.69            0.01            1.00186     0.00070       0.07  %   10000     
1.860446e+03      4.67            0.01            1.00187     0.00070       0.07  %   10000     
1.860611e+03      4.54            0.02            1.00403     0.00104       0.10  %   10000     
1.860749e+03      4.22            0.02            1.00362     0.00100       0.10  %   10000     
1.860827e+03      4.05            0.01            1.00310     0.00093       0.09  %   10000     
1.861053e+03      3.28            0.01            1.00308     0.00097       0.10  %   10000     
1.861191e+03      2.80            0.01            1.00426     0.00118       0.12  %   10000     
1.861462e+03      1.87            0.01            1.00437     0.00132       0.13  %   10000     
1.861655e+03      1.33            0.01            1.00806     0.00195       0.19  %   10000     
1.861741e+03      1.14            0.01            1.00822     0.00205       0.20  %   10000     
1.861815e+03      0.98            0.01            1.00964     0.00234       0.23  %   10000     
1.861951e+03      0.74            0.01            1.01146     0.00278       0.27  %   10000     
1.862077e+03      0.58            0.01            1.01424     0.00335       0.33  %   10000     
1.862087e+03      0.56            0.00            1.00724     0.00241       0.24  %   10000     
1.862206e+03      0.45            0.01            1.01618     0.00392       0.39  %   10000     
1.862324e+03      0.36            0.00            1.01115     0.00352       0.35  %   10000     
1.862415e+03      0.31            0.01            1.01977     0.00494       0.48  %   10000     
1.862454e+03      0.29            0.01            1.01960     0.00358       0.35  %   20000     
1.862594e+03      0.23            0.01            1.03143     0.00490       0.48  %   20000     
1.862734e+03      0.20            0.01            1.03780     0.00468       0.45  %   30000     
1.862822e+03      0.18            0.01            1.03267     0.00448       0.43  %   30000     
1.862902e+03      0.17            0.01            1.03887     0.00506       0.49  %   30000     
1.863070e+03      0.14            0.01            1.04257     0.00482       0.46  %   40000     
1.863320e+03      0.12            0.01            1.04498     0.00466       0.45  %   50000     
1.863434e+03      0.12            0.00            1.04037     0.00500       0.48  %   40000     
1.863648e+03      0.11            0.01            1.04945     0.00469       0.45  %   60000     
1.864140e+03      0.09            0.00            1.05616     0.00528       0.50  %   60000     
1.864594e+03      0.08            0.00            1.05033     0.00516       0.49  %   60000     
1.864694e+03      0.08            0.00            1.05196     0.00491       0.47  %   70000     
1.865413e+03      0.06            0.00            1.06219     0.00498       0.47  %   90000     
1.866099e+03      0.06            0.00            1.05281     0.00501       0.48  %   80000     
1.866276e+03      0.05            0.00            1.06549     0.00505       0.47  %   100000    
1.867389e+03      0.05            0.00            1.07172     0.00553       0.52  %   100000    
1.868216e+03      0.04            0.00            1.08864     0.00625       0.57  %   100000    
1.868731e+03      0.04            0.00            1.07281     0.00577       0.54  %   100000    
1.870073e+03      0.04            0.00            1.07405     0.00596       0.56  %   100000    
1.871626e+03      0.03            0.00            1.06773     0.00572       0.54  %   100000    
1.871999e+03      0.03            0.00            1.07261     0.00594       0.55  %   100000    
1.873703e+03      0.03            0.00            1.05771     0.00524       0.50  %   100000    
1.874555e+03      0.03            0.00            1.06150     0.00533       0.50  %   100000    
1.875964e+03      0.03            0.00            1.05129     0.00491       0.47  %   90000     
1.877373e+03      0.03            0.00            1.05256     0.00523       0.50  %   70000     
1.878205e+03      0.04            0.00            1.05179     0.00523       0.50  %   60000     
1.878313e+03      0.04            0.00            1.03342     0.00509       0.49  %   40000     
1.879007e+03      0.04            0.00            1.03975     0.00509       0.49  %   40000     
1.879586e+03      0.05            0.00            1.02651     0.00436       0.42  %   30000     
1.879839e+03      0.05            0.00            1.02698     0.00509       0.50  %   20000     
1.879992e+03      0.06            0.00            1.01889     0.00412       0.40  %   20000     
1.880340e+03      0.07            0.00            1.01770     0.00361       0.35  %   20000     
1.880572e+03      0.08            0.00            1.01503     0.00434       0.43  %   10000     
1.880776e+03      0.09            0.00            1.01262     0.00364       0.36  %   10000     
1.880950e+03      0.11            0.00            1.01228     0.00328       0.32  %   10000     
1.881096e+03      0.13            0.00            1.01028     0.00274       0.27  %   10000     
1.881232e+03      0.16            0.00            1.00789     0.00219       0.22  %   10000     
1.881321e+03      0.19            0.00            1.00475     0.00158       0.16  %   10000     
1.881351e+03      0.20            0.00            1.00659     0.00183       0.18  %   10000     
1.881400e+03      0.22            0.00            1.00655     0.00175       0.17  %   10000     
1.881470e+03      0.25            0.00            1.00299     0.00113       0.11  %   10000     
1.881590e+03      0.32            0.00            1.00468     0.00130       0.13  %   10000     
1.881636e+03      0.36            0.00            1.00369     0.00111       0.11  %   10000     
1.881704e+03      0.41            0.00            1.00280     0.00093       0.09  %   10000     
1.881794e+03      0.50            0.00            1.00112     0.00056       0.06  %   10000     
1.881819e+03      0.53            0.00            1.00246     0.00082       0.08  %   10000     
1.881935e+03      0.68            0.00            1.00222     0.00074       0.07  %   10000     
1.881947e+03      0.70            0.00            1.00196     0.00069       0.07  %   10000     
1.882076e+03      0.93            0.00            1.00248     0.00075       0.07  %   10000     
1.882079e+03      0.93            0.00            1.00068     0.00039       0.04  %   10000     
1.882230e+03      1.27            0.00            1.00318     0.00082       0.08  %   10000     
1.882381e+03      1.71            0.00            1.00164     0.00058       0.06  %   10000     
1.882411e+03      1.79            0.01            1.00287     0.00077       0.08  %   10000     
1.882562e+03      2.33            0.00            1.00141     0.00053       0.05  %   10000     
1.882676e+03      2.73            0.00            1.00162     0.00057       0.06  %   10000     
1.882806e+03      3.22            0.01            1.00203     0.00064       0.06  %   10000     
1.883051e+03      4.12            0.01            1.00144     0.00054       0.05  %   10000     
1.883256e+03      4.65            0.01            1.00276     0.00076       0.08  %   10000     
1.883292e+03      4.74            0.02            1.00318     0.00082       0.08  %   10000     
1.883508e+03      4.94            0.01            1.00198     0.00066       0.07  %   10000     
1.883509e+03      4.94            0.01            1.00198     0.00066       0.07  %   10000     
1.883709e+03      4.77            0.01            1.00182     0.00064       0.06  %   10000     
1.883724e+03      4.74            0.01            1.00183     0.00065       0.06  %   10000     
1.883902e+03      4.32            0.01            1.00142     0.00058       0.06  %   10000     
1.883960e+03      4.12            0.01            1.00194     0.00069       0.07  %   10000     
1.884206e+03      3.25            0.01            1.00287     0.00087       0.09  %   10000     
1.884240e+03      3.13            0.01            1.00423     0.00106       0.11  %   10000     
1.884541e+03      2.01            0.01            1.00400     0.00111       0.11  %   10000     
1.884737e+03      1.41            0.01            1.00842     0.00172       0.17  %   10000     
1.884794e+03      1.27            0.01            1.00655     0.00154       0.15  %   10000     
1.884888e+03      1.04            0.01            1.00520     0.00144       0.14  %   10000     
1.885028e+03      0.77            0.01            1.00875     0.00201       0.20  %   10000     
1.885059e+03      0.72            0.01            1.01088     0.00227       0.22  %   10000     
1.885153e+03      0.58            0.00            1.00856     0.00214       0.21  %   10000     
1.885279e+03      0.44            0.00            1.01128     0.00266       0.26  %   10000     
1.885311e+03      0.42            0.00            1.01102     0.00267       0.26  %   10000     
1.885391e+03      0.35            0.00            1.01098     0.00283       0.28  %   10000     
1.885514e+03      0.27            0.00            1.01385     0.00346       0.34  %   10000     
1.885562e+03      0.25            0.00            1.01280     0.00342       0.34  %   10000     
1.885636e+03      0.21            0.00            1.01637     0.00409       0.40  %   10000     
1.885759e+03      0.17            0.00            1.02691     0.00401       0.39  %   20000     
1.885856e+03      0.15            0.00            1.03107     0.00453       0.44  %   20000     
1.885894e+03      0.14            0.00            1.02992     0.00456       0.44  %   20000     
1.886045e+03      0.11            0.00            1.03563     0.00438       0.42  %   30000     
1.886197e+03      0.10            0.00            1.04376     0.00515       0.49  %   30000     
1.886275e+03      0.09            0.00            1.03611     0.00478       0.46  %   30000     
1.886408e+03      0.08            0.00            1.02573     0.00423       0.41  %   30000     
1.886650e+03      0.07            0.00            1.04836     0.00476       0.45  %   50000     
1.886951e+03      0.06            0.00            1.05310     0.00525       0.50  %   50000     
1.886973e+03      0.06            0.00            1.06406     0.00528       0.50  %   60000     
1.887310e+03      0.05            0.00            1.05910     0.00494       0.47  %   70000     
1.887788e+03      0.05            0.00            1.06432     0.00506       0.48  %   80000     
1.888266e+03      0.04            0.00            1.08012     0.00522       0.48  %   100000    
1.888437e+03      0.04            0.00            1.05986     0.00507       0.48  %   80000     
1.889054e+03      0.04            0.00            1.08501     0.00559       0.51  %   100000    
1.889983e+03      0.03            0.00            1.08079     0.00556       0.51  %   100000    
1.890795e+03      0.03            0.00            1.08039     0.00552       0.51  %   100000    
1.890928e+03      0.03            0.00            1.07860     0.00542       0.50  %   100000    
1.891221e+03      0.03            0.00            1.07031     0.00534       0.50  %   90000     
1.891528e+03      0.03            0.00            1.07824     0.00514       0.48  %   100000    
1.891733e+03      0.04            0.00            1.06256     0.00523       0.49  %   70000     
1.891887e+03      0.04            0.00            1.05527     0.00502       0.48  %   60000     
1.892066e+03      0.05            0.00            1.04165     0.00490       0.47  %   40000     
1.892245e+03      0.06            0.00            1.03963     0.00499       0.48  %   30000     
1.892424e+03      0.08            0.00            1.02570     0.00440       0.43  %   20000     
1.892655e+03      0.11            0.00            1.01940     0.00470       0.46  %   10000     
1.893169e+03      0.18            0.00            1.01217     0.00295       0.29  %   10000     
1.893403e+03      0.20            0.00            1.00967     0.00249       0.25  %   10000     
1.893488e+03      0.20            0.00            1.00826     0.00229       0.23  %   10000     
1.893601e+03      0.20            0.00            1.00625     0.00197       0.20  %   10000     
1.893813e+03      0.20            0.00            1.01538     0.00314       0.31  %   10000     
1.894070e+03      0.17            0.00            1.01359     0.00311       0.31  %   10000     
1.894639e+03      0.10            0.00            1.02096     0.00354       0.35  %   20000     
1.894838e+03      0.07            0.00            1.01435     0.00329       0.32  %   20000     
1.895017e+03      0.06            0.00            1.03454     0.00461       0.45  %   30000     
1.895177e+03      0.05            0.00            1.03330     0.00491       0.47  %   30000     
1.895336e+03      0.04            0.00            1.04020     0.00498       0.48  %   40000     
1.895495e+03      0.04            0.00            1.04195     0.00478       0.46  %   50000     
1.895734e+03      0.04            0.00            1.04507     0.00472       0.45  %   60000     
1.896069e+03      0.03            0.00            1.03976     0.00497       0.48  %   50000     
1.896324e+03      0.03            0.00            1.04572     0.00487       0.47  %   60000     
1.897346e+03      0.03            0.00            1.04202     0.00498       0.48  %   50000     
1.898907e+03      0.04            0.00            1.03102     0.00447       0.43  %   40000     
1.899390e+03      0.04            0.00            1.02002     0.00500       0.49  %   20000     
1.901019e+03      0.04            0.00            1.02034     0.00466       0.46  %   20000     
1.902137e+03      0.05            0.00            1.01124     0.00459       0.45  %   10000     
1.902417e+03      0.05            0.00            1.01739     0.00399       0.39  %   20000     
1.903629e+03      0.06            0.00            1.01432     0.00477       0.47  %   10000     
1.903815e+03      0.06            0.00            1.00942     0.00385       0.38  %   10000     
1.904691e+03      0.07            0.00            1.01283     0.00427       0.42  %   10000     
1.904902e+03      0.07            0.00            1.01270     0.00423       0.42  %   10000     
1.905822e+03      0.09            0.00            1.00778     0.00318       0.32  %   10000     
1.905826e+03      0.09            0.00            1.00519     0.00259       0.26  %   10000     
1.906611e+03      0.11            0.00            1.01230     0.00389       0.38  %   10000     
1.906710e+03      0.11            0.00            1.01233     0.00390       0.38  %   10000     
1.907282e+03      0.13            0.00            1.01433     0.00414       0.41  %   10000     
1.907506e+03      0.13            0.00            1.01086     0.00362       0.36  %   10000     
1.907903e+03      0.15            0.00            1.01186     0.00375       0.37  %   10000     
1.908127e+03      0.16            0.00            1.00481     0.00241       0.24  %   10000     
1.908400e+03      0.18            0.00            1.01429     0.00412       0.41  %   10000     
1.908748e+03      0.20            0.00            1.01100     0.00367       0.36  %   10000     
1.908897e+03      0.21            0.00            1.01092     0.00364       0.36  %   10000     
1.909307e+03      0.25            0.00            1.00751     0.00307       0.30  %   10000     
1.909326e+03      0.25            0.00            1.01000     0.00353       0.35  %   10000     
1.909717e+03      0.30            0.00            1.00769     0.00314       0.31  %   10000     
1.909804e+03      0.31            0.00            1.01437     0.00433       0.43  %   10000     
1.910109e+03      0.37            0.00            1.00928     0.00351       0.35  %   10000     
1.910239e+03      0.39            0.00            1.00955     0.00361       0.36  %   10000     
1.910469e+03      0.44            0.00            1.01101     0.00389       0.38  %   10000     
1.910612e+03      0.48            0.01            1.01419     0.00448       0.44  %   10000     
1.910774e+03      0.53            0.01            1.00997     0.00377       0.37  %   10000     
1.910960e+03      0.59            0.01            1.01184     0.00418       0.41  %   10000     
1.911084e+03      0.65            0.01            1.01035     0.00391       0.39  %   10000     
1.911333e+03      0.75            0.01            1.01236     0.00437       0.43  %   10000     
1.911383e+03      0.78            0.01            1.01233     0.00436       0.43  %   10000     
1.911706e+03      0.97            0.01            1.01128     0.00426       0.42  %   10000     
1.911724e+03      0.99            0.01            1.01297     0.00458       0.45  %   10000     
1.912047e+03      1.23            0.02            1.01844     0.00393       0.39  %   20000     
1.912153e+03      1.31            0.02            1.01805     0.00394       0.39  %   20000     
1.912514e+03      1.63            0.03            1.01878     0.00410       0.40  %   20000     
1.913048e+03      2.10            0.05            1.02438     0.00478       0.47  %   20000     
1.913202e+03      2.19            0.05            1.02314     0.00472       0.46  %   20000     
1.913344e+03      2.27            0.04            1.01940     0.00434       0.43  %   20000     
1.913456e+03      2.30            0.04            1.01686     0.00409       0.40  %   20000     
1.913697e+03      2.35            0.06            1.02535     0.00411       0.40  %   30000     
1.913817e+03      2.32            0.05            1.02160     0.00471       0.46  %   20000     
1.913870e+03      2.31            0.05            1.02381     0.00496       0.48  %   20000     
1.914067e+03      2.26            0.06            1.02697     0.00432       0.42  %   30000     
1.914240e+03      2.14            0.05            1.02436     0.00417       0.41  %   30000     
1.914502e+03      1.97            0.06            1.03045     0.00470       0.46  %   30000     
1.914663e+03      1.83            0.05            1.02753     0.00452       0.44  %   30000     
1.915396e+03      1.18            0.04            1.03254     0.00447       0.43  %   40000     
1.915608e+03      1.03            0.03            1.02977     0.00496       0.48  %   30000     
1.915806e+03      0.89            0.02            1.02246     0.00440       0.43  %   30000     
1.916055e+03      0.76            0.02            1.03165     0.00457       0.44  %   40000     
1.916173e+03      0.70            0.03            1.03601     0.00494       0.48  %   40000     
1.916465e+03      0.58            0.03            1.04812     0.00518       0.49  %   50000     
1.916521e+03      0.56            0.02            1.03409     0.00492       0.48  %   40000     
1.916875e+03      0.45            0.01            1.02972     0.00470       0.46  %   40000     
1.916900e+03      0.45            0.02            1.03505     0.00456       0.44  %   50000     
1.917267e+03      0.37            0.02            1.04207     0.00514       0.49  %   50000     
1.917397e+03      0.34            0.01            1.04277     0.00518       0.50  %   50000     
1.917733e+03      0.29            0.01            1.04536     0.00501       0.48  %   60000     
1.917894e+03      0.27            0.01            1.04813     0.00479       0.46  %   70000     
1.918230e+03      0.23            0.01            1.04453     0.00510       0.49  %   60000     
1.918478e+03      0.21            0.01            1.05182     0.00513       0.49  %   70000     
1.918764e+03      0.19            0.01            1.05905     0.00524       0.49  %   80000     
1.919162e+03      0.17            0.01            1.05108     0.00493       0.47  %   80000     
1.919323e+03      0.16            0.01            1.05538     0.00521       0.49  %   80000     
1.920032e+03      0.13            0.01            1.05289     0.00523       0.50  %   80000     
1.920056e+03      0.13            0.01            1.05646     0.00511       0.48  %   90000     
1.920780e+03      0.11            0.01            1.07265     0.00567       0.53  %   100000    
1.921026e+03      0.10            0.01            1.05492     0.00521       0.49  %   90000     
1.921658e+03      0.09            0.01            1.06495     0.00553       0.52  %   100000    
1.922175e+03      0.08            0.00            1.05398     0.00508       0.48  %   100000    
1.922672e+03      0.07            0.00            1.04977     0.00524       0.50  %   90000     
1.923604e+03      0.06            0.00            1.03971     0.00504       0.48  %   80000     
1.923791e+03      0.06            0.00            1.03415     0.00503       0.49  %   70000     
1.925002e+03      0.05            0.00            1.03909     0.00513       0.49  %   80000     
1.925561e+03      0.05            0.00            1.03751     0.00501       0.48  %   80000     
1.926555e+03      0.05            0.00            1.04386     0.00490       0.47  %   100000    
1.928233e+03      0.04            0.00            1.04374     0.00508       0.49  %   90000     
1.928379e+03      0.04            0.00            1.03757     0.00497       0.48  %   80000     
1.930210e+03      0.04            0.00            1.03960     0.00491       0.47  %   80000     
1.931832e+03      0.04            0.00            1.02766     0.00481       0.47  %   50000     
1.932914e+03      0.05            0.00            1.02942     0.00459       0.45  %   50000     
1.933725e+03      0.05            0.00            1.02151     0.00469       0.46  %   30000     
1.934536e+03      0.06            0.00            1.01009     0.00504       0.50  %   10000     
1.935139e+03      0.07            0.00            1.01463     0.00391       0.39  %   20000     
1.935243e+03      0.07            0.00            1.01818     0.00428       0.42  %   20000     
1.935748e+03      0.08            0.00            1.00822     0.00368       0.36  %   10000     
1.936251e+03      0.09            0.00            1.00901     0.00341       0.34  %   10000     
1.936648e+03      0.11            0.00            1.00820     0.00290       0.29  %   10000     
1.936945e+03      0.13            0.00            1.00336     0.00168       0.17  %   10000     
1.937064e+03      0.15            0.00            1.00382     0.00171       0.17  %   10000     
1.937205e+03      0.16            0.00            1.00348     0.00156       0.16  %   10000     
1.937428e+03      0.19            0.00            1.00233     0.00117       0.12  %   10000     
1.937473e+03      0.20            0.00            1.00224     0.00112       0.11  %   10000     
1.937614e+03      0.23            0.00            1.00254     0.00113       0.11  %   10000     
1.937733e+03      0.27            0.00            1.00275     0.00112       0.11  %   10000     
1.937800e+03      0.29            0.00            1.00222     0.00099       0.10  %   10000     
1.937881e+03      0.32            0.00            1.00167     0.00083       0.08  %   10000     
1.937967e+03      0.36            0.00            1.00162     0.00081       0.08  %   10000     
1.938055e+03      0.41            0.00            1.00230     0.00094       0.09  %   10000     
1.938134e+03      0.46            0.00            1.00340     0.00113       0.11  %   10000     
1.938204e+03      0.51            0.00            1.00256     0.00097       0.10  %   10000     
1.938293e+03      0.59            0.00            1.00182     0.00081       0.08  %   10000     
1.938329e+03      0.62            0.00            1.00144     0.00072       0.07  %   10000     
1.938451e+03      0.75            0.00            1.00216     0.00088       0.09  %   10000     
1.938461e+03      0.77            0.00            1.00179     0.00080       0.08  %   10000     
1.938597e+03      0.96            0.00            1.00072     0.00051       0.05  %   10000     
1.938615e+03      0.98            0.00            1.00291     0.00103       0.10  %   10000     
1.938746e+03      1.21            0.00            1.00221     0.00090       0.09  %   10000     
1.938794e+03      1.30            0.00            1.00150     0.00075       0.07  %   10000     
1.938909e+03      1.55            0.01            1.00378     0.00119       0.12  %   10000     
1.939031e+03      1.83            0.00            1.00235     0.00096       0.10  %   10000     
1.939097e+03      1.99            0.00            1.00197     0.00088       0.09  %   10000     
1.939382e+03      2.73            0.01            1.00295     0.00112       0.11  %   10000     
1.939638e+03      3.39            0.01            1.00264     0.00108       0.11  %   10000     
1.939804e+03      3.68            0.01            1.00323     0.00122       0.12  %   10000     
1.939887e+03      3.83            0.01            1.00371     0.00131       0.13  %   10000     
1.940041e+03      3.92            0.02            1.00436     0.00145       0.14  %   10000     
1.940117e+03      3.97            0.02            1.00535     0.00161       0.16  %   10000     
1.940272e+03      3.87            0.02            1.00407     0.00144       0.14  %   10000     
1.940326e+03      3.84            0.02            1.00410     0.00145       0.14  %   10000     
1.940333e+03      3.84            0.03            1.00872     0.00211       0.21  %   10000     
1.940547e+03      3.49            0.02            1.00594     0.00179       0.18  %   10000     
1.940571e+03      3.43            0.01            1.00273     0.00122       0.12  %   10000     
1.940868e+03      2.69            0.01            1.00479     0.00169       0.17  %   10000     
1.940927e+03      2.54            0.02            1.00608     0.00192       0.19  %   10000     
1.941272e+03      1.66            0.01            1.00779     0.00235       0.23  %   10000     
1.941480e+03      1.22            0.00            1.00392     0.00175       0.17  %   10000     
1.941492e+03      1.20            0.01            1.00945     0.00273       0.27  %   10000     
1.941659e+03      0.92            0.01            1.01233     0.00329       0.33  %   10000     
1.941759e+03      0.79            0.01            1.00650     0.00246       0.24  %   10000     
1.941822e+03      0.71            0.01            1.01964     0.00439       0.43  %   10000     
1.941989e+03      0.54            0.01            1.01656     0.00427       0.42  %   10000     
1.941992e+03      0.54            0.01            1.01879     0.00455       0.45  %   10000     
1.942146e+03      0.43            0.01            1.01993     0.00498       0.49  %   10000     
1.942205e+03      0.40            0.00            1.01158     0.00386       0.38  %   10000     
1.942303e+03      0.34            0.00            1.01401     0.00443       0.44  %   10000     
1.942465e+03      0.28            0.01            1.02970     0.00481       0.47  %   20000     
1.942503e+03      0.27            0.00            1.01111     0.00420       0.42  %   10000     
1.942651e+03      0.23            0.00            1.01589     0.00374       0.37  %   20000     
1.942837e+03      0.19            0.00            1.02141     0.00456       0.45  %   20000     
1.942874e+03      0.18            0.00            1.02461     0.00492       0.48  %   20000     
1.943056e+03      0.16            0.00            1.03036     0.00468       0.45  %   30000     
1.943290e+03      0.13            0.00            1.03318     0.00512       0.50  %   30000     
1.943320e+03      0.13            0.00            1.03181     0.00503       0.49  %   30000     
1.943557e+03      0.11            0.00            1.02176     0.00435       0.43  %   30000     
1.943926e+03      0.10            0.00            1.03457     0.00499       0.48  %   40000     
1.944060e+03      0.09            0.00            1.04286     0.00501       0.48  %   50000     
1.944386e+03      0.08            0.00            1.04145     0.00514       0.49  %   50000     
1.944939e+03      0.07            0.00            1.04510     0.00510       0.49  %   60000     
1.945109e+03      0.07            0.00            1.05015     0.00501       0.48  %   70000     
1.945498e+03      0.06            0.00            1.04804     0.00503       0.48  %   70000     
1.946199e+03      0.05            0.00            1.03867     0.00499       0.48  %   60000     
1.946509e+03      0.05            0.00            1.04988     0.00491       0.47  %   80000     
1.946899e+03      0.05            0.00            1.05073     0.00499       0.48  %   80000     
1.947834e+03      0.05            0.00            1.05273     0.00507       0.48  %   80000     
1.948768e+03      0.05            0.00            1.05125     0.00520       0.49  %   70000     
1.949198e+03      0.05            0.00            1.04483     0.00514       0.49  %   60000     
1.949758e+03      0.05            0.00            1.04031     0.00520       0.50  %   50000     
1.950996e+03      0.05            0.00            1.03032     0.00462       0.45  %   40000     
1.951987e+03      0.06            0.00            1.02255     0.00419       0.41  %   30000     
1.952970e+03      0.07            0.00            1.02300     0.00460       0.45  %   20000     
1.953650e+03      0.08            0.00            1.01353     0.00319       0.31  %   20000     
1.953811e+03      0.08            0.00            1.01433     0.00453       0.45  %   10000     
1.954532e+03      0.10            0.00            1.00660     0.00269       0.27  %   10000     
1.955147e+03      0.12            0.00            1.00848     0.00268       0.27  %   10000     
1.955642e+03      0.14            0.00            1.00671     0.00212       0.21  %   10000     
1.956076e+03      0.17            0.00            1.00374     0.00141       0.14  %   10000     
1.956088e+03      0.17            0.00            1.00212     0.00106       0.11  %   10000     
1.956447e+03      0.21            0.00            1.00267     0.00109       0.11  %   10000     
1.956599e+03      0.23            0.00            1.00122     0.00071       0.07  %   10000     
1.956652e+03      0.24            0.00            1.00358     0.00119       0.12  %   10000     
1.956758e+03      0.25            0.00            1.00345     0.00115       0.11  %   10000     
1.956967e+03      0.30            0.00            1.00174     0.00078       0.08  %   10000     
1.957048e+03      0.31            0.00            1.00206     0.00084       0.08  %   10000     
1.957218e+03      0.36            0.00            1.00065     0.00046       0.05  %   10000     
1.957297e+03      0.38            0.00            1.00161     0.00072       0.07  %   10000     
1.957416e+03      0.43            0.00            1.00219     0.00083       0.08  %   10000     
1.957520e+03      0.47            0.00            1.00346     0.00104       0.10  %   10000     
1.957589e+03      0.50            0.00            1.00156     0.00070       0.07  %   10000     
1.957738e+03      0.59            0.00            1.00191     0.00078       0.08  %   10000     
1.957748e+03      0.59            0.00            1.00222     0.00084       0.08  %   10000     
1.957904e+03      0.71            0.00            1.00196     0.00080       0.08  %   10000     
1.957938e+03      0.73            0.00            1.00199     0.00081       0.08  %   10000     
1.958045e+03      0.84            0.00            1.00202     0.00083       0.08  %   10000     
1.958149e+03      0.95            0.00            1.00176     0.00079       0.08  %   10000     
1.958194e+03      1.01            0.00            1.00106     0.00061       0.06  %   10000     
1.958342e+03      1.21            0.00            1.00374     0.00118       0.12  %   10000     
1.958347e+03      1.22            0.00            1.00338     0.00112       0.11  %   10000     
1.958506e+03      1.50            0.00            1.00275     0.00104       0.10  %   10000     
1.958580e+03      1.63            0.01            1.00327     0.00116       0.12  %   10000     
1.958689e+03      1.87            0.01            1.00418     0.00132       0.13  %   10000     
1.958837e+03      2.21            0.01            1.00266     0.00109       0.11  %   10000     
1.958882e+03      2.33            0.01            1.00313     0.00118       0.12  %   10000     
1.959169e+03      3.08            0.00            1.00146     0.00084       0.08  %   10000     
1.959516e+03      3.99            0.01            1.00262     0.00117       0.12  %   10000     
1.959694e+03      4.31            0.01            1.00276     0.00123       0.12  %   10000     
1.959787e+03      4.48            0.03            1.00667     0.00192       0.19  %   10000     
1.959952e+03      4.59            0.04            1.00815     0.00218       0.22  %   10000     
1.960053e+03      4.65            0.03            1.00586     0.00185       0.18  %   10000     
1.960175e+03      4.58            0.03            1.00728     0.00210       0.21  %   10000     
1.960267e+03      4.53            0.04            1.00800     0.00222       0.22  %   10000     
1.960319e+03      4.50            0.03            1.00616     0.00195       0.19  %   10000     
1.960515e+03      4.17            0.02            1.00514     0.00182       0.18  %   10000     
1.960735e+03      3.80            0.04            1.01035     0.00259       0.26  %   10000     
1.960852e+03      3.61            0.03            1.00844     0.00234       0.23  %   10000     
1.961071e+03      3.25            0.04            1.01151     0.00271       0.27  %   10000     
1.961283e+03      3.07            0.02            1.00538     0.00179       0.18  %   10000     
1.961353e+03      3.05            0.02            1.00692     0.00200       0.20  %   10000     
1.961495e+03      3.09            0.02            1.00625     0.00180       0.18  %   10000     
1.961583e+03      3.12            0.03            1.00841     0.00204       0.20  %   10000     
1.961785e+03      3.34            0.01            1.00421     0.00133       0.13  %   10000     
1.962095e+03      3.69            0.01            1.00380     0.00114       0.11  %   10000     
1.962256e+03      3.86            0.01            1.00160     0.00072       0.07  %   10000     
1.962398e+03      3.91            0.02            1.00398     0.00110       0.11  %   10000     
1.962494e+03      3.85            0.01            1.00331     0.00100       0.10  %   10000     
1.962644e+03      3.76            0.01            1.00267     0.00089       0.09  %   10000     
1.962899e+03      3.31            0.01            1.00430     0.00115       0.11  %   10000     
1.963327e+03      2.16            0.01            1.00485     0.00134       0.13  %   10000     
1.963527e+03      1.64            0.01            1.00476     0.00143       0.14  %   10000     
1.963592e+03      1.48            0.02            1.01019     0.00217       0.21  %   10000     
1.963778e+03      1.08            0.01            1.00907     0.00227       0.22  %   10000     
1.963937e+03      0.82            0.01            1.01099     0.00274       0.27  %   10000     
1.964077e+03      0.63            0.01            1.01310     0.00327       0.32  %   10000     
1.964091e+03      0.62            0.01            1.01082     0.00300       0.30  %   10000     
1.964223e+03      0.49            0.01            1.01502     0.00387       0.38  %   10000     
1.964369e+03      0.38            0.01            1.01337     0.00403       0.40  %   10000     
1.964515e+03      0.30            0.01            1.02901     0.00458       0.45  %   20000     
1.964662e+03      0.25            0.01            1.02758     0.00394       0.38  %   30000     
1.964724e+03      0.23            0.00            1.02129     0.00434       0.43  %   20000     
1.964820e+03      0.21            0.01            1.04044     0.00443       0.43  %   40000     
1.965010e+03      0.17            0.01            1.04492     0.00502       0.48  %   40000     
1.965232e+03      0.15            0.01            1.04566     0.00481       0.46  %   50000     
1.965460e+03      0.13            0.01            1.05419     0.00498       0.47  %   60000     
1.965550e+03      0.12            0.01            1.05560     0.00516       0.49  %   60000     
1.965935e+03      0.10            0.01            1.06221     0.00502       0.47  %   80000     
1.966421e+03      0.09            0.01            1.06779     0.00524       0.49  %   90000     
1.966686e+03      0.08            0.01            1.07311     0.00527       0.49  %   100000    
1.967102e+03      0.07            0.01            1.08747     0.00604       0.56  %   100000    
1.967844e+03      0.06            0.00            1.08220     0.00623       0.58  %   100000    
1.968213e+03      0.06            0.01            1.10022     0.00701       0.64  %   100000    
1.968801e+03      0.05            0.01            1.10378     0.00746       0.68  %   100000    
1.969987e+03      0.04            0.01            1.13100     0.00892       0.79  %   100000    
1.970398e+03      0.04            0.00            1.12390     0.00880       0.78  %   100000    
1.971240e+03      0.03            0.00            1.12952     0.00936       0.83  %   100000    
1.972996e+03      0.03            0.00            1.13775     0.01020       0.90  %   100000    
1.973689e+03      0.03            0.00            1.15117     0.01081       0.94  %   100000    
1.974786e+03      0.03            0.00            1.17362     0.01194       1.02  %   100000    
1.977363e+03      0.02            0.00            1.17335     0.01243       1.06  %   100000    
1.979386e+03      0.02            0.00            1.16746     0.01237       1.06  %   100000    
1.980950e+03      0.02            0.00            1.16144     0.01237       1.07  %   100000    
1.984780e+03      0.02            0.00            1.14127     0.01176       1.03  %   100000    
1.989653e+03      0.02            0.00            1.11968     0.01074       0.96  %   100000    
1.991277e+03      0.02            0.00            1.13139     0.01126       1.00  %   100000    
1.996554e+03      0.02            0.00            1.12731     0.01083       0.96  %   100000    
1.997469e+03      0.02            0.00            1.11362     0.01020       0.92  %   100000    
1.998735e+03      0.02            0.00            1.10744     0.00984       0.89  %   100000    
2.000000e+03      0.02            0.00            1.08091     0.00848       0.78  %   100000    
2.097765e+03      0.43            0.00            1.00645     0.00215       0.21  %   10000     
2.125000e+03      0.42            0.00            1.01010     0.00270       0.27  %   10000     
2.200309e+03      0.41            0.00            1.00660     0.00220       0.22  %   10000     
2.228875e+03      0.41            0.00            1.00443     0.00181       0.18  %   10000     
2.250000e+03      0.40            0.00            1.00445     0.00182       0.18  %   10000     
2.359986e+03      0.39            0.00            1.00987     0.00273       0.27  %   10000     
2.375000e+03      0.39            0.00            1.00609     0.00215       0.21  %   10000     
2.475348e+03      0.38            0.00            1.00854     0.00257       0.26  %   10000     
2.491096e+03      0.37            0.00            1.00935     0.00270       0.27  %   10000     
2.500000e+03      0.37            0.00            1.01249     0.00312       0.31  %   10000     
2.596349e+03      0.36            0.01            1.01430     0.00337       0.33  %   10000     
2.622206e+03      0.36            0.00            1.00958     0.00276       0.27  %   10000     
2.625000e+03      0.36            0.00            1.00719     0.00239       0.24  %   10000     
2.700000e+03      0.35            0.00            1.00485     0.00198       0.20  %   10000     
2.750000e+03      0.35            0.00            1.00808     0.00255       0.25  %   10000     
2.831983e+03      0.35            0.00            1.00563     0.00213       0.21  %   10000     
2.884427e+03      0.35            0.00            1.00803     0.00254       0.25  %   10000     
2.970417e+03      0.34            0.00            1.00560     0.00212       0.21  %   10000     
3.000000e+03      0.34            0.00            1.00320     0.00160       0.16  %   10000     
3.146648e+03      0.33            0.00            1.00895     0.00270       0.27  %   10000     
3.250000e+03      0.33            0.00            1.00412     0.00184       0.18  %   10000     
3.300463e+03      0.32            0.00            1.01160     0.00310       0.31  %   10000     
3.408868e+03      0.32            0.00            1.00671     0.00237       0.24  %   10000     
3.461798e+03      0.31            0.00            1.00590     0.00223       0.22  %   10000     
3.500000e+03      0.31            0.00            1.00593     0.00224       0.22  %   10000     
3.575502e+03      0.31            0.00            1.00598     0.00226       0.22  %   10000     
3.671089e+03      0.30            0.00            1.00865     0.00274       0.27  %   10000     
3.730617e+03      0.30            0.00            1.00872     0.00276       0.27  %   10000     
3.850541e+03      0.29            0.00            1.00877     0.00277       0.27  %   10000     
3.912979e+03      0.29            0.00            1.00792     0.00264       0.26  %   10000     
4.038765e+03      0.29            0.00            1.00709     0.00251       0.25  %   10000     
4.104255e+03      0.28            0.00            1.00533     0.00218       0.22  %   10000     
4.236190e+03      0.28            0.00            1.00895     0.00283       0.28  %   10000     
4.265271e+03      0.28            0.00            1.00718     0.00254       0.25  %   10000     
4.304881e+03      0.28            0.00            1.00719     0.00254       0.25  %   10000     
4.319163e+03      0.28            0.00            1.00720     0.00254       0.25  %   10000     
4.473768e+03      0.27            0.00            1.00636     0.00240       0.24  %   10000     
4.500000e+03      0.27            0.00            1.00546     0.00223       0.22  %   10000     
4.529730e+03      0.27            0.00            1.00732     0.00259       0.26  %   10000     
4.719971e+03      0.26            0.00            1.00760     0.00268       0.27  %   10000     
4.751154e+03      0.25            0.00            1.01051     0.00317       0.31  %   10000     
4.778418e+03      0.25            0.00            1.00769     0.00272       0.27  %   10000     
4.983403e+03      0.24            0.00            1.00100     0.00100       0.10  %   10000     
5.000000e+03      0.24            0.00            1.00401     0.00200       0.20  %   10000     
5.084593e+03      0.24            0.00            1.00504     0.00225       0.22  %   10000     
5.244413e+03      0.23            0.00            1.00508     0.00227       0.23  %   10000     
5.333141e+03      0.23            0.00            1.00408     0.00204       0.20  %   10000     
5.416041e+03      0.23            0.00            1.00308     0.00178       0.18  %   10000     
5.528788e+03      0.23            0.00            1.00309     0.00178       0.18  %   10000     
5.593838e+03      0.23            0.00            1.00928     0.00309       0.31  %   10000     
5.799049e+03      0.22            0.00            1.00620     0.00253       0.25  %   10000     
5.867279e+03      0.22            0.00            1.00724     0.00274       0.27  %   10000     
6.001837e+03      0.22            0.00            1.00518     0.00232       0.23  %   10000     
6.060069e+03      0.22            0.00            1.00623     0.00254       0.25  %   10000     
6.295222e+03      0.21            0.00            1.00526     0.00235       0.23  %   10000     
6.356300e+03      0.21            0.00            1.00633     0.00258       0.26  %   10000     
6.557479e+03      0.21            0.00            1.01174     0.00354       0.35  %   10000     
6.667012e+03      0.21            0.00            1.00858     0.00303       0.30  %   10000     
6.878025e+03      0.20            0.00            1.00759     0.00287       0.28  %   10000     
6.992912e+03      0.20            0.00            1.00655     0.00267       0.27  %   10000     
7.019312e+03      0.20            0.00            1.01093     0.00345       0.34  %   10000     
7.101633e+03      0.20            0.00            1.00549     0.00245       0.24  %   10000     
7.362434e+03      0.20            0.00            1.00556     0.00249       0.25  %   10000     
7.448779e+03      0.19            0.00            1.00335     0.00194       0.19  %   10000     
7.500000e+03      0.19            0.00            1.00560     0.00250       0.25  %   10000     
7.557977e+03      0.19            0.00            1.00566     0.00253       0.25  %   10000     
7.866619e+03      0.18            0.00            1.00240     0.00169       0.17  %   10000     
7.927430e+03      0.18            0.00            1.00242     0.00171       0.17  %   10000     
7.940307e+03      0.18            0.00            1.00972     0.00344       0.34  %   10000     
8.006071e+03      0.17            0.00            1.00861     0.00325       0.32  %   10000     
8.314942e+03      0.16            0.00            1.00385     0.00222       0.22  %   10000     
8.397428e+03      0.16            0.00            1.00909     0.00344       0.34  %   10000     
8.500000e+03      0.16            0.00            1.01451     0.00437       0.43  %   10000     
8.721398e+03      0.15            0.00            1.00675     0.00302       0.30  %   10000     
8.764790e+03      0.15            0.00            1.00271     0.00192       0.19  %   10000     
8.915501e+03      0.15            0.00            1.00828     0.00338       0.34  %   10000     
9.031357e+03      0.15            0.00            1.00280     0.00198       0.20  %   10000     
9.193235e+03      0.14            0.00            1.00994     0.00376       0.37  %   10000     
9.472832e+03      0.14            0.00            1.00584     0.00292       0.29  %   10000     
9.500000e+03      0.14            0.00            1.00439     0.00254       0.25  %   10000     
9.642623e+03      0.14            0.00            1.01029     0.00389       0.38  %   10000     
9.834319e+03      0.14            0.00            1.00443     0.00256       0.25  %   10000     
9.964384e+03      0.14            0.00            1.00740     0.00331       0.33  %   10000     
1.015378e+04      0.14            0.00            1.00446     0.00257       0.26  %   10000     
1.031505e+04      0.13            0.00            1.00894     0.00365       0.36  %   10000     
1.065012e+04      0.13            0.00            1.01347     0.00449       0.44  %   10000     
1.081927e+04      0.13            0.00            1.00750     0.00336       0.33  %   10000     
1.112836e+04      0.13            0.00            1.00000     0.00000       0.00  %   10000     
1.134814e+04      0.13            0.00            1.00604     0.00302       0.30  %   10000     
1.157619e+04      0.13            0.00            1.01060     0.00400       0.40  %   10000     
1.167234e+04      0.13            0.00            1.00455     0.00263       0.26  %   10000     
1.200000e+04      0.13            0.00            1.00761     0.00340       0.34  %   10000     
1.214206e+04      0.13            0.00            1.00612     0.00306       0.30  %   10000     
1.250000e+04      0.12            0.00            1.00777     0.00347       0.34  %   10000     
1.300000e+04      0.12            0.00            1.00476     0.00275       0.27  %   10000     
1.311103e+04      0.12            0.00            1.00796     0.00356       0.35  %   10000     
1.363547e+04      0.12            0.00            1.00487     0.00281       0.28  %   10000     
1.375193e+04      0.12            0.00            1.00326     0.00231       0.23  %   10000     
1.400000e+04      0.11            0.00            1.00989     0.00403       0.40  %   10000     
1.442416e+04      0.11            0.00            1.00000     0.00000       0.00  %   10000     
1.468435e+04      0.11            0.00            1.00506     0.00292       0.29  %   10000     
1.500000e+04      0.11            0.00            1.00171     0.00171       0.17  %   10000     
1.573324e+04      0.10            0.00            1.00350     0.00247       0.25  %   10000     
1.600000e+04      0.10            0.00            1.00529     0.00305       0.30  %   10000     
1.650232e+04      0.10            0.00            1.00179     0.00179       0.18  %   10000     
1.678212e+04      0.10            0.00            1.00361     0.00255       0.25  %   10000     
1.700000e+04      0.10            0.00            1.00727     0.00364       0.36  %   10000     
1.730899e+04      0.10            0.00            1.00917     0.00410       0.41  %   10000     
1.783100e+04      0.10            0.00            1.00186     0.00186       0.19  %   10000     
1.800000e+04      0.10            0.00            1.00374     0.00265       0.26  %   10000     
1.887988e+04      0.09            0.00            1.00000     0.00000       0.00  %   10000     
1.900000e+04      0.09            0.00            1.00195     0.00195       0.19  %   10000     
1.980278e+04      0.09            0.00            1.00605     0.00349       0.35  %   10000     
1.992877e+04      0.09            0.00            1.00608     0.00351       0.35  %   10000     
2.000000e+04      0.09            0.00            1.00813     0.00406       0.40  %   10000     
2.001000e+04      0.09            0.00            1.00407     0.00288       0.29  %   10000     
2.077079e+04      0.08            0.00            1.00413     0.00292       0.29  %   10000     
2.098814e+04      0.08            0.00            1.00415     0.00293       0.29  %   10000     
2.178612e+04      0.08            0.00            1.00210     0.00210       0.21  %   10000     
2.190890e+04      0.08            0.00            1.00211     0.00211       0.21  %   10000     
2.285108e+04      0.08            0.00            1.00428     0.00303       0.30  %   10000     
2.297986e+04      0.08            0.00            1.00857     0.00429       0.43  %   10000     
2.300000e+04      0.08            0.00            1.00643     0.00371       0.37  %   10000     
2.400000e+04      0.08            0.00            1.00218     0.00218       0.22  %   10000     
2.412430e+04      0.08            0.00            1.00437     0.00309       0.31  %   10000     
2.517318e+04      0.08            0.00            1.00659     0.00380       0.38  %   10000     
2.530355e+04      0.08            0.00            1.00220     0.00220       0.22  %   10000     
2.640371e+04      0.07            0.00            1.00664     0.00383       0.38  %   10000     
2.654045e+04      0.07            0.00            1.00664     0.00383       0.38  %   10000     
2.683282e+04      0.07            0.00            1.00222     0.00222       0.22  %   10000     
2.783782e+04      0.07            0.00            1.00000     0.00000       0.00  %   10000     
2.800000e+04      0.07            0.00            1.00446     0.00315       0.31  %   10000     
2.814447e+04      0.07            0.00            1.00446     0.00315       0.31  %   10000     
2.936871e+04      0.07            0.00            1.00225     0.00225       0.22  %   10000     
2.952025e+04      0.07            0.00            1.00000     0.00000       0.00  %   10000     
3.000000e+04      0.07            0.00            1.00225     0.00225       0.22  %   10000     
3.080433e+04      0.07            0.00            1.00228     0.00228       0.23  %   10000     
3.146647e+04      0.07            0.00            1.00459     0.00325       0.32  %   10000     
3.155969e+04      0.07            0.00            1.00690     0.00398       0.40  %   10000     
3.200000e+04      0.07            0.00            1.00231     0.00231       0.23  %   10000     
3.310241e+04      0.07            0.00            1.00469     0.00332       0.33  %   10000     
3.356424e+04      0.07            0.00            1.00236     0.00236       0.24  %   10000     
3.448678e+04      0.07            0.00            1.00000     0.00000       0.00  %   10000     
3.520494e+04      0.06            0.00            1.00722     0.00417       0.41  %   10000     
3.617258e+04      0.06            0.00            1.00244     0.00244       0.24  %   10000     
3.685892e+04      0.06            0.00            1.00491     0.00347       0.35  %   10000     
3.692585e+04      0.06            0.00            1.00737     0.00301       0.30  %   20000     
3.866068e+04      0.06            0.00            1.00501     0.00354       0.35  %   10000     
3.873088e+04      0.06            0.00            1.00250     0.00250       0.25  %   10000     
3.874450e+04      0.06            0.00            1.00751     0.00434       0.43  %   10000     
4.063843e+04      0.06            0.00            1.00511     0.00361       0.36  %   10000     
4.175527e+04      0.06            0.00            1.00517     0.00366       0.36  %   10000     
4.262494e+04      0.06            0.00            1.00261     0.00261       0.26  %   10000     
4.379637e+04      0.06            0.00            1.00264     0.00264       0.26  %   10000     
4.470855e+04      0.06            0.00            1.00000     0.00000       0.00  %   10000     
4.500000e+04      0.06            0.00            1.00533     0.00377       0.38  %   10000     
4.689401e+04      0.05            0.00            1.00269     0.00269       0.27  %   10000     
4.719971e+04      0.05            0.00            1.00538     0.00380       0.38  %   10000     
4.800000e+04      0.05            0.00            1.00000     0.00000       0.00  %   10000     
4.950695e+04      0.05            0.00            1.00815     0.00471       0.47  %   10000     
4.974937e+04      0.05            0.00            1.00544     0.00385       0.38  %   10000     
5.034636e+04      0.05            0.00            1.00818     0.00472       0.47  %   10000     
5.218124e+04      0.05            0.00            1.00549     0.00388       0.39  %   10000     
5.280742e+04      0.05            0.00            1.00275     0.00275       0.27  %   10000     
5.473199e+04      0.05            0.00            1.00277     0.00277       0.28  %   10000     
5.500000e+04      0.05            0.00            1.00833     0.00481       0.48  %   10000     
5.538877e+04      0.05            0.00            1.00278     0.00278       0.28  %   10000     
5.750000e+04      0.05            0.00            1.00000     0.00000       0.00  %   10000     
5.768854e+04      0.05            0.00            1.00562     0.00397       0.40  %   10000     
5.979131e+04      0.05            0.00            1.00000     0.00000       0.00  %   10000     
6.031074e+04      0.05            0.00            1.00854     0.00493       0.49  %   10000     
6.271406e+04      0.05            0.00            1.00575     0.00407       0.40  %   10000     
6.325888e+04      0.05            0.00            1.00865     0.00500       0.50  %   10000     
6.500001e+04      0.05            0.00            1.00000     0.00000       0.00  %   10000     
6.635114e+04      0.05            0.00            1.00000     0.00000       0.00  %   10000     
6.817737e+04      0.05            0.00            1.00000     0.00000       0.00  %   10000     
6.959454e+04      0.05            0.00            1.00000     0.00000       0.00  %   10000     
6.982120e+04      0.05            0.00            1.00590     0.00417       0.41  %   10000     
7.000000e+04      0.05            0.00            1.00000     0.00000       0.00  %   10000     
7.323424e+04      0.04            0.00            1.00000     0.00000       0.00  %   10000     
7.342177e+04      0.04            0.00            1.00000     0.00000       0.00  %   10000     
7.500000e+04      0.04            0.00            1.00000     0.00000       0.00  %   10000     
7.701082e+04      0.04            0.00            1.00611     0.00432       0.43  %   10000     
7.738391e+04      0.04            0.00            1.00000     0.00000       0.00  %   10000     
7.781000e+04      0.04            0.00            1.00308     0.00308       0.31  %   10000     
7.835000e+04      0.04            0.00            1.00000     0.00000       0.00  %   10000     
8.110260e+04      0.04            0.00            1.00633     0.00448       0.44  %   10000     
8.200000e+04      0.04            0.00            1.00479     0.00276       0.27  %   20000     
8.500000e+04      0.04            0.00            1.00656     0.00464       0.46  %   10000     
8.915501e+04      0.04            0.00            1.00328     0.00328       0.33  %   10000     
9.351313e+04      0.04            0.00            1.00000     0.00000       0.00  %   10000     
9.500002e+04      0.04            0.00            1.00655     0.00463       0.46  %   10000     
1.000000e+05      0.04            0.00            1.00000     0.00000       0.00  %   10000     
1.229329e+05      0.04            0.00            1.00000     0.00000       0.00  %   10000     
1.690565e+05      0.03            0.00            1.00494     0.00285       0.28  %   20000     
1.908966e+05      0.03            0.00            1.00324     0.00324       0.32  %   10000     
2.150000e+05      0.03            0.00            1.00000     0.00000       0.00  %   10000     
2.350000e+05      0.03            0.00            1.00000     0.00000       0.00  %   10000     
2.400000e+05      0.03            0.00            1.00000     0.00000       0.00  %   10000     
2.450000e+05      0.03            0.00            1.00317     0.00317       0.32  %   10000     
2.500000e+05      0.03            0.00            1.00326     0.00326       0.32  %   10000     
2.600000e+05      0.03            0.00            1.00318     0.00318       0.32  %   10000     
2.700000e+05      0.03            0.00            1.00000     0.00000       0.00  %   10000     
2.941381e+05      0.02            0.00            1.00000     0.00000       0.00  %   10000     
3.000000e+05      0.02            0.00            1.00365     0.00365       0.36  %   10000     
3.250001e+05      0.02            0.00            1.00350     0.00350       0.35  %   10000     
3.671090e+05      0.02            0.00            1.00000     0.00000       0.00  %   10000     
4.000000e+05      0.02            0.00            1.00000     0.00000       0.00  %   10000     
4.750000e+05      0.02            0.00            1.00000     0.00000       0.00  %   10000     
5.000000e+05      0.02            0.00            1.00000     0.00000       0.00  %   10000     
5.200000e+05      0.02            0.00            1.00407     0.00407       0.41  %   10000     
5.700000e+05      0.01            0.00            1.00406     0.00406       0.40  %   10000     
6.000000e+05      0.01            0.00            1.00652     0.00376       0.37  %   20000     
6.500001e+05      0.01            0.00            1.00000     0.00000       0.00  %   10000     
7.171089e+05      0.01            0.00            1.00000     0.00000       0.00  %   10000     
7.342178e+05      0.01            0.00            1.00000     0.00000       0.00  %   10000     
8.195530e+05      0.01            0.00            1.00000     0.00000       0.00  %   10000     
9.000002e+05      0.01            0.00            1.00000     0.00000       0.00  %   10000     
9.400002e+05      0.01            0.00            1.00473     0.00473       0.47  %   10000     
9.477254e+05      0.01            0.00            1.00000     0.00000       0.00  %   10000     
9.800000e+05      0.01            0.00            1.00000     0.00000       0.00  %   10000     
1.000000e+06      0.01            0.00            1.00254     0.00254       0.25  %   20000     
1.126885e+06      0.01            0.00            1.00255     0.00255       0.25  %   20000     
1.150000e+06      0.01            0.00            1.00000     0.00000       0.00  %   10000     
1.155900e+06      0.01            0.00            1.00000     0.00000       0.00  %   10000     
1.200000e+06      0.01            0.00            1.00000     0.00000       0.00  %   10000     
1.223600e+06      0.01            0.00            1.00000     0.00000       0.00  %   10000     
1.250000e+06      0.01            0.00            1.00266     0.00266       0.27  %   20000     
1.311103e+06      0.01            0.00            1.00275     0.00275       0.27  %   20000     
1.600000e+06      0.01            0.00            1.00306     0.00306       0.30  %   20000     
1.650232e+06      0.01            0.00            1.00000     0.00000       0.00  %   10000     
2.048227e+06      0.01            0.00            1.00000     0.00000       0.00  %   10000     
2.361477e+06      0.00            0.00            1.00000     0.00000       0.00  %   10000     
2.549000e+06      0.00            0.00            1.00000     0.00000       0.00  %   10000     
2.561103e+06      0.00            0.00            1.00000     0.00000       0.00  %   10000     
2.648620e+06      0.00            0.00            1.00000     0.00000       0.00  %   10000     
2.800000e+06      0.00            0.00            1.00000     0.00000       0.00  %   10000     
3.000000e+06      0.00            0.00            1.00000     0.00000       0.00  %   10000     
3.404072e+06      0.00            0.00            1.00000     0.00000       0.00  %   10000     
3.693416e+06      0.00            0.00            1.00000     0.00000       0.00  %   10000     
4.000000e+06      0.00            0.00            1.00000     0.00000       0.00  %   10000     
4.873397e+06      0.00            0.00            1.00000     0.00000       0.00  %   10000     
5.060284e+06      0.00            0.00            1.00000     0.00000       0.00  %   10000     
5.500000e+06      0.00            0.00            1.00000     0.00000       0.00  %   10000     
5.634427e+06      0.00            0.00            1.00000     0.00000       0.00  %   10000     
5.921531e+06      0.00            0.00            1.00000     0.00000       0.00  %   10000     
6.355307e+06      0.00            0.00            1.00000     0.00000       0.00  %   10000     
6.560492e+06      0.00            0.00            1.00000     0.00000       0.00  %   10000     
6.875576e+06      0.00            0.00            1.00000     0.00000       0.00  %   10000     
7.000000e+06      0.00            0.00            1.00000     0.00000       0.00  %   10000     
7.134514e+06      0.00            0.00            1.00000     0.00000       0.00  %   10000     
7.283538e+06      0.00            0.00            1.00000     0.00000       0.00  %   10000     
7.399769e+06      0.00            0.00            1.00000     0.00000       0.00  %   10000     
7.424742e+06      0.00            0.00            1.00000     0.00000       0.00  %   10000     
7.500000e+06      0.00            0.00            1.00000     0.00000       0.00  %   10000     
8.000000e+06      0.00            0.00            1.00000     0.00000       0.00  %   10000     
8.750000e+06      0.00            0.00            1.00000     0.00000       0.00  %   10000     
8.873214e+06      0.00            0.00            1.00000     0.00000       0.00  %   10000     
8.900001e+06      0.00            0.00            1.00000     0.00000       0.00  %   10000     
9.600001e+06      0.00            0.00            1.00000     0.00000       0.00  %   10000     
9.700001e+06      0.00            0.00            1.00000     0.00000       0.00  %   10000     
1.000000e+07      0.00            0.00            1.00000     0.00000       0.00  %   10000     
1.038395e+07      0.00            0.00            1.00000     0.00000       0.00  %   10000     
1.040000e+07      0.00            0.00            1.00000     0.00000       0.00  %   10000     
1.048882e+07      0.00            0.00            1.00000     0.00000       0.00  %   10000     
1.050000e+07      0.00            0.00            1.00000     0.00000       0.00  %   10000     
1.090000e+07      0.00            0.00            1.00000     0.00000       0.00  %   10000     
1.100000e+07      0.00            0.00            1.00000     0.00000       0.00  %   10000     
1.140000e+07      0.00            0.00            1.00000     0.00000       0.00  %   10000     
1.150000e+07      0.00            0.00            1.00000     0.00000       0.00  %   10000     
1.175000e+07      0.00            0.00            1.00000     0.00000       0.00  %   10000     
1.200000e+07      0.00            0.00            1.00000     0.00000       0.00  %   10000     
1.250000e+07      0.00            0.00            1.00000     0.00000       0.00  %   10000     
1.258659e+07      0.00            0.00            1.00000     0.00000       0.00  %   10000     
1.270000e+07      0.00            0.00            1.00000     0.00000       0.00  %   10000     
1.300000e+07      0.00            0.00            1.00000     0.00000       0.00  %   10000     
1.324764e+07      0.00            0.00            1.00000     0.00000       0.00  %   10000     
1.330000e+07      0.00            0.00            1.00000     0.00000       0.00  %   10000     
1.350000e+07      0.00            0.00            1.00000     0.00000       0.00  %   10000     
1.370000e+07      0.00            0.00            1.00000     0.00000       0.00  %   10000     
1.374773e+07      0.00            0.00            1.00000     0.00000       0.00  %   10000     
1.390000e+07      0.00            0.00            1.00000     0.00000       0.00  %   10000     
1.400000e+07      0.00            0.00            1.00000     0.00000       0.00  %   10000     
1.424781e+07      0.00            0.00            1.00000     0.00000       0.00  %   10000     
1.425000e+07      0.00            0.00            1.00000     0.00000       0.00  %   10000     
1.450000e+07      0.00            0.00            1.00000     0.00000       0.00  %   10000     
1.462342e+07      0.00            0.00            1.00000     0.00000       0.00  %   10000     
1.481051e+07      0.00            0.00            1.00000     0.00000       0.00  %   10000     
1.494658e+07      0.00            0.00            1.00000     0.00000       0.00  %   10000     
1.500000e+07      0.00            0.00            1.00000     0.00000       0.00  %   10000     
1.512347e+07      0.00            0.00            1.00000     0.00000       0.00  %   10000     
1.521673e+07      0.00            0.00            1.00000     0.00000       0.00  %   10000     
1.535771e+07      0.00            0.00            1.00000     0.00000       0.00  %   10000     
1.550000e+07      0.00            0.00            1.00000     0.00000       0.00  %   10000     
1.562352e+07      0.00            0.00            1.00000     0.00000       0.00  %   10000     
1.567720e+07      0.00            0.00            1.00000     0.00000       0.00  %   10000     
1.571680e+07      0.00            0.00            1.00000     0.00000       0.00  %   10000     
1.580000e+07      0.00            0.00            1.00000     0.00000       0.00  %   10000     
1.585777e+07      0.00            0.00            1.00000     0.00000       0.00  %   10000     
1.612356e+07      0.00            0.00            1.00000     0.00000       0.00  %   10000     
1.621686e+07      0.00            0.00            1.00000     0.00000       0.00  %   10000     
1.628718e+07      0.00            0.00            1.00000     0.00000       0.00  %   10000     
1.630000e+07      0.00            0.00            1.00000     0.00000       0.00  %   10000     
1.639325e+07      0.00            0.00            1.00000     0.00000       0.00  %   10000     
1.650000e+07      0.00            0.00            1.00000     0.00000       0.00  %   10000     
1.662360e+07      0.00            0.00            1.00000     0.00000       0.00  %   10000     
1.671691e+07      0.00            0.00            1.00000     0.00000       0.00  %   10000     
1.685786e+07      0.00            0.00            1.00000     0.00000       0.00  %   10000     
1.700000e+07      0.00            0.00            1.00000     0.00000       0.00  %   10000     
1.712364e+07      0.00            0.00            1.00000     0.00000       0.00  %   10000     
1.731080e+07      0.00            0.00            1.00000     0.00000       0.00  %   10000     
1.740000e+07      0.00            0.00            1.00000     0.00000       0.00  %   10000     
1.750000e+07      0.00            0.00            1.00000     0.00000       0.00  %   10000     
1.762368e+07      0.00            0.00            1.00000     0.00000       0.00  %   10000     
1.781085e+07      0.00            0.00            1.00000     0.00000       0.00  %   10000     
1.800000e+07      0.00            0.00            1.00000     0.00000       0.00  %   10000     
1.812206e+07      0.00            0.00            1.00000     0.00000       0.00  %   10000     
1.822955e+07      0.00            0.00            1.00000     0.00000       0.00  %   10000     
1.825056e+07      0.00            0.00            1.00000     0.00000       0.00  %   10000     
1.841918e+07      0.00            0.00            1.00000     0.00000       0.00  %   10000     
1.856270e+07      0.00            0.00            1.00000     0.00000       0.00  %   10000     
1.867107e+07      0.00            0.00            1.00000     0.00000       0.00  %   10000     
1.883482e+07      0.00            0.00            1.00000     0.00000       0.00  %   10000     
1.900000e+07      0.00            0.00            1.00000     0.00000       0.00  %   10000     
1.912221e+07      0.00            0.00            1.00000     0.00000       0.00  %   10000     
1.933798e+07      0.00            0.00            1.00000     0.00000       0.00  %   10000     
1.940000e+07      0.00            0.00            1.00000     0.00000       0.00  %   10000     
1.950140e+07      0.00            0.00            1.00000     0.00000       0.00  %   10000     
1.962487e+07      0.00            0.00            1.00000     0.00000       0.00  %   10000     
1.980000e+07      0.00            0.00            1.00000     0.00000       0.00  %   10000     
1.981155e+07      0.00            0.00            1.00000     0.00000       0.00  %   10000     
2.000000e+07      0.00            0.00            1.00000     0.00000       0.00  %   10000     
2.024544e+07      0.00            0.00            1.00000     0.00000       0.00  %   10000     
2.030000e+07      0.00            0.00            1.00000     0.00000       0.00  %   10000     
2.043150e+07      0.00            0.00            1.00000     0.00000       0.00  %   10000     
2.057217e+07      0.00            0.00            1.00000     0.00000       0.00  %   10000     
2.078498e+07      0.00            0.00            1.00000     0.00000       0.00  %   10000     
2.110000e+07      0.00            0.00            1.00000     0.00000       0.00  %   10000     
2.124566e+07      0.00            0.00            1.00000     0.00000       0.00  %   10000     
2.143178e+07      0.00            0.00            1.00000     0.00000       0.00  %   10000     
2.157245e+07      0.00            0.00            1.00000     0.00000       0.00  %   10000     
2.178517e+07      0.00            0.00            1.00000     0.00000       0.00  %   10000     
2.200000e+07      0.00            0.00            1.00000     0.00000       0.00  %   10000     
2.213142e+07      0.00            0.00            1.00000     0.00000       0.00  %   10000     
2.220000e+07      0.00            0.00            1.00000     0.00000       0.00  %   10000     
2.224585e+07      0.00            0.00            1.00000     0.00000       0.00  %   10000     
2.243204e+07      0.00            0.00            1.00000     0.00000       0.00  %   10000     
2.271424e+07      0.00            0.00            1.00000     0.00000       0.00  %   10000     
2.300000e+07      0.00            0.00            1.00000     0.00000       0.00  %   10000     
2.324602e+07      0.00            0.00            1.00000     0.00000       0.00  %   10000     
2.328519e+07      0.00            0.00            1.00000     0.00000       0.00  %   10000     
2.343227e+07      0.00            0.00            1.00000     0.00000       0.00  %   10000     
2.371444e+07      0.00            0.00            1.00000     0.00000       0.00  %   10000     
2.400000e+07      0.00            0.00            1.00000     0.00000       0.00  %   10000     
2.424619e+07      0.00            0.00            1.00000     0.00000       0.00  %   10000     
2.462021e+07      0.00            0.00            1.00000     0.00000       0.00  %   10000     
2.487366e+07      0.00            0.00            1.00000     0.00000       0.00  %   10000     
2.500000e+07      0.00            0.00            1.00000     0.00000       0.00  %   10000     
2.524634e+07      0.00            0.00            1.00000     0.00000       0.00  %   10000     
2.543268e+07      0.00            0.00            1.00000     0.00000       0.00  %   10000     
2.571477e+07      0.00            0.00            1.00000     0.00000       0.00  %   10000     
2.580000e+07      0.00            0.00            1.00000     0.00000       0.00  %   10000     
2.600000e+07      0.00            0.00            1.00000     0.00000       0.00  %   10000     
2.624647e+07      0.00            0.00            1.00000     0.00000       0.00  %   10000     
2.662057e+07      0.00            0.00            1.00000     0.00000       0.00  %   10000     
2.700000e+07      0.00            0.00            1.00000     0.00000       0.00  %   10000     
2.724660e+07      0.00            0.00            1.00000     0.00000       0.00  %   10000     
2.762073e+07      0.00            0.00            1.00000     0.00000       0.00  %   10000     
2.800000e+07      0.00            0.00            1.00000     0.00000       0.00  %   10000     
2.824672e+07      0.00            0.00            1.00000     0.00000       0.00  %   10000     
2.862088e+07      0.00            0.00            1.00000     0.00000       0.00  %   10000     
2.900000e+07      0.00            0.00            1.00000     0.00000       0.00  %   10000     
2.920000e+07      0.00            0.00            1.00000     0.00000       0.00  %   10000     
2.949576e+07      0.00            0.00            1.00000     0.00000       0.00  %   10000     
2.980000e+07      0.00            0.00            1.00000     0.00000       0.00  %   10000     
3.000000e+07      0.00            0.00            1.00000     0.00000       0.00  %   10000     
