#reaction mode   : N4N (MT=17)
#xs file used    : data/Au197.n4n
#sample density   [g/cm3]: 19.3200
#sample diameter  [mm]   : 30.0
#sample thickness [mm]   : 9.6e-02
#target precision        : 0.50%
#total grid points       : 3409
#########################################################################################################
#Energy (eV)      Weighted Prim   Weighted Multi  F_ms        Uncertainty   Rel Err   Histories 
#########################################################################################################
1.000000e-05      0.00            0.00            1.00000     0.00000       0.00  %   10000     
1.364106e-05      0.00            0.00            1.00000     0.00000       0.00  %   10000     
1.905180e-05      0.00            0.00            1.00000     0.00000       0.00  %   10000     
2.660871e-05      0.00            0.00            1.00000     0.00000       0.00  %   10000     
3.716308e-05      0.00            0.00            1.00000     0.00000       0.00  %   10000     
5.190385e-05      0.00            0.00            1.00000     0.00000       0.00  %   10000     
7.422108e-05      0.00            0.00            1.00000     0.00000       0.00  %   10000     
1.061945e-04      0.00            0.00            1.00000     0.00000       0.00  %   10000     
1.555668e-04      0.00            0.00            1.00000     0.00000       0.00  %   10000     
2.390333e-04      0.00            0.00            1.00000     0.00000       0.00  %   10000     
3.852360e-04      0.00            0.00            1.00000     0.00000       0.00  %   10000     
6.993406e-04      0.00            0.00            1.00000     0.00000       0.00  %   10000     
1.574146e-03      0.00            0.00            1.00000     0.00000       0.00  %   10000     
5.989582e-03      0.00            0.00            1.00000     0.00000       0.00  %   10000     
2.518637e-02      0.00            0.00            1.00000     0.00000       0.00  %   10000     
2.530000e-02      0.00            0.00            1.00000     0.00000       0.00  %   10000     
1.570782e+00      0.00            0.00            1.00000     0.00000       0.00  %   10000     
3.064020e+00      0.00            0.00            1.00000     0.00000       0.00  %   10000     
3.312369e+00      0.00            0.00            1.00000     0.00000       0.00  %   10000     
3.497253e+00      0.00            0.00            1.00000     0.00000       0.00  %   10000     
3.625469e+00      0.00            0.00            1.00000     0.00000       0.00  %   10000     
3.757863e+00      0.00            0.00            1.00000     0.00000       0.00  %   10000     
3.847518e+00      0.00            0.00            1.00000     0.00000       0.00  %   10000     
3.929802e+00      0.00            0.00            1.00000     0.00000       0.00  %   10000     
4.012085e+00      0.00            0.00            1.00000     0.00000       0.00  %   10000     
4.086062e+00      0.00            0.00            1.00000     0.00000       0.00  %   10000     
4.153352e+00      0.00            0.00            1.00000     0.00000       0.00  %   10000     
4.211082e+00      0.00            0.00            1.00000     0.00000       0.00  %   10000     
4.265626e+00      0.00            0.00            1.00000     0.00000       0.00  %   10000     
4.321022e+00      0.00            0.00            1.00000     0.00000       0.00  %   10000     
4.368748e+00      0.00            0.00            1.00000     0.00000       0.00  %   10000     
4.415622e+00      0.00            0.00            1.00000     0.00000       0.00  %   10000     
4.456530e+00      0.00            0.00            1.00000     0.00000       0.00  %   10000     
4.495648e+00      0.00            0.00            1.00000     0.00000       0.00  %   10000     
4.532892e+00      0.00            0.00            1.00000     0.00000       0.00  %   10000     
4.566982e+00      0.00            0.00            1.00000     0.00000       0.00  %   10000     
4.597663e+00      0.00            0.00            1.00000     0.00000       0.00  %   10000     
4.624935e+00      0.00            0.00            1.00000     0.00000       0.00  %   10000     
4.650502e+00      0.00            0.00            1.00000     0.00000       0.00  %   10000     
4.675047e+00      0.00            0.00            1.00000     0.00000       0.00  %   10000     
4.697887e+00      0.00            0.00            1.00000     0.00000       0.00  %   10000     
4.716978e+00      0.00            0.00            1.00000     0.00000       0.00  %   10000     
4.735045e+00      0.00            0.00            1.00000     0.00000       0.00  %   10000     
4.754136e+00      0.00            0.00            1.00000     0.00000       0.00  %   10000     
4.772203e+00      0.00            0.00            1.00000     0.00000       0.00  %   10000     
4.790612e+00      0.00            0.00            1.00000     0.00000       0.00  %   10000     
4.810725e+00      0.00            0.00            1.00000     0.00000       0.00  %   10000     
4.839702e+00      0.00            0.00            1.00000     0.00000       0.00  %   10000     
4.867658e+00      0.00            0.00            1.00000     0.00000       0.00  %   10000     
4.881978e+00      0.00            0.00            1.00000     0.00000       0.00  %   10000     
4.901993e+00      0.00            0.00            1.00000     0.00000       0.00  %   10000     
4.902832e+00      0.00            0.00            1.00000     0.00000       0.00  %   10000     
4.924005e+00      0.00            0.00            1.00000     0.00000       0.00  %   10000     
4.945381e+00      0.00            0.00            1.00000     0.00000       0.00  %   10000     
4.993788e+00      0.00            0.00            1.00000     0.00000       0.00  %   10000     
5.016288e+00      0.00            0.00            1.00000     0.00000       0.00  %   10000     
5.037764e+00      0.00            0.00            1.00000     0.00000       0.00  %   10000     
5.059241e+00      0.00            0.00            1.00000     0.00000       0.00  %   10000     
5.081059e+00      0.00            0.00            1.00000     0.00000       0.00  %   10000     
5.104240e+00      0.00            0.00            1.00000     0.00000       0.00  %   10000     
5.131512e+00      0.00            0.00            1.00000     0.00000       0.00  %   10000     
5.158784e+00      0.00            0.00            1.00000     0.00000       0.00  %   10000     
5.192874e+00      0.00            0.00            1.00000     0.00000       0.00  %   10000     
5.233782e+00      0.00            0.00            1.00000     0.00000       0.00  %   10000     
5.281508e+00      0.00            0.00            1.00000     0.00000       0.00  %   10000     
5.333495e+00      0.00            0.00            1.00000     0.00000       0.00  %   10000     
5.396562e+00      0.00            0.00            1.00000     0.00000       0.00  %   10000     
5.462185e+00      0.00            0.00            1.00000     0.00000       0.00  %   10000     
5.547410e+00      0.00            0.00            1.00000     0.00000       0.00  %   10000     
5.649680e+00      0.00            0.00            1.00000     0.00000       0.00  %   10000     
5.770482e+00      0.00            0.00            1.00000     0.00000       0.00  %   10000     
5.909818e+00      0.00            0.00            1.00000     0.00000       0.00  %   10000     
6.088945e+00      0.00            0.00            1.00000     0.00000       0.00  %   10000     
6.271379e+00      0.00            0.00            1.00000     0.00000       0.00  %   10000     
6.491848e+00      0.00            0.00            1.00000     0.00000       0.00  %   10000     
6.806035e+00      0.00            0.00            1.00000     0.00000       0.00  %   10000     
7.222886e+00      0.00            0.00            1.00000     0.00000       0.00  %   10000     
7.759538e+00      0.00            0.00            1.00000     0.00000       0.00  %   10000     
8.523839e+00      0.00            0.00            1.00000     0.00000       0.00  %   10000     
9.534235e+00      0.00            0.00            1.00000     0.00000       0.00  %   10000     
1.126876e+01      0.00            0.00            1.00000     0.00000       0.00  %   10000     
1.393178e+01      0.00            0.00            1.00000     0.00000       0.00  %   10000     
1.898060e+01      0.00            0.00            1.00000     0.00000       0.00  %   10000     
2.985815e+01      0.00            0.00            1.00000     0.00000       0.00  %   10000     
4.435728e+01      0.00            0.00            1.00000     0.00000       0.00  %   10000     
4.635095e+01      0.00            0.00            1.00000     0.00000       0.00  %   10000     
4.649725e+01      0.00            0.00            1.00000     0.00000       0.00  %   10000     
4.683057e+01      0.00            0.00            1.00000     0.00000       0.00  %   10000     
4.802529e+01      0.00            0.00            1.00000     0.00000       0.00  %   10000     
5.208800e+01      0.00            0.00            1.00000     0.00000       0.00  %   10000     
5.433074e+01      0.00            0.00            1.00000     0.00000       0.00  %   10000     
5.569329e+01      0.00            0.00            1.00000     0.00000       0.00  %   10000     
5.656294e+01      0.00            0.00            1.00000     0.00000       0.00  %   10000     
5.709629e+01      0.00            0.00            1.00000     0.00000       0.00  %   10000     
5.736376e+01      0.00            0.00            1.00000     0.00000       0.00  %   10000     
5.753837e+01      0.00            0.00            1.00000     0.00000       0.00  %   10000     
5.768501e+01      0.00            0.00            1.00000     0.00000       0.00  %   10000     
5.772974e+01      0.00            0.00            1.00000     0.00000       0.00  %   10000     
5.773868e+01      0.00            0.00            1.00000     0.00000       0.00  %   10000     
5.776830e+01      0.00            0.00            1.00000     0.00000       0.00  %   10000     
5.779763e+01      0.00            0.00            1.00000     0.00000       0.00  %   10000     
5.782109e+01      0.00            0.00            1.00000     0.00000       0.00  %   10000     
5.784455e+01      0.00            0.00            1.00000     0.00000       0.00  %   10000     
5.787095e+01      0.00            0.00            1.00000     0.00000       0.00  %   10000     
5.789734e+01      0.00            0.00            1.00000     0.00000       0.00  %   10000     
5.793019e+01      0.00            0.00            1.00000     0.00000       0.00  %   10000     
5.797711e+01      0.00            0.00            1.00000     0.00000       0.00  %   10000     
5.805688e+01      0.00            0.00            1.00000     0.00000       0.00  %   10000     
5.809794e+01      0.00            0.00            1.00000     0.00000       0.00  %   10000     
5.814487e+01      0.00            0.00            1.00000     0.00000       0.00  %   10000     
5.815660e+01      0.00            0.00            1.00000     0.00000       0.00  %   10000     
5.820352e+01      0.00            0.00            1.00000     0.00000       0.00  %   10000     
5.827391e+01      0.00            0.00            1.00000     0.00000       0.00  %   10000     
5.836776e+01      0.00            0.00            1.00000     0.00000       0.00  %   10000     
5.843184e+01      0.00            0.00            1.00000     0.00000       0.00  %   10000     
5.849738e+01      0.00            0.00            1.00000     0.00000       0.00  %   10000     
5.858537e+01      0.00            0.00            1.00000     0.00000       0.00  %   10000     
5.864989e+01      0.00            0.00            1.00000     0.00000       0.00  %   10000     
5.875547e+01      0.00            0.00            1.00000     0.00000       0.00  %   10000     
5.887876e+01      0.00            0.00            1.00000     0.00000       0.00  %   10000     
5.900205e+01      0.00            0.00            1.00000     0.00000       0.00  %   10000     
5.910068e+01      0.00            0.00            1.00000     0.00000       0.00  %   10000     
5.919466e+01      0.00            0.00            1.00000     0.00000       0.00  %   10000     
5.928398e+01      0.00            0.00            1.00000     0.00000       0.00  %   10000     
5.935882e+01      0.00            0.00            1.00000     0.00000       0.00  %   10000     
5.942923e+01      0.00            0.00            1.00000     0.00000       0.00  %   10000     
5.949784e+01      0.00            0.00            1.00000     0.00000       0.00  %   10000     
5.955562e+01      0.00            0.00            1.00000     0.00000       0.00  %   10000     
5.961339e+01      0.00            0.00            1.00000     0.00000       0.00  %   10000     
5.966197e+01      0.00            0.00            1.00000     0.00000       0.00  %   10000     
5.970902e+01      0.00            0.00            1.00000     0.00000       0.00  %   10000     
5.975277e+01      0.00            0.00            1.00000     0.00000       0.00  %   10000     
5.979050e+01      0.00            0.00            1.00000     0.00000       0.00  %   10000     
5.982823e+01      0.00            0.00            1.00000     0.00000       0.00  %   10000     
5.986124e+01      0.00            0.00            1.00000     0.00000       0.00  %   10000     
5.989426e+01      0.00            0.00            1.00000     0.00000       0.00  %   10000     
5.992728e+01      0.00            0.00            1.00000     0.00000       0.00  %   10000     
5.995935e+01      0.00            0.00            1.00000     0.00000       0.00  %   10000     
5.999331e+01      0.00            0.00            1.00000     0.00000       0.00  %   10000     
6.002915e+01      0.00            0.00            1.00000     0.00000       0.00  %   10000     
6.006877e+01      0.00            0.00            1.00000     0.00000       0.00  %   10000     
6.013103e+01      0.00            0.00            1.00000     0.00000       0.00  %   10000     
6.020649e+01      0.00            0.00            1.00000     0.00000       0.00  %   10000     
6.024763e+01      0.00            0.00            1.00000     0.00000       0.00  %   10000     
6.029572e+01      0.00            0.00            1.00000     0.00000       0.00  %   10000     
6.034044e+01      0.00            0.00            1.00000     0.00000       0.00  %   10000     
6.039138e+01      0.00            0.00            1.00000     0.00000       0.00  %   10000     
6.053099e+01      0.00            0.00            1.00000     0.00000       0.00  %   10000     
6.057627e+01      0.00            0.00            1.00000     0.00000       0.00  %   10000     
6.061872e+01      0.00            0.00            1.00000     0.00000       0.00  %   10000     
6.066116e+01      0.00            0.00            1.00000     0.00000       0.00  %   10000     
6.070361e+01      0.00            0.00            1.00000     0.00000       0.00  %   10000     
6.074606e+01      0.00            0.00            1.00000     0.00000       0.00  %   10000     
6.079323e+01      0.00            0.00            1.00000     0.00000       0.00  %   10000     
6.085059e+01      0.00            0.00            1.00000     0.00000       0.00  %   10000     
6.091179e+01      0.00            0.00            1.00000     0.00000       0.00  %   10000     
6.098318e+01      0.00            0.00            1.00000     0.00000       0.00  %   10000     
6.107433e+01      0.00            0.00            1.00000     0.00000       0.00  %   10000     
6.116866e+01      0.00            0.00            1.00000     0.00000       0.00  %   10000     
6.128657e+01      0.00            0.00            1.00000     0.00000       0.00  %   10000     
6.143294e+01      0.00            0.00            1.00000     0.00000       0.00  %   10000     
6.158905e+01      0.00            0.00            1.00000     0.00000       0.00  %   10000     
6.179720e+01      0.00            0.00            1.00000     0.00000       0.00  %   10000     
6.201425e+01      0.00            0.00            1.00000     0.00000       0.00  %   10000     
6.230364e+01      0.00            0.00            1.00000     0.00000       0.00  %   10000     
6.267488e+01      0.00            0.00            1.00000     0.00000       0.00  %   10000     
6.317303e+01      0.00            0.00            1.00000     0.00000       0.00  %   10000     
6.364520e+01      0.00            0.00            1.00000     0.00000       0.00  %   10000     
6.436255e+01      0.00            0.00            1.00000     0.00000       0.00  %   10000     
6.509807e+01      0.00            0.00            1.00000     0.00000       0.00  %   10000     
6.660149e+01      0.00            0.00            1.00000     0.00000       0.00  %   10000     
6.860480e+01      0.00            0.00            1.00000     0.00000       0.00  %   10000     
7.195534e+01      0.00            0.00            1.00000     0.00000       0.00  %   10000     
7.566284e+01      0.00            0.00            1.00000     0.00000       0.00  %   10000     
7.687120e+01      0.00            0.00            1.00000     0.00000       0.00  %   10000     
7.749779e+01      0.00            0.00            1.00000     0.00000       0.00  %   10000     
7.785845e+01      0.00            0.00            1.00000     0.00000       0.00  %   10000     
7.796420e+01      0.00            0.00            1.00000     0.00000       0.00  %   10000     
7.802536e+01      0.00            0.00            1.00000     0.00000       0.00  %   10000     
7.807259e+01      0.00            0.00            1.00000     0.00000       0.00  %   10000     
7.810802e+01      0.00            0.00            1.00000     0.00000       0.00  %   10000     
7.814327e+01      0.00            0.00            1.00000     0.00000       0.00  %   10000     
7.817852e+01      0.00            0.00            1.00000     0.00000       0.00  %   10000     
7.821377e+01      0.00            0.00            1.00000     0.00000       0.00  %   10000     
7.825254e+01      0.00            0.00            1.00000     0.00000       0.00  %   10000     
7.829837e+01      0.00            0.00            1.00000     0.00000       0.00  %   10000     
7.843232e+01      0.00            0.00            1.00000     0.00000       0.00  %   10000     
7.847462e+01      0.00            0.00            1.00000     0.00000       0.00  %   10000     
7.852051e+01      0.00            0.00            1.00000     0.00000       0.00  %   10000     
7.853775e+01      0.00            0.00            1.00000     0.00000       0.00  %   10000     
7.857755e+01      0.00            0.00            1.00000     0.00000       0.00  %   10000     
7.862831e+01      0.00            0.00            1.00000     0.00000       0.00  %   10000     
7.878341e+01      0.00            0.00            1.00000     0.00000       0.00  %   10000     
7.883840e+01      0.00            0.00            1.00000     0.00000       0.00  %   10000     
7.889427e+01      0.00            0.00            1.00000     0.00000       0.00  %   10000     
7.894768e+01      0.00            0.00            1.00000     0.00000       0.00  %   10000     
7.901817e+01      0.00            0.00            1.00000     0.00000       0.00  %   10000     
7.908867e+01      0.00            0.00            1.00000     0.00000       0.00  %   10000     
7.919442e+01      0.00            0.00            1.00000     0.00000       0.00  %   10000     
7.935365e+01      0.00            0.00            1.00000     0.00000       0.00  %   10000     
7.959303e+01      0.00            0.00            1.00000     0.00000       0.00  %   10000     
8.000670e+01      0.00            0.00            1.00000     0.00000       0.00  %   10000     
8.086591e+01      0.00            0.00            1.00000     0.00000       0.00  %   10000     
8.228663e+01      0.00            0.00            1.00000     0.00000       0.00  %   10000     
8.585142e+01      0.00            0.00            1.00000     0.00000       0.00  %   10000     
1.025961e+02      0.00            0.00            1.00000     0.00000       0.00  %   10000     
1.048502e+02      0.00            0.00            1.00000     0.00000       0.00  %   10000     
1.056551e+02      0.00            0.00            1.00000     0.00000       0.00  %   10000     
1.060288e+02      0.00            0.00            1.00000     0.00000       0.00  %   10000     
1.063457e+02      0.00            0.00            1.00000     0.00000       0.00  %   10000     
1.065093e+02      0.00            0.00            1.00000     0.00000       0.00  %   10000     
1.065420e+02      0.00            0.00            1.00000     0.00000       0.00  %   10000     
1.066074e+02      0.00            0.00            1.00000     0.00000       0.00  %   10000     
1.066614e+02      0.00            0.00            1.00000     0.00000       0.00  %   10000     
1.067055e+02      0.00            0.00            1.00000     0.00000       0.00  %   10000     
1.067513e+02      0.00            0.00            1.00000     0.00000       0.00  %   10000     
1.067932e+02      0.00            0.00            1.00000     0.00000       0.00  %   10000     
1.068501e+02      0.00            0.00            1.00000     0.00000       0.00  %   10000     
1.069986e+02      0.00            0.00            1.00000     0.00000       0.00  %   10000     
1.070522e+02      0.00            0.00            1.00000     0.00000       0.00  %   10000     
1.071176e+02      0.00            0.00            1.00000     0.00000       0.00  %   10000     
1.071307e+02      0.00            0.00            1.00000     0.00000       0.00  %   10000     
1.071830e+02      0.00            0.00            1.00000     0.00000       0.00  %   10000     
1.072746e+02      0.00            0.00            1.00000     0.00000       0.00  %   10000     
1.074055e+02      0.00            0.00            1.00000     0.00000       0.00  %   10000     
1.074791e+02      0.00            0.00            1.00000     0.00000       0.00  %   10000     
1.075723e+02      0.00            0.00            1.00000     0.00000       0.00  %   10000     
1.076704e+02      0.00            0.00            1.00000     0.00000       0.00  %   10000     
1.078790e+02      0.00            0.00            1.00000     0.00000       0.00  %   10000     
1.081125e+02      0.00            0.00            1.00000     0.00000       0.00  %   10000     
1.084782e+02      0.00            0.00            1.00000     0.00000       0.00  %   10000     
1.094070e+02      0.00            0.00            1.00000     0.00000       0.00  %   10000     
1.115813e+02      0.00            0.00            1.00000     0.00000       0.00  %   10000     
1.212186e+02      0.00            0.00            1.00000     0.00000       0.00  %   10000     
1.218551e+02      0.00            0.00            1.00000     0.00000       0.00  %   10000     
1.220062e+02      0.00            0.00            1.00000     0.00000       0.00  %   10000     
1.221708e+02      0.00            0.00            1.00000     0.00000       0.00  %   10000     
1.224499e+02      0.00            0.00            1.00000     0.00000       0.00  %   10000     
1.225475e+02      0.00            0.00            1.00000     0.00000       0.00  %   10000     
1.231733e+02      0.00            0.00            1.00000     0.00000       0.00  %   10000     
1.259159e+02      0.00            0.00            1.00000     0.00000       0.00  %   10000     
1.387285e+02      0.00            0.00            1.00000     0.00000       0.00  %   10000     
1.417659e+02      0.00            0.00            1.00000     0.00000       0.00  %   10000     
1.429075e+02      0.00            0.00            1.00000     0.00000       0.00  %   10000     
1.434855e+02      0.00            0.00            1.00000     0.00000       0.00  %   10000     
1.438507e+02      0.00            0.00            1.00000     0.00000       0.00  %   10000     
1.439483e+02      0.00            0.00            1.00000     0.00000       0.00  %   10000     
1.440156e+02      0.00            0.00            1.00000     0.00000       0.00  %   10000     
1.440770e+02      0.00            0.00            1.00000     0.00000       0.00  %   10000     
1.441421e+02      0.00            0.00            1.00000     0.00000       0.00  %   10000     
1.442253e+02      0.00            0.00            1.00000     0.00000       0.00  %   10000     
1.443736e+02      0.00            0.00            1.00000     0.00000       0.00  %   10000     
1.444555e+02      0.00            0.00            1.00000     0.00000       0.00  %   10000     
1.445076e+02      0.00            0.00            1.00000     0.00000       0.00  %   10000     
1.445856e+02      0.00            0.00            1.00000     0.00000       0.00  %   10000     
1.447417e+02      0.00            0.00            1.00000     0.00000       0.00  %   10000     
1.448729e+02      0.00            0.00            1.00000     0.00000       0.00  %   10000     
1.449660e+02      0.00            0.00            1.00000     0.00000       0.00  %   10000     
1.450961e+02      0.00            0.00            1.00000     0.00000       0.00  %   10000     
1.453047e+02      0.00            0.00            1.00000     0.00000       0.00  %   10000     
1.457235e+02      0.00            0.00            1.00000     0.00000       0.00  %   10000     
1.466138e+02      0.00            0.00            1.00000     0.00000       0.00  %   10000     
1.486549e+02      0.00            0.00            1.00000     0.00000       0.00  %   10000     
1.495428e+02      0.00            0.00            1.00000     0.00000       0.00  %   10000     
1.500412e+02      0.00            0.00            1.00000     0.00000       0.00  %   10000     
1.505604e+02      0.00            0.00            1.00000     0.00000       0.00  %   10000     
1.506301e+02      0.00            0.00            1.00000     0.00000       0.00  %   10000     
1.507018e+02      0.00            0.00            1.00000     0.00000       0.00  %   10000     
1.507555e+02      0.00            0.00            1.00000     0.00000       0.00  %   10000     
1.507958e+02      0.00            0.00            1.00000     0.00000       0.00  %   10000     
1.508361e+02      0.00            0.00            1.00000     0.00000       0.00  %   10000     
1.508723e+02      0.00            0.00            1.00000     0.00000       0.00  %   10000     
1.509048e+02      0.00            0.00            1.00000     0.00000       0.00  %   10000     
1.509408e+02      0.00            0.00            1.00000     0.00000       0.00  %   10000     
1.509767e+02      0.00            0.00            1.00000     0.00000       0.00  %   10000     
1.510162e+02      0.00            0.00            1.00000     0.00000       0.00  %   10000     
1.510592e+02      0.00            0.00            1.00000     0.00000       0.00  %   10000     
1.511151e+02      0.00            0.00            1.00000     0.00000       0.00  %   10000     
1.512039e+02      0.00            0.00            1.00000     0.00000       0.00  %   10000     
1.513099e+02      0.00            0.00            1.00000     0.00000       0.00  %   10000     
1.513760e+02      0.00            0.00            1.00000     0.00000       0.00  %   10000     
1.514284e+02      0.00            0.00            1.00000     0.00000       0.00  %   10000     
1.514546e+02      0.00            0.00            1.00000     0.00000       0.00  %   10000     
1.515262e+02      0.00            0.00            1.00000     0.00000       0.00  %   10000     
1.516093e+02      0.00            0.00            1.00000     0.00000       0.00  %   10000     
1.517597e+02      0.00            0.00            1.00000     0.00000       0.00  %   10000     
1.518318e+02      0.00            0.00            1.00000     0.00000       0.00  %   10000     
1.518980e+02      0.00            0.00            1.00000     0.00000       0.00  %   10000     
1.519696e+02      0.00            0.00            1.00000     0.00000       0.00  %   10000     
1.520377e+02      0.00            0.00            1.00000     0.00000       0.00  %   10000     
1.521344e+02      0.00            0.00            1.00000     0.00000       0.00  %   10000     
1.522603e+02      0.00            0.00            1.00000     0.00000       0.00  %   10000     
1.524532e+02      0.00            0.00            1.00000     0.00000       0.00  %   10000     
1.527048e+02      0.00            0.00            1.00000     0.00000       0.00  %   10000     
1.530751e+02      0.00            0.00            1.00000     0.00000       0.00  %   10000     
1.537012e+02      0.00            0.00            1.00000     0.00000       0.00  %   10000     
1.546357e+02      0.00            0.00            1.00000     0.00000       0.00  %   10000     
1.568816e+02      0.00            0.00            1.00000     0.00000       0.00  %   10000     
1.596177e+02      0.00            0.00            1.00000     0.00000       0.00  %   10000     
1.608912e+02      0.00            0.00            1.00000     0.00000       0.00  %   10000     
1.617544e+02      0.00            0.00            1.00000     0.00000       0.00  %   10000     
1.618482e+02      0.00            0.00            1.00000     0.00000       0.00  %   10000     
1.620140e+02      0.00            0.00            1.00000     0.00000       0.00  %   10000     
1.621383e+02      0.00            0.00            1.00000     0.00000       0.00  %   10000     
1.622073e+02      0.00            0.00            1.00000     0.00000       0.00  %   10000     
1.622764e+02      0.00            0.00            1.00000     0.00000       0.00  %   10000     
1.623343e+02      0.00            0.00            1.00000     0.00000       0.00  %   10000     
1.623817e+02      0.00            0.00            1.00000     0.00000       0.00  %   10000     
1.624232e+02      0.00            0.00            1.00000     0.00000       0.00  %   10000     
1.624647e+02      0.00            0.00            1.00000     0.00000       0.00  %   10000     
1.625062e+02      0.00            0.00            1.00000     0.00000       0.00  %   10000     
1.625444e+02      0.00            0.00            1.00000     0.00000       0.00  %   10000     
1.625858e+02      0.00            0.00            1.00000     0.00000       0.00  %   10000     
1.626272e+02      0.00            0.00            1.00000     0.00000       0.00  %   10000     
1.626733e+02      0.00            0.00            1.00000     0.00000       0.00  %   10000     
1.627285e+02      0.00            0.00            1.00000     0.00000       0.00  %   10000     
1.628049e+02      0.00            0.00            1.00000     0.00000       0.00  %   10000     
1.629504e+02      0.00            0.00            1.00000     0.00000       0.00  %   10000     
1.630278e+02      0.00            0.00            1.00000     0.00000       0.00  %   10000     
1.630879e+02      0.00            0.00            1.00000     0.00000       0.00  %   10000     
1.631004e+02      0.00            0.00            1.00000     0.00000       0.00  %   10000     
1.631770e+02      0.00            0.00            1.00000     0.00000       0.00  %   10000     
1.632617e+02      0.00            0.00            1.00000     0.00000       0.00  %   10000     
1.634348e+02      0.00            0.00            1.00000     0.00000       0.00  %   10000     
1.635084e+02      0.00            0.00            1.00000     0.00000       0.00  %   10000     
1.635729e+02      0.00            0.00            1.00000     0.00000       0.00  %   10000     
1.636373e+02      0.00            0.00            1.00000     0.00000       0.00  %   10000     
1.636925e+02      0.00            0.00            1.00000     0.00000       0.00  %   10000     
1.637601e+02      0.00            0.00            1.00000     0.00000       0.00  %   10000     
1.638326e+02      0.00            0.00            1.00000     0.00000       0.00  %   10000     
1.639200e+02      0.00            0.00            1.00000     0.00000       0.00  %   10000     
1.640351e+02      0.00            0.00            1.00000     0.00000       0.00  %   10000     
1.642013e+02      0.00            0.00            1.00000     0.00000       0.00  %   10000     
1.644181e+02      0.00            0.00            1.00000     0.00000       0.00  %   10000     
1.645491e+02      0.00            0.00            1.00000     0.00000       0.00  %   10000     
1.645786e+02      0.00            0.00            1.00000     0.00000       0.00  %   10000     
1.646670e+02      0.00            0.00            1.00000     0.00000       0.00  %   10000     
1.647312e+02      0.00            0.00            1.00000     0.00000       0.00  %   10000     
1.647967e+02      0.00            0.00            1.00000     0.00000       0.00  %   10000     
1.648910e+02      0.00            0.00            1.00000     0.00000       0.00  %   10000     
1.650377e+02      0.00            0.00            1.00000     0.00000       0.00  %   10000     
1.651228e+02      0.00            0.00            1.00000     0.00000       0.00  %   10000     
1.651726e+02      0.00            0.00            1.00000     0.00000       0.00  %   10000     
1.652512e+02      0.00            0.00            1.00000     0.00000       0.00  %   10000     
1.653822e+02      0.00            0.00            1.00000     0.00000       0.00  %   10000     
1.655457e+02      0.00            0.00            1.00000     0.00000       0.00  %   10000     
1.656723e+02      0.00            0.00            1.00000     0.00000       0.00  %   10000     
1.658360e+02      0.00            0.00            1.00000     0.00000       0.00  %   10000     
1.660528e+02      0.00            0.00            1.00000     0.00000       0.00  %   10000     
1.665028e+02      0.00            0.00            1.00000     0.00000       0.00  %   10000     
1.672754e+02      0.00            0.00            1.00000     0.00000       0.00  %   10000     
1.682279e+02      0.00            0.00            1.00000     0.00000       0.00  %   10000     
1.698972e+02      0.00            0.00            1.00000     0.00000       0.00  %   10000     
1.736642e+02      0.00            0.00            1.00000     0.00000       0.00  %   10000     
1.842638e+02      0.00            0.00            1.00000     0.00000       0.00  %   10000     
1.864101e+02      0.00            0.00            1.00000     0.00000       0.00  %   10000     
1.878346e+02      0.00            0.00            1.00000     0.00000       0.00  %   10000     
1.888885e+02      0.00            0.00            1.00000     0.00000       0.00  %   10000     
1.889548e+02      0.00            0.00            1.00000     0.00000       0.00  %   10000     
1.890873e+02      0.00            0.00            1.00000     0.00000       0.00  %   10000     
1.891638e+02      0.00            0.00            1.00000     0.00000       0.00  %   10000     
1.892276e+02      0.00            0.00            1.00000     0.00000       0.00  %   10000     
1.892807e+02      0.00            0.00            1.00000     0.00000       0.00  %   10000     
1.893339e+02      0.00            0.00            1.00000     0.00000       0.00  %   10000     
1.893817e+02      0.00            0.00            1.00000     0.00000       0.00  %   10000     
1.894242e+02      0.00            0.00            1.00000     0.00000       0.00  %   10000     
1.894679e+02      0.00            0.00            1.00000     0.00000       0.00  %   10000     
1.895068e+02      0.00            0.00            1.00000     0.00000       0.00  %   10000     
1.895522e+02      0.00            0.00            1.00000     0.00000       0.00  %   10000     
1.895992e+02      0.00            0.00            1.00000     0.00000       0.00  %   10000     
1.896502e+02      0.00            0.00            1.00000     0.00000       0.00  %   10000     
1.897166e+02      0.00            0.00            1.00000     0.00000       0.00  %   10000     
1.899155e+02      0.00            0.00            1.00000     0.00000       0.00  %   10000     
1.899836e+02      0.00            0.00            1.00000     0.00000       0.00  %   10000     
1.900507e+02      0.00            0.00            1.00000     0.00000       0.00  %   10000     
1.900687e+02      0.00            0.00            1.00000     0.00000       0.00  %   10000     
1.901316e+02      0.00            0.00            1.00000     0.00000       0.00  %   10000     
1.902098e+02      0.00            0.00            1.00000     0.00000       0.00  %   10000     
1.904292e+02      0.00            0.00            1.00000     0.00000       0.00  %   10000     
1.905057e+02      0.00            0.00            1.00000     0.00000       0.00  %   10000     
1.905640e+02      0.00            0.00            1.00000     0.00000       0.00  %   10000     
1.906329e+02      0.00            0.00            1.00000     0.00000       0.00  %   10000     
1.907073e+02      0.00            0.00            1.00000     0.00000       0.00  %   10000     
1.907711e+02      0.00            0.00            1.00000     0.00000       0.00  %   10000     
1.908561e+02      0.00            0.00            1.00000     0.00000       0.00  %   10000     
1.909624e+02      0.00            0.00            1.00000     0.00000       0.00  %   10000     
1.911061e+02      0.00            0.00            1.00000     0.00000       0.00  %   10000     
1.913113e+02      0.00            0.00            1.00000     0.00000       0.00  %   10000     
1.916190e+02      0.00            0.00            1.00000     0.00000       0.00  %   10000     
1.920575e+02      0.00            0.00            1.00000     0.00000       0.00  %   10000     
1.926085e+02      0.00            0.00            1.00000     0.00000       0.00  %   10000     
1.933148e+02      0.00            0.00            1.00000     0.00000       0.00  %   10000     
1.947916e+02      0.00            0.00            1.00000     0.00000       0.00  %   10000     
1.974972e+02      0.00            0.00            1.00000     0.00000       0.00  %   10000     
2.055506e+02      0.00            0.00            1.00000     0.00000       0.00  %   10000     
2.084742e+02      0.00            0.00            1.00000     0.00000       0.00  %   10000     
2.086996e+02      0.00            0.00            1.00000     0.00000       0.00  %   10000     
2.090737e+02      0.00            0.00            1.00000     0.00000       0.00  %   10000     
2.093491e+02      0.00            0.00            1.00000     0.00000       0.00  %   10000     
2.109755e+02      0.00            0.00            1.00000     0.00000       0.00  %   10000     
2.266019e+02      0.00            0.00            1.00000     0.00000       0.00  %   10000     
2.316492e+02      0.00            0.00            1.00000     0.00000       0.00  %   10000     
2.348170e+02      0.00            0.00            1.00000     0.00000       0.00  %   10000     
2.364601e+02      0.00            0.00            1.00000     0.00000       0.00  %   10000     
2.377485e+02      0.00            0.00            1.00000     0.00000       0.00  %   10000     
2.387952e+02      0.00            0.00            1.00000     0.00000       0.00  %   10000     
2.390590e+02      0.00            0.00            1.00000     0.00000       0.00  %   10000     
2.392212e+02      0.00            0.00            1.00000     0.00000       0.00  %   10000     
2.393361e+02      0.00            0.00            1.00000     0.00000       0.00  %   10000     
2.394318e+02      0.00            0.00            1.00000     0.00000       0.00  %   10000     
2.395136e+02      0.00            0.00            1.00000     0.00000       0.00  %   10000     
2.395746e+02      0.00            0.00            1.00000     0.00000       0.00  %   10000     
2.396356e+02      0.00            0.00            1.00000     0.00000       0.00  %   10000     
2.396844e+02      0.00            0.00            1.00000     0.00000       0.00  %   10000     
2.397338e+02      0.00            0.00            1.00000     0.00000       0.00  %   10000     
2.397777e+02      0.00            0.00            1.00000     0.00000       0.00  %   10000     
2.398216e+02      0.00            0.00            1.00000     0.00000       0.00  %   10000     
2.398643e+02      0.00            0.00            1.00000     0.00000       0.00  %   10000     
2.399070e+02      0.00            0.00            1.00000     0.00000       0.00  %   10000     
2.399497e+02      0.00            0.00            1.00000     0.00000       0.00  %   10000     
2.399966e+02      0.00            0.00            1.00000     0.00000       0.00  %   10000     
2.400460e+02      0.00            0.00            1.00000     0.00000       0.00  %   10000     
2.400991e+02      0.00            0.00            1.00000     0.00000       0.00  %   10000     
2.401576e+02      0.00            0.00            1.00000     0.00000       0.00  %   10000     
2.402240e+02      0.00            0.00            1.00000     0.00000       0.00  %   10000     
2.403294e+02      0.00            0.00            1.00000     0.00000       0.00  %   10000     
2.404709e+02      0.00            0.00            1.00000     0.00000       0.00  %   10000     
2.405489e+02      0.00            0.00            1.00000     0.00000       0.00  %   10000     
2.406302e+02      0.00            0.00            1.00000     0.00000       0.00  %   10000     
2.406415e+02      0.00            0.00            1.00000     0.00000       0.00  %   10000     
2.407187e+02      0.00            0.00            1.00000     0.00000       0.00  %   10000     
2.408046e+02      0.00            0.00            1.00000     0.00000       0.00  %   10000     
2.410505e+02      0.00            0.00            1.00000     0.00000       0.00  %   10000     
2.411286e+02      0.00            0.00            1.00000     0.00000       0.00  %   10000     
2.412015e+02      0.00            0.00            1.00000     0.00000       0.00  %   10000     
2.412701e+02      0.00            0.00            1.00000     0.00000       0.00  %   10000     
2.413311e+02      0.00            0.00            1.00000     0.00000       0.00  %   10000     
2.414042e+02      0.00            0.00            1.00000     0.00000       0.00  %   10000     
2.414896e+02      0.00            0.00            1.00000     0.00000       0.00  %   10000     
2.415872e+02      0.00            0.00            1.00000     0.00000       0.00  %   10000     
2.416974e+02      0.00            0.00            1.00000     0.00000       0.00  %   10000     
2.418455e+02      0.00            0.00            1.00000     0.00000       0.00  %   10000     
2.420264e+02      0.00            0.00            1.00000     0.00000       0.00  %   10000     
2.422362e+02      0.00            0.00            1.00000     0.00000       0.00  %   10000     
2.425159e+02      0.00            0.00            1.00000     0.00000       0.00  %   10000     
2.428692e+02      0.00            0.00            1.00000     0.00000       0.00  %   10000     
2.434690e+02      0.00            0.00            1.00000     0.00000       0.00  %   10000     
2.442085e+02      0.00            0.00            1.00000     0.00000       0.00  %   10000     
2.453587e+02      0.00            0.00            1.00000     0.00000       0.00  %   10000     
2.471854e+02      0.00            0.00            1.00000     0.00000       0.00  %   10000     
2.509786e+02      0.00            0.00            1.00000     0.00000       0.00  %   10000     
2.550357e+02      0.00            0.00            1.00000     0.00000       0.00  %   10000     
2.554341e+02      0.00            0.00            1.00000     0.00000       0.00  %   10000     
2.557245e+02      0.00            0.00            1.00000     0.00000       0.00  %   10000     
2.575272e+02      0.00            0.00            1.00000     0.00000       0.00  %   10000     
2.595648e+02      0.00            0.00            1.00000     0.00000       0.00  %   10000     
2.599179e+02      0.00            0.00            1.00000     0.00000       0.00  %   10000     
2.601489e+02      0.00            0.00            1.00000     0.00000       0.00  %   10000     
2.603800e+02      0.00            0.00            1.00000     0.00000       0.00  %   10000     
2.605340e+02      0.00            0.00            1.00000     0.00000       0.00  %   10000     
2.607134e+02      0.00            0.00            1.00000     0.00000       0.00  %   10000     
2.608499e+02      0.00            0.00            1.00000     0.00000       0.00  %   10000     
2.609694e+02      0.00            0.00            1.00000     0.00000       0.00  %   10000     
2.610547e+02      0.00            0.00            1.00000     0.00000       0.00  %   10000     
2.611400e+02      0.00            0.00            1.00000     0.00000       0.00  %   10000     
2.612117e+02      0.00            0.00            1.00000     0.00000       0.00  %   10000     
2.612799e+02      0.00            0.00            1.00000     0.00000       0.00  %   10000     
2.613413e+02      0.00            0.00            1.00000     0.00000       0.00  %   10000     
2.613942e+02      0.00            0.00            1.00000     0.00000       0.00  %   10000     
2.614505e+02      0.00            0.00            1.00000     0.00000       0.00  %   10000     
2.615068e+02      0.00            0.00            1.00000     0.00000       0.00  %   10000     
2.615597e+02      0.00            0.00            1.00000     0.00000       0.00  %   10000     
2.616143e+02      0.00            0.00            1.00000     0.00000       0.00  %   10000     
2.616689e+02      0.00            0.00            1.00000     0.00000       0.00  %   10000     
2.617303e+02      0.00            0.00            1.00000     0.00000       0.00  %   10000     
2.617993e+02      0.00            0.00            1.00000     0.00000       0.00  %   10000     
2.618901e+02      0.00            0.00            1.00000     0.00000       0.00  %   10000     
2.621044e+02      0.00            0.00            1.00000     0.00000       0.00  %   10000     
2.621917e+02      0.00            0.00            1.00000     0.00000       0.00  %   10000     
2.622790e+02      0.00            0.00            1.00000     0.00000       0.00  %   10000     
2.622913e+02      0.00            0.00            1.00000     0.00000       0.00  %   10000     
2.623746e+02      0.00            0.00            1.00000     0.00000       0.00  %   10000     
2.624702e+02      0.00            0.00            1.00000     0.00000       0.00  %   10000     
2.627268e+02      0.00            0.00            1.00000     0.00000       0.00  %   10000     
2.628087e+02      0.00            0.00            1.00000     0.00000       0.00  %   10000     
2.628906e+02      0.00            0.00            1.00000     0.00000       0.00  %   10000     
2.629588e+02      0.00            0.00            1.00000     0.00000       0.00  %   10000     
2.630348e+02      0.00            0.00            1.00000     0.00000       0.00  %   10000     
2.631094e+02      0.00            0.00            1.00000     0.00000       0.00  %   10000     
2.632011e+02      0.00            0.00            1.00000     0.00000       0.00  %   10000     
2.633035e+02      0.00            0.00            1.00000     0.00000       0.00  %   10000     
2.634230e+02      0.00            0.00            1.00000     0.00000       0.00  %   10000     
2.635595e+02      0.00            0.00            1.00000     0.00000       0.00  %   10000     
2.637301e+02      0.00            0.00            1.00000     0.00000       0.00  %   10000     
2.639426e+02      0.00            0.00            1.00000     0.00000       0.00  %   10000     
2.642432e+02      0.00            0.00            1.00000     0.00000       0.00  %   10000     
2.645894e+02      0.00            0.00            1.00000     0.00000       0.00  %   10000     
2.649977e+02      0.00            0.00            1.00000     0.00000       0.00  %   10000     
2.655858e+02      0.00            0.00            1.00000     0.00000       0.00  %   10000     
2.663185e+02      0.00            0.00            1.00000     0.00000       0.00  %   10000     
2.673435e+02      0.00            0.00            1.00000     0.00000       0.00  %   10000     
2.688410e+02      0.00            0.00            1.00000     0.00000       0.00  %   10000     
2.727219e+02      0.00            0.00            1.00000     0.00000       0.00  %   10000     
2.732897e+02      0.00            0.00            1.00000     0.00000       0.00  %   10000     
2.734174e+02      0.00            0.00            1.00000     0.00000       0.00  %   10000     
2.735577e+02      0.00            0.00            1.00000     0.00000       0.00  %   10000     
2.739113e+02      0.00            0.00            1.00000     0.00000       0.00  %   10000     
2.740572e+02      0.00            0.00            1.00000     0.00000       0.00  %   10000     
2.742334e+02      0.00            0.00            1.00000     0.00000       0.00  %   10000     
2.746014e+02      0.00            0.00            1.00000     0.00000       0.00  %   10000     
2.749008e+02      0.00            0.00            1.00000     0.00000       0.00  %   10000     
2.757207e+02      0.00            0.00            1.00000     0.00000       0.00  %   10000     
2.798214e+02      0.00            0.00            1.00000     0.00000       0.00  %   10000     
2.864198e+02      0.00            0.00            1.00000     0.00000       0.00  %   10000     
2.873109e+02      0.00            0.00            1.00000     0.00000       0.00  %   10000     
2.877564e+02      0.00            0.00            1.00000     0.00000       0.00  %   10000     
2.885153e+02      0.00            0.00            1.00000     0.00000       0.00  %   10000     
2.889706e+02      0.00            0.00            1.00000     0.00000       0.00  %   10000     
2.893853e+02      0.00            0.00            1.00000     0.00000       0.00  %   10000     
2.897309e+02      0.00            0.00            1.00000     0.00000       0.00  %   10000     
2.900765e+02      0.00            0.00            1.00000     0.00000       0.00  %   10000     
2.903437e+02      0.00            0.00            1.00000     0.00000       0.00  %   10000     
2.906109e+02      0.00            0.00            1.00000     0.00000       0.00  %   10000     
2.908526e+02      0.00            0.00            1.00000     0.00000       0.00  %   10000     
2.910731e+02      0.00            0.00            1.00000     0.00000       0.00  %   10000     
2.912752e+02      0.00            0.00            1.00000     0.00000       0.00  %   10000     
2.914467e+02      0.00            0.00            1.00000     0.00000       0.00  %   10000     
2.916121e+02      0.00            0.00            1.00000     0.00000       0.00  %   10000     
2.917590e+02      0.00            0.00            1.00000     0.00000       0.00  %   10000     
2.918953e+02      0.00            0.00            1.00000     0.00000       0.00  %   10000     
2.920252e+02      0.00            0.00            1.00000     0.00000       0.00  %   10000     
2.921351e+02      0.00            0.00            1.00000     0.00000       0.00  %   10000     
2.922331e+02      0.00            0.00            1.00000     0.00000       0.00  %   10000     
2.923311e+02      0.00            0.00            1.00000     0.00000       0.00  %   10000     
2.924168e+02      0.00            0.00            1.00000     0.00000       0.00  %   10000     
2.924989e+02      0.00            0.00            1.00000     0.00000       0.00  %   10000     
2.925761e+02      0.00            0.00            1.00000     0.00000       0.00  %   10000     
2.926520e+02      0.00            0.00            1.00000     0.00000       0.00  %   10000     
2.927304e+02      0.00            0.00            1.00000     0.00000       0.00  %   10000     
2.928162e+02      0.00            0.00            1.00000     0.00000       0.00  %   10000     
2.929105e+02      0.00            0.00            1.00000     0.00000       0.00  %   10000     
2.930244e+02      0.00            0.00            1.00000     0.00000       0.00  %   10000     
2.932498e+02      0.00            0.00            1.00000     0.00000       0.00  %   10000     
2.933674e+02      0.00            0.00            1.00000     0.00000       0.00  %   10000     
2.934669e+02      0.00            0.00            1.00000     0.00000       0.00  %   10000     
2.935683e+02      0.00            0.00            1.00000     0.00000       0.00  %   10000     
2.936712e+02      0.00            0.00            1.00000     0.00000       0.00  %   10000     
2.938745e+02      0.00            0.00            1.00000     0.00000       0.00  %   10000     
2.940289e+02      0.00            0.00            1.00000     0.00000       0.00  %   10000     
2.941293e+02      0.00            0.00            1.00000     0.00000       0.00  %   10000     
2.942273e+02      0.00            0.00            1.00000     0.00000       0.00  %   10000     
2.943253e+02      0.00            0.00            1.00000     0.00000       0.00  %   10000     
2.944233e+02      0.00            0.00            1.00000     0.00000       0.00  %   10000     
2.945336e+02      0.00            0.00            1.00000     0.00000       0.00  %   10000     
2.946560e+02      0.00            0.00            1.00000     0.00000       0.00  %   10000     
2.947785e+02      0.00            0.00            1.00000     0.00000       0.00  %   10000     
2.949294e+02      0.00            0.00            1.00000     0.00000       0.00  %   10000     
2.950993e+02      0.00            0.00            1.00000     0.00000       0.00  %   10000     
2.953259e+02      0.00            0.00            1.00000     0.00000       0.00  %   10000     
2.955380e+02      0.00            0.00            1.00000     0.00000       0.00  %   10000     
2.958442e+02      0.00            0.00            1.00000     0.00000       0.00  %   10000     
2.962117e+02      0.00            0.00            1.00000     0.00000       0.00  %   10000     
2.966257e+02      0.00            0.00            1.00000     0.00000       0.00  %   10000     
2.970628e+02      0.00            0.00            1.00000     0.00000       0.00  %   10000     
2.976908e+02      0.00            0.00            1.00000     0.00000       0.00  %   10000     
2.984546e+02      0.00            0.00            1.00000     0.00000       0.00  %   10000     
2.992664e+02      0.00            0.00            1.00000     0.00000       0.00  %   10000     
3.004616e+02      0.00            0.00            1.00000     0.00000       0.00  %   10000     
3.020306e+02      0.00            0.00            1.00000     0.00000       0.00  %   10000     
3.041759e+02      0.00            0.00            1.00000     0.00000       0.00  %   10000     
3.074303e+02      0.00            0.00            1.00000     0.00000       0.00  %   10000     
3.122277e+02      0.00            0.00            1.00000     0.00000       0.00  %   10000     
3.223306e+02      0.00            0.00            1.00000     0.00000       0.00  %   10000     
3.245319e+02      0.00            0.00            1.00000     0.00000       0.00  %   10000     
3.257167e+02      0.00            0.00            1.00000     0.00000       0.00  %   10000     
3.266814e+02      0.00            0.00            1.00000     0.00000       0.00  %   10000     
3.273417e+02      0.00            0.00            1.00000     0.00000       0.00  %   10000     
3.278343e+02      0.00            0.00            1.00000     0.00000       0.00  %   10000     
3.282240e+02      0.00            0.00            1.00000     0.00000       0.00  %   10000     
3.283232e+02      0.00            0.00            1.00000     0.00000       0.00  %   10000     
3.283894e+02      0.00            0.00            1.00000     0.00000       0.00  %   10000     
3.284352e+02      0.00            0.00            1.00000     0.00000       0.00  %   10000     
3.284809e+02      0.00            0.00            1.00000     0.00000       0.00  %   10000     
3.285267e+02      0.00            0.00            1.00000     0.00000       0.00  %   10000     
3.285724e+02      0.00            0.00            1.00000     0.00000       0.00  %   10000     
3.286182e+02      0.00            0.00            1.00000     0.00000       0.00  %   10000     
3.286639e+02      0.00            0.00            1.00000     0.00000       0.00  %   10000     
3.287097e+02      0.00            0.00            1.00000     0.00000       0.00  %   10000     
3.287554e+02      0.00            0.00            1.00000     0.00000       0.00  %   10000     
3.288071e+02      0.00            0.00            1.00000     0.00000       0.00  %   10000     
3.288639e+02      0.00            0.00            1.00000     0.00000       0.00  %   10000     
3.289238e+02      0.00            0.00            1.00000     0.00000       0.00  %   10000     
3.290025e+02      0.00            0.00            1.00000     0.00000       0.00  %   10000     
3.292550e+02      0.00            0.00            1.00000     0.00000       0.00  %   10000     
3.293484e+02      0.00            0.00            1.00000     0.00000       0.00  %   10000     
3.294247e+02      0.00            0.00            1.00000     0.00000       0.00  %   10000     
3.294509e+02      0.00            0.00            1.00000     0.00000       0.00  %   10000     
3.295314e+02      0.00            0.00            1.00000     0.00000       0.00  %   10000     
3.296339e+02      0.00            0.00            1.00000     0.00000       0.00  %   10000     
3.298974e+02      0.00            0.00            1.00000     0.00000       0.00  %   10000     
3.299907e+02      0.00            0.00            1.00000     0.00000       0.00  %   10000     
3.300593e+02      0.00            0.00            1.00000     0.00000       0.00  %   10000     
3.301280e+02      0.00            0.00            1.00000     0.00000       0.00  %   10000     
3.301508e+02      0.00            0.00            1.00000     0.00000       0.00  %   10000     
3.302176e+02      0.00            0.00            1.00000     0.00000       0.00  %   10000     
3.302860e+02      0.00            0.00            1.00000     0.00000       0.00  %   10000     
3.303648e+02      0.00            0.00            1.00000     0.00000       0.00  %   10000     
3.304724e+02      0.00            0.00            1.00000     0.00000       0.00  %   10000     
3.306627e+02      0.00            0.00            1.00000     0.00000       0.00  %   10000     
3.307626e+02      0.00            0.00            1.00000     0.00000       0.00  %   10000     
3.308645e+02      0.00            0.00            1.00000     0.00000       0.00  %   10000     
3.309490e+02      0.00            0.00            1.00000     0.00000       0.00  %   10000     
3.310567e+02      0.00            0.00            1.00000     0.00000       0.00  %   10000     
3.313257e+02      0.00            0.00            1.00000     0.00000       0.00  %   10000     
3.314265e+02      0.00            0.00            1.00000     0.00000       0.00  %   10000     
3.315304e+02      0.00            0.00            1.00000     0.00000       0.00  %   10000     
3.316265e+02      0.00            0.00            1.00000     0.00000       0.00  %   10000     
3.317466e+02      0.00            0.00            1.00000     0.00000       0.00  %   10000     
3.318667e+02      0.00            0.00            1.00000     0.00000       0.00  %   10000     
3.320208e+02      0.00            0.00            1.00000     0.00000       0.00  %   10000     
3.322328e+02      0.00            0.00            1.00000     0.00000       0.00  %   10000     
3.326336e+02      0.00            0.00            1.00000     0.00000       0.00  %   10000     
3.331314e+02      0.00            0.00            1.00000     0.00000       0.00  %   10000     
3.340178e+02      0.00            0.00            1.00000     0.00000       0.00  %   10000     
3.353680e+02      0.00            0.00            1.00000     0.00000       0.00  %   10000     
3.379836e+02      0.00            0.00            1.00000     0.00000       0.00  %   10000     
3.426357e+02      0.00            0.00            1.00000     0.00000       0.00  %   10000     
3.491840e+02      0.00            0.00            1.00000     0.00000       0.00  %   10000     
3.517994e+02      0.00            0.00            1.00000     0.00000       0.00  %   10000     
3.529790e+02      0.00            0.00            1.00000     0.00000       0.00  %   10000     
3.536720e+02      0.00            0.00            1.00000     0.00000       0.00  %   10000     
3.543790e+02      0.00            0.00            1.00000     0.00000       0.00  %   10000     
3.544779e+02      0.00            0.00            1.00000     0.00000       0.00  %   10000     
3.545788e+02      0.00            0.00            1.00000     0.00000       0.00  %   10000     
3.546545e+02      0.00            0.00            1.00000     0.00000       0.00  %   10000     
3.547210e+02      0.00            0.00            1.00000     0.00000       0.00  %   10000     
3.547726e+02      0.00            0.00            1.00000     0.00000       0.00  %   10000     
3.548241e+02      0.00            0.00            1.00000     0.00000       0.00  %   10000     
3.548819e+02      0.00            0.00            1.00000     0.00000       0.00  %   10000     
3.549376e+02      0.00            0.00            1.00000     0.00000       0.00  %   10000     
3.550008e+02      0.00            0.00            1.00000     0.00000       0.00  %   10000     
3.550741e+02      0.00            0.00            1.00000     0.00000       0.00  %   10000     
3.551649e+02      0.00            0.00            1.00000     0.00000       0.00  %   10000     
3.554074e+02      0.00            0.00            1.00000     0.00000       0.00  %   10000     
3.555163e+02      0.00            0.00            1.00000     0.00000       0.00  %   10000     
3.556169e+02      0.00            0.00            1.00000     0.00000       0.00  %   10000     
3.557226e+02      0.00            0.00            1.00000     0.00000       0.00  %   10000     
3.558216e+02      0.00            0.00            1.00000     0.00000       0.00  %   10000     
3.560905e+02      0.00            0.00            1.00000     0.00000       0.00  %   10000     
3.561936e+02      0.00            0.00            1.00000     0.00000       0.00  %   10000     
3.562967e+02      0.00            0.00            1.00000     0.00000       0.00  %   10000     
3.563999e+02      0.00            0.00            1.00000     0.00000       0.00  %   10000     
3.565208e+02      0.00            0.00            1.00000     0.00000       0.00  %   10000     
3.566513e+02      0.00            0.00            1.00000     0.00000       0.00  %   10000     
3.568251e+02      0.00            0.00            1.00000     0.00000       0.00  %   10000     
3.570568e+02      0.00            0.00            1.00000     0.00000       0.00  %   10000     
3.574834e+02      0.00            0.00            1.00000     0.00000       0.00  %   10000     
3.580529e+02      0.00            0.00            1.00000     0.00000       0.00  %   10000     
3.589702e+02      0.00            0.00            1.00000     0.00000       0.00  %   10000     
3.610264e+02      0.00            0.00            1.00000     0.00000       0.00  %   10000     
3.658614e+02      0.00            0.00            1.00000     0.00000       0.00  %   10000     
3.673077e+02      0.00            0.00            1.00000     0.00000       0.00  %   10000     
3.683667e+02      0.00            0.00            1.00000     0.00000       0.00  %   10000     
3.694153e+02      0.00            0.00            1.00000     0.00000       0.00  %   10000     
3.696654e+02      0.00            0.00            1.00000     0.00000       0.00  %   10000     
3.697955e+02      0.00            0.00            1.00000     0.00000       0.00  %   10000     
3.698931e+02      0.00            0.00            1.00000     0.00000       0.00  %   10000     
3.699722e+02      0.00            0.00            1.00000     0.00000       0.00  %   10000     
3.700304e+02      0.00            0.00            1.00000     0.00000       0.00  %   10000     
3.700886e+02      0.00            0.00            1.00000     0.00000       0.00  %   10000     
3.701442e+02      0.00            0.00            1.00000     0.00000       0.00  %   10000     
3.701959e+02      0.00            0.00            1.00000     0.00000       0.00  %   10000     
3.702476e+02      0.00            0.00            1.00000     0.00000       0.00  %   10000     
3.702993e+02      0.00            0.00            1.00000     0.00000       0.00  %   10000     
3.703459e+02      0.00            0.00            1.00000     0.00000       0.00  %   10000     
3.704002e+02      0.00            0.00            1.00000     0.00000       0.00  %   10000     
3.704545e+02      0.00            0.00            1.00000     0.00000       0.00  %   10000     
3.705163e+02      0.00            0.00            1.00000     0.00000       0.00  %   10000     
3.705794e+02      0.00            0.00            1.00000     0.00000       0.00  %   10000     
3.706611e+02      0.00            0.00            1.00000     0.00000       0.00  %   10000     
3.707759e+02      0.00            0.00            1.00000     0.00000       0.00  %   10000     
3.709704e+02      0.00            0.00            1.00000     0.00000       0.00  %   10000     
3.710738e+02      0.00            0.00            1.00000     0.00000       0.00  %   10000     
3.711761e+02      0.00            0.00            1.00000     0.00000       0.00  %   10000     
3.712662e+02      0.00            0.00            1.00000     0.00000       0.00  %   10000     
3.713800e+02      0.00            0.00            1.00000     0.00000       0.00  %   10000     
3.716779e+02      0.00            0.00            1.00000     0.00000       0.00  %   10000     
3.717817e+02      0.00            0.00            1.00000     0.00000       0.00  %   10000     
3.718650e+02      0.00            0.00            1.00000     0.00000       0.00  %   10000     
3.719544e+02      0.00            0.00            1.00000     0.00000       0.00  %   10000     
3.720358e+02      0.00            0.00            1.00000     0.00000       0.00  %   10000     
3.721341e+02      0.00            0.00            1.00000     0.00000       0.00  %   10000     
3.722375e+02      0.00            0.00            1.00000     0.00000       0.00  %   10000     
3.723701e+02      0.00            0.00            1.00000     0.00000       0.00  %   10000     
3.725318e+02      0.00            0.00            1.00000     0.00000       0.00  %   10000     
3.727482e+02      0.00            0.00            1.00000     0.00000       0.00  %   10000     
3.730870e+02      0.00            0.00            1.00000     0.00000       0.00  %   10000     
3.735552e+02      0.00            0.00            1.00000     0.00000       0.00  %   10000     
3.742227e+02      0.00            0.00            1.00000     0.00000       0.00  %   10000     
3.748620e+02      0.00            0.00            1.00000     0.00000       0.00  %   10000     
3.749295e+02      0.00            0.00            1.00000     0.00000       0.00  %   10000     
3.750644e+02      0.00            0.00            1.00000     0.00000       0.00  %   10000     
3.751932e+02      0.00            0.00            1.00000     0.00000       0.00  %   10000     
3.753626e+02      0.00            0.00            1.00000     0.00000       0.00  %   10000     
3.756319e+02      0.00            0.00            1.00000     0.00000       0.00  %   10000     
3.757741e+02      0.00            0.00            1.00000     0.00000       0.00  %   10000     
3.758011e+02      0.00            0.00            1.00000     0.00000       0.00  %   10000     
3.759630e+02      0.00            0.00            1.00000     0.00000       0.00  %   10000     
3.763630e+02      0.00            0.00            1.00000     0.00000       0.00  %   10000     
3.766286e+02      0.00            0.00            1.00000     0.00000       0.00  %   10000     
3.769790e+02      0.00            0.00            1.00000     0.00000       0.00  %   10000     
3.780451e+02      0.00            0.00            1.00000     0.00000       0.00  %   10000     
3.795471e+02      0.00            0.00            1.00000     0.00000       0.00  %   10000     
3.802826e+02      0.00            0.00            1.00000     0.00000       0.00  %   10000     
3.807032e+02      0.00            0.00            1.00000     0.00000       0.00  %   10000     
3.807985e+02      0.00            0.00            1.00000     0.00000       0.00  %   10000     
3.808938e+02      0.00            0.00            1.00000     0.00000       0.00  %   10000     
3.809701e+02      0.00            0.00            1.00000     0.00000       0.00  %   10000     
3.810312e+02      0.00            0.00            1.00000     0.00000       0.00  %   10000     
3.810888e+02      0.00            0.00            1.00000     0.00000       0.00  %   10000     
3.811348e+02      0.00            0.00            1.00000     0.00000       0.00  %   10000     
3.811866e+02      0.00            0.00            1.00000     0.00000       0.00  %   10000     
3.812337e+02      0.00            0.00            1.00000     0.00000       0.00  %   10000     
3.812878e+02      0.00            0.00            1.00000     0.00000       0.00  %   10000     
3.813396e+02      0.00            0.00            1.00000     0.00000       0.00  %   10000     
3.813971e+02      0.00            0.00            1.00000     0.00000       0.00  %   10000     
3.814599e+02      0.00            0.00            1.00000     0.00000       0.00  %   10000     
3.815311e+02      0.00            0.00            1.00000     0.00000       0.00  %   10000     
3.816286e+02      0.00            0.00            1.00000     0.00000       0.00  %   10000     
3.818459e+02      0.00            0.00            1.00000     0.00000       0.00  %   10000     
3.819490e+02      0.00            0.00            1.00000     0.00000       0.00  %   10000     
3.820497e+02      0.00            0.00            1.00000     0.00000       0.00  %   10000     
3.820760e+02      0.00            0.00            1.00000     0.00000       0.00  %   10000     
3.821571e+02      0.00            0.00            1.00000     0.00000       0.00  %   10000     
3.822602e+02      0.00            0.00            1.00000     0.00000       0.00  %   10000     
3.825760e+02      0.00            0.00            1.00000     0.00000       0.00  %   10000     
3.826825e+02      0.00            0.00            1.00000     0.00000       0.00  %   10000     
3.827826e+02      0.00            0.00            1.00000     0.00000       0.00  %   10000     
3.828631e+02      0.00            0.00            1.00000     0.00000       0.00  %   10000     
3.829713e+02      0.00            0.00            1.00000     0.00000       0.00  %   10000     
3.830748e+02      0.00            0.00            1.00000     0.00000       0.00  %   10000     
3.832272e+02      0.00            0.00            1.00000     0.00000       0.00  %   10000     
3.834303e+02      0.00            0.00            1.00000     0.00000       0.00  %   10000     
3.836929e+02      0.00            0.00            1.00000     0.00000       0.00  %   10000     
3.840459e+02      0.00            0.00            1.00000     0.00000       0.00  %   10000     
3.846293e+02      0.00            0.00            1.00000     0.00000       0.00  %   10000     
3.856175e+02      0.00            0.00            1.00000     0.00000       0.00  %   10000     
3.870752e+02      0.00            0.00            1.00000     0.00000       0.00  %   10000     
3.898903e+02      0.00            0.00            1.00000     0.00000       0.00  %   10000     
3.972080e+02      0.00            0.00            1.00000     0.00000       0.00  %   10000     
3.986864e+02      0.00            0.00            1.00000     0.00000       0.00  %   10000     
3.992856e+02      0.00            0.00            1.00000     0.00000       0.00  %   10000     
3.997025e+02      0.00            0.00            1.00000     0.00000       0.00  %   10000     
3.998374e+02      0.00            0.00            1.00000     0.00000       0.00  %   10000     
3.999978e+02      0.00            0.00            1.00000     0.00000       0.00  %   10000     
4.002135e+02      0.00            0.00            1.00000     0.00000       0.00  %   10000     
4.004090e+02      0.00            0.00            1.00000     0.00000       0.00  %   10000     
4.005879e+02      0.00            0.00            1.00000     0.00000       0.00  %   10000     
4.008399e+02      0.00            0.00            1.00000     0.00000       0.00  %   10000     
4.009512e+02      0.00            0.00            1.00000     0.00000       0.00  %   10000     
4.010602e+02      0.00            0.00            1.00000     0.00000       0.00  %   10000     
4.011787e+02      0.00            0.00            1.00000     0.00000       0.00  %   10000     
4.014938e+02      0.00            0.00            1.00000     0.00000       0.00  %   10000     
4.016224e+02      0.00            0.00            1.00000     0.00000       0.00  %   10000     
4.016825e+02      0.00            0.00            1.00000     0.00000       0.00  %   10000     
4.018161e+02      0.00            0.00            1.00000     0.00000       0.00  %   10000     
4.019830e+02      0.00            0.00            1.00000     0.00000       0.00  %   10000     
4.022159e+02      0.00            0.00            1.00000     0.00000       0.00  %   10000     
4.023829e+02      0.00            0.00            1.00000     0.00000       0.00  %   10000     
4.025081e+02      0.00            0.00            1.00000     0.00000       0.00  %   10000     
4.027412e+02      0.00            0.00            1.00000     0.00000       0.00  %   10000     
4.030630e+02      0.00            0.00            1.00000     0.00000       0.00  %   10000     
4.036335e+02      0.00            0.00            1.00000     0.00000       0.00  %   10000     
4.049791e+02      0.00            0.00            1.00000     0.00000       0.00  %   10000     
4.076179e+02      0.00            0.00            1.00000     0.00000       0.00  %   10000     
4.264676e+02      0.00            0.00            1.00000     0.00000       0.00  %   10000     
4.310294e+02      0.00            0.00            1.00000     0.00000       0.00  %   10000     
4.343839e+02      0.00            0.00            1.00000     0.00000       0.00  %   10000     
4.363099e+02      0.00            0.00            1.00000     0.00000       0.00  %   10000     
4.369011e+02      0.00            0.00            1.00000     0.00000       0.00  %   10000     
4.372867e+02      0.00            0.00            1.00000     0.00000       0.00  %   10000     
4.376722e+02      0.00            0.00            1.00000     0.00000       0.00  %   10000     
4.379760e+02      0.00            0.00            1.00000     0.00000       0.00  %   10000     
4.382130e+02      0.00            0.00            1.00000     0.00000       0.00  %   10000     
4.384044e+02      0.00            0.00            1.00000     0.00000       0.00  %   10000     
4.385684e+02      0.00            0.00            1.00000     0.00000       0.00  %   10000     
4.387050e+02      0.00            0.00            1.00000     0.00000       0.00  %   10000     
4.388362e+02      0.00            0.00            1.00000     0.00000       0.00  %   10000     
4.389455e+02      0.00            0.00            1.00000     0.00000       0.00  %   10000     
4.390390e+02      0.00            0.00            1.00000     0.00000       0.00  %   10000     
4.391325e+02      0.00            0.00            1.00000     0.00000       0.00  %   10000     
4.392167e+02      0.00            0.00            1.00000     0.00000       0.00  %   10000     
4.392932e+02      0.00            0.00            1.00000     0.00000       0.00  %   10000     
4.393698e+02      0.00            0.00            1.00000     0.00000       0.00  %   10000     
4.394463e+02      0.00            0.00            1.00000     0.00000       0.00  %   10000     
4.395228e+02      0.00            0.00            1.00000     0.00000       0.00  %   10000     
4.396037e+02      0.00            0.00            1.00000     0.00000       0.00  %   10000     
4.396923e+02      0.00            0.00            1.00000     0.00000       0.00  %   10000     
4.397896e+02      0.00            0.00            1.00000     0.00000       0.00  %   10000     
4.399186e+02      0.00            0.00            1.00000     0.00000       0.00  %   10000     
4.402007e+02      0.00            0.00            1.00000     0.00000       0.00  %   10000     
4.402969e+02      0.00            0.00            1.00000     0.00000       0.00  %   10000     
4.404236e+02      0.00            0.00            1.00000     0.00000       0.00  %   10000     
4.404499e+02      0.00            0.00            1.00000     0.00000       0.00  %   10000     
4.405287e+02      0.00            0.00            1.00000     0.00000       0.00  %   10000     
4.406511e+02      0.00            0.00            1.00000     0.00000       0.00  %   10000     
4.408436e+02      0.00            0.00            1.00000     0.00000       0.00  %   10000     
4.410447e+02      0.00            0.00            1.00000     0.00000       0.00  %   10000     
4.411650e+02      0.00            0.00            1.00000     0.00000       0.00  %   10000     
4.412743e+02      0.00            0.00            1.00000     0.00000       0.00  %   10000     
4.413727e+02      0.00            0.00            1.00000     0.00000       0.00  %   10000     
4.414821e+02      0.00            0.00            1.00000     0.00000       0.00  %   10000     
4.415914e+02      0.00            0.00            1.00000     0.00000       0.00  %   10000     
4.417158e+02      0.00            0.00            1.00000     0.00000       0.00  %   10000     
4.418524e+02      0.00            0.00            1.00000     0.00000       0.00  %   10000     
4.420342e+02      0.00            0.00            1.00000     0.00000       0.00  %   10000     
4.422310e+02      0.00            0.00            1.00000     0.00000       0.00  %   10000     
4.424989e+02      0.00            0.00            1.00000     0.00000       0.00  %   10000     
4.427910e+02      0.00            0.00            1.00000     0.00000       0.00  %   10000     
4.431586e+02      0.00            0.00            1.00000     0.00000       0.00  %   10000     
4.436934e+02      0.00            0.00            1.00000     0.00000       0.00  %   10000     
4.442751e+02      0.00            0.00            1.00000     0.00000       0.00  %   10000     
4.451796e+02      0.00            0.00            1.00000     0.00000       0.00  %   10000     
4.464713e+02      0.00            0.00            1.00000     0.00000       0.00  %   10000     
4.491939e+02      0.00            0.00            1.00000     0.00000       0.00  %   10000     
4.497377e+02      0.00            0.00            1.00000     0.00000       0.00  %   10000     
4.497604e+02      0.00            0.00            1.00000     0.00000       0.00  %   10000     
4.498968e+02      0.00            0.00            1.00000     0.00000       0.00  %   10000     
4.500117e+02      0.00            0.00            1.00000     0.00000       0.00  %   10000     
4.500837e+02      0.00            0.00            1.00000     0.00000       0.00  %   10000     
4.501557e+02      0.00            0.00            1.00000     0.00000       0.00  %   10000     
4.502230e+02      0.00            0.00            1.00000     0.00000       0.00  %   10000     
4.502830e+02      0.00            0.00            1.00000     0.00000       0.00  %   10000     
4.503430e+02      0.00            0.00            1.00000     0.00000       0.00  %   10000     
4.504105e+02      0.00            0.00            1.00000     0.00000       0.00  %   10000     
4.504786e+02      0.00            0.00            1.00000     0.00000       0.00  %   10000     
4.505562e+02      0.00            0.00            1.00000     0.00000       0.00  %   10000     
4.506619e+02      0.00            0.00            1.00000     0.00000       0.00  %   10000     
4.509385e+02      0.00            0.00            1.00000     0.00000       0.00  %   10000     
4.510538e+02      0.00            0.00            1.00000     0.00000       0.00  %   10000     
4.511498e+02      0.00            0.00            1.00000     0.00000       0.00  %   10000     
4.511786e+02      0.00            0.00            1.00000     0.00000       0.00  %   10000     
4.512939e+02      0.00            0.00            1.00000     0.00000       0.00  %   10000     
4.514284e+02      0.00            0.00            1.00000     0.00000       0.00  %   10000     
4.517003e+02      0.00            0.00            1.00000     0.00000       0.00  %   10000     
4.518113e+02      0.00            0.00            1.00000     0.00000       0.00  %   10000     
4.519158e+02      0.00            0.00            1.00000     0.00000       0.00  %   10000     
4.519998e+02      0.00            0.00            1.00000     0.00000       0.00  %   10000     
4.520959e+02      0.00            0.00            1.00000     0.00000       0.00  %   10000     
4.522159e+02      0.00            0.00            1.00000     0.00000       0.00  %   10000     
4.523542e+02      0.00            0.00            1.00000     0.00000       0.00  %   10000     
4.525256e+02      0.00            0.00            1.00000     0.00000       0.00  %   10000     
4.527734e+02      0.00            0.00            1.00000     0.00000       0.00  %   10000     
4.531556e+02      0.00            0.00            1.00000     0.00000       0.00  %   10000     
4.537252e+02      0.00            0.00            1.00000     0.00000       0.00  %   10000     
4.545416e+02      0.00            0.00            1.00000     0.00000       0.00  %   10000     
4.557408e+02      0.00            0.00            1.00000     0.00000       0.00  %   10000     
4.584708e+02      0.00            0.00            1.00000     0.00000       0.00  %   10000     
4.676301e+02      0.00            0.00            1.00000     0.00000       0.00  %   10000     
4.711098e+02      0.00            0.00            1.00000     0.00000       0.00  %   10000     
4.727914e+02      0.00            0.00            1.00000     0.00000       0.00  %   10000     
4.734747e+02      0.00            0.00            1.00000     0.00000       0.00  %   10000     
4.739671e+02      0.00            0.00            1.00000     0.00000       0.00  %   10000     
4.742314e+02      0.00            0.00            1.00000     0.00000       0.00  %   10000     
4.744956e+02      0.00            0.00            1.00000     0.00000       0.00  %   10000     
4.747539e+02      0.00            0.00            1.00000     0.00000       0.00  %   10000     
4.749747e+02      0.00            0.00            1.00000     0.00000       0.00  %   10000     
4.751580e+02      0.00            0.00            1.00000     0.00000       0.00  %   10000     
4.753368e+02      0.00            0.00            1.00000     0.00000       0.00  %   10000     
4.754901e+02      0.00            0.00            1.00000     0.00000       0.00  %   10000     
4.756405e+02      0.00            0.00            1.00000     0.00000       0.00  %   10000     
4.757597e+02      0.00            0.00            1.00000     0.00000       0.00  %   10000     
4.758741e+02      0.00            0.00            1.00000     0.00000       0.00  %   10000     
4.759794e+02      0.00            0.00            1.00000     0.00000       0.00  %   10000     
4.760696e+02      0.00            0.00            1.00000     0.00000       0.00  %   10000     
4.761565e+02      0.00            0.00            1.00000     0.00000       0.00  %   10000     
4.762473e+02      0.00            0.00            1.00000     0.00000       0.00  %   10000     
4.763268e+02      0.00            0.00            1.00000     0.00000       0.00  %   10000     
4.764062e+02      0.00            0.00            1.00000     0.00000       0.00  %   10000     
4.764834e+02      0.00            0.00            1.00000     0.00000       0.00  %   10000     
4.765652e+02      0.00            0.00            1.00000     0.00000       0.00  %   10000     
4.766537e+02      0.00            0.00            1.00000     0.00000       0.00  %   10000     
4.767445e+02      0.00            0.00            1.00000     0.00000       0.00  %   10000     
4.768512e+02      0.00            0.00            1.00000     0.00000       0.00  %   10000     
4.769943e+02      0.00            0.00            1.00000     0.00000       0.00  %   10000     
4.772531e+02      0.00            0.00            1.00000     0.00000       0.00  %   10000     
4.773530e+02      0.00            0.00            1.00000     0.00000       0.00  %   10000     
4.774846e+02      0.00            0.00            1.00000     0.00000       0.00  %   10000     
4.775937e+02      0.00            0.00            1.00000     0.00000       0.00  %   10000     
4.777208e+02      0.00            0.00            1.00000     0.00000       0.00  %   10000     
4.779252e+02      0.00            0.00            1.00000     0.00000       0.00  %   10000     
4.781318e+02      0.00            0.00            1.00000     0.00000       0.00  %   10000     
4.782567e+02      0.00            0.00            1.00000     0.00000       0.00  %   10000     
4.783702e+02      0.00            0.00            1.00000     0.00000       0.00  %   10000     
4.784837e+02      0.00            0.00            1.00000     0.00000       0.00  %   10000     
4.785973e+02      0.00            0.00            1.00000     0.00000       0.00  %   10000     
4.787108e+02      0.00            0.00            1.00000     0.00000       0.00  %   10000     
4.788470e+02      0.00            0.00            1.00000     0.00000       0.00  %   10000     
4.789953e+02      0.00            0.00            1.00000     0.00000       0.00  %   10000     
4.791733e+02      0.00            0.00            1.00000     0.00000       0.00  %   10000     
4.793783e+02      0.00            0.00            1.00000     0.00000       0.00  %   10000     
4.796621e+02      0.00            0.00            1.00000     0.00000       0.00  %   10000     
4.800027e+02      0.00            0.00            1.00000     0.00000       0.00  %   10000     
4.803876e+02      0.00            0.00            1.00000     0.00000       0.00  %   10000     
4.808611e+02      0.00            0.00            1.00000     0.00000       0.00  %   10000     
4.814925e+02      0.00            0.00            1.00000     0.00000       0.00  %   10000     
4.821362e+02      0.00            0.00            1.00000     0.00000       0.00  %   10000     
4.832091e+02      0.00            0.00            1.00000     0.00000       0.00  %   10000     
4.844433e+02      0.00            0.00            1.00000     0.00000       0.00  %   10000     
4.880880e+02      0.00            0.00            1.00000     0.00000       0.00  %   10000     
4.885409e+02      0.00            0.00            1.00000     0.00000       0.00  %   10000     
4.886128e+02      0.00            0.00            1.00000     0.00000       0.00  %   10000     
4.887566e+02      0.00            0.00            1.00000     0.00000       0.00  %   10000     
4.888808e+02      0.00            0.00            1.00000     0.00000       0.00  %   10000     
4.889803e+02      0.00            0.00            1.00000     0.00000       0.00  %   10000     
4.890672e+02      0.00            0.00            1.00000     0.00000       0.00  %   10000     
4.891542e+02      0.00            0.00            1.00000     0.00000       0.00  %   10000     
4.892375e+02      0.00            0.00            1.00000     0.00000       0.00  %   10000     
4.893471e+02      0.00            0.00            1.00000     0.00000       0.00  %   10000     
4.895260e+02      0.00            0.00            1.00000     0.00000       0.00  %   10000     
4.897090e+02      0.00            0.00            1.00000     0.00000       0.00  %   10000     
4.898405e+02      0.00            0.00            1.00000     0.00000       0.00  %   10000     
4.899257e+02      0.00            0.00            1.00000     0.00000       0.00  %   10000     
4.900291e+02      0.00            0.00            1.00000     0.00000       0.00  %   10000     
4.901484e+02      0.00            0.00            1.00000     0.00000       0.00  %   10000     
4.904957e+02      0.00            0.00            1.00000     0.00000       0.00  %   10000     
4.906355e+02      0.00            0.00            1.00000     0.00000       0.00  %   10000     
4.907548e+02      0.00            0.00            1.00000     0.00000       0.00  %   10000     
4.908890e+02      0.00            0.00            1.00000     0.00000       0.00  %   10000     
4.910196e+02      0.00            0.00            1.00000     0.00000       0.00  %   10000     
4.911502e+02      0.00            0.00            1.00000     0.00000       0.00  %   10000     
4.914757e+02      0.00            0.00            1.00000     0.00000       0.00  %   10000     
4.921304e+02      0.00            0.00            1.00000     0.00000       0.00  %   10000     
4.928037e+02      0.00            0.00            1.00000     0.00000       0.00  %   10000     
4.929699e+02      0.00            0.00            1.00000     0.00000       0.00  %   10000     
4.930777e+02      0.00            0.00            1.00000     0.00000       0.00  %   10000     
4.931689e+02      0.00            0.00            1.00000     0.00000       0.00  %   10000     
4.932622e+02      0.00            0.00            1.00000     0.00000       0.00  %   10000     
4.933480e+02      0.00            0.00            1.00000     0.00000       0.00  %   10000     
4.934559e+02      0.00            0.00            1.00000     0.00000       0.00  %   10000     
4.935836e+02      0.00            0.00            1.00000     0.00000       0.00  %   10000     
4.938551e+02      0.00            0.00            1.00000     0.00000       0.00  %   10000     
4.939923e+02      0.00            0.00            1.00000     0.00000       0.00  %   10000     
4.940803e+02      0.00            0.00            1.00000     0.00000       0.00  %   10000     
4.941997e+02      0.00            0.00            1.00000     0.00000       0.00  %   10000     
4.943787e+02      0.00            0.00            1.00000     0.00000       0.00  %   10000     
4.946569e+02      0.00            0.00            1.00000     0.00000       0.00  %   10000     
4.948060e+02      0.00            0.00            1.00000     0.00000       0.00  %   10000     
4.949706e+02      0.00            0.00            1.00000     0.00000       0.00  %   10000     
4.951352e+02      0.00            0.00            1.00000     0.00000       0.00  %   10000     
4.954784e+02      0.00            0.00            1.00000     0.00000       0.00  %   10000     
4.959453e+02      0.00            0.00            1.00000     0.00000       0.00  %   10000     
4.967532e+02      0.00            0.00            1.00000     0.00000       0.00  %   10000     
4.981195e+02      0.00            0.00            1.00000     0.00000       0.00  %   10000     
5.009090e+02      0.00            0.00            1.00000     0.00000       0.00  %   10000     
5.075130e+02      0.00            0.00            1.00000     0.00000       0.00  %   10000     
5.265265e+02      0.00            0.00            1.00000     0.00000       0.00  %   10000     
5.299705e+02      0.00            0.00            1.00000     0.00000       0.00  %   10000     
5.316241e+02      0.00            0.00            1.00000     0.00000       0.00  %   10000     
5.326831e+02      0.00            0.00            1.00000     0.00000       0.00  %   10000     
5.327133e+02      0.00            0.00            1.00000     0.00000       0.00  %   10000     
5.328392e+02      0.00            0.00            1.00000     0.00000       0.00  %   10000     
5.329374e+02      0.00            0.00            1.00000     0.00000       0.00  %   10000     
5.330354e+02      0.00            0.00            1.00000     0.00000       0.00  %   10000     
5.331090e+02      0.00            0.00            1.00000     0.00000       0.00  %   10000     
5.331825e+02      0.00            0.00            1.00000     0.00000       0.00  %   10000     
5.332609e+02      0.00            0.00            1.00000     0.00000       0.00  %   10000     
5.333319e+02      0.00            0.00            1.00000     0.00000       0.00  %   10000     
5.334177e+02      0.00            0.00            1.00000     0.00000       0.00  %   10000     
5.335147e+02      0.00            0.00            1.00000     0.00000       0.00  %   10000     
5.336411e+02      0.00            0.00            1.00000     0.00000       0.00  %   10000     
5.338999e+02      0.00            0.00            1.00000     0.00000       0.00  %   10000     
5.340292e+02      0.00            0.00            1.00000     0.00000       0.00  %   10000     
5.341325e+02      0.00            0.00            1.00000     0.00000       0.00  %   10000     
5.341684e+02      0.00            0.00            1.00000     0.00000       0.00  %   10000     
5.342938e+02      0.00            0.00            1.00000     0.00000       0.00  %   10000     
5.344428e+02      0.00            0.00            1.00000     0.00000       0.00  %   10000     
5.347420e+02      0.00            0.00            1.00000     0.00000       0.00  %   10000     
5.348572e+02      0.00            0.00            1.00000     0.00000       0.00  %   10000     
5.349808e+02      0.00            0.00            1.00000     0.00000       0.00  %   10000     
5.351033e+02      0.00            0.00            1.00000     0.00000       0.00  %   10000     
5.352259e+02      0.00            0.00            1.00000     0.00000       0.00  %   10000     
5.353771e+02      0.00            0.00            1.00000     0.00000       0.00  %   10000     
5.356155e+02      0.00            0.00            1.00000     0.00000       0.00  %   10000     
5.359845e+02      0.00            0.00            1.00000     0.00000       0.00  %   10000     
5.364783e+02      0.00            0.00            1.00000     0.00000       0.00  %   10000     
5.373730e+02      0.00            0.00            1.00000     0.00000       0.00  %   10000     
5.390209e+02      0.00            0.00            1.00000     0.00000       0.00  %   10000     
5.443881e+02      0.00            0.00            1.00000     0.00000       0.00  %   10000     
5.459168e+02      0.00            0.00            1.00000     0.00000       0.00  %   10000     
5.467559e+02      0.00            0.00            1.00000     0.00000       0.00  %   10000     
5.472156e+02      0.00            0.00            1.00000     0.00000       0.00  %   10000     
5.473253e+02      0.00            0.00            1.00000     0.00000       0.00  %   10000     
5.474362e+02      0.00            0.00            1.00000     0.00000       0.00  %   10000     
5.475202e+02      0.00            0.00            1.00000     0.00000       0.00  %   10000     
5.476042e+02      0.00            0.00            1.00000     0.00000       0.00  %   10000     
5.476844e+02      0.00            0.00            1.00000     0.00000       0.00  %   10000     
5.477530e+02      0.00            0.00            1.00000     0.00000       0.00  %   10000     
5.478332e+02      0.00            0.00            1.00000     0.00000       0.00  %   10000     
5.479127e+02      0.00            0.00            1.00000     0.00000       0.00  %   10000     
5.480064e+02      0.00            0.00            1.00000     0.00000       0.00  %   10000     
5.481372e+02      0.00            0.00            1.00000     0.00000       0.00  %   10000     
5.483789e+02      0.00            0.00            1.00000     0.00000       0.00  %   10000     
5.485034e+02      0.00            0.00            1.00000     0.00000       0.00  %   10000     
5.486298e+02      0.00            0.00            1.00000     0.00000       0.00  %   10000     
5.486554e+02      0.00            0.00            1.00000     0.00000       0.00  %   10000     
5.487763e+02      0.00            0.00            1.00000     0.00000       0.00  %   10000     
5.489228e+02      0.00            0.00            1.00000     0.00000       0.00  %   10000     
5.492330e+02      0.00            0.00            1.00000     0.00000       0.00  %   10000     
5.493669e+02      0.00            0.00            1.00000     0.00000       0.00  %   10000     
5.494814e+02      0.00            0.00            1.00000     0.00000       0.00  %   10000     
5.495958e+02      0.00            0.00            1.00000     0.00000       0.00  %   10000     
5.497233e+02      0.00            0.00            1.00000     0.00000       0.00  %   10000     
5.498595e+02      0.00            0.00            1.00000     0.00000       0.00  %   10000     
5.500773e+02      0.00            0.00            1.00000     0.00000       0.00  %   10000     
5.503688e+02      0.00            0.00            1.00000     0.00000       0.00  %   10000     
5.508622e+02      0.00            0.00            1.00000     0.00000       0.00  %   10000     
5.514674e+02      0.00            0.00            1.00000     0.00000       0.00  %   10000     
5.528148e+02      0.00            0.00            1.00000     0.00000       0.00  %   10000     
5.554968e+02      0.00            0.00            1.00000     0.00000       0.00  %   10000     
5.598108e+02      0.00            0.00            1.00000     0.00000       0.00  %   10000     
5.610103e+02      0.00            0.00            1.00000     0.00000       0.00  %   10000     
5.613678e+02      0.00            0.00            1.00000     0.00000       0.00  %   10000     
5.618614e+02      0.00            0.00            1.00000     0.00000       0.00  %   10000     
5.619662e+02      0.00            0.00            1.00000     0.00000       0.00  %   10000     
5.629767e+02      0.00            0.00            1.00000     0.00000       0.00  %   10000     
5.691596e+02      0.00            0.00            1.00000     0.00000       0.00  %   10000     
5.735943e+02      0.00            0.00            1.00000     0.00000       0.00  %   10000     
5.742653e+02      0.00            0.00            1.00000     0.00000       0.00  %   10000     
5.747007e+02      0.00            0.00            1.00000     0.00000       0.00  %   10000     
5.751078e+02      0.00            0.00            1.00000     0.00000       0.00  %   10000     
5.753792e+02      0.00            0.00            1.00000     0.00000       0.00  %   10000     
5.756507e+02      0.00            0.00            1.00000     0.00000       0.00  %   10000     
5.758951e+02      0.00            0.00            1.00000     0.00000       0.00  %   10000     
5.761127e+02      0.00            0.00            1.00000     0.00000       0.00  %   10000     
5.763302e+02      0.00            0.00            1.00000     0.00000       0.00  %   10000     
5.765207e+02      0.00            0.00            1.00000     0.00000       0.00  %   10000     
5.767007e+02      0.00            0.00            1.00000     0.00000       0.00  %   10000     
5.768678e+02      0.00            0.00            1.00000     0.00000       0.00  %   10000     
5.770253e+02      0.00            0.00            1.00000     0.00000       0.00  %   10000     
5.771764e+02      0.00            0.00            1.00000     0.00000       0.00  %   10000     
5.773114e+02      0.00            0.00            1.00000     0.00000       0.00  %   10000     
5.774271e+02      0.00            0.00            1.00000     0.00000       0.00  %   10000     
5.775370e+02      0.00            0.00            1.00000     0.00000       0.00  %   10000     
5.776427e+02      0.00            0.00            1.00000     0.00000       0.00  %   10000     
5.777395e+02      0.00            0.00            1.00000     0.00000       0.00  %   10000     
5.778295e+02      0.00            0.00            1.00000     0.00000       0.00  %   10000     
5.779195e+02      0.00            0.00            1.00000     0.00000       0.00  %   10000     
5.780095e+02      0.00            0.00            1.00000     0.00000       0.00  %   10000     
5.780995e+02      0.00            0.00            1.00000     0.00000       0.00  %   10000     
5.781920e+02      0.00            0.00            1.00000     0.00000       0.00  %   10000     
5.782949e+02      0.00            0.00            1.00000     0.00000       0.00  %   10000     
5.784080e+02      0.00            0.00            1.00000     0.00000       0.00  %   10000     
5.785572e+02      0.00            0.00            1.00000     0.00000       0.00  %   10000     
5.788709e+02      0.00            0.00            1.00000     0.00000       0.00  %   10000     
5.789840e+02      0.00            0.00            1.00000     0.00000       0.00  %   10000     
5.791270e+02      0.00            0.00            1.00000     0.00000       0.00  %   10000     
5.791330e+02      0.00            0.00            1.00000     0.00000       0.00  %   10000     
5.792565e+02      0.00            0.00            1.00000     0.00000       0.00  %   10000     
5.794099e+02      0.00            0.00            1.00000     0.00000       0.00  %   10000     
5.796834e+02      0.00            0.00            1.00000     0.00000       0.00  %   10000     
5.798680e+02      0.00            0.00            1.00000     0.00000       0.00  %   10000     
5.800000e+02      0.00            0.00            1.00000     0.00000       0.00  %   10000     
5.801006e+02      0.00            0.00            1.00000     0.00000       0.00  %   10000     
5.801822e+02      0.00            0.00            1.00000     0.00000       0.00  %   10000     
5.803007e+02      0.00            0.00            1.00000     0.00000       0.00  %   10000     
5.803817e+02      0.00            0.00            1.00000     0.00000       0.00  %   10000     
5.804908e+02      0.00            0.00            1.00000     0.00000       0.00  %   10000     
5.806917e+02      0.00            0.00            1.00000     0.00000       0.00  %   10000     
5.808821e+02      0.00            0.00            1.00000     0.00000       0.00  %   10000     
5.810000e+02      0.00            0.00            1.00000     0.00000       0.00  %   10000     
5.811170e+02      0.00            0.00            1.00000     0.00000       0.00  %   10000     
5.812631e+02      0.00            0.00            1.00000     0.00000       0.00  %   10000     
5.816805e+02      0.00            0.00            1.00000     0.00000       0.00  %   10000     
5.818152e+02      0.00            0.00            1.00000     0.00000       0.00  %   10000     
5.819280e+02      0.00            0.00            1.00000     0.00000       0.00  %   10000     
5.820497e+02      0.00            0.00            1.00000     0.00000       0.00  %   10000     
5.821801e+02      0.00            0.00            1.00000     0.00000       0.00  %   10000     
5.823334e+02      0.00            0.00            1.00000     0.00000       0.00  %   10000     
5.825465e+02      0.00            0.00            1.00000     0.00000       0.00  %   10000     
5.828119e+02      0.00            0.00            1.00000     0.00000       0.00  %   10000     
5.831822e+02      0.00            0.00            1.00000     0.00000       0.00  %   10000     
5.836962e+02      0.00            0.00            1.00000     0.00000       0.00  %   10000     
5.843815e+02      0.00            0.00            1.00000     0.00000       0.00  %   10000     
5.857192e+02      0.00            0.00            1.00000     0.00000       0.00  %   10000     
5.859198e+02      0.00            0.00            1.00000     0.00000       0.00  %   10000     
5.860783e+02      0.00            0.00            1.00000     0.00000       0.00  %   10000     
5.861967e+02      0.00            0.00            1.00000     0.00000       0.00  %   10000     
5.863238e+02      0.00            0.00            1.00000     0.00000       0.00  %   10000     
5.864982e+02      0.00            0.00            1.00000     0.00000       0.00  %   10000     
5.867603e+02      0.00            0.00            1.00000     0.00000       0.00  %   10000     
5.869166e+02      0.00            0.00            1.00000     0.00000       0.00  %   10000     
5.870113e+02      0.00            0.00            1.00000     0.00000       0.00  %   10000     
5.871692e+02      0.00            0.00            1.00000     0.00000       0.00  %   10000     
5.876767e+02      0.00            0.00            1.00000     0.00000       0.00  %   10000     
5.879118e+02      0.00            0.00            1.00000     0.00000       0.00  %   10000     
5.881075e+02      0.00            0.00            1.00000     0.00000       0.00  %   10000     
5.885528e+02      0.00            0.00            1.00000     0.00000       0.00  %   10000     
5.892949e+02      0.00            0.00            1.00000     0.00000       0.00  %   10000     
5.907323e+02      0.00            0.00            1.00000     0.00000       0.00  %   10000     
5.932417e+02      0.00            0.00            1.00000     0.00000       0.00  %   10000     
5.975794e+02      0.00            0.00            1.00000     0.00000       0.00  %   10000     
5.996772e+02      0.00            0.00            1.00000     0.00000       0.00  %   10000     
6.002002e+02      0.00            0.00            1.00000     0.00000       0.00  %   10000     
6.003165e+02      0.00            0.00            1.00000     0.00000       0.00  %   10000     
6.005841e+02      0.00            0.00            1.00000     0.00000       0.00  %   10000     
6.007722e+02      0.00            0.00            1.00000     0.00000       0.00  %   10000     
6.009289e+02      0.00            0.00            1.00000     0.00000       0.00  %   10000     
6.010664e+02      0.00            0.00            1.00000     0.00000       0.00  %   10000     
6.011748e+02      0.00            0.00            1.00000     0.00000       0.00  %   10000     
6.012832e+02      0.00            0.00            1.00000     0.00000       0.00  %   10000     
6.013699e+02      0.00            0.00            1.00000     0.00000       0.00  %   10000     
6.014566e+02      0.00            0.00            1.00000     0.00000       0.00  %   10000     
6.015346e+02      0.00            0.00            1.00000     0.00000       0.00  %   10000     
6.016127e+02      0.00            0.00            1.00000     0.00000       0.00  %   10000     
6.016841e+02      0.00            0.00            1.00000     0.00000       0.00  %   10000     
6.017576e+02      0.00            0.00            1.00000     0.00000       0.00  %   10000     
6.018311e+02      0.00            0.00            1.00000     0.00000       0.00  %   10000     
6.018986e+02      0.00            0.00            1.00000     0.00000       0.00  %   10000     
6.019723e+02      0.00            0.00            1.00000     0.00000       0.00  %   10000     
6.020515e+02      0.00            0.00            1.00000     0.00000       0.00  %   10000     
6.021373e+02      0.00            0.00            1.00000     0.00000       0.00  %   10000     
6.022388e+02      0.00            0.00            1.00000     0.00000       0.00  %   10000     
6.023654e+02      0.00            0.00            1.00000     0.00000       0.00  %   10000     
6.026637e+02      0.00            0.00            1.00000     0.00000       0.00  %   10000     
6.028024e+02      0.00            0.00            1.00000     0.00000       0.00  %   10000     
6.029267e+02      0.00            0.00            1.00000     0.00000       0.00  %   10000     
6.029669e+02      0.00            0.00            1.00000     0.00000       0.00  %   10000     
6.031042e+02      0.00            0.00            1.00000     0.00000       0.00  %   10000     
6.032568e+02      0.00            0.00            1.00000     0.00000       0.00  %   10000     
6.036071e+02      0.00            0.00            1.00000     0.00000       0.00  %   10000     
6.037459e+02      0.00            0.00            1.00000     0.00000       0.00  %   10000     
6.038499e+02      0.00            0.00            1.00000     0.00000       0.00  %   10000     
6.039621e+02      0.00            0.00            1.00000     0.00000       0.00  %   10000     
6.040705e+02      0.00            0.00            1.00000     0.00000       0.00  %   10000     
6.041925e+02      0.00            0.00            1.00000     0.00000       0.00  %   10000     
6.043225e+02      0.00            0.00            1.00000     0.00000       0.00  %   10000     
6.044743e+02      0.00            0.00            1.00000     0.00000       0.00  %   10000     
6.046477e+02      0.00            0.00            1.00000     0.00000       0.00  %   10000     
6.048461e+02      0.00            0.00            1.00000     0.00000       0.00  %   10000     
6.051194e+02      0.00            0.00            1.00000     0.00000       0.00  %   10000     
6.055070e+02      0.00            0.00            1.00000     0.00000       0.00  %   10000     
6.059330e+02      0.00            0.00            1.00000     0.00000       0.00  %   10000     
6.064721e+02      0.00            0.00            1.00000     0.00000       0.00  %   10000     
6.071676e+02      0.00            0.00            1.00000     0.00000       0.00  %   10000     
6.082219e+02      0.00            0.00            1.00000     0.00000       0.00  %   10000     
6.094646e+02      0.00            0.00            1.00000     0.00000       0.00  %   10000     
6.116060e+02      0.00            0.00            1.00000     0.00000       0.00  %   10000     
6.147604e+02      0.00            0.00            1.00000     0.00000       0.00  %   10000     
6.154689e+02      0.00            0.00            1.00000     0.00000       0.00  %   10000     
6.155545e+02      0.00            0.00            1.00000     0.00000       0.00  %   10000     
6.157184e+02      0.00            0.00            1.00000     0.00000       0.00  %   10000     
6.158357e+02      0.00            0.00            1.00000     0.00000       0.00  %   10000     
6.159530e+02      0.00            0.00            1.00000     0.00000       0.00  %   10000     
6.160465e+02      0.00            0.00            1.00000     0.00000       0.00  %   10000     
6.161244e+02      0.00            0.00            1.00000     0.00000       0.00  %   10000     
6.162023e+02      0.00            0.00            1.00000     0.00000       0.00  %   10000     
6.162762e+02      0.00            0.00            1.00000     0.00000       0.00  %   10000     
6.163502e+02      0.00            0.00            1.00000     0.00000       0.00  %   10000     
6.164315e+02      0.00            0.00            1.00000     0.00000       0.00  %   10000     
6.165169e+02      0.00            0.00            1.00000     0.00000       0.00  %   10000     
6.166077e+02      0.00            0.00            1.00000     0.00000       0.00  %   10000     
6.167228e+02      0.00            0.00            1.00000     0.00000       0.00  %   10000     
6.169325e+02      0.00            0.00            1.00000     0.00000       0.00  %   10000     
6.171217e+02      0.00            0.00            1.00000     0.00000       0.00  %   10000     
6.172598e+02      0.00            0.00            1.00000     0.00000       0.00  %   10000     
6.173582e+02      0.00            0.00            1.00000     0.00000       0.00  %   10000     
6.174823e+02      0.00            0.00            1.00000     0.00000       0.00  %   10000     
6.176332e+02      0.00            0.00            1.00000     0.00000       0.00  %   10000     
6.179835e+02      0.00            0.00            1.00000     0.00000       0.00  %   10000     
6.181186e+02      0.00            0.00            1.00000     0.00000       0.00  %   10000     
6.182322e+02      0.00            0.00            1.00000     0.00000       0.00  %   10000     
6.183441e+02      0.00            0.00            1.00000     0.00000       0.00  %   10000     
6.184400e+02      0.00            0.00            1.00000     0.00000       0.00  %   10000     
6.185679e+02      0.00            0.00            1.00000     0.00000       0.00  %   10000     
6.186957e+02      0.00            0.00            1.00000     0.00000       0.00  %   10000     
6.188544e+02      0.00            0.00            1.00000     0.00000       0.00  %   10000     
6.191189e+02      0.00            0.00            1.00000     0.00000       0.00  %   10000     
6.194494e+02      0.00            0.00            1.00000     0.00000       0.00  %   10000     
6.199451e+02      0.00            0.00            1.00000     0.00000       0.00  %   10000     
6.207059e+02      0.00            0.00            1.00000     0.00000       0.00  %   10000     
6.233393e+02      0.00            0.00            1.00000     0.00000       0.00  %   10000     
6.234503e+02      0.00            0.00            1.00000     0.00000       0.00  %   10000     
6.235789e+02      0.00            0.00            1.00000     0.00000       0.00  %   10000     
6.237074e+02      0.00            0.00            1.00000     0.00000       0.00  %   10000     
6.238121e+02      0.00            0.00            1.00000     0.00000       0.00  %   10000     
6.239070e+02      0.00            0.00            1.00000     0.00000       0.00  %   10000     
6.240019e+02      0.00            0.00            1.00000     0.00000       0.00  %   10000     
6.241130e+02      0.00            0.00            1.00000     0.00000       0.00  %   10000     
6.242836e+02      0.00            0.00            1.00000     0.00000       0.00  %   10000     
6.245175e+02      0.00            0.00            1.00000     0.00000       0.00  %   10000     
6.246667e+02      0.00            0.00            1.00000     0.00000       0.00  %   10000     
6.247802e+02      0.00            0.00            1.00000     0.00000       0.00  %   10000     
6.249017e+02      0.00            0.00            1.00000     0.00000       0.00  %   10000     
6.250535e+02      0.00            0.00            1.00000     0.00000       0.00  %   10000     
6.254066e+02      0.00            0.00            1.00000     0.00000       0.00  %   10000     
6.255534e+02      0.00            0.00            1.00000     0.00000       0.00  %   10000     
6.256977e+02      0.00            0.00            1.00000     0.00000       0.00  %   10000     
6.258282e+02      0.00            0.00            1.00000     0.00000       0.00  %   10000     
6.260370e+02      0.00            0.00            1.00000     0.00000       0.00  %   10000     
6.262980e+02      0.00            0.00            1.00000     0.00000       0.00  %   10000     
6.268229e+02      0.00            0.00            1.00000     0.00000       0.00  %   10000     
6.270337e+02      0.00            0.00            1.00000     0.00000       0.00  %   10000     
6.271391e+02      0.00            0.00            1.00000     0.00000       0.00  %   10000     
6.272445e+02      0.00            0.00            1.00000     0.00000       0.00  %   10000     
6.273499e+02      0.00            0.00            1.00000     0.00000       0.00  %   10000     
6.274462e+02      0.00            0.00            1.00000     0.00000       0.00  %   10000     
6.275253e+02      0.00            0.00            1.00000     0.00000       0.00  %   10000     
6.276109e+02      0.00            0.00            1.00000     0.00000       0.00  %   10000     
6.277062e+02      0.00            0.00            1.00000     0.00000       0.00  %   10000     
6.278203e+02      0.00            0.00            1.00000     0.00000       0.00  %   10000     
6.279985e+02      0.00            0.00            1.00000     0.00000       0.00  %   10000     
6.282125e+02      0.00            0.00            1.00000     0.00000       0.00  %   10000     
6.283557e+02      0.00            0.00            1.00000     0.00000       0.00  %   10000     
6.284589e+02      0.00            0.00            1.00000     0.00000       0.00  %   10000     
6.285890e+02      0.00            0.00            1.00000     0.00000       0.00  %   10000     
6.287601e+02      0.00            0.00            1.00000     0.00000       0.00  %   10000     
6.290956e+02      0.00            0.00            1.00000     0.00000       0.00  %   10000     
6.292453e+02      0.00            0.00            1.00000     0.00000       0.00  %   10000     
6.293966e+02      0.00            0.00            1.00000     0.00000       0.00  %   10000     
6.295411e+02      0.00            0.00            1.00000     0.00000       0.00  %   10000     
6.297400e+02      0.00            0.00            1.00000     0.00000       0.00  %   10000     
6.299842e+02      0.00            0.00            1.00000     0.00000       0.00  %   10000     
6.303911e+02      0.00            0.00            1.00000     0.00000       0.00  %   10000     
6.310515e+02      0.00            0.00            1.00000     0.00000       0.00  %   10000     
6.320843e+02      0.00            0.00            1.00000     0.00000       0.00  %   10000     
6.329451e+02      0.00            0.00            1.00000     0.00000       0.00  %   10000     
6.336336e+02      0.00            0.00            1.00000     0.00000       0.00  %   10000     
6.341066e+02      0.00            0.00            1.00000     0.00000       0.00  %   10000     
6.346134e+02      0.00            0.00            1.00000     0.00000       0.00  %   10000     
6.349934e+02      0.00            0.00            1.00000     0.00000       0.00  %   10000     
6.352808e+02      0.00            0.00            1.00000     0.00000       0.00  %   10000     
6.355620e+02      0.00            0.00            1.00000     0.00000       0.00  %   10000     
6.358271e+02      0.00            0.00            1.00000     0.00000       0.00  %   10000     
6.360521e+02      0.00            0.00            1.00000     0.00000       0.00  %   10000     
6.362449e+02      0.00            0.00            1.00000     0.00000       0.00  %   10000     
6.364216e+02      0.00            0.00            1.00000     0.00000       0.00  %   10000     
6.365903e+02      0.00            0.00            1.00000     0.00000       0.00  %   10000     
6.367414e+02      0.00            0.00            1.00000     0.00000       0.00  %   10000     
6.368791e+02      0.00            0.00            1.00000     0.00000       0.00  %   10000     
6.370097e+02      0.00            0.00            1.00000     0.00000       0.00  %   10000     
6.371382e+02      0.00            0.00            1.00000     0.00000       0.00  %   10000     
6.372507e+02      0.00            0.00            1.00000     0.00000       0.00  %   10000     
6.373632e+02      0.00            0.00            1.00000     0.00000       0.00  %   10000     
6.374756e+02      0.00            0.00            1.00000     0.00000       0.00  %   10000     
6.375785e+02      0.00            0.00            1.00000     0.00000       0.00  %   10000     
6.376797e+02      0.00            0.00            1.00000     0.00000       0.00  %   10000     
6.377874e+02      0.00            0.00            1.00000     0.00000       0.00  %   10000     
6.379031e+02      0.00            0.00            1.00000     0.00000       0.00  %   10000     
6.380300e+02      0.00            0.00            1.00000     0.00000       0.00  %   10000     
6.381858e+02      0.00            0.00            1.00000     0.00000       0.00  %   10000     
6.385522e+02      0.00            0.00            1.00000     0.00000       0.00  %   10000     
6.387252e+02      0.00            0.00            1.00000     0.00000       0.00  %   10000     
6.388669e+02      0.00            0.00            1.00000     0.00000       0.00  %   10000     
6.390085e+02      0.00            0.00            1.00000     0.00000       0.00  %   10000     
6.391820e+02      0.00            0.00            1.00000     0.00000       0.00  %   10000     
6.396223e+02      0.00            0.00            1.00000     0.00000       0.00  %   10000     
6.397894e+02      0.00            0.00            1.00000     0.00000       0.00  %   10000     
6.399340e+02      0.00            0.00            1.00000     0.00000       0.00  %   10000     
6.400818e+02      0.00            0.00            1.00000     0.00000       0.00  %   10000     
6.402297e+02      0.00            0.00            1.00000     0.00000       0.00  %   10000     
6.403903e+02      0.00            0.00            1.00000     0.00000       0.00  %   10000     
6.405832e+02      0.00            0.00            1.00000     0.00000       0.00  %   10000     
6.407860e+02      0.00            0.00            1.00000     0.00000       0.00  %   10000     
6.410461e+02      0.00            0.00            1.00000     0.00000       0.00  %   10000     
6.413062e+02      0.00            0.00            1.00000     0.00000       0.00  %   10000     
6.416718e+02      0.00            0.00            1.00000     0.00000       0.00  %   10000     
6.421297e+02      0.00            0.00            1.00000     0.00000       0.00  %   10000     
6.427046e+02      0.00            0.00            1.00000     0.00000       0.00  %   10000     
6.434137e+02      0.00            0.00            1.00000     0.00000       0.00  %   10000     
6.441682e+02      0.00            0.00            1.00000     0.00000       0.00  %   10000     
6.452811e+02      0.00            0.00            1.00000     0.00000       0.00  %   10000     
6.466464e+02      0.00            0.00            1.00000     0.00000       0.00  %   10000     
6.485873e+02      0.00            0.00            1.00000     0.00000       0.00  %   10000     
6.506240e+02      0.00            0.00            1.00000     0.00000       0.00  %   10000     
6.538735e+02      0.00            0.00            1.00000     0.00000       0.00  %   10000     
6.575633e+02      0.00            0.00            1.00000     0.00000       0.00  %   10000     
6.582283e+02      0.00            0.00            1.00000     0.00000       0.00  %   10000     
6.585272e+02      0.00            0.00            1.00000     0.00000       0.00  %   10000     
6.591260e+02      0.00            0.00            1.00000     0.00000       0.00  %   10000     
6.592935e+02      0.00            0.00            1.00000     0.00000       0.00  %   10000     
6.602315e+02      0.00            0.00            1.00000     0.00000       0.00  %   10000     
6.612174e+02      0.00            0.00            1.00000     0.00000       0.00  %   10000     
6.669482e+02      0.00            0.00            1.00000     0.00000       0.00  %   10000     
6.769881e+02      0.00            0.00            1.00000     0.00000       0.00  %   10000     
6.812353e+02      0.00            0.00            1.00000     0.00000       0.00  %   10000     
6.838427e+02      0.00            0.00            1.00000     0.00000       0.00  %   10000     
6.847893e+02      0.00            0.00            1.00000     0.00000       0.00  %   10000     
6.848638e+02      0.00            0.00            1.00000     0.00000       0.00  %   10000     
6.850275e+02      0.00            0.00            1.00000     0.00000       0.00  %   10000     
6.851466e+02      0.00            0.00            1.00000     0.00000       0.00  %   10000     
6.852657e+02      0.00            0.00            1.00000     0.00000       0.00  %   10000     
6.854136e+02      0.00            0.00            1.00000     0.00000       0.00  %   10000     
6.855752e+02      0.00            0.00            1.00000     0.00000       0.00  %   10000     
6.858972e+02      0.00            0.00            1.00000     0.00000       0.00  %   10000     
6.860629e+02      0.00            0.00            1.00000     0.00000       0.00  %   10000     
6.861590e+02      0.00            0.00            1.00000     0.00000       0.00  %   10000     
6.863128e+02      0.00            0.00            1.00000     0.00000       0.00  %   10000     
6.864902e+02      0.00            0.00            1.00000     0.00000       0.00  %   10000     
6.868149e+02      0.00            0.00            1.00000     0.00000       0.00  %   10000     
6.869812e+02      0.00            0.00            1.00000     0.00000       0.00  %   10000     
6.871416e+02      0.00            0.00            1.00000     0.00000       0.00  %   10000     
6.873119e+02      0.00            0.00            1.00000     0.00000       0.00  %   10000     
6.875105e+02      0.00            0.00            1.00000     0.00000       0.00  %   10000     
6.878510e+02      0.00            0.00            1.00000     0.00000       0.00  %   10000     
6.884240e+02      0.00            0.00            1.00000     0.00000       0.00  %   10000     
6.890177e+02      0.00            0.00            1.00000     0.00000       0.00  %   10000     
6.894821e+02      0.00            0.00            1.00000     0.00000       0.00  %   10000     
6.898691e+02      0.00            0.00            1.00000     0.00000       0.00  %   10000     
6.900819e+02      0.00            0.00            1.00000     0.00000       0.00  %   10000     
6.903118e+02      0.00            0.00            1.00000     0.00000       0.00  %   10000     
6.905782e+02      0.00            0.00            1.00000     0.00000       0.00  %   10000     
6.908445e+02      0.00            0.00            1.00000     0.00000       0.00  %   10000     
6.910775e+02      0.00            0.00            1.00000     0.00000       0.00  %   10000     
6.913093e+02      0.00            0.00            1.00000     0.00000       0.00  %   10000     
6.915383e+02      0.00            0.00            1.00000     0.00000       0.00  %   10000     
6.917672e+02      0.00            0.00            1.00000     0.00000       0.00  %   10000     
6.919900e+02      0.00            0.00            1.00000     0.00000       0.00  %   10000     
6.922124e+02      0.00            0.00            1.00000     0.00000       0.00  %   10000     
6.924340e+02      0.00            0.00            1.00000     0.00000       0.00  %   10000     
6.926556e+02      0.00            0.00            1.00000     0.00000       0.00  %   10000     
6.928772e+02      0.00            0.00            1.00000     0.00000       0.00  %   10000     
6.930890e+02      0.00            0.00            1.00000     0.00000       0.00  %   10000     
6.932958e+02      0.00            0.00            1.00000     0.00000       0.00  %   10000     
6.934961e+02      0.00            0.00            1.00000     0.00000       0.00  %   10000     
6.936734e+02      0.00            0.00            1.00000     0.00000       0.00  %   10000     
6.938506e+02      0.00            0.00            1.00000     0.00000       0.00  %   10000     
6.940082e+02      0.00            0.00            1.00000     0.00000       0.00  %   10000     
6.941461e+02      0.00            0.00            1.00000     0.00000       0.00  %   10000     
6.942818e+02      0.00            0.00            1.00000     0.00000       0.00  %   10000     
6.944219e+02      0.00            0.00            1.00000     0.00000       0.00  %   10000     
6.945445e+02      0.00            0.00            1.00000     0.00000       0.00  %   10000     
6.946670e+02      0.00            0.00            1.00000     0.00000       0.00  %   10000     
6.948027e+02      0.00            0.00            1.00000     0.00000       0.00  %   10000     
6.949472e+02      0.00            0.00            1.00000     0.00000       0.00  %   10000     
6.951048e+02      0.00            0.00            1.00000     0.00000       0.00  %   10000     
6.953193e+02      0.00            0.00            1.00000     0.00000       0.00  %   10000     
6.956438e+02      0.00            0.00            1.00000     0.00000       0.00  %   10000     
6.958241e+02      0.00            0.00            1.00000     0.00000       0.00  %   10000     
6.959800e+02      0.00            0.00            1.00000     0.00000       0.00  %   10000     
6.960063e+02      0.00            0.00            1.00000     0.00000       0.00  %   10000     
6.961816e+02      0.00            0.00            1.00000     0.00000       0.00  %   10000     
6.963961e+02      0.00            0.00            1.00000     0.00000       0.00  %   10000     
6.968085e+02      0.00            0.00            1.00000     0.00000       0.00  %   10000     
6.970001e+02      0.00            0.00            1.00000     0.00000       0.00  %   10000     
6.971534e+02      0.00            0.00            1.00000     0.00000       0.00  %   10000     
6.972847e+02      0.00            0.00            1.00000     0.00000       0.00  %   10000     
6.974478e+02      0.00            0.00            1.00000     0.00000       0.00  %   10000     
6.974888e+02      0.00            0.00            1.00000     0.00000       0.00  %   10000     
6.976024e+02      0.00            0.00            1.00000     0.00000       0.00  %   10000     
6.977174e+02      0.00            0.00            1.00000     0.00000       0.00  %   10000     
6.978669e+02      0.00            0.00            1.00000     0.00000       0.00  %   10000     
6.979982e+02      0.00            0.00            1.00000     0.00000       0.00  %   10000     
6.981288e+02      0.00            0.00            1.00000     0.00000       0.00  %   10000     
6.982751e+02      0.00            0.00            1.00000     0.00000       0.00  %   10000     
6.984576e+02      0.00            0.00            1.00000     0.00000       0.00  %   10000     
6.988753e+02      0.00            0.00            1.00000     0.00000       0.00  %   10000     
6.990351e+02      0.00            0.00            1.00000     0.00000       0.00  %   10000     
6.991995e+02      0.00            0.00            1.00000     0.00000       0.00  %   10000     
6.993701e+02      0.00            0.00            1.00000     0.00000       0.00  %   10000     
6.995404e+02      0.00            0.00            1.00000     0.00000       0.00  %   10000     
7.000190e+02      0.00            0.00            1.00000     0.00000       0.00  %   10000     
7.002055e+02      0.00            0.00            1.00000     0.00000       0.00  %   10000     
7.003677e+02      0.00            0.00            1.00000     0.00000       0.00  %   10000     
7.005299e+02      0.00            0.00            1.00000     0.00000       0.00  %   10000     
7.006921e+02      0.00            0.00            1.00000     0.00000       0.00  %   10000     
7.008949e+02      0.00            0.00            1.00000     0.00000       0.00  %   10000     
7.010977e+02      0.00            0.00            1.00000     0.00000       0.00  %   10000     
7.013410e+02      0.00            0.00            1.00000     0.00000       0.00  %   10000     
7.016477e+02      0.00            0.00            1.00000     0.00000       0.00  %   10000     
7.020102e+02      0.00            0.00            1.00000     0.00000       0.00  %   10000     
7.024157e+02      0.00            0.00            1.00000     0.00000       0.00  %   10000     
7.029226e+02      0.00            0.00            1.00000     0.00000       0.00  %   10000     
7.035593e+02      0.00            0.00            1.00000     0.00000       0.00  %   10000     
7.043382e+02      0.00            0.00            1.00000     0.00000       0.00  %   10000     
7.053605e+02      0.00            0.00            1.00000     0.00000       0.00  %   10000     
7.066099e+02      0.00            0.00            1.00000     0.00000       0.00  %   10000     
7.081709e+02      0.00            0.00            1.00000     0.00000       0.00  %   10000     
7.107120e+02      0.00            0.00            1.00000     0.00000       0.00  %   10000     
7.127894e+02      0.00            0.00            1.00000     0.00000       0.00  %   10000     
7.136638e+02      0.00            0.00            1.00000     0.00000       0.00  %   10000     
7.142200e+02      0.00            0.00            1.00000     0.00000       0.00  %   10000     
7.143248e+02      0.00            0.00            1.00000     0.00000       0.00  %   10000     
7.144590e+02      0.00            0.00            1.00000     0.00000       0.00  %   10000     
7.145472e+02      0.00            0.00            1.00000     0.00000       0.00  %   10000     
7.146355e+02      0.00            0.00            1.00000     0.00000       0.00  %   10000     
7.147091e+02      0.00            0.00            1.00000     0.00000       0.00  %   10000     
7.147826e+02      0.00            0.00            1.00000     0.00000       0.00  %   10000     
7.148562e+02      0.00            0.00            1.00000     0.00000       0.00  %   10000     
7.149298e+02      0.00            0.00            1.00000     0.00000       0.00  %   10000     
7.150180e+02      0.00            0.00            1.00000     0.00000       0.00  %   10000     
7.151151e+02      0.00            0.00            1.00000     0.00000       0.00  %   10000     
7.152416e+02      0.00            0.00            1.00000     0.00000       0.00  %   10000     
7.155923e+02      0.00            0.00            1.00000     0.00000       0.00  %   10000     
7.157312e+02      0.00            0.00            1.00000     0.00000       0.00  %   10000     
7.158411e+02      0.00            0.00            1.00000     0.00000       0.00  %   10000     
7.158842e+02      0.00            0.00            1.00000     0.00000       0.00  %   10000     
7.160019e+02      0.00            0.00            1.00000     0.00000       0.00  %   10000     
7.161384e+02      0.00            0.00            1.00000     0.00000       0.00  %   10000     
7.165598e+02      0.00            0.00            1.00000     0.00000       0.00  %   10000     
7.167069e+02      0.00            0.00            1.00000     0.00000       0.00  %   10000     
7.168540e+02      0.00            0.00            1.00000     0.00000       0.00  %   10000     
7.170011e+02      0.00            0.00            1.00000     0.00000       0.00  %   10000     
7.171736e+02      0.00            0.00            1.00000     0.00000       0.00  %   10000     
7.173597e+02      0.00            0.00            1.00000     0.00000       0.00  %   10000     
7.176077e+02      0.00            0.00            1.00000     0.00000       0.00  %   10000     
7.179383e+02      0.00            0.00            1.00000     0.00000       0.00  %   10000     
7.185468e+02      0.00            0.00            1.00000     0.00000       0.00  %   10000     
7.195117e+02      0.00            0.00            1.00000     0.00000       0.00  %   10000     
7.207125e+02      0.00            0.00            1.00000     0.00000       0.00  %   10000     
7.229057e+02      0.00            0.00            1.00000     0.00000       0.00  %   10000     
7.265183e+02      0.00            0.00            1.00000     0.00000       0.00  %   10000     
7.337952e+02      0.00            0.00            1.00000     0.00000       0.00  %   10000     
7.371154e+02      0.00            0.00            1.00000     0.00000       0.00  %   10000     
7.376574e+02      0.00            0.00            1.00000     0.00000       0.00  %   10000     
7.379937e+02      0.00            0.00            1.00000     0.00000       0.00  %   10000     
7.386778e+02      0.00            0.00            1.00000     0.00000       0.00  %   10000     
7.388363e+02      0.00            0.00            1.00000     0.00000       0.00  %   10000     
7.392121e+02      0.00            0.00            1.00000     0.00000       0.00  %   10000     
7.397114e+02      0.00            0.00            1.00000     0.00000       0.00  %   10000     
7.405957e+02      0.00            0.00            1.00000     0.00000       0.00  %   10000     
7.519818e+02      0.00            0.00            1.00000     0.00000       0.00  %   10000     
7.550193e+02      0.00            0.00            1.00000     0.00000       0.00  %   10000     
7.560012e+02      0.00            0.00            1.00000     0.00000       0.00  %   10000     
7.566577e+02      0.00            0.00            1.00000     0.00000       0.00  %   10000     
7.571463e+02      0.00            0.00            1.00000     0.00000       0.00  %   10000     
7.574779e+02      0.00            0.00            1.00000     0.00000       0.00  %   10000     
7.577432e+02      0.00            0.00            1.00000     0.00000       0.00  %   10000     
7.579422e+02      0.00            0.00            1.00000     0.00000       0.00  %   10000     
7.581080e+02      0.00            0.00            1.00000     0.00000       0.00  %   10000     
7.582559e+02      0.00            0.00            1.00000     0.00000       0.00  %   10000     
7.583769e+02      0.00            0.00            1.00000     0.00000       0.00  %   10000     
7.584980e+02      0.00            0.00            1.00000     0.00000       0.00  %   10000     
7.586081e+02      0.00            0.00            1.00000     0.00000       0.00  %   10000     
7.587142e+02      0.00            0.00            1.00000     0.00000       0.00  %   10000     
7.588203e+02      0.00            0.00            1.00000     0.00000       0.00  %   10000     
7.589264e+02      0.00            0.00            1.00000     0.00000       0.00  %   10000     
7.590325e+02      0.00            0.00            1.00000     0.00000       0.00  %   10000     
7.591386e+02      0.00            0.00            1.00000     0.00000       0.00  %   10000     
7.592633e+02      0.00            0.00            1.00000     0.00000       0.00  %   10000     
7.594198e+02      0.00            0.00            1.00000     0.00000       0.00  %   10000     
7.598098e+02      0.00            0.00            1.00000     0.00000       0.00  %   10000     
7.599530e+02      0.00            0.00            1.00000     0.00000       0.00  %   10000     
7.601113e+02      0.00            0.00            1.00000     0.00000       0.00  %   10000     
7.601421e+02      0.00            0.00            1.00000     0.00000       0.00  %   10000     
7.602342e+02      0.00            0.00            1.00000     0.00000       0.00  %   10000     
7.603828e+02      0.00            0.00            1.00000     0.00000       0.00  %   10000     
7.605950e+02      0.00            0.00            1.00000     0.00000       0.00  %   10000     
7.608868e+02      0.00            0.00            1.00000     0.00000       0.00  %   10000     
7.610566e+02      0.00            0.00            1.00000     0.00000       0.00  %   10000     
7.611840e+02      0.00            0.00            1.00000     0.00000       0.00  %   10000     
7.613166e+02      0.00            0.00            1.00000     0.00000       0.00  %   10000     
7.614493e+02      0.00            0.00            1.00000     0.00000       0.00  %   10000     
7.615905e+02      0.00            0.00            1.00000     0.00000       0.00  %   10000     
7.617447e+02      0.00            0.00            1.00000     0.00000       0.00  %   10000     
7.619414e+02      0.00            0.00            1.00000     0.00000       0.00  %   10000     
7.621735e+02      0.00            0.00            1.00000     0.00000       0.00  %   10000     
7.624388e+02      0.00            0.00            1.00000     0.00000       0.00  %   10000     
7.627704e+02      0.00            0.00            1.00000     0.00000       0.00  %   10000     
7.632224e+02      0.00            0.00            1.00000     0.00000       0.00  %   10000     
7.638240e+02      0.00            0.00            1.00000     0.00000       0.00  %   10000     
7.645644e+02      0.00            0.00            1.00000     0.00000       0.00  %   10000     
7.656030e+02      0.00            0.00            1.00000     0.00000       0.00  %   10000     
7.671766e+02      0.00            0.00            1.00000     0.00000       0.00  %   10000     
7.699823e+02      0.00            0.00            1.00000     0.00000       0.00  %   10000     
7.705782e+02      0.00            0.00            1.00000     0.00000       0.00  %   10000     
7.710120e+02      0.00            0.00            1.00000     0.00000       0.00  %   10000     
7.713350e+02      0.00            0.00            1.00000     0.00000       0.00  %   10000     
7.715266e+02      0.00            0.00            1.00000     0.00000       0.00  %   10000     
7.717183e+02      0.00            0.00            1.00000     0.00000       0.00  %   10000     
7.718798e+02      0.00            0.00            1.00000     0.00000       0.00  %   10000     
7.720090e+02      0.00            0.00            1.00000     0.00000       0.00  %   10000     
7.721221e+02      0.00            0.00            1.00000     0.00000       0.00  %   10000     
7.722351e+02      0.00            0.00            1.00000     0.00000       0.00  %   10000     
7.723373e+02      0.00            0.00            1.00000     0.00000       0.00  %   10000     
7.724268e+02      0.00            0.00            1.00000     0.00000       0.00  %   10000     
7.725248e+02      0.00            0.00            1.00000     0.00000       0.00  %   10000     
7.726099e+02      0.00            0.00            1.00000     0.00000       0.00  %   10000     
7.727051e+02      0.00            0.00            1.00000     0.00000       0.00  %   10000     
7.727945e+02      0.00            0.00            1.00000     0.00000       0.00  %   10000     
7.728911e+02      0.00            0.00            1.00000     0.00000       0.00  %   10000     
7.730004e+02      0.00            0.00            1.00000     0.00000       0.00  %   10000     
7.731296e+02      0.00            0.00            1.00000     0.00000       0.00  %   10000     
7.732915e+02      0.00            0.00            1.00000     0.00000       0.00  %   10000     
7.736549e+02      0.00            0.00            1.00000     0.00000       0.00  %   10000     
7.737799e+02      0.00            0.00            1.00000     0.00000       0.00  %   10000     
7.739266e+02      0.00            0.00            1.00000     0.00000       0.00  %   10000     
7.739923e+02      0.00            0.00            1.00000     0.00000       0.00  %   10000     
7.741377e+02      0.00            0.00            1.00000     0.00000       0.00  %   10000     
7.743364e+02      0.00            0.00            1.00000     0.00000       0.00  %   10000     
7.747510e+02      0.00            0.00            1.00000     0.00000       0.00  %   10000     
7.749214e+02      0.00            0.00            1.00000     0.00000       0.00  %   10000     
7.750634e+02      0.00            0.00            1.00000     0.00000       0.00  %   10000     
7.752053e+02      0.00            0.00            1.00000     0.00000       0.00  %   10000     
7.753661e+02      0.00            0.00            1.00000     0.00000       0.00  %   10000     
7.755141e+02      0.00            0.00            1.00000     0.00000       0.00  %   10000     
7.756898e+02      0.00            0.00            1.00000     0.00000       0.00  %   10000     
7.758925e+02      0.00            0.00            1.00000     0.00000       0.00  %   10000     
7.761765e+02      0.00            0.00            1.00000     0.00000       0.00  %   10000     
7.765314e+02      0.00            0.00            1.00000     0.00000       0.00  %   10000     
7.769574e+02      0.00            0.00            1.00000     0.00000       0.00  %   10000     
7.775695e+02      0.00            0.00            1.00000     0.00000       0.00  %   10000     
7.782895e+02      0.00            0.00            1.00000     0.00000       0.00  %   10000     
7.793216e+02      0.00            0.00            1.00000     0.00000       0.00  %   10000     
7.809554e+02      0.00            0.00            1.00000     0.00000       0.00  %   10000     
7.825713e+02      0.00            0.00            1.00000     0.00000       0.00  %   10000     
7.827346e+02      0.00            0.00            1.00000     0.00000       0.00  %   10000     
7.829674e+02      0.00            0.00            1.00000     0.00000       0.00  %   10000     
7.831065e+02      0.00            0.00            1.00000     0.00000       0.00  %   10000     
7.832137e+02      0.00            0.00            1.00000     0.00000       0.00  %   10000     
7.833075e+02      0.00            0.00            1.00000     0.00000       0.00  %   10000     
7.834045e+02      0.00            0.00            1.00000     0.00000       0.00  %   10000     
7.834983e+02      0.00            0.00            1.00000     0.00000       0.00  %   10000     
7.835994e+02      0.00            0.00            1.00000     0.00000       0.00  %   10000     
7.837136e+02      0.00            0.00            1.00000     0.00000       0.00  %   10000     
7.838469e+02      0.00            0.00            1.00000     0.00000       0.00  %   10000     
7.842398e+02      0.00            0.00            1.00000     0.00000       0.00  %   10000     
7.843950e+02      0.00            0.00            1.00000     0.00000       0.00  %   10000     
7.845427e+02      0.00            0.00            1.00000     0.00000       0.00  %   10000     
7.846929e+02      0.00            0.00            1.00000     0.00000       0.00  %   10000     
7.848430e+02      0.00            0.00            1.00000     0.00000       0.00  %   10000     
7.852476e+02      0.00            0.00            1.00000     0.00000       0.00  %   10000     
7.854099e+02      0.00            0.00            1.00000     0.00000       0.00  %   10000     
7.855507e+02      0.00            0.00            1.00000     0.00000       0.00  %   10000     
7.856978e+02      0.00            0.00            1.00000     0.00000       0.00  %   10000     
7.858542e+02      0.00            0.00            1.00000     0.00000       0.00  %   10000     
7.860128e+02      0.00            0.00            1.00000     0.00000       0.00  %   10000     
7.862674e+02      0.00            0.00            1.00000     0.00000       0.00  %   10000     
7.866024e+02      0.00            0.00            1.00000     0.00000       0.00  %   10000     
7.872255e+02      0.00            0.00            1.00000     0.00000       0.00  %   10000     
7.882801e+02      0.00            0.00            1.00000     0.00000       0.00  %   10000     
7.901407e+02      0.00            0.00            1.00000     0.00000       0.00  %   10000     
7.931406e+02      0.00            0.00            1.00000     0.00000       0.00  %   10000     
7.940905e+02      0.00            0.00            1.00000     0.00000       0.00  %   10000     
7.942746e+02      0.00            0.00            1.00000     0.00000       0.00  %   10000     
7.944588e+02      0.00            0.00            1.00000     0.00000       0.00  %   10000     
7.945937e+02      0.00            0.00            1.00000     0.00000       0.00  %   10000     
7.946949e+02      0.00            0.00            1.00000     0.00000       0.00  %   10000     
7.947961e+02      0.00            0.00            1.00000     0.00000       0.00  %   10000     
7.948804e+02      0.00            0.00            1.00000     0.00000       0.00  %   10000     
7.949648e+02      0.00            0.00            1.00000     0.00000       0.00  %   10000     
7.950467e+02      0.00            0.00            1.00000     0.00000       0.00  %   10000     
7.951336e+02      0.00            0.00            1.00000     0.00000       0.00  %   10000     
7.952205e+02      0.00            0.00            1.00000     0.00000       0.00  %   10000     
7.953073e+02      0.00            0.00            1.00000     0.00000       0.00  %   10000     
7.954122e+02      0.00            0.00            1.00000     0.00000       0.00  %   10000     
7.955322e+02      0.00            0.00            1.00000     0.00000       0.00  %   10000     
7.957151e+02      0.00            0.00            1.00000     0.00000       0.00  %   10000     
7.959789e+02      0.00            0.00            1.00000     0.00000       0.00  %   10000     
7.961289e+02      0.00            0.00            1.00000     0.00000       0.00  %   10000     
7.962667e+02      0.00            0.00            1.00000     0.00000       0.00  %   10000     
7.963057e+02      0.00            0.00            1.00000     0.00000       0.00  %   10000     
7.964317e+02      0.00            0.00            1.00000     0.00000       0.00  %   10000     
7.966116e+02      0.00            0.00            1.00000     0.00000       0.00  %   10000     
7.970014e+02      0.00            0.00            1.00000     0.00000       0.00  %   10000     
7.971590e+02      0.00            0.00            1.00000     0.00000       0.00  %   10000     
7.972847e+02      0.00            0.00            1.00000     0.00000       0.00  %   10000     
7.974159e+02      0.00            0.00            1.00000     0.00000       0.00  %   10000     
7.975470e+02      0.00            0.00            1.00000     0.00000       0.00  %   10000     
7.976970e+02      0.00            0.00            1.00000     0.00000       0.00  %   10000     
7.978844e+02      0.00            0.00            1.00000     0.00000       0.00  %   10000     
7.981359e+02      0.00            0.00            1.00000     0.00000       0.00  %   10000     
7.985039e+02      0.00            0.00            1.00000     0.00000       0.00  %   10000     
7.989697e+02      0.00            0.00            1.00000     0.00000       0.00  %   10000     
7.996498e+02      0.00            0.00            1.00000     0.00000       0.00  %   10000     
8.006420e+02      0.00            0.00            1.00000     0.00000       0.00  %   10000     
8.020437e+02      0.00            0.00            1.00000     0.00000       0.00  %   10000     
8.043797e+02      0.00            0.00            1.00000     0.00000       0.00  %   10000     
8.102117e+02      0.00            0.00            1.00000     0.00000       0.00  %   10000     
8.113669e+02      0.00            0.00            1.00000     0.00000       0.00  %   10000     
8.124080e+02      0.00            0.00            1.00000     0.00000       0.00  %   10000     
8.124951e+02      0.00            0.00            1.00000     0.00000       0.00  %   10000     
8.126695e+02      0.00            0.00            1.00000     0.00000       0.00  %   10000     
8.128216e+02      0.00            0.00            1.00000     0.00000       0.00  %   10000     
8.129737e+02      0.00            0.00            1.00000     0.00000       0.00  %   10000     
8.131973e+02      0.00            0.00            1.00000     0.00000       0.00  %   10000     
8.134974e+02      0.00            0.00            1.00000     0.00000       0.00  %   10000     
8.136734e+02      0.00            0.00            1.00000     0.00000       0.00  %   10000     
8.137647e+02      0.00            0.00            1.00000     0.00000       0.00  %   10000     
8.139472e+02      0.00            0.00            1.00000     0.00000       0.00  %   10000     
8.145730e+02      0.00            0.00            1.00000     0.00000       0.00  %   10000     
8.148743e+02      0.00            0.00            1.00000     0.00000       0.00  %   10000     
8.152360e+02      0.00            0.00            1.00000     0.00000       0.00  %   10000     
8.156292e+02      0.00            0.00            1.00000     0.00000       0.00  %   10000     
8.162427e+02      0.00            0.00            1.00000     0.00000       0.00  %   10000     
8.163108e+02      0.00            0.00            1.00000     0.00000       0.00  %   10000     
8.166888e+02      0.00            0.00            1.00000     0.00000       0.00  %   10000     
8.170513e+02      0.00            0.00            1.00000     0.00000       0.00  %   10000     
8.172929e+02      0.00            0.00            1.00000     0.00000       0.00  %   10000     
8.175092e+02      0.00            0.00            1.00000     0.00000       0.00  %   10000     
8.176524e+02      0.00            0.00            1.00000     0.00000       0.00  %   10000     
8.178171e+02      0.00            0.00            1.00000     0.00000       0.00  %   10000     
8.179460e+02      0.00            0.00            1.00000     0.00000       0.00  %   10000     
8.180534e+02      0.00            0.00            1.00000     0.00000       0.00  %   10000     
8.181616e+02      0.00            0.00            1.00000     0.00000       0.00  %   10000     
8.182615e+02      0.00            0.00            1.00000     0.00000       0.00  %   10000     
8.183614e+02      0.00            0.00            1.00000     0.00000       0.00  %   10000     
8.184613e+02      0.00            0.00            1.00000     0.00000       0.00  %   10000     
8.185614e+02      0.00            0.00            1.00000     0.00000       0.00  %   10000     
8.186664e+02      0.00            0.00            1.00000     0.00000       0.00  %   10000     
8.187810e+02      0.00            0.00            1.00000     0.00000       0.00  %   10000     
8.189147e+02      0.00            0.00            1.00000     0.00000       0.00  %   10000     
8.191362e+02      0.00            0.00            1.00000     0.00000       0.00  %   10000     
8.193654e+02      0.00            0.00            1.00000     0.00000       0.00  %   10000     
8.195334e+02      0.00            0.00            1.00000     0.00000       0.00  %   10000     
8.196593e+02      0.00            0.00            1.00000     0.00000       0.00  %   10000     
8.197817e+02      0.00            0.00            1.00000     0.00000       0.00  %   10000     
8.199192e+02      0.00            0.00            1.00000     0.00000       0.00  %   10000     
8.201331e+02      0.00            0.00            1.00000     0.00000       0.00  %   10000     
8.204042e+02      0.00            0.00            1.00000     0.00000       0.00  %   10000     
8.205570e+02      0.00            0.00            1.00000     0.00000       0.00  %   10000     
8.206716e+02      0.00            0.00            1.00000     0.00000       0.00  %   10000     
8.207822e+02      0.00            0.00            1.00000     0.00000       0.00  %   10000     
8.208889e+02      0.00            0.00            1.00000     0.00000       0.00  %   10000     
8.209956e+02      0.00            0.00            1.00000     0.00000       0.00  %   10000     
8.210991e+02      0.00            0.00            1.00000     0.00000       0.00  %   10000     
8.212191e+02      0.00            0.00            1.00000     0.00000       0.00  %   10000     
8.213527e+02      0.00            0.00            1.00000     0.00000       0.00  %   10000     
8.214830e+02      0.00            0.00            1.00000     0.00000       0.00  %   10000     
8.216340e+02      0.00            0.00            1.00000     0.00000       0.00  %   10000     
8.218147e+02      0.00            0.00            1.00000     0.00000       0.00  %   10000     
8.220021e+02      0.00            0.00            1.00000     0.00000       0.00  %   10000     
8.222169e+02      0.00            0.00            1.00000     0.00000       0.00  %   10000     
8.224265e+02      0.00            0.00            1.00000     0.00000       0.00  %   10000     
8.224964e+02      0.00            0.00            1.00000     0.00000       0.00  %   10000     
8.226362e+02      0.00            0.00            1.00000     0.00000       0.00  %   10000     
8.227832e+02      0.00            0.00            1.00000     0.00000       0.00  %   10000     
8.229008e+02      0.00            0.00            1.00000     0.00000       0.00  %   10000     
8.230184e+02      0.00            0.00            1.00000     0.00000       0.00  %   10000     
8.231241e+02      0.00            0.00            1.00000     0.00000       0.00  %   10000     
8.232289e+02      0.00            0.00            1.00000     0.00000       0.00  %   10000     
8.233338e+02      0.00            0.00            1.00000     0.00000       0.00  %   10000     
8.234306e+02      0.00            0.00            1.00000     0.00000       0.00  %   10000     
8.235194e+02      0.00            0.00            1.00000     0.00000       0.00  %   10000     
8.236082e+02      0.00            0.00            1.00000     0.00000       0.00  %   10000     
8.237020e+02      0.00            0.00            1.00000     0.00000       0.00  %   10000     
8.237941e+02      0.00            0.00            1.00000     0.00000       0.00  %   10000     
8.238911e+02      0.00            0.00            1.00000     0.00000       0.00  %   10000     
8.239947e+02      0.00            0.00            1.00000     0.00000       0.00  %   10000     
8.241065e+02      0.00            0.00            1.00000     0.00000       0.00  %   10000     
8.242250e+02      0.00            0.00            1.00000     0.00000       0.00  %   10000     
8.243664e+02      0.00            0.00            1.00000     0.00000       0.00  %   10000     
8.245802e+02      0.00            0.00            1.00000     0.00000       0.00  %   10000     
8.248664e+02      0.00            0.00            1.00000     0.00000       0.00  %   10000     
8.250435e+02      0.00            0.00            1.00000     0.00000       0.00  %   10000     
8.252126e+02      0.00            0.00            1.00000     0.00000       0.00  %   10000     
8.252294e+02      0.00            0.00            1.00000     0.00000       0.00  %   10000     
8.253664e+02      0.00            0.00            1.00000     0.00000       0.00  %   10000     
8.255506e+02      0.00            0.00            1.00000     0.00000       0.00  %   10000     
8.260637e+02      0.00            0.00            1.00000     0.00000       0.00  %   10000     
8.262282e+02      0.00            0.00            1.00000     0.00000       0.00  %   10000     
8.263926e+02      0.00            0.00            1.00000     0.00000       0.00  %   10000     
8.265571e+02      0.00            0.00            1.00000     0.00000       0.00  %   10000     
8.267215e+02      0.00            0.00            1.00000     0.00000       0.00  %   10000     
8.269189e+02      0.00            0.00            1.00000     0.00000       0.00  %   10000     
8.271572e+02      0.00            0.00            1.00000     0.00000       0.00  %   10000     
8.274061e+02      0.00            0.00            1.00000     0.00000       0.00  %   10000     
8.277017e+02      0.00            0.00            1.00000     0.00000       0.00  %   10000     
8.281129e+02      0.00            0.00            1.00000     0.00000       0.00  %   10000     
8.286063e+02      0.00            0.00            1.00000     0.00000       0.00  %   10000     
8.291167e+02      0.00            0.00            1.00000     0.00000       0.00  %   10000     
8.298425e+02      0.00            0.00            1.00000     0.00000       0.00  %   10000     
8.308830e+02      0.00            0.00            1.00000     0.00000       0.00  %   10000     
8.321231e+02      0.00            0.00            1.00000     0.00000       0.00  %   10000     
8.337778e+02      0.00            0.00            1.00000     0.00000       0.00  %   10000     
8.361278e+02      0.00            0.00            1.00000     0.00000       0.00  %   10000     
8.389578e+02      0.00            0.00            1.00000     0.00000       0.00  %   10000     
8.427192e+02      0.00            0.00            1.00000     0.00000       0.00  %   10000     
8.495324e+02      0.00            0.00            1.00000     0.00000       0.00  %   10000     
8.604614e+02      0.00            0.00            1.00000     0.00000       0.00  %   10000     
8.622567e+02      0.00            0.00            1.00000     0.00000       0.00  %   10000     
8.632093e+02      0.00            0.00            1.00000     0.00000       0.00  %   10000     
8.633990e+02      0.00            0.00            1.00000     0.00000       0.00  %   10000     
8.636041e+02      0.00            0.00            1.00000     0.00000       0.00  %   10000     
8.638063e+02      0.00            0.00            1.00000     0.00000       0.00  %   10000     
8.642953e+02      0.00            0.00            1.00000     0.00000       0.00  %   10000     
8.645210e+02      0.00            0.00            1.00000     0.00000       0.00  %   10000     
8.645778e+02      0.00            0.00            1.00000     0.00000       0.00  %   10000     
8.648141e+02      0.00            0.00            1.00000     0.00000       0.00  %   10000     
8.654112e+02      0.00            0.00            1.00000     0.00000       0.00  %   10000     
8.657378e+02      0.00            0.00            1.00000     0.00000       0.00  %   10000     
8.664463e+02      0.00            0.00            1.00000     0.00000       0.00  %   10000     
8.675382e+02      0.00            0.00            1.00000     0.00000       0.00  %   10000     
8.758160e+02      0.00            0.00            1.00000     0.00000       0.00  %   10000     
8.774304e+02      0.00            0.00            1.00000     0.00000       0.00  %   10000     
8.782708e+02      0.00            0.00            1.00000     0.00000       0.00  %   10000     
8.783217e+02      0.00            0.00            1.00000     0.00000       0.00  %   10000     
8.784869e+02      0.00            0.00            1.00000     0.00000       0.00  %   10000     
8.786137e+02      0.00            0.00            1.00000     0.00000       0.00  %   10000     
8.787531e+02      0.00            0.00            1.00000     0.00000       0.00  %   10000     
8.789050e+02      0.00            0.00            1.00000     0.00000       0.00  %   10000     
8.791010e+02      0.00            0.00            1.00000     0.00000       0.00  %   10000     
8.794626e+02      0.00            0.00            1.00000     0.00000       0.00  %   10000     
8.796434e+02      0.00            0.00            1.00000     0.00000       0.00  %   10000     
8.797649e+02      0.00            0.00            1.00000     0.00000       0.00  %   10000     
8.799776e+02      0.00            0.00            1.00000     0.00000       0.00  %   10000     
8.805805e+02      0.00            0.00            1.00000     0.00000       0.00  %   10000     
8.808646e+02      0.00            0.00            1.00000     0.00000       0.00  %   10000     
8.812142e+02      0.00            0.00            1.00000     0.00000       0.00  %   10000     
8.818560e+02      0.00            0.00            1.00000     0.00000       0.00  %   10000     
8.827293e+02      0.00            0.00            1.00000     0.00000       0.00  %   10000     
8.850274e+02      0.00            0.00            1.00000     0.00000       0.00  %   10000     
8.939034e+02      0.00            0.00            1.00000     0.00000       0.00  %   10000     
9.100793e+02      0.00            0.00            1.00000     0.00000       0.00  %   10000     
9.180330e+02      0.00            0.00            1.00000     0.00000       0.00  %   10000     
9.225567e+02      0.00            0.00            1.00000     0.00000       0.00  %   10000     
9.255278e+02      0.00            0.00            1.00000     0.00000       0.00  %   10000     
9.281716e+02      0.00            0.00            1.00000     0.00000       0.00  %   10000     
9.286848e+02      0.00            0.00            1.00000     0.00000       0.00  %   10000     
9.290011e+02      0.00            0.00            1.00000     0.00000       0.00  %   10000     
9.293463e+02      0.00            0.00            1.00000     0.00000       0.00  %   10000     
9.295895e+02      0.00            0.00            1.00000     0.00000       0.00  %   10000     
9.298012e+02      0.00            0.00            1.00000     0.00000       0.00  %   10000     
9.299776e+02      0.00            0.00            1.00000     0.00000       0.00  %   10000     
9.301399e+02      0.00            0.00            1.00000     0.00000       0.00  %   10000     
9.302810e+02      0.00            0.00            1.00000     0.00000       0.00  %   10000     
9.304221e+02      0.00            0.00            1.00000     0.00000       0.00  %   10000     
9.305350e+02      0.00            0.00            1.00000     0.00000       0.00  %   10000     
9.306514e+02      0.00            0.00            1.00000     0.00000       0.00  %   10000     
9.307485e+02      0.00            0.00            1.00000     0.00000       0.00  %   10000     
9.308455e+02      0.00            0.00            1.00000     0.00000       0.00  %   10000     
9.309443e+02      0.00            0.00            1.00000     0.00000       0.00  %   10000     
9.310430e+02      0.00            0.00            1.00000     0.00000       0.00  %   10000     
9.311418e+02      0.00            0.00            1.00000     0.00000       0.00  %   10000     
9.312406e+02      0.00            0.00            1.00000     0.00000       0.00  %   10000     
9.313479e+02      0.00            0.00            1.00000     0.00000       0.00  %   10000     
9.314622e+02      0.00            0.00            1.00000     0.00000       0.00  %   10000     
9.315906e+02      0.00            0.00            1.00000     0.00000       0.00  %   10000     
9.317600e+02      0.00            0.00            1.00000     0.00000       0.00  %   10000     
9.322002e+02      0.00            0.00            1.00000     0.00000       0.00  %   10000     
9.323900e+02      0.00            0.00            1.00000     0.00000       0.00  %   10000     
9.325481e+02      0.00            0.00            1.00000     0.00000       0.00  %   10000     
9.326801e+02      0.00            0.00            1.00000     0.00000       0.00  %   10000     
9.328776e+02      0.00            0.00            1.00000     0.00000       0.00  %   10000     
9.333970e+02      0.00            0.00            1.00000     0.00000       0.00  %   10000     
9.335663e+02      0.00            0.00            1.00000     0.00000       0.00  %   10000     
9.337074e+02      0.00            0.00            1.00000     0.00000       0.00  %   10000     
9.338486e+02      0.00            0.00            1.00000     0.00000       0.00  %   10000     
9.339897e+02      0.00            0.00            1.00000     0.00000       0.00  %   10000     
9.341594e+02      0.00            0.00            1.00000     0.00000       0.00  %   10000     
9.343582e+02      0.00            0.00            1.00000     0.00000       0.00  %   10000     
9.345570e+02      0.00            0.00            1.00000     0.00000       0.00  %   10000     
9.348392e+02      0.00            0.00            1.00000     0.00000       0.00  %   10000     
9.351850e+02      0.00            0.00            1.00000     0.00000       0.00  %   10000     
9.356295e+02      0.00            0.00            1.00000     0.00000       0.00  %   10000     
9.361550e+02      0.00            0.00            1.00000     0.00000       0.00  %   10000     
9.368868e+02      0.00            0.00            1.00000     0.00000       0.00  %   10000     
9.377119e+02      0.00            0.00            1.00000     0.00000       0.00  %   10000     
9.388826e+02      0.00            0.00            1.00000     0.00000       0.00  %   10000     
9.405382e+02      0.00            0.00            1.00000     0.00000       0.00  %   10000     
9.423285e+02      0.00            0.00            1.00000     0.00000       0.00  %   10000     
9.458885e+02      0.00            0.00            1.00000     0.00000       0.00  %   10000     
9.540194e+02      0.00            0.00            1.00000     0.00000       0.00  %   10000     
9.555883e+02      0.00            0.00            1.00000     0.00000       0.00  %   10000     
9.557136e+02      0.00            0.00            1.00000     0.00000       0.00  %   10000     
9.561218e+02      0.00            0.00            1.00000     0.00000       0.00  %   10000     
9.566827e+02      0.00            0.00            1.00000     0.00000       0.00  %   10000     
9.567978e+02      0.00            0.00            1.00000     0.00000       0.00  %   10000     
9.572359e+02      0.00            0.00            1.00000     0.00000       0.00  %   10000     
9.581806e+02      0.00            0.00            1.00000     0.00000       0.00  %   10000     
9.591821e+02      0.00            0.00            1.00000     0.00000       0.00  %   10000     
9.594109e+02      0.00            0.00            1.00000     0.00000       0.00  %   10000     
9.596377e+02      0.00            0.00            1.00000     0.00000       0.00  %   10000     
9.597738e+02      0.00            0.00            1.00000     0.00000       0.00  %   10000     
9.598850e+02      0.00            0.00            1.00000     0.00000       0.00  %   10000     
9.599962e+02      0.00            0.00            1.00000     0.00000       0.00  %   10000     
9.600944e+02      0.00            0.00            1.00000     0.00000       0.00  %   10000     
9.601979e+02      0.00            0.00            1.00000     0.00000       0.00  %   10000     
9.603076e+02      0.00            0.00            1.00000     0.00000       0.00  %   10000     
9.604173e+02      0.00            0.00            1.00000     0.00000       0.00  %   10000     
9.605508e+02      0.00            0.00            1.00000     0.00000       0.00  %   10000     
9.607287e+02      0.00            0.00            1.00000     0.00000       0.00  %   10000     
9.610461e+02      0.00            0.00            1.00000     0.00000       0.00  %   10000     
9.612121e+02      0.00            0.00            1.00000     0.00000       0.00  %   10000     
9.613684e+02      0.00            0.00            1.00000     0.00000       0.00  %   10000     
9.614168e+02      0.00            0.00            1.00000     0.00000       0.00  %   10000     
9.615472e+02      0.00            0.00            1.00000     0.00000       0.00  %   10000     
9.617430e+02      0.00            0.00            1.00000     0.00000       0.00  %   10000     
9.622061e+02      0.00            0.00            1.00000     0.00000       0.00  %   10000     
9.623887e+02      0.00            0.00            1.00000     0.00000       0.00  %   10000     
9.625541e+02      0.00            0.00            1.00000     0.00000       0.00  %   10000     
9.627395e+02      0.00            0.00            1.00000     0.00000       0.00  %   10000     
9.629248e+02      0.00            0.00            1.00000     0.00000       0.00  %   10000     
9.631576e+02      0.00            0.00            1.00000     0.00000       0.00  %   10000     
9.634111e+02      0.00            0.00            1.00000     0.00000       0.00  %   10000     
9.637490e+02      0.00            0.00            1.00000     0.00000       0.00  %   10000     
9.644572e+02      0.00            0.00            1.00000     0.00000       0.00  %   10000     
9.655430e+02      0.00            0.00            1.00000     0.00000       0.00  %   10000     
9.674706e+02      0.00            0.00            1.00000     0.00000       0.00  %   10000     
9.766012e+02      0.00            0.00            1.00000     0.00000       0.00  %   10000     
9.797939e+02      0.00            0.00            1.00000     0.00000       0.00  %   10000     
9.805035e+02      0.00            0.00            1.00000     0.00000       0.00  %   10000     
9.809932e+02      0.00            0.00            1.00000     0.00000       0.00  %   10000     
9.813540e+02      0.00            0.00            1.00000     0.00000       0.00  %   10000     
9.816547e+02      0.00            0.00            1.00000     0.00000       0.00  %   10000     
9.818814e+02      0.00            0.00            1.00000     0.00000       0.00  %   10000     
9.820757e+02      0.00            0.00            1.00000     0.00000       0.00  %   10000     
9.822422e+02      0.00            0.00            1.00000     0.00000       0.00  %   10000     
9.823810e+02      0.00            0.00            1.00000     0.00000       0.00  %   10000     
9.825059e+02      0.00            0.00            1.00000     0.00000       0.00  %   10000     
9.826225e+02      0.00            0.00            1.00000     0.00000       0.00  %   10000     
9.827196e+02      0.00            0.00            1.00000     0.00000       0.00  %   10000     
9.828168e+02      0.00            0.00            1.00000     0.00000       0.00  %   10000     
9.829139e+02      0.00            0.00            1.00000     0.00000       0.00  %   10000     
9.830055e+02      0.00            0.00            1.00000     0.00000       0.00  %   10000     
9.830971e+02      0.00            0.00            1.00000     0.00000       0.00  %   10000     
9.832026e+02      0.00            0.00            1.00000     0.00000       0.00  %   10000     
9.833136e+02      0.00            0.00            1.00000     0.00000       0.00  %   10000     
9.834357e+02      0.00            0.00            1.00000     0.00000       0.00  %   10000     
9.835934e+02      0.00            0.00            1.00000     0.00000       0.00  %   10000     
9.840463e+02      0.00            0.00            1.00000     0.00000       0.00  %   10000     
9.842240e+02      0.00            0.00            1.00000     0.00000       0.00  %   10000     
9.843742e+02      0.00            0.00            1.00000     0.00000       0.00  %   10000     
9.845126e+02      0.00            0.00            1.00000     0.00000       0.00  %   10000     
9.846725e+02      0.00            0.00            1.00000     0.00000       0.00  %   10000     
9.849101e+02      0.00            0.00            1.00000     0.00000       0.00  %   10000     
9.852098e+02      0.00            0.00            1.00000     0.00000       0.00  %   10000     
9.853653e+02      0.00            0.00            1.00000     0.00000       0.00  %   10000     
9.855052e+02      0.00            0.00            1.00000     0.00000       0.00  %   10000     
9.856362e+02      0.00            0.00            1.00000     0.00000       0.00  %   10000     
9.857497e+02      0.00            0.00            1.00000     0.00000       0.00  %   10000     
9.858670e+02      0.00            0.00            1.00000     0.00000       0.00  %   10000     
9.860077e+02      0.00            0.00            1.00000     0.00000       0.00  %   10000     
9.861530e+02      0.00            0.00            1.00000     0.00000       0.00  %   10000     
9.863029e+02      0.00            0.00            1.00000     0.00000       0.00  %   10000     
9.864777e+02      0.00            0.00            1.00000     0.00000       0.00  %   10000     
9.866776e+02      0.00            0.00            1.00000     0.00000       0.00  %   10000     
9.868774e+02      0.00            0.00            1.00000     0.00000       0.00  %   10000     
9.870191e+02      0.00            0.00            1.00000     0.00000       0.00  %   10000     
9.871609e+02      0.00            0.00            1.00000     0.00000       0.00  %   10000     
9.872554e+02      0.00            0.00            1.00000     0.00000       0.00  %   10000     
9.873477e+02      0.00            0.00            1.00000     0.00000       0.00  %   10000     
9.874400e+02      0.00            0.00            1.00000     0.00000       0.00  %   10000     
9.875323e+02      0.00            0.00            1.00000     0.00000       0.00  %   10000     
9.876246e+02      0.00            0.00            1.00000     0.00000       0.00  %   10000     
9.877169e+02      0.00            0.00            1.00000     0.00000       0.00  %   10000     
9.878335e+02      0.00            0.00            1.00000     0.00000       0.00  %   10000     
9.879779e+02      0.00            0.00            1.00000     0.00000       0.00  %   10000     
9.884025e+02      0.00            0.00            1.00000     0.00000       0.00  %   10000     
9.885576e+02      0.00            0.00            1.00000     0.00000       0.00  %   10000     
9.886824e+02      0.00            0.00            1.00000     0.00000       0.00  %   10000     
9.887274e+02      0.00            0.00            1.00000     0.00000       0.00  %   10000     
9.888752e+02      0.00            0.00            1.00000     0.00000       0.00  %   10000     
9.890229e+02      0.00            0.00            1.00000     0.00000       0.00  %   10000     
9.893577e+02      0.00            0.00            1.00000     0.00000       0.00  %   10000     
9.895698e+02      0.00            0.00            1.00000     0.00000       0.00  %   10000     
9.897232e+02      0.00            0.00            1.00000     0.00000       0.00  %   10000     
9.898771e+02      0.00            0.00            1.00000     0.00000       0.00  %   10000     
9.900309e+02      0.00            0.00            1.00000     0.00000       0.00  %   10000     
9.901870e+02      0.00            0.00            1.00000     0.00000       0.00  %   10000     
9.903761e+02      0.00            0.00            1.00000     0.00000       0.00  %   10000     
9.906125e+02      0.00            0.00            1.00000     0.00000       0.00  %   10000     
9.908985e+02      0.00            0.00            1.00000     0.00000       0.00  %   10000     
9.912959e+02      0.00            0.00            1.00000     0.00000       0.00  %   10000     
9.917227e+02      0.00            0.00            1.00000     0.00000       0.00  %   10000     
9.921185e+02      0.00            0.00            1.00000     0.00000       0.00  %   10000     
9.924334e+02      0.00            0.00            1.00000     0.00000       0.00  %   10000     
9.926681e+02      0.00            0.00            1.00000     0.00000       0.00  %   10000     
9.927855e+02      0.00            0.00            1.00000     0.00000       0.00  %   10000     
9.929498e+02      0.00            0.00            1.00000     0.00000       0.00  %   10000     
9.930907e+02      0.00            0.00            1.00000     0.00000       0.00  %   10000     
9.931998e+02      0.00            0.00            1.00000     0.00000       0.00  %   10000     
9.933272e+02      0.00            0.00            1.00000     0.00000       0.00  %   10000     
9.934363e+02      0.00            0.00            1.00000     0.00000       0.00  %   10000     
9.935455e+02      0.00            0.00            1.00000     0.00000       0.00  %   10000     
9.936365e+02      0.00            0.00            1.00000     0.00000       0.00  %   10000     
9.937355e+02      0.00            0.00            1.00000     0.00000       0.00  %   10000     
9.938293e+02      0.00            0.00            1.00000     0.00000       0.00  %   10000     
9.939233e+02      0.00            0.00            1.00000     0.00000       0.00  %   10000     
9.940109e+02      0.00            0.00            1.00000     0.00000       0.00  %   10000     
9.940985e+02      0.00            0.00            1.00000     0.00000       0.00  %   10000     
9.941893e+02      0.00            0.00            1.00000     0.00000       0.00  %   10000     
9.942879e+02      0.00            0.00            1.00000     0.00000       0.00  %   10000     
9.943975e+02      0.00            0.00            1.00000     0.00000       0.00  %   10000     
9.945117e+02      0.00            0.00            1.00000     0.00000       0.00  %   10000     
9.946432e+02      0.00            0.00            1.00000     0.00000       0.00  %   10000     
9.948059e+02      0.00            0.00            1.00000     0.00000       0.00  %   10000     
9.952817e+02      0.00            0.00            1.00000     0.00000       0.00  %   10000     
9.954583e+02      0.00            0.00            1.00000     0.00000       0.00  %   10000     
9.956414e+02      0.00            0.00            1.00000     0.00000       0.00  %   10000     
9.956884e+02      0.00            0.00            1.00000     0.00000       0.00  %   10000     
9.958701e+02      0.00            0.00            1.00000     0.00000       0.00  %   10000     
9.961080e+02      0.00            0.00            1.00000     0.00000       0.00  %   10000     
9.965337e+02      0.00            0.00            1.00000     0.00000       0.00  %   10000     
9.967215e+02      0.00            0.00            1.00000     0.00000       0.00  %   10000     
9.969093e+02      0.00            0.00            1.00000     0.00000       0.00  %   10000     
9.970658e+02      0.00            0.00            1.00000     0.00000       0.00  %   10000     
9.972536e+02      0.00            0.00            1.00000     0.00000       0.00  %   10000     
9.974747e+02      0.00            0.00            1.00000     0.00000       0.00  %   10000     
9.977329e+02      0.00            0.00            1.00000     0.00000       0.00  %   10000     
9.980048e+02      0.00            0.00            1.00000     0.00000       0.00  %   10000     
9.983961e+02      0.00            0.00            1.00000     0.00000       0.00  %   10000     
9.988656e+02      0.00            0.00            1.00000     0.00000       0.00  %   10000     
9.995240e+02      0.00            0.00            1.00000     0.00000       0.00  %   10000     
1.000387e+03      0.00            0.00            1.00000     0.00000       0.00  %   10000     
1.001520e+03      0.00            0.00            1.00000     0.00000       0.00  %   10000     
1.002811e+03      0.00            0.00            1.00000     0.00000       0.00  %   10000     
1.004464e+03      0.00            0.00            1.00000     0.00000       0.00  %   10000     
1.007173e+03      0.00            0.00            1.00000     0.00000       0.00  %   10000     
1.011153e+03      0.00            0.00            1.00000     0.00000       0.00  %   10000     
1.016998e+03      0.00            0.00            1.00000     0.00000       0.00  %   10000     
1.032653e+03      0.00            0.00            1.00000     0.00000       0.00  %   10000     
1.035753e+03      0.00            0.00            1.00000     0.00000       0.00  %   10000     
1.037223e+03      0.00            0.00            1.00000     0.00000       0.00  %   10000     
1.038088e+03      0.00            0.00            1.00000     0.00000       0.00  %   10000     
1.038595e+03      0.00            0.00            1.00000     0.00000       0.00  %   10000     
1.038625e+03      0.00            0.00            1.00000     0.00000       0.00  %   10000     
1.038812e+03      0.00            0.00            1.00000     0.00000       0.00  %   10000     
1.038967e+03      0.00            0.00            1.00000     0.00000       0.00  %   10000     
1.039118e+03      0.00            0.00            1.00000     0.00000       0.00  %   10000     
1.039298e+03      0.00            0.00            1.00000     0.00000       0.00  %   10000     
1.039799e+03      0.00            0.00            1.00000     0.00000       0.00  %   10000     
1.040020e+03      0.00            0.00            1.00000     0.00000       0.00  %   10000     
1.040185e+03      0.00            0.00            1.00000     0.00000       0.00  %   10000     
1.040810e+03      0.00            0.00            1.00000     0.00000       0.00  %   10000     
1.040992e+03      0.00            0.00            1.00000     0.00000       0.00  %   10000     
1.041174e+03      0.00            0.00            1.00000     0.00000       0.00  %   10000     
1.041329e+03      0.00            0.00            1.00000     0.00000       0.00  %   10000     
1.041465e+03      0.00            0.00            1.00000     0.00000       0.00  %   10000     
1.041598e+03      0.00            0.00            1.00000     0.00000       0.00  %   10000     
1.041719e+03      0.00            0.00            1.00000     0.00000       0.00  %   10000     
1.041837e+03      0.00            0.00            1.00000     0.00000       0.00  %   10000     
1.041960e+03      0.00            0.00            1.00000     0.00000       0.00  %   10000     
1.042089e+03      0.00            0.00            1.00000     0.00000       0.00  %   10000     
1.042225e+03      0.00            0.00            1.00000     0.00000       0.00  %   10000     
1.042391e+03      0.00            0.00            1.00000     0.00000       0.00  %   10000     
1.042900e+03      0.00            0.00            1.00000     0.00000       0.00  %   10000     
1.043104e+03      0.00            0.00            1.00000     0.00000       0.00  %   10000     
1.043273e+03      0.00            0.00            1.00000     0.00000       0.00  %   10000     
1.043415e+03      0.00            0.00            1.00000     0.00000       0.00  %   10000     
1.043627e+03      0.00            0.00            1.00000     0.00000       0.00  %   10000     
1.044184e+03      0.00            0.00            1.00000     0.00000       0.00  %   10000     
1.044366e+03      0.00            0.00            1.00000     0.00000       0.00  %   10000     
1.044548e+03      0.00            0.00            1.00000     0.00000       0.00  %   10000     
1.044699e+03      0.00            0.00            1.00000     0.00000       0.00  %   10000     
1.044881e+03      0.00            0.00            1.00000     0.00000       0.00  %   10000     
1.045063e+03      0.00            0.00            1.00000     0.00000       0.00  %   10000     
1.045307e+03      0.00            0.00            1.00000     0.00000       0.00  %   10000     
1.045565e+03      0.00            0.00            1.00000     0.00000       0.00  %   10000     
1.045906e+03      0.00            0.00            1.00000     0.00000       0.00  %   10000     
1.046277e+03      0.00            0.00            1.00000     0.00000       0.00  %   10000     
1.046862e+03      0.00            0.00            1.00000     0.00000       0.00  %   10000     
1.047708e+03      0.00            0.00            1.00000     0.00000       0.00  %   10000     
1.048593e+03      0.00            0.00            1.00000     0.00000       0.00  %   10000     
1.050172e+03      0.00            0.00            1.00000     0.00000       0.00  %   10000     
1.052254e+03      0.00            0.00            1.00000     0.00000       0.00  %   10000     
1.056283e+03      0.00            0.00            1.00000     0.00000       0.00  %   10000     
1.061404e+03      0.00            0.00            1.00000     0.00000       0.00  %   10000     
1.063023e+03      0.00            0.00            1.00000     0.00000       0.00  %   10000     
1.063426e+03      0.00            0.00            1.00000     0.00000       0.00  %   10000     
1.064171e+03      0.00            0.00            1.00000     0.00000       0.00  %   10000     
1.064341e+03      0.00            0.00            1.00000     0.00000       0.00  %   10000     
1.064808e+03      0.00            0.00            1.00000     0.00000       0.00  %   10000     
1.065549e+03      0.00            0.00            1.00000     0.00000       0.00  %   10000     
1.067493e+03      0.00            0.00            1.00000     0.00000       0.00  %   10000     
1.071764e+03      0.00            0.00            1.00000     0.00000       0.00  %   10000     
1.074297e+03      0.00            0.00            1.00000     0.00000       0.00  %   10000     
1.075177e+03      0.00            0.00            1.00000     0.00000       0.00  %   10000     
1.075236e+03      0.00            0.00            1.00000     0.00000       0.00  %   10000     
1.075505e+03      0.00            0.00            1.00000     0.00000       0.00  %   10000     
1.075731e+03      0.00            0.00            1.00000     0.00000       0.00  %   10000     
1.075892e+03      0.00            0.00            1.00000     0.00000       0.00  %   10000     
1.076026e+03      0.00            0.00            1.00000     0.00000       0.00  %   10000     
1.076135e+03      0.00            0.00            1.00000     0.00000       0.00  %   10000     
1.076243e+03      0.00            0.00            1.00000     0.00000       0.00  %   10000     
1.076352e+03      0.00            0.00            1.00000     0.00000       0.00  %   10000     
1.076447e+03      0.00            0.00            1.00000     0.00000       0.00  %   10000     
1.076547e+03      0.00            0.00            1.00000     0.00000       0.00  %   10000     
1.076654e+03      0.00            0.00            1.00000     0.00000       0.00  %   10000     
1.076762e+03      0.00            0.00            1.00000     0.00000       0.00  %   10000     
1.076881e+03      0.00            0.00            1.00000     0.00000       0.00  %   10000     
1.077024e+03      0.00            0.00            1.00000     0.00000       0.00  %   10000     
1.077213e+03      0.00            0.00            1.00000     0.00000       0.00  %   10000     
1.077604e+03      0.00            0.00            1.00000     0.00000       0.00  %   10000     
1.077747e+03      0.00            0.00            1.00000     0.00000       0.00  %   10000     
1.077914e+03      0.00            0.00            1.00000     0.00000       0.00  %   10000     
1.077985e+03      0.00            0.00            1.00000     0.00000       0.00  %   10000     
1.078124e+03      0.00            0.00            1.00000     0.00000       0.00  %   10000     
1.078343e+03      0.00            0.00            1.00000     0.00000       0.00  %   10000     
1.078868e+03      0.00            0.00            1.00000     0.00000       0.00  %   10000     
1.079044e+03      0.00            0.00            1.00000     0.00000       0.00  %   10000     
1.079207e+03      0.00            0.00            1.00000     0.00000       0.00  %   10000     
1.079381e+03      0.00            0.00            1.00000     0.00000       0.00  %   10000     
1.079562e+03      0.00            0.00            1.00000     0.00000       0.00  %   10000     
1.079751e+03      0.00            0.00            1.00000     0.00000       0.00  %   10000     
1.079989e+03      0.00            0.00            1.00000     0.00000       0.00  %   10000     
1.080287e+03      0.00            0.00            1.00000     0.00000       0.00  %   10000     
1.080645e+03      0.00            0.00            1.00000     0.00000       0.00  %   10000     
1.081171e+03      0.00            0.00            1.00000     0.00000       0.00  %   10000     
1.081869e+03      0.00            0.00            1.00000     0.00000       0.00  %   10000     
1.082724e+03      0.00            0.00            1.00000     0.00000       0.00  %   10000     
1.084091e+03      0.00            0.00            1.00000     0.00000       0.00  %   10000     
1.088847e+03      0.00            0.00            1.00000     0.00000       0.00  %   10000     
1.089518e+03      0.00            0.00            1.00000     0.00000       0.00  %   10000     
1.089743e+03      0.00            0.00            1.00000     0.00000       0.00  %   10000     
1.090086e+03      0.00            0.00            1.00000     0.00000       0.00  %   10000     
1.090282e+03      0.00            0.00            1.00000     0.00000       0.00  %   10000     
1.090441e+03      0.00            0.00            1.00000     0.00000       0.00  %   10000     
1.090594e+03      0.00            0.00            1.00000     0.00000       0.00  %   10000     
1.090717e+03      0.00            0.00            1.00000     0.00000       0.00  %   10000     
1.090824e+03      0.00            0.00            1.00000     0.00000       0.00  %   10000     
1.090915e+03      0.00            0.00            1.00000     0.00000       0.00  %   10000     
1.091015e+03      0.00            0.00            1.00000     0.00000       0.00  %   10000     
1.091116e+03      0.00            0.00            1.00000     0.00000       0.00  %   10000     
1.091216e+03      0.00            0.00            1.00000     0.00000       0.00  %   10000     
1.091313e+03      0.00            0.00            1.00000     0.00000       0.00  %   10000     
1.091424e+03      0.00            0.00            1.00000     0.00000       0.00  %   10000     
1.091534e+03      0.00            0.00            1.00000     0.00000       0.00  %   10000     
1.091664e+03      0.00            0.00            1.00000     0.00000       0.00  %   10000     
1.091813e+03      0.00            0.00            1.00000     0.00000       0.00  %   10000     
1.092081e+03      0.00            0.00            1.00000     0.00000       0.00  %   10000     
1.092316e+03      0.00            0.00            1.00000     0.00000       0.00  %   10000     
1.092463e+03      0.00            0.00            1.00000     0.00000       0.00  %   10000     
1.092634e+03      0.00            0.00            1.00000     0.00000       0.00  %   10000     
1.092718e+03      0.00            0.00            1.00000     0.00000       0.00  %   10000     
1.092870e+03      0.00            0.00            1.00000     0.00000       0.00  %   10000     
1.093076e+03      0.00            0.00            1.00000     0.00000       0.00  %   10000     
1.093571e+03      0.00            0.00            1.00000     0.00000       0.00  %   10000     
1.093767e+03      0.00            0.00            1.00000     0.00000       0.00  %   10000     
1.093938e+03      0.00            0.00            1.00000     0.00000       0.00  %   10000     
1.094089e+03      0.00            0.00            1.00000     0.00000       0.00  %   10000     
1.094248e+03      0.00            0.00            1.00000     0.00000       0.00  %   10000     
1.094434e+03      0.00            0.00            1.00000     0.00000       0.00  %   10000     
1.094644e+03      0.00            0.00            1.00000     0.00000       0.00  %   10000     
1.094889e+03      0.00            0.00            1.00000     0.00000       0.00  %   10000     
1.095196e+03      0.00            0.00            1.00000     0.00000       0.00  %   10000     
1.095557e+03      0.00            0.00            1.00000     0.00000       0.00  %   10000     
1.096140e+03      0.00            0.00            1.00000     0.00000       0.00  %   10000     
1.096922e+03      0.00            0.00            1.00000     0.00000       0.00  %   10000     
1.097836e+03      0.00            0.00            1.00000     0.00000       0.00  %   10000     
1.099347e+03      0.00            0.00            1.00000     0.00000       0.00  %   10000     
1.101357e+03      0.00            0.00            1.00000     0.00000       0.00  %   10000     
1.104936e+03      0.00            0.00            1.00000     0.00000       0.00  %   10000     
1.111458e+03      0.00            0.00            1.00000     0.00000       0.00  %   10000     
1.117384e+03      0.00            0.00            1.00000     0.00000       0.00  %   10000     
1.119068e+03      0.00            0.00            1.00000     0.00000       0.00  %   10000     
1.119402e+03      0.00            0.00            1.00000     0.00000       0.00  %   10000     
1.119785e+03      0.00            0.00            1.00000     0.00000       0.00  %   10000     
1.120256e+03      0.00            0.00            1.00000     0.00000       0.00  %   10000     
1.120511e+03      0.00            0.00            1.00000     0.00000       0.00  %   10000     
1.120933e+03      0.00            0.00            1.00000     0.00000       0.00  %   10000     
1.121486e+03      0.00            0.00            1.00000     0.00000       0.00  %   10000     
1.122178e+03      0.00            0.00            1.00000     0.00000       0.00  %   10000     
1.125871e+03      0.00            0.00            1.00000     0.00000       0.00  %   10000     
1.127050e+03      0.00            0.00            1.00000     0.00000       0.00  %   10000     
1.127141e+03      0.00            0.00            1.00000     0.00000       0.00  %   10000     
1.127324e+03      0.00            0.00            1.00000     0.00000       0.00  %   10000     
1.127529e+03      0.00            0.00            1.00000     0.00000       0.00  %   10000     
1.127693e+03      0.00            0.00            1.00000     0.00000       0.00  %   10000     
1.127857e+03      0.00            0.00            1.00000     0.00000       0.00  %   10000     
1.128086e+03      0.00            0.00            1.00000     0.00000       0.00  %   10000     
1.128457e+03      0.00            0.00            1.00000     0.00000       0.00  %   10000     
1.128649e+03      0.00            0.00            1.00000     0.00000       0.00  %   10000     
1.128781e+03      0.00            0.00            1.00000     0.00000       0.00  %   10000     
1.128978e+03      0.00            0.00            1.00000     0.00000       0.00  %   10000     
1.129260e+03      0.00            0.00            1.00000     0.00000       0.00  %   10000     
1.129638e+03      0.00            0.00            1.00000     0.00000       0.00  %   10000     
1.129903e+03      0.00            0.00            1.00000     0.00000       0.00  %   10000     
1.130188e+03      0.00            0.00            1.00000     0.00000       0.00  %   10000     
1.130575e+03      0.00            0.00            1.00000     0.00000       0.00  %   10000     
1.131373e+03      0.00            0.00            1.00000     0.00000       0.00  %   10000     
1.132445e+03      0.00            0.00            1.00000     0.00000       0.00  %   10000     
1.132855e+03      0.00            0.00            1.00000     0.00000       0.00  %   10000     
1.132913e+03      0.00            0.00            1.00000     0.00000       0.00  %   10000     
1.133086e+03      0.00            0.00            1.00000     0.00000       0.00  %   10000     
1.133259e+03      0.00            0.00            1.00000     0.00000       0.00  %   10000     
1.133389e+03      0.00            0.00            1.00000     0.00000       0.00  %   10000     
1.133493e+03      0.00            0.00            1.00000     0.00000       0.00  %   10000     
1.133597e+03      0.00            0.00            1.00000     0.00000       0.00  %   10000     
1.133688e+03      0.00            0.00            1.00000     0.00000       0.00  %   10000     
1.133779e+03      0.00            0.00            1.00000     0.00000       0.00  %   10000     
1.133874e+03      0.00            0.00            1.00000     0.00000       0.00  %   10000     
1.133969e+03      0.00            0.00            1.00000     0.00000       0.00  %   10000     
1.134064e+03      0.00            0.00            1.00000     0.00000       0.00  %   10000     
1.134163e+03      0.00            0.00            1.00000     0.00000       0.00  %   10000     
1.134267e+03      0.00            0.00            1.00000     0.00000       0.00  %   10000     
1.134385e+03      0.00            0.00            1.00000     0.00000       0.00  %   10000     
1.134505e+03      0.00            0.00            1.00000     0.00000       0.00  %   10000     
1.134664e+03      0.00            0.00            1.00000     0.00000       0.00  %   10000     
1.135143e+03      0.00            0.00            1.00000     0.00000       0.00  %   10000     
1.135318e+03      0.00            0.00            1.00000     0.00000       0.00  %   10000     
1.135482e+03      0.00            0.00            1.00000     0.00000       0.00  %   10000     
1.135522e+03      0.00            0.00            1.00000     0.00000       0.00  %   10000     
1.135665e+03      0.00            0.00            1.00000     0.00000       0.00  %   10000     
1.135878e+03      0.00            0.00            1.00000     0.00000       0.00  %   10000     
1.136432e+03      0.00            0.00            1.00000     0.00000       0.00  %   10000     
1.136617e+03      0.00            0.00            1.00000     0.00000       0.00  %   10000     
1.136779e+03      0.00            0.00            1.00000     0.00000       0.00  %   10000     
1.136944e+03      0.00            0.00            1.00000     0.00000       0.00  %   10000     
1.137115e+03      0.00            0.00            1.00000     0.00000       0.00  %   10000     
1.137315e+03      0.00            0.00            1.00000     0.00000       0.00  %   10000     
1.137546e+03      0.00            0.00            1.00000     0.00000       0.00  %   10000     
1.137835e+03      0.00            0.00            1.00000     0.00000       0.00  %   10000     
1.138182e+03      0.00            0.00            1.00000     0.00000       0.00  %   10000     
1.138625e+03      0.00            0.00            1.00000     0.00000       0.00  %   10000     
1.139363e+03      0.00            0.00            1.00000     0.00000       0.00  %   10000     
1.140125e+03      0.00            0.00            1.00000     0.00000       0.00  %   10000     
1.141400e+03      0.00            0.00            1.00000     0.00000       0.00  %   10000     
1.142943e+03      0.00            0.00            1.00000     0.00000       0.00  %   10000     
1.145262e+03      0.00            0.00            1.00000     0.00000       0.00  %   10000     
1.149106e+03      0.00            0.00            1.00000     0.00000       0.00  %   10000     
1.157472e+03      0.00            0.00            1.00000     0.00000       0.00  %   10000     
1.169284e+03      0.00            0.00            1.00000     0.00000       0.00  %   10000     
1.173846e+03      0.00            0.00            1.00000     0.00000       0.00  %   10000     
1.175865e+03      0.00            0.00            1.00000     0.00000       0.00  %   10000     
1.176615e+03      0.00            0.00            1.00000     0.00000       0.00  %   10000     
1.176834e+03      0.00            0.00            1.00000     0.00000       0.00  %   10000     
1.177323e+03      0.00            0.00            1.00000     0.00000       0.00  %   10000     
1.177860e+03      0.00            0.00            1.00000     0.00000       0.00  %   10000     
1.177874e+03      0.00            0.00            1.00000     0.00000       0.00  %   10000     
1.178266e+03      0.00            0.00            1.00000     0.00000       0.00  %   10000     
1.179449e+03      0.00            0.00            1.00000     0.00000       0.00  %   10000     
1.180481e+03      0.00            0.00            1.00000     0.00000       0.00  %   10000     
1.180821e+03      0.00            0.00            1.00000     0.00000       0.00  %   10000     
1.181026e+03      0.00            0.00            1.00000     0.00000       0.00  %   10000     
1.181151e+03      0.00            0.00            1.00000     0.00000       0.00  %   10000     
1.181276e+03      0.00            0.00            1.00000     0.00000       0.00  %   10000     
1.181383e+03      0.00            0.00            1.00000     0.00000       0.00  %   10000     
1.181477e+03      0.00            0.00            1.00000     0.00000       0.00  %   10000     
1.181571e+03      0.00            0.00            1.00000     0.00000       0.00  %   10000     
1.181664e+03      0.00            0.00            1.00000     0.00000       0.00  %   10000     
1.181755e+03      0.00            0.00            1.00000     0.00000       0.00  %   10000     
1.181845e+03      0.00            0.00            1.00000     0.00000       0.00  %   10000     
1.181936e+03      0.00            0.00            1.00000     0.00000       0.00  %   10000     
1.182036e+03      0.00            0.00            1.00000     0.00000       0.00  %   10000     
1.182139e+03      0.00            0.00            1.00000     0.00000       0.00  %   10000     
1.182254e+03      0.00            0.00            1.00000     0.00000       0.00  %   10000     
1.182390e+03      0.00            0.00            1.00000     0.00000       0.00  %   10000     
1.182552e+03      0.00            0.00            1.00000     0.00000       0.00  %   10000     
1.182982e+03      0.00            0.00            1.00000     0.00000       0.00  %   10000     
1.183174e+03      0.00            0.00            1.00000     0.00000       0.00  %   10000     
1.183351e+03      0.00            0.00            1.00000     0.00000       0.00  %   10000     
1.183406e+03      0.00            0.00            1.00000     0.00000       0.00  %   10000     
1.183562e+03      0.00            0.00            1.00000     0.00000       0.00  %   10000     
1.183754e+03      0.00            0.00            1.00000     0.00000       0.00  %   10000     
1.184309e+03      0.00            0.00            1.00000     0.00000       0.00  %   10000     
1.184496e+03      0.00            0.00            1.00000     0.00000       0.00  %   10000     
1.184664e+03      0.00            0.00            1.00000     0.00000       0.00  %   10000     
1.184832e+03      0.00            0.00            1.00000     0.00000       0.00  %   10000     
1.184996e+03      0.00            0.00            1.00000     0.00000       0.00  %   10000     
1.185160e+03      0.00            0.00            1.00000     0.00000       0.00  %   10000     
1.185364e+03      0.00            0.00            1.00000     0.00000       0.00  %   10000     
1.185625e+03      0.00            0.00            1.00000     0.00000       0.00  %   10000     
1.186013e+03      0.00            0.00            1.00000     0.00000       0.00  %   10000     
1.186554e+03      0.00            0.00            1.00000     0.00000       0.00  %   10000     
1.187316e+03      0.00            0.00            1.00000     0.00000       0.00  %   10000     
1.188313e+03      0.00            0.00            1.00000     0.00000       0.00  %   10000     
1.189467e+03      0.00            0.00            1.00000     0.00000       0.00  %   10000     
1.191638e+03      0.00            0.00            1.00000     0.00000       0.00  %   10000     
1.199335e+03      0.00            0.00            1.00000     0.00000       0.00  %   10000     
1.201315e+03      0.00            0.00            1.00000     0.00000       0.00  %   10000     
1.202803e+03      0.00            0.00            1.00000     0.00000       0.00  %   10000     
1.204085e+03      0.00            0.00            1.00000     0.00000       0.00  %   10000     
1.204359e+03      0.00            0.00            1.00000     0.00000       0.00  %   10000     
1.204492e+03      0.00            0.00            1.00000     0.00000       0.00  %   10000     
1.204690e+03      0.00            0.00            1.00000     0.00000       0.00  %   10000     
1.204853e+03      0.00            0.00            1.00000     0.00000       0.00  %   10000     
1.204980e+03      0.00            0.00            1.00000     0.00000       0.00  %   10000     
1.205085e+03      0.00            0.00            1.00000     0.00000       0.00  %   10000     
1.205191e+03      0.00            0.00            1.00000     0.00000       0.00  %   10000     
1.205282e+03      0.00            0.00            1.00000     0.00000       0.00  %   10000     
1.205372e+03      0.00            0.00            1.00000     0.00000       0.00  %   10000     
1.205460e+03      0.00            0.00            1.00000     0.00000       0.00  %   10000     
1.205550e+03      0.00            0.00            1.00000     0.00000       0.00  %   10000     
1.205641e+03      0.00            0.00            1.00000     0.00000       0.00  %   10000     
1.205735e+03      0.00            0.00            1.00000     0.00000       0.00  %   10000     
1.205821e+03      0.00            0.00            1.00000     0.00000       0.00  %   10000     
1.205920e+03      0.00            0.00            1.00000     0.00000       0.00  %   10000     
1.206029e+03      0.00            0.00            1.00000     0.00000       0.00  %   10000     
1.206142e+03      0.00            0.00            1.00000     0.00000       0.00  %   10000     
1.206265e+03      0.00            0.00            1.00000     0.00000       0.00  %   10000     
1.206417e+03      0.00            0.00            1.00000     0.00000       0.00  %   10000     
1.206664e+03      0.00            0.00            1.00000     0.00000       0.00  %   10000     
1.206934e+03      0.00            0.00            1.00000     0.00000       0.00  %   10000     
1.207118e+03      0.00            0.00            1.00000     0.00000       0.00  %   10000     
1.207308e+03      0.00            0.00            1.00000     0.00000       0.00  %   10000     
1.207349e+03      0.00            0.00            1.00000     0.00000       0.00  %   10000     
1.207499e+03      0.00            0.00            1.00000     0.00000       0.00  %   10000     
1.207721e+03      0.00            0.00            1.00000     0.00000       0.00  %   10000     
1.208252e+03      0.00            0.00            1.00000     0.00000       0.00  %   10000     
1.208445e+03      0.00            0.00            1.00000     0.00000       0.00  %   10000     
1.208614e+03      0.00            0.00            1.00000     0.00000       0.00  %   10000     
1.208793e+03      0.00            0.00            1.00000     0.00000       0.00  %   10000     
1.208980e+03      0.00            0.00            1.00000     0.00000       0.00  %   10000     
1.209174e+03      0.00            0.00            1.00000     0.00000       0.00  %   10000     
1.209416e+03      0.00            0.00            1.00000     0.00000       0.00  %   10000     
1.209717e+03      0.00            0.00            1.00000     0.00000       0.00  %   10000     
1.210080e+03      0.00            0.00            1.00000     0.00000       0.00  %   10000     
1.210612e+03      0.00            0.00            1.00000     0.00000       0.00  %   10000     
1.211283e+03      0.00            0.00            1.00000     0.00000       0.00  %   10000     
1.212246e+03      0.00            0.00            1.00000     0.00000       0.00  %   10000     
1.213346e+03      0.00            0.00            1.00000     0.00000       0.00  %   10000     
1.216550e+03      0.00            0.00            1.00000     0.00000       0.00  %   10000     
1.217196e+03      0.00            0.00            1.00000     0.00000       0.00  %   10000     
1.217325e+03      0.00            0.00            1.00000     0.00000       0.00  %   10000     
1.217547e+03      0.00            0.00            1.00000     0.00000       0.00  %   10000     
1.217700e+03      0.00            0.00            1.00000     0.00000       0.00  %   10000     
1.217897e+03      0.00            0.00            1.00000     0.00000       0.00  %   10000     
1.218264e+03      0.00            0.00            1.00000     0.00000       0.00  %   10000     
1.218569e+03      0.00            0.00            1.00000     0.00000       0.00  %   10000     
1.218790e+03      0.00            0.00            1.00000     0.00000       0.00  %   10000     
1.218853e+03      0.00            0.00            1.00000     0.00000       0.00  %   10000     
1.219094e+03      0.00            0.00            1.00000     0.00000       0.00  %   10000     
1.219773e+03      0.00            0.00            1.00000     0.00000       0.00  %   10000     
1.220042e+03      0.00            0.00            1.00000     0.00000       0.00  %   10000     
1.220338e+03      0.00            0.00            1.00000     0.00000       0.00  %   10000     
1.220486e+03      0.00            0.00            1.00000     0.00000       0.00  %   10000     
1.220849e+03      0.00            0.00            1.00000     0.00000       0.00  %   10000     
1.221145e+03      0.00            0.00            1.00000     0.00000       0.00  %   10000     
1.221372e+03      0.00            0.00            1.00000     0.00000       0.00  %   10000     
1.221543e+03      0.00            0.00            1.00000     0.00000       0.00  %   10000     
1.221699e+03      0.00            0.00            1.00000     0.00000       0.00  %   10000     
1.221830e+03      0.00            0.00            1.00000     0.00000       0.00  %   10000     
1.221972e+03      0.00            0.00            1.00000     0.00000       0.00  %   10000     
1.222112e+03      0.00            0.00            1.00000     0.00000       0.00  %   10000     
1.222254e+03      0.00            0.00            1.00000     0.00000       0.00  %   10000     
1.222409e+03      0.00            0.00            1.00000     0.00000       0.00  %   10000     
1.222586e+03      0.00            0.00            1.00000     0.00000       0.00  %   10000     
1.222884e+03      0.00            0.00            1.00000     0.00000       0.00  %   10000     
1.223174e+03      0.00            0.00            1.00000     0.00000       0.00  %   10000     
1.223339e+03      0.00            0.00            1.00000     0.00000       0.00  %   10000     
1.223545e+03      0.00            0.00            1.00000     0.00000       0.00  %   10000     
1.223573e+03      0.00            0.00            1.00000     0.00000       0.00  %   10000     
1.223741e+03      0.00            0.00            1.00000     0.00000       0.00  %   10000     
1.223978e+03      0.00            0.00            1.00000     0.00000       0.00  %   10000     
1.224532e+03      0.00            0.00            1.00000     0.00000       0.00  %   10000     
1.224729e+03      0.00            0.00            1.00000     0.00000       0.00  %   10000     
1.224927e+03      0.00            0.00            1.00000     0.00000       0.00  %   10000     
1.225124e+03      0.00            0.00            1.00000     0.00000       0.00  %   10000     
1.225322e+03      0.00            0.00            1.00000     0.00000       0.00  %   10000     
1.225535e+03      0.00            0.00            1.00000     0.00000       0.00  %   10000     
1.225778e+03      0.00            0.00            1.00000     0.00000       0.00  %   10000     
1.226103e+03      0.00            0.00            1.00000     0.00000       0.00  %   10000     
1.226432e+03      0.00            0.00            1.00000     0.00000       0.00  %   10000     
1.226926e+03      0.00            0.00            1.00000     0.00000       0.00  %   10000     
1.227633e+03      0.00            0.00            1.00000     0.00000       0.00  %   10000     
1.228695e+03      0.00            0.00            1.00000     0.00000       0.00  %   10000     
1.230186e+03      0.00            0.00            1.00000     0.00000       0.00  %   10000     
1.231961e+03      0.00            0.00            1.00000     0.00000       0.00  %   10000     
1.235185e+03      0.00            0.00            1.00000     0.00000       0.00  %   10000     
1.240529e+03      0.00            0.00            1.00000     0.00000       0.00  %   10000     
1.241895e+03      0.00            0.00            1.00000     0.00000       0.00  %   10000     
1.243011e+03      0.00            0.00            1.00000     0.00000       0.00  %   10000     
1.243585e+03      0.00            0.00            1.00000     0.00000       0.00  %   10000     
1.243656e+03      0.00            0.00            1.00000     0.00000       0.00  %   10000     
1.243797e+03      0.00            0.00            1.00000     0.00000       0.00  %   10000     
1.243959e+03      0.00            0.00            1.00000     0.00000       0.00  %   10000     
1.244080e+03      0.00            0.00            1.00000     0.00000       0.00  %   10000     
1.244204e+03      0.00            0.00            1.00000     0.00000       0.00  %   10000     
1.244343e+03      0.00            0.00            1.00000     0.00000       0.00  %   10000     
1.244483e+03      0.00            0.00            1.00000     0.00000       0.00  %   10000     
1.244641e+03      0.00            0.00            1.00000     0.00000       0.00  %   10000     
1.244957e+03      0.00            0.00            1.00000     0.00000       0.00  %   10000     
1.245220e+03      0.00            0.00            1.00000     0.00000       0.00  %   10000     
1.245405e+03      0.00            0.00            1.00000     0.00000       0.00  %   10000     
1.245530e+03      0.00            0.00            1.00000     0.00000       0.00  %   10000     
1.245709e+03      0.00            0.00            1.00000     0.00000       0.00  %   10000     
1.245932e+03      0.00            0.00            1.00000     0.00000       0.00  %   10000     
1.246435e+03      0.00            0.00            1.00000     0.00000       0.00  %   10000     
1.246655e+03      0.00            0.00            1.00000     0.00000       0.00  %   10000     
1.246864e+03      0.00            0.00            1.00000     0.00000       0.00  %   10000     
1.247126e+03      0.00            0.00            1.00000     0.00000       0.00  %   10000     
1.247442e+03      0.00            0.00            1.00000     0.00000       0.00  %   10000     
1.248071e+03      0.00            0.00            1.00000     0.00000       0.00  %   10000     
1.249114e+03      0.00            0.00            1.00000     0.00000       0.00  %   10000     
1.251365e+03      0.00            0.00            1.00000     0.00000       0.00  %   10000     
1.251514e+03      0.00            0.00            1.00000     0.00000       0.00  %   10000     
1.251739e+03      0.00            0.00            1.00000     0.00000       0.00  %   10000     
1.251930e+03      0.00            0.00            1.00000     0.00000       0.00  %   10000     
1.252103e+03      0.00            0.00            1.00000     0.00000       0.00  %   10000     
1.252247e+03      0.00            0.00            1.00000     0.00000       0.00  %   10000     
1.252419e+03      0.00            0.00            1.00000     0.00000       0.00  %   10000     
1.252640e+03      0.00            0.00            1.00000     0.00000       0.00  %   10000     
1.253040e+03      0.00            0.00            1.00000     0.00000       0.00  %   10000     
1.253252e+03      0.00            0.00            1.00000     0.00000       0.00  %   10000     
1.253396e+03      0.00            0.00            1.00000     0.00000       0.00  %   10000     
1.253570e+03      0.00            0.00            1.00000     0.00000       0.00  %   10000     
1.253790e+03      0.00            0.00            1.00000     0.00000       0.00  %   10000     
1.254284e+03      0.00            0.00            1.00000     0.00000       0.00  %   10000     
1.254528e+03      0.00            0.00            1.00000     0.00000       0.00  %   10000     
1.254746e+03      0.00            0.00            1.00000     0.00000       0.00  %   10000     
1.254997e+03      0.00            0.00            1.00000     0.00000       0.00  %   10000     
1.255326e+03      0.00            0.00            1.00000     0.00000       0.00  %   10000     
1.255951e+03      0.00            0.00            1.00000     0.00000       0.00  %   10000     
1.257030e+03      0.00            0.00            1.00000     0.00000       0.00  %   10000     
1.258887e+03      0.00            0.00            1.00000     0.00000       0.00  %   10000     
1.264474e+03      0.00            0.00            1.00000     0.00000       0.00  %   10000     
1.272195e+03      0.00            0.00            1.00000     0.00000       0.00  %   10000     
1.276379e+03      0.00            0.00            1.00000     0.00000       0.00  %   10000     
1.277780e+03      0.00            0.00            1.00000     0.00000       0.00  %   10000     
1.278307e+03      0.00            0.00            1.00000     0.00000       0.00  %   10000     
1.278793e+03      0.00            0.00            1.00000     0.00000       0.00  %   10000     
1.279157e+03      0.00            0.00            1.00000     0.00000       0.00  %   10000     
1.279385e+03      0.00            0.00            1.00000     0.00000       0.00  %   10000     
1.279574e+03      0.00            0.00            1.00000     0.00000       0.00  %   10000     
1.279726e+03      0.00            0.00            1.00000     0.00000       0.00  %   10000     
1.279872e+03      0.00            0.00            1.00000     0.00000       0.00  %   10000     
1.280002e+03      0.00            0.00            1.00000     0.00000       0.00  %   10000     
1.280126e+03      0.00            0.00            1.00000     0.00000       0.00  %   10000     
1.280247e+03      0.00            0.00            1.00000     0.00000       0.00  %   10000     
1.280368e+03      0.00            0.00            1.00000     0.00000       0.00  %   10000     
1.280490e+03      0.00            0.00            1.00000     0.00000       0.00  %   10000     
1.280626e+03      0.00            0.00            1.00000     0.00000       0.00  %   10000     
1.280778e+03      0.00            0.00            1.00000     0.00000       0.00  %   10000     
1.280960e+03      0.00            0.00            1.00000     0.00000       0.00  %   10000     
1.281446e+03      0.00            0.00            1.00000     0.00000       0.00  %   10000     
1.281640e+03      0.00            0.00            1.00000     0.00000       0.00  %   10000     
1.281828e+03      0.00            0.00            1.00000     0.00000       0.00  %   10000     
1.281907e+03      0.00            0.00            1.00000     0.00000       0.00  %   10000     
1.282071e+03      0.00            0.00            1.00000     0.00000       0.00  %   10000     
1.282284e+03      0.00            0.00            1.00000     0.00000       0.00  %   10000     
1.282879e+03      0.00            0.00            1.00000     0.00000       0.00  %   10000     
1.283085e+03      0.00            0.00            1.00000     0.00000       0.00  %   10000     
1.283279e+03      0.00            0.00            1.00000     0.00000       0.00  %   10000     
1.283461e+03      0.00            0.00            1.00000     0.00000       0.00  %   10000     
1.283641e+03      0.00            0.00            1.00000     0.00000       0.00  %   10000     
1.283841e+03      0.00            0.00            1.00000     0.00000       0.00  %   10000     
1.284093e+03      0.00            0.00            1.00000     0.00000       0.00  %   10000     
1.284430e+03      0.00            0.00            1.00000     0.00000       0.00  %   10000     
1.284812e+03      0.00            0.00            1.00000     0.00000       0.00  %   10000     
1.285182e+03      0.00            0.00            1.00000     0.00000       0.00  %   10000     
1.285612e+03      0.00            0.00            1.00000     0.00000       0.00  %   10000     
1.285791e+03      0.00            0.00            1.00000     0.00000       0.00  %   10000     
1.286476e+03      0.00            0.00            1.00000     0.00000       0.00  %   10000     
1.286917e+03      0.00            0.00            1.00000     0.00000       0.00  %   10000     
1.287716e+03      0.00            0.00            1.00000     0.00000       0.00  %   10000     
1.288399e+03      0.00            0.00            1.00000     0.00000       0.00  %   10000     
1.289751e+03      0.00            0.00            1.00000     0.00000       0.00  %   10000     
1.291757e+03      0.00            0.00            1.00000     0.00000       0.00  %   10000     
1.296638e+03      0.00            0.00            1.00000     0.00000       0.00  %   10000     
1.302477e+03      0.00            0.00            1.00000     0.00000       0.00  %   10000     
1.304854e+03      0.00            0.00            1.00000     0.00000       0.00  %   10000     
1.306501e+03      0.00            0.00            1.00000     0.00000       0.00  %   10000     
1.307940e+03      0.00            0.00            1.00000     0.00000       0.00  %   10000     
1.308216e+03      0.00            0.00            1.00000     0.00000       0.00  %   10000     
1.308400e+03      0.00            0.00            1.00000     0.00000       0.00  %   10000     
1.308536e+03      0.00            0.00            1.00000     0.00000       0.00  %   10000     
1.308669e+03      0.00            0.00            1.00000     0.00000       0.00  %   10000     
1.308780e+03      0.00            0.00            1.00000     0.00000       0.00  %   10000     
1.308882e+03      0.00            0.00            1.00000     0.00000       0.00  %   10000     
1.308973e+03      0.00            0.00            1.00000     0.00000       0.00  %   10000     
1.309062e+03      0.00            0.00            1.00000     0.00000       0.00  %   10000     
1.309150e+03      0.00            0.00            1.00000     0.00000       0.00  %   10000     
1.309250e+03      0.00            0.00            1.00000     0.00000       0.00  %   10000     
1.309353e+03      0.00            0.00            1.00000     0.00000       0.00  %   10000     
1.309452e+03      0.00            0.00            1.00000     0.00000       0.00  %   10000     
1.309577e+03      0.00            0.00            1.00000     0.00000       0.00  %   10000     
1.309719e+03      0.00            0.00            1.00000     0.00000       0.00  %   10000     
1.309914e+03      0.00            0.00            1.00000     0.00000       0.00  %   10000     
1.310276e+03      0.00            0.00            1.00000     0.00000       0.00  %   10000     
1.310478e+03      0.00            0.00            1.00000     0.00000       0.00  %   10000     
1.310650e+03      0.00            0.00            1.00000     0.00000       0.00  %   10000     
1.310710e+03      0.00            0.00            1.00000     0.00000       0.00  %   10000     
1.310896e+03      0.00            0.00            1.00000     0.00000       0.00  %   10000     
1.311095e+03      0.00            0.00            1.00000     0.00000       0.00  %   10000     
1.311627e+03      0.00            0.00            1.00000     0.00000       0.00  %   10000     
1.311815e+03      0.00            0.00            1.00000     0.00000       0.00  %   10000     
1.311990e+03      0.00            0.00            1.00000     0.00000       0.00  %   10000     
1.312145e+03      0.00            0.00            1.00000     0.00000       0.00  %   10000     
1.312322e+03      0.00            0.00            1.00000     0.00000       0.00  %   10000     
1.312499e+03      0.00            0.00            1.00000     0.00000       0.00  %   10000     
1.312721e+03      0.00            0.00            1.00000     0.00000       0.00  %   10000     
1.312950e+03      0.00            0.00            1.00000     0.00000       0.00  %   10000     
1.313293e+03      0.00            0.00            1.00000     0.00000       0.00  %   10000     
1.313801e+03      0.00            0.00            1.00000     0.00000       0.00  %   10000     
1.314463e+03      0.00            0.00            1.00000     0.00000       0.00  %   10000     
1.315432e+03      0.00            0.00            1.00000     0.00000       0.00  %   10000     
1.316853e+03      0.00            0.00            1.00000     0.00000       0.00  %   10000     
1.319241e+03      0.00            0.00            1.00000     0.00000       0.00  %   10000     
1.323432e+03      0.00            0.00            1.00000     0.00000       0.00  %   10000     
1.324536e+03      0.00            0.00            1.00000     0.00000       0.00  %   10000     
1.324577e+03      0.00            0.00            1.00000     0.00000       0.00  %   10000     
1.325032e+03      0.00            0.00            1.00000     0.00000       0.00  %   10000     
1.325445e+03      0.00            0.00            1.00000     0.00000       0.00  %   10000     
1.325740e+03      0.00            0.00            1.00000     0.00000       0.00  %   10000     
1.326004e+03      0.00            0.00            1.00000     0.00000       0.00  %   10000     
1.326223e+03      0.00            0.00            1.00000     0.00000       0.00  %   10000     
1.326396e+03      0.00            0.00            1.00000     0.00000       0.00  %   10000     
1.326562e+03      0.00            0.00            1.00000     0.00000       0.00  %   10000     
1.326706e+03      0.00            0.00            1.00000     0.00000       0.00  %   10000     
1.326851e+03      0.00            0.00            1.00000     0.00000       0.00  %   10000     
1.326996e+03      0.00            0.00            1.00000     0.00000       0.00  %   10000     
1.327140e+03      0.00            0.00            1.00000     0.00000       0.00  %   10000     
1.327285e+03      0.00            0.00            1.00000     0.00000       0.00  %   10000     
1.327430e+03      0.00            0.00            1.00000     0.00000       0.00  %   10000     
1.327595e+03      0.00            0.00            1.00000     0.00000       0.00  %   10000     
1.327785e+03      0.00            0.00            1.00000     0.00000       0.00  %   10000     
1.328083e+03      0.00            0.00            1.00000     0.00000       0.00  %   10000     
1.328414e+03      0.00            0.00            1.00000     0.00000       0.00  %   10000     
1.328637e+03      0.00            0.00            1.00000     0.00000       0.00  %   10000     
1.328829e+03      0.00            0.00            1.00000     0.00000       0.00  %   10000     
1.328864e+03      0.00            0.00            1.00000     0.00000       0.00  %   10000     
1.329075e+03      0.00            0.00            1.00000     0.00000       0.00  %   10000     
1.329340e+03      0.00            0.00            1.00000     0.00000       0.00  %   10000     
1.329911e+03      0.00            0.00            1.00000     0.00000       0.00  %   10000     
1.330159e+03      0.00            0.00            1.00000     0.00000       0.00  %   10000     
1.330366e+03      0.00            0.00            1.00000     0.00000       0.00  %   10000     
1.330572e+03      0.00            0.00            1.00000     0.00000       0.00  %   10000     
1.330779e+03      0.00            0.00            1.00000     0.00000       0.00  %   10000     
1.331011e+03      0.00            0.00            1.00000     0.00000       0.00  %   10000     
1.331293e+03      0.00            0.00            1.00000     0.00000       0.00  %   10000     
1.331606e+03      0.00            0.00            1.00000     0.00000       0.00  %   10000     
1.332061e+03      0.00            0.00            1.00000     0.00000       0.00  %   10000     
1.332619e+03      0.00            0.00            1.00000     0.00000       0.00  %   10000     
1.333363e+03      0.00            0.00            1.00000     0.00000       0.00  %   10000     
1.333933e+03      0.00            0.00            1.00000     0.00000       0.00  %   10000     
1.334275e+03      0.00            0.00            1.00000     0.00000       0.00  %   10000     
1.334443e+03      0.00            0.00            1.00000     0.00000       0.00  %   10000     
1.334612e+03      0.00            0.00            1.00000     0.00000       0.00  %   10000     
1.334782e+03      0.00            0.00            1.00000     0.00000       0.00  %   10000     
1.334925e+03      0.00            0.00            1.00000     0.00000       0.00  %   10000     
1.335096e+03      0.00            0.00            1.00000     0.00000       0.00  %   10000     
1.335331e+03      0.00            0.00            1.00000     0.00000       0.00  %   10000     
1.335719e+03      0.00            0.00            1.00000     0.00000       0.00  %   10000     
1.335934e+03      0.00            0.00            1.00000     0.00000       0.00  %   10000     
1.336074e+03      0.00            0.00            1.00000     0.00000       0.00  %   10000     
1.336284e+03      0.00            0.00            1.00000     0.00000       0.00  %   10000     
1.336513e+03      0.00            0.00            1.00000     0.00000       0.00  %   10000     
1.336988e+03      0.00            0.00            1.00000     0.00000       0.00  %   10000     
1.337198e+03      0.00            0.00            1.00000     0.00000       0.00  %   10000     
1.337399e+03      0.00            0.00            1.00000     0.00000       0.00  %   10000     
1.337640e+03      0.00            0.00            1.00000     0.00000       0.00  %   10000     
1.337881e+03      0.00            0.00            1.00000     0.00000       0.00  %   10000     
1.338227e+03      0.00            0.00            1.00000     0.00000       0.00  %   10000     
1.338786e+03      0.00            0.00            1.00000     0.00000       0.00  %   10000     
1.339930e+03      0.00            0.00            1.00000     0.00000       0.00  %   10000     
1.341930e+03      0.00            0.00            1.00000     0.00000       0.00  %   10000     
1.348696e+03      0.00            0.00            1.00000     0.00000       0.00  %   10000     
1.351003e+03      0.00            0.00            1.00000     0.00000       0.00  %   10000     
1.351308e+03      0.00            0.00            1.00000     0.00000       0.00  %   10000     
1.351613e+03      0.00            0.00            1.00000     0.00000       0.00  %   10000     
1.351819e+03      0.00            0.00            1.00000     0.00000       0.00  %   10000     
1.351973e+03      0.00            0.00            1.00000     0.00000       0.00  %   10000     
1.352127e+03      0.00            0.00            1.00000     0.00000       0.00  %   10000     
1.352261e+03      0.00            0.00            1.00000     0.00000       0.00  %   10000     
1.352385e+03      0.00            0.00            1.00000     0.00000       0.00  %   10000     
1.352494e+03      0.00            0.00            1.00000     0.00000       0.00  %   10000     
1.352603e+03      0.00            0.00            1.00000     0.00000       0.00  %   10000     
1.352713e+03      0.00            0.00            1.00000     0.00000       0.00  %   10000     
1.352818e+03      0.00            0.00            1.00000     0.00000       0.00  %   10000     
1.352934e+03      0.00            0.00            1.00000     0.00000       0.00  %   10000     
1.353062e+03      0.00            0.00            1.00000     0.00000       0.00  %   10000     
1.353197e+03      0.00            0.00            1.00000     0.00000       0.00  %   10000     
1.353365e+03      0.00            0.00            1.00000     0.00000       0.00  %   10000     
1.353632e+03      0.00            0.00            1.00000     0.00000       0.00  %   10000     
1.353961e+03      0.00            0.00            1.00000     0.00000       0.00  %   10000     
1.354167e+03      0.00            0.00            1.00000     0.00000       0.00  %   10000     
1.354368e+03      0.00            0.00            1.00000     0.00000       0.00  %   10000     
1.354562e+03      0.00            0.00            1.00000     0.00000       0.00  %   10000     
1.354798e+03      0.00            0.00            1.00000     0.00000       0.00  %   10000     
1.355325e+03      0.00            0.00            1.00000     0.00000       0.00  %   10000     
1.355538e+03      0.00            0.00            1.00000     0.00000       0.00  %   10000     
1.355714e+03      0.00            0.00            1.00000     0.00000       0.00  %   10000     
1.355890e+03      0.00            0.00            1.00000     0.00000       0.00  %   10000     
1.356073e+03      0.00            0.00            1.00000     0.00000       0.00  %   10000     
1.356275e+03      0.00            0.00            1.00000     0.00000       0.00  %   10000     
1.356507e+03      0.00            0.00            1.00000     0.00000       0.00  %   10000     
1.356828e+03      0.00            0.00            1.00000     0.00000       0.00  %   10000     
1.357270e+03      0.00            0.00            1.00000     0.00000       0.00  %   10000     
1.357816e+03      0.00            0.00            1.00000     0.00000       0.00  %   10000     
1.358342e+03      0.00            0.00            1.00000     0.00000       0.00  %   10000     
1.358737e+03      0.00            0.00            1.00000     0.00000       0.00  %   10000     
1.358813e+03      0.00            0.00            1.00000     0.00000       0.00  %   10000     
1.359112e+03      0.00            0.00            1.00000     0.00000       0.00  %   10000     
1.359828e+03      0.00            0.00            1.00000     0.00000       0.00  %   10000     
1.360013e+03      0.00            0.00            1.00000     0.00000       0.00  %   10000     
1.360403e+03      0.00            0.00            1.00000     0.00000       0.00  %   10000     
1.361247e+03      0.00            0.00            1.00000     0.00000       0.00  %   10000     
1.361944e+03      0.00            0.00            1.00000     0.00000       0.00  %   10000     
1.364724e+03      0.00            0.00            1.00000     0.00000       0.00  %   10000     
1.365709e+03      0.00            0.00            1.00000     0.00000       0.00  %   10000     
1.365817e+03      0.00            0.00            1.00000     0.00000       0.00  %   10000     
1.365968e+03      0.00            0.00            1.00000     0.00000       0.00  %   10000     
1.366118e+03      0.00            0.00            1.00000     0.00000       0.00  %   10000     
1.366253e+03      0.00            0.00            1.00000     0.00000       0.00  %   10000     
1.366375e+03      0.00            0.00            1.00000     0.00000       0.00  %   10000     
1.366496e+03      0.00            0.00            1.00000     0.00000       0.00  %   10000     
1.366618e+03      0.00            0.00            1.00000     0.00000       0.00  %   10000     
1.366739e+03      0.00            0.00            1.00000     0.00000       0.00  %   10000     
1.366889e+03      0.00            0.00            1.00000     0.00000       0.00  %   10000     
1.367077e+03      0.00            0.00            1.00000     0.00000       0.00  %   10000     
1.367499e+03      0.00            0.00            1.00000     0.00000       0.00  %   10000     
1.367705e+03      0.00            0.00            1.00000     0.00000       0.00  %   10000     
1.367885e+03      0.00            0.00            1.00000     0.00000       0.00  %   10000     
1.367907e+03      0.00            0.00            1.00000     0.00000       0.00  %   10000     
1.368112e+03      0.00            0.00            1.00000     0.00000       0.00  %   10000     
1.368329e+03      0.00            0.00            1.00000     0.00000       0.00  %   10000     
1.368808e+03      0.00            0.00            1.00000     0.00000       0.00  %   10000     
1.369016e+03      0.00            0.00            1.00000     0.00000       0.00  %   10000     
1.369225e+03      0.00            0.00            1.00000     0.00000       0.00  %   10000     
1.369435e+03      0.00            0.00            1.00000     0.00000       0.00  %   10000     
1.369646e+03      0.00            0.00            1.00000     0.00000       0.00  %   10000     
1.369944e+03      0.00            0.00            1.00000     0.00000       0.00  %   10000     
1.370442e+03      0.00            0.00            1.00000     0.00000       0.00  %   10000     
1.371196e+03      0.00            0.00            1.00000     0.00000       0.00  %   10000     
1.372238e+03      0.00            0.00            1.00000     0.00000       0.00  %   10000     
1.373915e+03      0.00            0.00            1.00000     0.00000       0.00  %   10000     
1.376569e+03      0.00            0.00            1.00000     0.00000       0.00  %   10000     
1.381472e+03      0.00            0.00            1.00000     0.00000       0.00  %   10000     
1.391228e+03      0.00            0.00            1.00000     0.00000       0.00  %   10000     
1.393034e+03      0.00            0.00            1.00000     0.00000       0.00  %   10000     
1.394099e+03      0.00            0.00            1.00000     0.00000       0.00  %   10000     
1.394396e+03      0.00            0.00            1.00000     0.00000       0.00  %   10000     
1.394648e+03      0.00            0.00            1.00000     0.00000       0.00  %   10000     
1.394895e+03      0.00            0.00            1.00000     0.00000       0.00  %   10000     
1.395498e+03      0.00            0.00            1.00000     0.00000       0.00  %   10000     
1.395753e+03      0.00            0.00            1.00000     0.00000       0.00  %   10000     
1.395864e+03      0.00            0.00            1.00000     0.00000       0.00  %   10000     
1.396148e+03      0.00            0.00            1.00000     0.00000       0.00  %   10000     
1.396811e+03      0.00            0.00            1.00000     0.00000       0.00  %   10000     
1.397175e+03      0.00            0.00            1.00000     0.00000       0.00  %   10000     
1.397634e+03      0.00            0.00            1.00000     0.00000       0.00  %   10000     
1.398646e+03      0.00            0.00            1.00000     0.00000       0.00  %   10000     
1.401498e+03      0.00            0.00            1.00000     0.00000       0.00  %   10000     
1.413623e+03      0.00            0.00            1.00000     0.00000       0.00  %   10000     
1.418176e+03      0.00            0.00            1.00000     0.00000       0.00  %   10000     
1.420710e+03      0.00            0.00            1.00000     0.00000       0.00  %   10000     
1.423547e+03      0.00            0.00            1.00000     0.00000       0.00  %   10000     
1.424111e+03      0.00            0.00            1.00000     0.00000       0.00  %   10000     
1.424393e+03      0.00            0.00            1.00000     0.00000       0.00  %   10000     
1.424604e+03      0.00            0.00            1.00000     0.00000       0.00  %   10000     
1.424752e+03      0.00            0.00            1.00000     0.00000       0.00  %   10000     
1.424868e+03      0.00            0.00            1.00000     0.00000       0.00  %   10000     
1.425003e+03      0.00            0.00            1.00000     0.00000       0.00  %   10000     
1.425138e+03      0.00            0.00            1.00000     0.00000       0.00  %   10000     
1.425274e+03      0.00            0.00            1.00000     0.00000       0.00  %   10000     
1.425428e+03      0.00            0.00            1.00000     0.00000       0.00  %   10000     
1.425616e+03      0.00            0.00            1.00000     0.00000       0.00  %   10000     
1.426122e+03      0.00            0.00            1.00000     0.00000       0.00  %   10000     
1.426350e+03      0.00            0.00            1.00000     0.00000       0.00  %   10000     
1.426563e+03      0.00            0.00            1.00000     0.00000       0.00  %   10000     
1.426592e+03      0.00            0.00            1.00000     0.00000       0.00  %   10000     
1.426975e+03      0.00            0.00            1.00000     0.00000       0.00  %   10000     
1.427123e+03      0.00            0.00            1.00000     0.00000       0.00  %   10000     
1.427262e+03      0.00            0.00            1.00000     0.00000       0.00  %   10000     
1.427375e+03      0.00            0.00            1.00000     0.00000       0.00  %   10000     
1.427484e+03      0.00            0.00            1.00000     0.00000       0.00  %   10000     
1.427618e+03      0.00            0.00            1.00000     0.00000       0.00  %   10000     
1.427760e+03      0.00            0.00            1.00000     0.00000       0.00  %   10000     
1.427943e+03      0.00            0.00            1.00000     0.00000       0.00  %   10000     
1.428444e+03      0.00            0.00            1.00000     0.00000       0.00  %   10000     
1.428641e+03      0.00            0.00            1.00000     0.00000       0.00  %   10000     
1.428841e+03      0.00            0.00            1.00000     0.00000       0.00  %   10000     
1.428885e+03      0.00            0.00            1.00000     0.00000       0.00  %   10000     
1.429053e+03      0.00            0.00            1.00000     0.00000       0.00  %   10000     
1.429273e+03      0.00            0.00            1.00000     0.00000       0.00  %   10000     
1.429928e+03      0.00            0.00            1.00000     0.00000       0.00  %   10000     
1.430131e+03      0.00            0.00            1.00000     0.00000       0.00  %   10000     
1.430334e+03      0.00            0.00            1.00000     0.00000       0.00  %   10000     
1.430513e+03      0.00            0.00            1.00000     0.00000       0.00  %   10000     
1.430714e+03      0.00            0.00            1.00000     0.00000       0.00  %   10000     
1.430948e+03      0.00            0.00            1.00000     0.00000       0.00  %   10000     
1.431211e+03      0.00            0.00            1.00000     0.00000       0.00  %   10000     
1.431537e+03      0.00            0.00            1.00000     0.00000       0.00  %   10000     
1.431972e+03      0.00            0.00            1.00000     0.00000       0.00  %   10000     
1.432437e+03      0.00            0.00            1.00000     0.00000       0.00  %   10000     
1.433076e+03      0.00            0.00            1.00000     0.00000       0.00  %   10000     
1.433953e+03      0.00            0.00            1.00000     0.00000       0.00  %   10000     
1.435068e+03      0.00            0.00            1.00000     0.00000       0.00  %   10000     
1.436821e+03      0.00            0.00            1.00000     0.00000       0.00  %   10000     
1.439213e+03      0.00            0.00            1.00000     0.00000       0.00  %   10000     
1.444776e+03      0.00            0.00            1.00000     0.00000       0.00  %   10000     
1.446265e+03      0.00            0.00            1.00000     0.00000       0.00  %   10000     
1.447324e+03      0.00            0.00            1.00000     0.00000       0.00  %   10000     
1.447892e+03      0.00            0.00            1.00000     0.00000       0.00  %   10000     
1.448150e+03      0.00            0.00            1.00000     0.00000       0.00  %   10000     
1.448279e+03      0.00            0.00            1.00000     0.00000       0.00  %   10000     
1.448409e+03      0.00            0.00            1.00000     0.00000       0.00  %   10000     
1.448520e+03      0.00            0.00            1.00000     0.00000       0.00  %   10000     
1.448632e+03      0.00            0.00            1.00000     0.00000       0.00  %   10000     
1.448722e+03      0.00            0.00            1.00000     0.00000       0.00  %   10000     
1.448806e+03      0.00            0.00            1.00000     0.00000       0.00  %   10000     
1.448907e+03      0.00            0.00            1.00000     0.00000       0.00  %   10000     
1.449007e+03      0.00            0.00            1.00000     0.00000       0.00  %   10000     
1.449104e+03      0.00            0.00            1.00000     0.00000       0.00  %   10000     
1.449218e+03      0.00            0.00            1.00000     0.00000       0.00  %   10000     
1.449349e+03      0.00            0.00            1.00000     0.00000       0.00  %   10000     
1.449508e+03      0.00            0.00            1.00000     0.00000       0.00  %   10000     
1.449764e+03      0.00            0.00            1.00000     0.00000       0.00  %   10000     
1.450067e+03      0.00            0.00            1.00000     0.00000       0.00  %   10000     
1.450278e+03      0.00            0.00            1.00000     0.00000       0.00  %   10000     
1.450445e+03      0.00            0.00            1.00000     0.00000       0.00  %   10000     
1.450511e+03      0.00            0.00            1.00000     0.00000       0.00  %   10000     
1.450675e+03      0.00            0.00            1.00000     0.00000       0.00  %   10000     
1.450918e+03      0.00            0.00            1.00000     0.00000       0.00  %   10000     
1.451469e+03      0.00            0.00            1.00000     0.00000       0.00  %   10000     
1.451693e+03      0.00            0.00            1.00000     0.00000       0.00  %   10000     
1.451894e+03      0.00            0.00            1.00000     0.00000       0.00  %   10000     
1.452073e+03      0.00            0.00            1.00000     0.00000       0.00  %   10000     
1.452259e+03      0.00            0.00            1.00000     0.00000       0.00  %   10000     
1.452521e+03      0.00            0.00            1.00000     0.00000       0.00  %   10000     
1.452860e+03      0.00            0.00            1.00000     0.00000       0.00  %   10000     
1.453328e+03      0.00            0.00            1.00000     0.00000       0.00  %   10000     
1.453922e+03      0.00            0.00            1.00000     0.00000       0.00  %   10000     
1.455002e+03      0.00            0.00            1.00000     0.00000       0.00  %   10000     
1.456513e+03      0.00            0.00            1.00000     0.00000       0.00  %   10000     
1.459292e+03      0.00            0.00            1.00000     0.00000       0.00  %   10000     
1.465800e+03      0.00            0.00            1.00000     0.00000       0.00  %   10000     
1.467007e+03      0.00            0.00            1.00000     0.00000       0.00  %   10000     
1.467988e+03      0.00            0.00            1.00000     0.00000       0.00  %   10000     
1.468053e+03      0.00            0.00            1.00000     0.00000       0.00  %   10000     
1.468309e+03      0.00            0.00            1.00000     0.00000       0.00  %   10000     
1.468541e+03      0.00            0.00            1.00000     0.00000       0.00  %   10000     
1.468761e+03      0.00            0.00            1.00000     0.00000       0.00  %   10000     
1.469111e+03      0.00            0.00            1.00000     0.00000       0.00  %   10000     
1.469456e+03      0.00            0.00            1.00000     0.00000       0.00  %   10000     
1.469701e+03      0.00            0.00            1.00000     0.00000       0.00  %   10000     
1.469794e+03      0.00            0.00            1.00000     0.00000       0.00  %   10000     
1.470042e+03      0.00            0.00            1.00000     0.00000       0.00  %   10000     
1.470870e+03      0.00            0.00            1.00000     0.00000       0.00  %   10000     
1.471238e+03      0.00            0.00            1.00000     0.00000       0.00  %   10000     
1.471762e+03      0.00            0.00            1.00000     0.00000       0.00  %   10000     
1.472544e+03      0.00            0.00            1.00000     0.00000       0.00  %   10000     
1.472857e+03      0.00            0.00            1.00000     0.00000       0.00  %   10000     
1.473042e+03      0.00            0.00            1.00000     0.00000       0.00  %   10000     
1.473165e+03      0.00            0.00            1.00000     0.00000       0.00  %   10000     
1.473319e+03      0.00            0.00            1.00000     0.00000       0.00  %   10000     
1.473450e+03      0.00            0.00            1.00000     0.00000       0.00  %   10000     
1.473600e+03      0.00            0.00            1.00000     0.00000       0.00  %   10000     
1.473773e+03      0.00            0.00            1.00000     0.00000       0.00  %   10000     
1.474042e+03      0.00            0.00            1.00000     0.00000       0.00  %   10000     
1.474364e+03      0.00            0.00            1.00000     0.00000       0.00  %   10000     
1.474585e+03      0.00            0.00            1.00000     0.00000       0.00  %   10000     
1.474758e+03      0.00            0.00            1.00000     0.00000       0.00  %   10000     
1.474978e+03      0.00            0.00            1.00000     0.00000       0.00  %   10000     
1.475260e+03      0.00            0.00            1.00000     0.00000       0.00  %   10000     
1.475712e+03      0.00            0.00            1.00000     0.00000       0.00  %   10000     
1.475967e+03      0.00            0.00            1.00000     0.00000       0.00  %   10000     
1.476239e+03      0.00            0.00            1.00000     0.00000       0.00  %   10000     
1.476521e+03      0.00            0.00            1.00000     0.00000       0.00  %   10000     
1.476973e+03      0.00            0.00            1.00000     0.00000       0.00  %   10000     
1.477656e+03      0.00            0.00            1.00000     0.00000       0.00  %   10000     
1.479022e+03      0.00            0.00            1.00000     0.00000       0.00  %   10000     
1.481556e+03      0.00            0.00            1.00000     0.00000       0.00  %   10000     
1.483408e+03      0.00            0.00            1.00000     0.00000       0.00  %   10000     
1.484521e+03      0.00            0.00            1.00000     0.00000       0.00  %   10000     
1.484707e+03      0.00            0.00            1.00000     0.00000       0.00  %   10000     
1.485241e+03      0.00            0.00            1.00000     0.00000       0.00  %   10000     
1.485764e+03      0.00            0.00            1.00000     0.00000       0.00  %   10000     
1.486200e+03      0.00            0.00            1.00000     0.00000       0.00  %   10000     
1.486565e+03      0.00            0.00            1.00000     0.00000       0.00  %   10000     
1.486843e+03      0.00            0.00            1.00000     0.00000       0.00  %   10000     
1.487121e+03      0.00            0.00            1.00000     0.00000       0.00  %   10000     
1.487353e+03      0.00            0.00            1.00000     0.00000       0.00  %   10000     
1.487566e+03      0.00            0.00            1.00000     0.00000       0.00  %   10000     
1.487772e+03      0.00            0.00            1.00000     0.00000       0.00  %   10000     
1.487946e+03      0.00            0.00            1.00000     0.00000       0.00  %   10000     
1.488120e+03      0.00            0.00            1.00000     0.00000       0.00  %   10000     
1.488276e+03      0.00            0.00            1.00000     0.00000       0.00  %   10000     
1.488438e+03      0.00            0.00            1.00000     0.00000       0.00  %   10000     
1.488597e+03      0.00            0.00            1.00000     0.00000       0.00  %   10000     
1.488752e+03      0.00            0.00            1.00000     0.00000       0.00  %   10000     
1.488911e+03      0.00            0.00            1.00000     0.00000       0.00  %   10000     
1.489074e+03      0.00            0.00            1.00000     0.00000       0.00  %   10000     
1.489259e+03      0.00            0.00            1.00000     0.00000       0.00  %   10000     
1.489491e+03      0.00            0.00            1.00000     0.00000       0.00  %   10000     
1.490029e+03      0.00            0.00            1.00000     0.00000       0.00  %   10000     
1.490275e+03      0.00            0.00            1.00000     0.00000       0.00  %   10000     
1.490493e+03      0.00            0.00            1.00000     0.00000       0.00  %   10000     
1.490556e+03      0.00            0.00            1.00000     0.00000       0.00  %   10000     
1.490815e+03      0.00            0.00            1.00000     0.00000       0.00  %   10000     
1.491129e+03      0.00            0.00            1.00000     0.00000       0.00  %   10000     
1.491728e+03      0.00            0.00            1.00000     0.00000       0.00  %   10000     
1.492010e+03      0.00            0.00            1.00000     0.00000       0.00  %   10000     
1.492282e+03      0.00            0.00            1.00000     0.00000       0.00  %   10000     
1.492535e+03      0.00            0.00            1.00000     0.00000       0.00  %   10000     
1.492772e+03      0.00            0.00            1.00000     0.00000       0.00  %   10000     
1.493054e+03      0.00            0.00            1.00000     0.00000       0.00  %   10000     
1.493406e+03      0.00            0.00            1.00000     0.00000       0.00  %   10000     
1.493829e+03      0.00            0.00            1.00000     0.00000       0.00  %   10000     
1.494322e+03      0.00            0.00            1.00000     0.00000       0.00  %   10000     
1.494830e+03      0.00            0.00            1.00000     0.00000       0.00  %   10000     
1.495496e+03      0.00            0.00            1.00000     0.00000       0.00  %   10000     
1.496321e+03      0.00            0.00            1.00000     0.00000       0.00  %   10000     
1.497431e+03      0.00            0.00            1.00000     0.00000       0.00  %   10000     
1.499124e+03      0.00            0.00            1.00000     0.00000       0.00  %   10000     
1.500609e+03      0.00            0.00            1.00000     0.00000       0.00  %   10000     
1.500824e+03      0.00            0.00            1.00000     0.00000       0.00  %   10000     
1.501312e+03      0.00            0.00            1.00000     0.00000       0.00  %   10000     
1.501968e+03      0.00            0.00            1.00000     0.00000       0.00  %   10000     
1.502155e+03      0.00            0.00            1.00000     0.00000       0.00  %   10000     
1.502620e+03      0.00            0.00            1.00000     0.00000       0.00  %   10000     
1.503609e+03      0.00            0.00            1.00000     0.00000       0.00  %   10000     
1.504663e+03      0.00            0.00            1.00000     0.00000       0.00  %   10000     
1.507565e+03      0.00            0.00            1.00000     0.00000       0.00  %   10000     
1.512344e+03      0.00            0.00            1.00000     0.00000       0.00  %   10000     
1.520732e+03      0.00            0.00            1.00000     0.00000       0.00  %   10000     
1.526813e+03      0.00            0.00            1.00000     0.00000       0.00  %   10000     
1.528652e+03      0.00            0.00            1.00000     0.00000       0.00  %   10000     
1.528958e+03      0.00            0.00            1.00000     0.00000       0.00  %   10000     
1.529254e+03      0.00            0.00            1.00000     0.00000       0.00  %   10000     
1.529586e+03      0.00            0.00            1.00000     0.00000       0.00  %   10000     
1.530137e+03      0.00            0.00            1.00000     0.00000       0.00  %   10000     
1.530418e+03      0.00            0.00            1.00000     0.00000       0.00  %   10000     
1.530488e+03      0.00            0.00            1.00000     0.00000       0.00  %   10000     
1.530796e+03      0.00            0.00            1.00000     0.00000       0.00  %   10000     
1.531502e+03      0.00            0.00            1.00000     0.00000       0.00  %   10000     
1.532018e+03      0.00            0.00            1.00000     0.00000       0.00  %   10000     
1.532912e+03      0.00            0.00            1.00000     0.00000       0.00  %   10000     
1.535540e+03      0.00            0.00            1.00000     0.00000       0.00  %   10000     
1.545006e+03      0.00            0.00            1.00000     0.00000       0.00  %   10000     
1.547463e+03      0.00            0.00            1.00000     0.00000       0.00  %   10000     
1.549008e+03      0.00            0.00            1.00000     0.00000       0.00  %   10000     
1.550190e+03      0.00            0.00            1.00000     0.00000       0.00  %   10000     
1.550235e+03      0.00            0.00            1.00000     0.00000       0.00  %   10000     
1.550418e+03      0.00            0.00            1.00000     0.00000       0.00  %   10000     
1.550570e+03      0.00            0.00            1.00000     0.00000       0.00  %   10000     
1.550721e+03      0.00            0.00            1.00000     0.00000       0.00  %   10000     
1.550859e+03      0.00            0.00            1.00000     0.00000       0.00  %   10000     
1.550981e+03      0.00            0.00            1.00000     0.00000       0.00  %   10000     
1.551104e+03      0.00            0.00            1.00000     0.00000       0.00  %   10000     
1.551243e+03      0.00            0.00            1.00000     0.00000       0.00  %   10000     
1.551396e+03      0.00            0.00            1.00000     0.00000       0.00  %   10000     
1.551619e+03      0.00            0.00            1.00000     0.00000       0.00  %   10000     
1.552035e+03      0.00            0.00            1.00000     0.00000       0.00  %   10000     
1.552256e+03      0.00            0.00            1.00000     0.00000       0.00  %   10000     
1.552449e+03      0.00            0.00            1.00000     0.00000       0.00  %   10000     
1.552471e+03      0.00            0.00            1.00000     0.00000       0.00  %   10000     
1.552684e+03      0.00            0.00            1.00000     0.00000       0.00  %   10000     
1.552907e+03      0.00            0.00            1.00000     0.00000       0.00  %   10000     
1.553441e+03      0.00            0.00            1.00000     0.00000       0.00  %   10000     
1.553686e+03      0.00            0.00            1.00000     0.00000       0.00  %   10000     
1.553884e+03      0.00            0.00            1.00000     0.00000       0.00  %   10000     
1.554120e+03      0.00            0.00            1.00000     0.00000       0.00  %   10000     
1.554399e+03      0.00            0.00            1.00000     0.00000       0.00  %   10000     
1.554702e+03      0.00            0.00            1.00000     0.00000       0.00  %   10000     
1.555107e+03      0.00            0.00            1.00000     0.00000       0.00  %   10000     
1.555884e+03      0.00            0.00            1.00000     0.00000       0.00  %   10000     
1.556885e+03      0.00            0.00            1.00000     0.00000       0.00  %   10000     
1.559378e+03      0.00            0.00            1.00000     0.00000       0.00  %   10000     
1.567060e+03      0.00            0.00            1.00000     0.00000       0.00  %   10000     
1.568973e+03      0.00            0.00            1.00000     0.00000       0.00  %   10000     
1.569596e+03      0.00            0.00            1.00000     0.00000       0.00  %   10000     
1.570292e+03      0.00            0.00            1.00000     0.00000       0.00  %   10000     
1.570429e+03      0.00            0.00            1.00000     0.00000       0.00  %   10000     
1.571531e+03      0.00            0.00            1.00000     0.00000       0.00  %   10000     
1.574953e+03      0.00            0.00            1.00000     0.00000       0.00  %   10000     
1.575644e+03      0.00            0.00            1.00000     0.00000       0.00  %   10000     
1.576087e+03      0.00            0.00            1.00000     0.00000       0.00  %   10000     
1.576339e+03      0.00            0.00            1.00000     0.00000       0.00  %   10000     
1.576539e+03      0.00            0.00            1.00000     0.00000       0.00  %   10000     
1.576705e+03      0.00            0.00            1.00000     0.00000       0.00  %   10000     
1.576862e+03      0.00            0.00            1.00000     0.00000       0.00  %   10000     
1.576986e+03      0.00            0.00            1.00000     0.00000       0.00  %   10000     
1.577110e+03      0.00            0.00            1.00000     0.00000       0.00  %   10000     
1.577238e+03      0.00            0.00            1.00000     0.00000       0.00  %   10000     
1.577372e+03      0.00            0.00            1.00000     0.00000       0.00  %   10000     
1.577520e+03      0.00            0.00            1.00000     0.00000       0.00  %   10000     
1.577682e+03      0.00            0.00            1.00000     0.00000       0.00  %   10000     
1.577892e+03      0.00            0.00            1.00000     0.00000       0.00  %   10000     
1.578437e+03      0.00            0.00            1.00000     0.00000       0.00  %   10000     
1.578674e+03      0.00            0.00            1.00000     0.00000       0.00  %   10000     
1.578896e+03      0.00            0.00            1.00000     0.00000       0.00  %   10000     
1.578910e+03      0.00            0.00            1.00000     0.00000       0.00  %   10000     
1.579129e+03      0.00            0.00            1.00000     0.00000       0.00  %   10000     
1.579378e+03      0.00            0.00            1.00000     0.00000       0.00  %   10000     
1.579969e+03      0.00            0.00            1.00000     0.00000       0.00  %   10000     
1.580206e+03      0.00            0.00            1.00000     0.00000       0.00  %   10000     
1.580413e+03      0.00            0.00            1.00000     0.00000       0.00  %   10000     
1.580630e+03      0.00            0.00            1.00000     0.00000       0.00  %   10000     
1.580822e+03      0.00            0.00            1.00000     0.00000       0.00  %   10000     
1.581088e+03      0.00            0.00            1.00000     0.00000       0.00  %   10000     
1.581384e+03      0.00            0.00            1.00000     0.00000       0.00  %   10000     
1.581754e+03      0.00            0.00            1.00000     0.00000       0.00  %   10000     
1.582341e+03      0.00            0.00            1.00000     0.00000       0.00  %   10000     
1.583056e+03      0.00            0.00            1.00000     0.00000       0.00  %   10000     
1.584291e+03      0.00            0.00            1.00000     0.00000       0.00  %   10000     
1.585872e+03      0.00            0.00            1.00000     0.00000       0.00  %   10000     
1.590254e+03      0.00            0.00            1.00000     0.00000       0.00  %   10000     
1.591395e+03      0.00            0.00            1.00000     0.00000       0.00  %   10000     
1.591736e+03      0.00            0.00            1.00000     0.00000       0.00  %   10000     
1.591979e+03      0.00            0.00            1.00000     0.00000       0.00  %   10000     
1.592198e+03      0.00            0.00            1.00000     0.00000       0.00  %   10000     
1.592481e+03      0.00            0.00            1.00000     0.00000       0.00  %   10000     
1.592990e+03      0.00            0.00            1.00000     0.00000       0.00  %   10000     
1.593253e+03      0.00            0.00            1.00000     0.00000       0.00  %   10000     
1.593378e+03      0.00            0.00            1.00000     0.00000       0.00  %   10000     
1.593603e+03      0.00            0.00            1.00000     0.00000       0.00  %   10000     
1.594026e+03      0.00            0.00            1.00000     0.00000       0.00  %   10000     
1.594412e+03      0.00            0.00            1.00000     0.00000       0.00  %   10000     
1.594785e+03      0.00            0.00            1.00000     0.00000       0.00  %   10000     
1.595248e+03      0.00            0.00            1.00000     0.00000       0.00  %   10000     
1.595815e+03      0.00            0.00            1.00000     0.00000       0.00  %   10000     
1.597490e+03      0.00            0.00            1.00000     0.00000       0.00  %   10000     
1.603130e+03      0.00            0.00            1.00000     0.00000       0.00  %   10000     
1.608204e+03      0.00            0.00            1.00000     0.00000       0.00  %   10000     
1.610412e+03      0.00            0.00            1.00000     0.00000       0.00  %   10000     
1.611644e+03      0.00            0.00            1.00000     0.00000       0.00  %   10000     
1.612700e+03      0.00            0.00            1.00000     0.00000       0.00  %   10000     
1.612883e+03      0.00            0.00            1.00000     0.00000       0.00  %   10000     
1.613068e+03      0.00            0.00            1.00000     0.00000       0.00  %   10000     
1.613190e+03      0.00            0.00            1.00000     0.00000       0.00  %   10000     
1.613344e+03      0.00            0.00            1.00000     0.00000       0.00  %   10000     
1.613478e+03      0.00            0.00            1.00000     0.00000       0.00  %   10000     
1.613599e+03      0.00            0.00            1.00000     0.00000       0.00  %   10000     
1.613720e+03      0.00            0.00            1.00000     0.00000       0.00  %   10000     
1.613858e+03      0.00            0.00            1.00000     0.00000       0.00  %   10000     
1.614024e+03      0.00            0.00            1.00000     0.00000       0.00  %   10000     
1.614233e+03      0.00            0.00            1.00000     0.00000       0.00  %   10000     
1.614669e+03      0.00            0.00            1.00000     0.00000       0.00  %   10000     
1.614893e+03      0.00            0.00            1.00000     0.00000       0.00  %   10000     
1.615092e+03      0.00            0.00            1.00000     0.00000       0.00  %   10000     
1.615136e+03      0.00            0.00            1.00000     0.00000       0.00  %   10000     
1.615346e+03      0.00            0.00            1.00000     0.00000       0.00  %   10000     
1.615622e+03      0.00            0.00            1.00000     0.00000       0.00  %   10000     
1.616094e+03      0.00            0.00            1.00000     0.00000       0.00  %   10000     
1.616335e+03      0.00            0.00            1.00000     0.00000       0.00  %   10000     
1.616561e+03      0.00            0.00            1.00000     0.00000       0.00  %   10000     
1.616765e+03      0.00            0.00            1.00000     0.00000       0.00  %   10000     
1.617039e+03      0.00            0.00            1.00000     0.00000       0.00  %   10000     
1.617339e+03      0.00            0.00            1.00000     0.00000       0.00  %   10000     
1.617739e+03      0.00            0.00            1.00000     0.00000       0.00  %   10000     
1.618389e+03      0.00            0.00            1.00000     0.00000       0.00  %   10000     
1.619040e+03      0.00            0.00            1.00000     0.00000       0.00  %   10000     
1.620586e+03      0.00            0.00            1.00000     0.00000       0.00  %   10000     
1.623242e+03      0.00            0.00            1.00000     0.00000       0.00  %   10000     
1.633190e+03      0.00            0.00            1.00000     0.00000       0.00  %   10000     
1.634242e+03      0.00            0.00            1.00000     0.00000       0.00  %   10000     
1.635600e+03      0.00            0.00            1.00000     0.00000       0.00  %   10000     
1.637396e+03      0.00            0.00            1.00000     0.00000       0.00  %   10000     
1.638929e+03      0.00            0.00            1.00000     0.00000       0.00  %   10000     
1.639731e+03      0.00            0.00            1.00000     0.00000       0.00  %   10000     
1.639957e+03      0.00            0.00            1.00000     0.00000       0.00  %   10000     
1.640184e+03      0.00            0.00            1.00000     0.00000       0.00  %   10000     
1.640371e+03      0.00            0.00            1.00000     0.00000       0.00  %   10000     
1.640532e+03      0.00            0.00            1.00000     0.00000       0.00  %   10000     
1.640749e+03      0.00            0.00            1.00000     0.00000       0.00  %   10000     
1.641141e+03      0.00            0.00            1.00000     0.00000       0.00  %   10000     
1.641454e+03      0.00            0.00            1.00000     0.00000       0.00  %   10000     
1.641691e+03      0.00            0.00            1.00000     0.00000       0.00  %   10000     
1.641807e+03      0.00            0.00            1.00000     0.00000       0.00  %   10000     
1.642038e+03      0.00            0.00            1.00000     0.00000       0.00  %   10000     
1.642361e+03      0.00            0.00            1.00000     0.00000       0.00  %   10000     
1.642835e+03      0.00            0.00            1.00000     0.00000       0.00  %   10000     
1.643145e+03      0.00            0.00            1.00000     0.00000       0.00  %   10000     
1.643439e+03      0.00            0.00            1.00000     0.00000       0.00  %   10000     
1.643880e+03      0.00            0.00            1.00000     0.00000       0.00  %   10000     
1.644320e+03      0.00            0.00            1.00000     0.00000       0.00  %   10000     
1.644469e+03      0.00            0.00            1.00000     0.00000       0.00  %   10000     
1.644692e+03      0.00            0.00            1.00000     0.00000       0.00  %   10000     
1.644840e+03      0.00            0.00            1.00000     0.00000       0.00  %   10000     
1.644969e+03      0.00            0.00            1.00000     0.00000       0.00  %   10000     
1.645132e+03      0.00            0.00            1.00000     0.00000       0.00  %   10000     
1.645284e+03      0.00            0.00            1.00000     0.00000       0.00  %   10000     
1.645457e+03      0.00            0.00            1.00000     0.00000       0.00  %   10000     
1.645726e+03      0.00            0.00            1.00000     0.00000       0.00  %   10000     
1.646104e+03      0.00            0.00            1.00000     0.00000       0.00  %   10000     
1.646334e+03      0.00            0.00            1.00000     0.00000       0.00  %   10000     
1.646540e+03      0.00            0.00            1.00000     0.00000       0.00  %   10000     
1.646750e+03      0.00            0.00            1.00000     0.00000       0.00  %   10000     
1.647037e+03      0.00            0.00            1.00000     0.00000       0.00  %   10000     
1.647536e+03      0.00            0.00            1.00000     0.00000       0.00  %   10000     
1.647826e+03      0.00            0.00            1.00000     0.00000       0.00  %   10000     
1.648108e+03      0.00            0.00            1.00000     0.00000       0.00  %   10000     
1.648462e+03      0.00            0.00            1.00000     0.00000       0.00  %   10000     
1.649022e+03      0.00            0.00            1.00000     0.00000       0.00  %   10000     
1.649641e+03      0.00            0.00            1.00000     0.00000       0.00  %   10000     
1.650927e+03      0.00            0.00            1.00000     0.00000       0.00  %   10000     
1.653107e+03      0.00            0.00            1.00000     0.00000       0.00  %   10000     
1.659215e+03      0.00            0.00            1.00000     0.00000       0.00  %   10000     
1.660634e+03      0.00            0.00            1.00000     0.00000       0.00  %   10000     
1.664559e+03      0.00            0.00            1.00000     0.00000       0.00  %   10000     
1.680481e+03      0.00            0.00            1.00000     0.00000       0.00  %   10000     
1.686671e+03      0.00            0.00            1.00000     0.00000       0.00  %   10000     
1.688853e+03      0.00            0.00            1.00000     0.00000       0.00  %   10000     
1.690128e+03      0.00            0.00            1.00000     0.00000       0.00  %   10000     
1.691274e+03      0.00            0.00            1.00000     0.00000       0.00  %   10000     
1.691375e+03      0.00            0.00            1.00000     0.00000       0.00  %   10000     
1.691578e+03      0.00            0.00            1.00000     0.00000       0.00  %   10000     
1.691731e+03      0.00            0.00            1.00000     0.00000       0.00  %   10000     
1.691884e+03      0.00            0.00            1.00000     0.00000       0.00  %   10000     
1.692024e+03      0.00            0.00            1.00000     0.00000       0.00  %   10000     
1.692163e+03      0.00            0.00            1.00000     0.00000       0.00  %   10000     
1.692303e+03      0.00            0.00            1.00000     0.00000       0.00  %   10000     
1.692468e+03      0.00            0.00            1.00000     0.00000       0.00  %   10000     
1.692664e+03      0.00            0.00            1.00000     0.00000       0.00  %   10000     
1.693215e+03      0.00            0.00            1.00000     0.00000       0.00  %   10000     
1.693452e+03      0.00            0.00            1.00000     0.00000       0.00  %   10000     
1.693663e+03      0.00            0.00            1.00000     0.00000       0.00  %   10000     
1.693875e+03      0.00            0.00            1.00000     0.00000       0.00  %   10000     
1.694155e+03      0.00            0.00            1.00000     0.00000       0.00  %   10000     
1.694667e+03      0.00            0.00            1.00000     0.00000       0.00  %   10000     
1.694911e+03      0.00            0.00            1.00000     0.00000       0.00  %   10000     
1.695157e+03      0.00            0.00            1.00000     0.00000       0.00  %   10000     
1.695396e+03      0.00            0.00            1.00000     0.00000       0.00  %   10000     
1.695658e+03      0.00            0.00            1.00000     0.00000       0.00  %   10000     
1.696076e+03      0.00            0.00            1.00000     0.00000       0.00  %   10000     
1.696817e+03      0.00            0.00            1.00000     0.00000       0.00  %   10000     
1.697919e+03      0.00            0.00            1.00000     0.00000       0.00  %   10000     
1.701909e+03      0.00            0.00            1.00000     0.00000       0.00  %   10000     
1.703259e+03      0.00            0.00            1.00000     0.00000       0.00  %   10000     
1.703793e+03      0.00            0.00            1.00000     0.00000       0.00  %   10000     
1.703897e+03      0.00            0.00            1.00000     0.00000       0.00  %   10000     
1.704106e+03      0.00            0.00            1.00000     0.00000       0.00  %   10000     
1.704231e+03      0.00            0.00            1.00000     0.00000       0.00  %   10000     
1.704371e+03      0.00            0.00            1.00000     0.00000       0.00  %   10000     
1.704487e+03      0.00            0.00            1.00000     0.00000       0.00  %   10000     
1.704603e+03      0.00            0.00            1.00000     0.00000       0.00  %   10000     
1.704707e+03      0.00            0.00            1.00000     0.00000       0.00  %   10000     
1.704812e+03      0.00            0.00            1.00000     0.00000       0.00  %   10000     
1.704917e+03      0.00            0.00            1.00000     0.00000       0.00  %   10000     
1.705048e+03      0.00            0.00            1.00000     0.00000       0.00  %   10000     
1.705194e+03      0.00            0.00            1.00000     0.00000       0.00  %   10000     
1.705361e+03      0.00            0.00            1.00000     0.00000       0.00  %   10000     
1.705618e+03      0.00            0.00            1.00000     0.00000       0.00  %   10000     
1.705989e+03      0.00            0.00            1.00000     0.00000       0.00  %   10000     
1.706224e+03      0.00            0.00            1.00000     0.00000       0.00  %   10000     
1.706437e+03      0.00            0.00            1.00000     0.00000       0.00  %   10000     
1.706450e+03      0.00            0.00            1.00000     0.00000       0.00  %   10000     
1.706647e+03      0.00            0.00            1.00000     0.00000       0.00  %   10000     
1.706870e+03      0.00            0.00            1.00000     0.00000       0.00  %   10000     
1.707476e+03      0.00            0.00            1.00000     0.00000       0.00  %   10000     
1.707691e+03      0.00            0.00            1.00000     0.00000       0.00  %   10000     
1.707873e+03      0.00            0.00            1.00000     0.00000       0.00  %   10000     
1.708059e+03      0.00            0.00            1.00000     0.00000       0.00  %   10000     
1.708292e+03      0.00            0.00            1.00000     0.00000       0.00  %   10000     
1.708530e+03      0.00            0.00            1.00000     0.00000       0.00  %   10000     
1.708792e+03      0.00            0.00            1.00000     0.00000       0.00  %   10000     
1.709211e+03      0.00            0.00            1.00000     0.00000       0.00  %   10000     
1.709858e+03      0.00            0.00            1.00000     0.00000       0.00  %   10000     
1.710808e+03      0.00            0.00            1.00000     0.00000       0.00  %   10000     
1.712032e+03      0.00            0.00            1.00000     0.00000       0.00  %   10000     
1.713897e+03      0.00            0.00            1.00000     0.00000       0.00  %   10000     
1.718636e+03      0.00            0.00            1.00000     0.00000       0.00  %   10000     
1.719968e+03      0.00            0.00            1.00000     0.00000       0.00  %   10000     
1.720272e+03      0.00            0.00            1.00000     0.00000       0.00  %   10000     
1.720609e+03      0.00            0.00            1.00000     0.00000       0.00  %   10000     
1.721425e+03      0.00            0.00            1.00000     0.00000       0.00  %   10000     
1.721767e+03      0.00            0.00            1.00000     0.00000       0.00  %   10000     
1.722166e+03      0.00            0.00            1.00000     0.00000       0.00  %   10000     
1.722955e+03      0.00            0.00            1.00000     0.00000       0.00  %   10000     
1.723586e+03      0.00            0.00            1.00000     0.00000       0.00  %   10000     
1.724897e+03      0.00            0.00            1.00000     0.00000       0.00  %   10000     
1.728688e+03      0.00            0.00            1.00000     0.00000       0.00  %   10000     
1.730130e+03      0.00            0.00            1.00000     0.00000       0.00  %   10000     
1.731746e+03      0.00            0.00            1.00000     0.00000       0.00  %   10000     
1.731974e+03      0.00            0.00            1.00000     0.00000       0.00  %   10000     
1.732161e+03      0.00            0.00            1.00000     0.00000       0.00  %   10000     
1.732293e+03      0.00            0.00            1.00000     0.00000       0.00  %   10000     
1.732418e+03      0.00            0.00            1.00000     0.00000       0.00  %   10000     
1.732517e+03      0.00            0.00            1.00000     0.00000       0.00  %   10000     
1.732616e+03      0.00            0.00            1.00000     0.00000       0.00  %   10000     
1.732721e+03      0.00            0.00            1.00000     0.00000       0.00  %   10000     
1.732820e+03      0.00            0.00            1.00000     0.00000       0.00  %   10000     
1.732919e+03      0.00            0.00            1.00000     0.00000       0.00  %   10000     
1.733027e+03      0.00            0.00            1.00000     0.00000       0.00  %   10000     
1.733151e+03      0.00            0.00            1.00000     0.00000       0.00  %   10000     
1.733287e+03      0.00            0.00            1.00000     0.00000       0.00  %   10000     
1.733440e+03      0.00            0.00            1.00000     0.00000       0.00  %   10000     
1.733639e+03      0.00            0.00            1.00000     0.00000       0.00  %   10000     
1.734167e+03      0.00            0.00            1.00000     0.00000       0.00  %   10000     
1.734390e+03      0.00            0.00            1.00000     0.00000       0.00  %   10000     
1.734571e+03      0.00            0.00            1.00000     0.00000       0.00  %   10000     
1.734628e+03      0.00            0.00            1.00000     0.00000       0.00  %   10000     
1.734803e+03      0.00            0.00            1.00000     0.00000       0.00  %   10000     
1.735025e+03      0.00            0.00            1.00000     0.00000       0.00  %   10000     
1.735707e+03      0.00            0.00            1.00000     0.00000       0.00  %   10000     
1.735937e+03      0.00            0.00            1.00000     0.00000       0.00  %   10000     
1.736153e+03      0.00            0.00            1.00000     0.00000       0.00  %   10000     
1.736327e+03      0.00            0.00            1.00000     0.00000       0.00  %   10000     
1.736526e+03      0.00            0.00            1.00000     0.00000       0.00  %   10000     
1.736774e+03      0.00            0.00            1.00000     0.00000       0.00  %   10000     
1.737060e+03      0.00            0.00            1.00000     0.00000       0.00  %   10000     
1.737415e+03      0.00            0.00            1.00000     0.00000       0.00  %   10000     
1.737927e+03      0.00            0.00            1.00000     0.00000       0.00  %   10000     
1.738718e+03      0.00            0.00            1.00000     0.00000       0.00  %   10000     
1.740002e+03      0.00            0.00            1.00000     0.00000       0.00  %   10000     
1.741937e+03      0.00            0.00            1.00000     0.00000       0.00  %   10000     
1.747552e+03      0.00            0.00            1.00000     0.00000       0.00  %   10000     
1.749243e+03      0.00            0.00            1.00000     0.00000       0.00  %   10000     
1.750333e+03      0.00            0.00            1.00000     0.00000       0.00  %   10000     
1.751530e+03      0.00            0.00            1.00000     0.00000       0.00  %   10000     
1.751711e+03      0.00            0.00            1.00000     0.00000       0.00  %   10000     
1.751842e+03      0.00            0.00            1.00000     0.00000       0.00  %   10000     
1.751972e+03      0.00            0.00            1.00000     0.00000       0.00  %   10000     
1.752070e+03      0.00            0.00            1.00000     0.00000       0.00  %   10000     
1.752152e+03      0.00            0.00            1.00000     0.00000       0.00  %   10000     
1.752234e+03      0.00            0.00            1.00000     0.00000       0.00  %   10000     
1.752310e+03      0.00            0.00            1.00000     0.00000       0.00  %   10000     
1.752398e+03      0.00            0.00            1.00000     0.00000       0.00  %   10000     
1.752484e+03      0.00            0.00            1.00000     0.00000       0.00  %   10000     
1.752576e+03      0.00            0.00            1.00000     0.00000       0.00  %   10000     
1.752674e+03      0.00            0.00            1.00000     0.00000       0.00  %   10000     
1.752775e+03      0.00            0.00            1.00000     0.00000       0.00  %   10000     
1.752875e+03      0.00            0.00            1.00000     0.00000       0.00  %   10000     
1.752995e+03      0.00            0.00            1.00000     0.00000       0.00  %   10000     
1.753121e+03      0.00            0.00            1.00000     0.00000       0.00  %   10000     
1.753265e+03      0.00            0.00            1.00000     0.00000       0.00  %   10000     
1.753460e+03      0.00            0.00            1.00000     0.00000       0.00  %   10000     
1.754013e+03      0.00            0.00            1.00000     0.00000       0.00  %   10000     
1.754267e+03      0.00            0.00            1.00000     0.00000       0.00  %   10000     
1.754470e+03      0.00            0.00            1.00000     0.00000       0.00  %   10000     
1.754574e+03      0.00            0.00            1.00000     0.00000       0.00  %   10000     
1.754939e+03      0.00            0.00            1.00000     0.00000       0.00  %   10000     
1.755305e+03      0.00            0.00            1.00000     0.00000       0.00  %   10000     
1.755531e+03      0.00            0.00            1.00000     0.00000       0.00  %   10000     
1.755812e+03      0.00            0.00            1.00000     0.00000       0.00  %   10000     
1.756290e+03      0.00            0.00            1.00000     0.00000       0.00  %   10000     
1.756483e+03      0.00            0.00            1.00000     0.00000       0.00  %   10000     
1.756680e+03      0.00            0.00            1.00000     0.00000       0.00  %   10000     
1.756969e+03      0.00            0.00            1.00000     0.00000       0.00  %   10000     
1.757696e+03      0.00            0.00            1.00000     0.00000       0.00  %   10000     
1.757959e+03      0.00            0.00            1.00000     0.00000       0.00  %   10000     
1.758188e+03      0.00            0.00            1.00000     0.00000       0.00  %   10000     
1.758423e+03      0.00            0.00            1.00000     0.00000       0.00  %   10000     
1.758688e+03      0.00            0.00            1.00000     0.00000       0.00  %   10000     
1.758991e+03      0.00            0.00            1.00000     0.00000       0.00  %   10000     
1.759319e+03      0.00            0.00            1.00000     0.00000       0.00  %   10000     
1.759810e+03      0.00            0.00            1.00000     0.00000       0.00  %   10000     
1.760497e+03      0.00            0.00            1.00000     0.00000       0.00  %   10000     
1.761472e+03      0.00            0.00            1.00000     0.00000       0.00  %   10000     
1.762897e+03      0.00            0.00            1.00000     0.00000       0.00  %   10000     
1.764811e+03      0.00            0.00            1.00000     0.00000       0.00  %   10000     
1.767450e+03      0.00            0.00            1.00000     0.00000       0.00  %   10000     
1.771634e+03      0.00            0.00            1.00000     0.00000       0.00  %   10000     
1.778729e+03      0.00            0.00            1.00000     0.00000       0.00  %   10000     
1.794475e+03      0.00            0.00            1.00000     0.00000       0.00  %   10000     
1.805079e+03      0.00            0.00            1.00000     0.00000       0.00  %   10000     
1.808340e+03      0.00            0.00            1.00000     0.00000       0.00  %   10000     
1.809314e+03      0.00            0.00            1.00000     0.00000       0.00  %   10000     
1.809693e+03      0.00            0.00            1.00000     0.00000       0.00  %   10000     
1.810037e+03      0.00            0.00            1.00000     0.00000       0.00  %   10000     
1.810243e+03      0.00            0.00            1.00000     0.00000       0.00  %   10000     
1.810466e+03      0.00            0.00            1.00000     0.00000       0.00  %   10000     
1.810691e+03      0.00            0.00            1.00000     0.00000       0.00  %   10000     
1.810964e+03      0.00            0.00            1.00000     0.00000       0.00  %   10000     
1.811470e+03      0.00            0.00            1.00000     0.00000       0.00  %   10000     
1.811739e+03      0.00            0.00            1.00000     0.00000       0.00  %   10000     
1.811909e+03      0.00            0.00            1.00000     0.00000       0.00  %   10000     
1.812132e+03      0.00            0.00            1.00000     0.00000       0.00  %   10000     
1.812431e+03      0.00            0.00            1.00000     0.00000       0.00  %   10000     
1.812953e+03      0.00            0.00            1.00000     0.00000       0.00  %   10000     
1.813255e+03      0.00            0.00            1.00000     0.00000       0.00  %   10000     
1.813527e+03      0.00            0.00            1.00000     0.00000       0.00  %   10000     
1.813908e+03      0.00            0.00            1.00000     0.00000       0.00  %   10000     
1.814355e+03      0.00            0.00            1.00000     0.00000       0.00  %   10000     
1.814802e+03      0.00            0.00            1.00000     0.00000       0.00  %   10000     
1.816852e+03      0.00            0.00            1.00000     0.00000       0.00  %   10000     
1.819693e+03      0.00            0.00            1.00000     0.00000       0.00  %   10000     
1.820266e+03      0.00            0.00            1.00000     0.00000       0.00  %   10000     
1.820691e+03      0.00            0.00            1.00000     0.00000       0.00  %   10000     
1.821163e+03      0.00            0.00            1.00000     0.00000       0.00  %   10000     
1.821771e+03      0.00            0.00            1.00000     0.00000       0.00  %   10000     
1.822103e+03      0.00            0.00            1.00000     0.00000       0.00  %   10000     
1.822540e+03      0.00            0.00            1.00000     0.00000       0.00  %   10000     
1.823250e+03      0.00            0.00            1.00000     0.00000       0.00  %   10000     
1.823998e+03      0.00            0.00            1.00000     0.00000       0.00  %   10000     
1.829772e+03      0.00            0.00            1.00000     0.00000       0.00  %   10000     
1.830056e+03      0.00            0.00            1.00000     0.00000       0.00  %   10000     
1.830346e+03      0.00            0.00            1.00000     0.00000       0.00  %   10000     
1.830601e+03      0.00            0.00            1.00000     0.00000       0.00  %   10000     
1.830829e+03      0.00            0.00            1.00000     0.00000       0.00  %   10000     
1.831081e+03      0.00            0.00            1.00000     0.00000       0.00  %   10000     
1.831676e+03      0.00            0.00            1.00000     0.00000       0.00  %   10000     
1.831955e+03      0.00            0.00            1.00000     0.00000       0.00  %   10000     
1.832088e+03      0.00            0.00            1.00000     0.00000       0.00  %   10000     
1.832329e+03      0.00            0.00            1.00000     0.00000       0.00  %   10000     
1.832654e+03      0.00            0.00            1.00000     0.00000       0.00  %   10000     
1.833140e+03      0.00            0.00            1.00000     0.00000       0.00  %   10000     
1.833418e+03      0.00            0.00            1.00000     0.00000       0.00  %   10000     
1.833704e+03      0.00            0.00            1.00000     0.00000       0.00  %   10000     
1.834113e+03      0.00            0.00            1.00000     0.00000       0.00  %   10000     
1.834647e+03      0.00            0.00            1.00000     0.00000       0.00  %   10000     
1.835880e+03      0.00            0.00            1.00000     0.00000       0.00  %   10000     
1.841422e+03      0.00            0.00            1.00000     0.00000       0.00  %   10000     
1.845794e+03      0.00            0.00            1.00000     0.00000       0.00  %   10000     
1.848180e+03      0.00            0.00            1.00000     0.00000       0.00  %   10000     
1.849057e+03      0.00            0.00            1.00000     0.00000       0.00  %   10000     
1.850081e+03      0.00            0.00            1.00000     0.00000       0.00  %   10000     
1.850812e+03      0.00            0.00            1.00000     0.00000       0.00  %   10000     
1.851445e+03      0.00            0.00            1.00000     0.00000       0.00  %   10000     
1.851979e+03      0.00            0.00            1.00000     0.00000       0.00  %   10000     
1.852392e+03      0.00            0.00            1.00000     0.00000       0.00  %   10000     
1.852758e+03      0.00            0.00            1.00000     0.00000       0.00  %   10000     
1.853035e+03      0.00            0.00            1.00000     0.00000       0.00  %   10000     
1.853307e+03      0.00            0.00            1.00000     0.00000       0.00  %   10000     
1.853552e+03      0.00            0.00            1.00000     0.00000       0.00  %   10000     
1.853800e+03      0.00            0.00            1.00000     0.00000       0.00  %   10000     
1.854030e+03      0.00            0.00            1.00000     0.00000       0.00  %   10000     
1.854235e+03      0.00            0.00            1.00000     0.00000       0.00  %   10000     
1.854461e+03      0.00            0.00            1.00000     0.00000       0.00  %   10000     
1.854692e+03      0.00            0.00            1.00000     0.00000       0.00  %   10000     
1.854929e+03      0.00            0.00            1.00000     0.00000       0.00  %   10000     
1.855207e+03      0.00            0.00            1.00000     0.00000       0.00  %   10000     
1.855902e+03      0.00            0.00            1.00000     0.00000       0.00  %   10000     
1.856197e+03      0.00            0.00            1.00000     0.00000       0.00  %   10000     
1.856470e+03      0.00            0.00            1.00000     0.00000       0.00  %   10000     
1.856497e+03      0.00            0.00            1.00000     0.00000       0.00  %   10000     
1.856772e+03      0.00            0.00            1.00000     0.00000       0.00  %   10000     
1.857087e+03      0.00            0.00            1.00000     0.00000       0.00  %   10000     
1.857898e+03      0.00            0.00            1.00000     0.00000       0.00  %   10000     
1.858227e+03      0.00            0.00            1.00000     0.00000       0.00  %   10000     
1.858486e+03      0.00            0.00            1.00000     0.00000       0.00  %   10000     
1.858744e+03      0.00            0.00            1.00000     0.00000       0.00  %   10000     
1.858949e+03      0.00            0.00            1.00000     0.00000       0.00  %   10000     
1.859230e+03      0.00            0.00            1.00000     0.00000       0.00  %   10000     
1.859501e+03      0.00            0.00            1.00000     0.00000       0.00  %   10000     
1.859544e+03      0.00            0.00            1.00000     0.00000       0.00  %   10000     
1.859924e+03      0.00            0.00            1.00000     0.00000       0.00  %   10000     
1.860400e+03      0.00            0.00            1.00000     0.00000       0.00  %   10000     
1.860446e+03      0.00            0.00            1.00000     0.00000       0.00  %   10000     
1.860749e+03      0.00            0.00            1.00000     0.00000       0.00  %   10000     
1.861053e+03      0.00            0.00            1.00000     0.00000       0.00  %   10000     
1.861741e+03      0.00            0.00            1.00000     0.00000       0.00  %   10000     
1.862077e+03      0.00            0.00            1.00000     0.00000       0.00  %   10000     
1.862415e+03      0.00            0.00            1.00000     0.00000       0.00  %   10000     
1.862822e+03      0.00            0.00            1.00000     0.00000       0.00  %   10000     
1.863434e+03      0.00            0.00            1.00000     0.00000       0.00  %   10000     
1.864594e+03      0.00            0.00            1.00000     0.00000       0.00  %   10000     
1.866099e+03      0.00            0.00            1.00000     0.00000       0.00  %   10000     
1.868216e+03      0.00            0.00            1.00000     0.00000       0.00  %   10000     
1.871626e+03      0.00            0.00            1.00000     0.00000       0.00  %   10000     
1.878205e+03      0.00            0.00            1.00000     0.00000       0.00  %   10000     
1.879839e+03      0.00            0.00            1.00000     0.00000       0.00  %   10000     
1.881321e+03      0.00            0.00            1.00000     0.00000       0.00  %   10000     
1.881400e+03      0.00            0.00            1.00000     0.00000       0.00  %   10000     
1.881636e+03      0.00            0.00            1.00000     0.00000       0.00  %   10000     
1.881794e+03      0.00            0.00            1.00000     0.00000       0.00  %   10000     
1.881935e+03      0.00            0.00            1.00000     0.00000       0.00  %   10000     
1.882076e+03      0.00            0.00            1.00000     0.00000       0.00  %   10000     
1.882230e+03      0.00            0.00            1.00000     0.00000       0.00  %   10000     
1.882381e+03      0.00            0.00            1.00000     0.00000       0.00  %   10000     
1.882562e+03      0.00            0.00            1.00000     0.00000       0.00  %   10000     
1.882806e+03      0.00            0.00            1.00000     0.00000       0.00  %   10000     
1.883256e+03      0.00            0.00            1.00000     0.00000       0.00  %   10000     
1.883508e+03      0.00            0.00            1.00000     0.00000       0.00  %   10000     
1.883724e+03      0.00            0.00            1.00000     0.00000       0.00  %   10000     
1.883960e+03      0.00            0.00            1.00000     0.00000       0.00  %   10000     
1.884240e+03      0.00            0.00            1.00000     0.00000       0.00  %   10000     
1.884794e+03      0.00            0.00            1.00000     0.00000       0.00  %   10000     
1.885059e+03      0.00            0.00            1.00000     0.00000       0.00  %   10000     
1.885311e+03      0.00            0.00            1.00000     0.00000       0.00  %   10000     
1.885562e+03      0.00            0.00            1.00000     0.00000       0.00  %   10000     
1.885856e+03      0.00            0.00            1.00000     0.00000       0.00  %   10000     
1.886275e+03      0.00            0.00            1.00000     0.00000       0.00  %   10000     
1.886973e+03      0.00            0.00            1.00000     0.00000       0.00  %   10000     
1.888437e+03      0.00            0.00            1.00000     0.00000       0.00  %   10000     
1.890928e+03      0.00            0.00            1.00000     0.00000       0.00  %   10000     
1.893488e+03      0.00            0.00            1.00000     0.00000       0.00  %   10000     
1.898907e+03      0.00            0.00            1.00000     0.00000       0.00  %   10000     
1.902137e+03      0.00            0.00            1.00000     0.00000       0.00  %   10000     
1.903629e+03      0.00            0.00            1.00000     0.00000       0.00  %   10000     
1.904691e+03      0.00            0.00            1.00000     0.00000       0.00  %   10000     
1.905822e+03      0.00            0.00            1.00000     0.00000       0.00  %   10000     
1.906611e+03      0.00            0.00            1.00000     0.00000       0.00  %   10000     
1.907282e+03      0.00            0.00            1.00000     0.00000       0.00  %   10000     
1.907903e+03      0.00            0.00            1.00000     0.00000       0.00  %   10000     
1.908400e+03      0.00            0.00            1.00000     0.00000       0.00  %   10000     
1.908897e+03      0.00            0.00            1.00000     0.00000       0.00  %   10000     
1.909326e+03      0.00            0.00            1.00000     0.00000       0.00  %   10000     
1.909717e+03      0.00            0.00            1.00000     0.00000       0.00  %   10000     
1.910109e+03      0.00            0.00            1.00000     0.00000       0.00  %   10000     
1.910469e+03      0.00            0.00            1.00000     0.00000       0.00  %   10000     
1.910774e+03      0.00            0.00            1.00000     0.00000       0.00  %   10000     
1.911084e+03      0.00            0.00            1.00000     0.00000       0.00  %   10000     
1.911383e+03      0.00            0.00            1.00000     0.00000       0.00  %   10000     
1.911706e+03      0.00            0.00            1.00000     0.00000       0.00  %   10000     
1.912047e+03      0.00            0.00            1.00000     0.00000       0.00  %   10000     
1.912514e+03      0.00            0.00            1.00000     0.00000       0.00  %   10000     
1.913202e+03      0.00            0.00            1.00000     0.00000       0.00  %   10000     
1.913456e+03      0.00            0.00            1.00000     0.00000       0.00  %   10000     
1.913817e+03      0.00            0.00            1.00000     0.00000       0.00  %   10000     
1.913870e+03      0.00            0.00            1.00000     0.00000       0.00  %   10000     
1.914240e+03      0.00            0.00            1.00000     0.00000       0.00  %   10000     
1.914663e+03      0.00            0.00            1.00000     0.00000       0.00  %   10000     
1.915608e+03      0.00            0.00            1.00000     0.00000       0.00  %   10000     
1.916055e+03      0.00            0.00            1.00000     0.00000       0.00  %   10000     
1.916465e+03      0.00            0.00            1.00000     0.00000       0.00  %   10000     
1.916900e+03      0.00            0.00            1.00000     0.00000       0.00  %   10000     
1.917397e+03      0.00            0.00            1.00000     0.00000       0.00  %   10000     
1.917894e+03      0.00            0.00            1.00000     0.00000       0.00  %   10000     
1.918478e+03      0.00            0.00            1.00000     0.00000       0.00  %   10000     
1.919162e+03      0.00            0.00            1.00000     0.00000       0.00  %   10000     
1.920032e+03      0.00            0.00            1.00000     0.00000       0.00  %   10000     
1.921026e+03      0.00            0.00            1.00000     0.00000       0.00  %   10000     
1.922175e+03      0.00            0.00            1.00000     0.00000       0.00  %   10000     
1.923604e+03      0.00            0.00            1.00000     0.00000       0.00  %   10000     
1.925561e+03      0.00            0.00            1.00000     0.00000       0.00  %   10000     
1.928379e+03      0.00            0.00            1.00000     0.00000       0.00  %   10000     
1.935139e+03      0.00            0.00            1.00000     0.00000       0.00  %   10000     
1.937064e+03      0.00            0.00            1.00000     0.00000       0.00  %   10000     
1.937473e+03      0.00            0.00            1.00000     0.00000       0.00  %   10000     
1.937733e+03      0.00            0.00            1.00000     0.00000       0.00  %   10000     
1.937881e+03      0.00            0.00            1.00000     0.00000       0.00  %   10000     
1.938055e+03      0.00            0.00            1.00000     0.00000       0.00  %   10000     
1.938204e+03      0.00            0.00            1.00000     0.00000       0.00  %   10000     
1.938329e+03      0.00            0.00            1.00000     0.00000       0.00  %   10000     
1.938461e+03      0.00            0.00            1.00000     0.00000       0.00  %   10000     
1.938597e+03      0.00            0.00            1.00000     0.00000       0.00  %   10000     
1.938746e+03      0.00            0.00            1.00000     0.00000       0.00  %   10000     
1.938909e+03      0.00            0.00            1.00000     0.00000       0.00  %   10000     
1.939097e+03      0.00            0.00            1.00000     0.00000       0.00  %   10000     
1.939382e+03      0.00            0.00            1.00000     0.00000       0.00  %   10000     
1.939804e+03      0.00            0.00            1.00000     0.00000       0.00  %   10000     
1.940041e+03      0.00            0.00            1.00000     0.00000       0.00  %   10000     
1.940272e+03      0.00            0.00            1.00000     0.00000       0.00  %   10000     
1.940326e+03      0.00            0.00            1.00000     0.00000       0.00  %   10000     
1.940571e+03      0.00            0.00            1.00000     0.00000       0.00  %   10000     
1.940868e+03      0.00            0.00            1.00000     0.00000       0.00  %   10000     
1.941492e+03      0.00            0.00            1.00000     0.00000       0.00  %   10000     
1.941759e+03      0.00            0.00            1.00000     0.00000       0.00  %   10000     
1.941992e+03      0.00            0.00            1.00000     0.00000       0.00  %   10000     
1.942205e+03      0.00            0.00            1.00000     0.00000       0.00  %   10000     
1.942503e+03      0.00            0.00            1.00000     0.00000       0.00  %   10000     
1.942874e+03      0.00            0.00            1.00000     0.00000       0.00  %   10000     
1.943320e+03      0.00            0.00            1.00000     0.00000       0.00  %   10000     
1.944060e+03      0.00            0.00            1.00000     0.00000       0.00  %   10000     
1.945109e+03      0.00            0.00            1.00000     0.00000       0.00  %   10000     
1.946509e+03      0.00            0.00            1.00000     0.00000       0.00  %   10000     
1.949198e+03      0.00            0.00            1.00000     0.00000       0.00  %   10000     
1.953650e+03      0.00            0.00            1.00000     0.00000       0.00  %   10000     
1.956088e+03      0.00            0.00            1.00000     0.00000       0.00  %   10000     
1.956599e+03      0.00            0.00            1.00000     0.00000       0.00  %   10000     
1.956652e+03      0.00            0.00            1.00000     0.00000       0.00  %   10000     
1.956967e+03      0.00            0.00            1.00000     0.00000       0.00  %   10000     
1.957218e+03      0.00            0.00            1.00000     0.00000       0.00  %   10000     
1.957416e+03      0.00            0.00            1.00000     0.00000       0.00  %   10000     
1.957589e+03      0.00            0.00            1.00000     0.00000       0.00  %   10000     
1.957748e+03      0.00            0.00            1.00000     0.00000       0.00  %   10000     
1.957904e+03      0.00            0.00            1.00000     0.00000       0.00  %   10000     
1.958045e+03      0.00            0.00            1.00000     0.00000       0.00  %   10000     
1.958194e+03      0.00            0.00            1.00000     0.00000       0.00  %   10000     
1.958342e+03      0.00            0.00            1.00000     0.00000       0.00  %   10000     
1.958506e+03      0.00            0.00            1.00000     0.00000       0.00  %   10000     
1.958689e+03      0.00            0.00            1.00000     0.00000       0.00  %   10000     
1.958882e+03      0.00            0.00            1.00000     0.00000       0.00  %   10000     
1.959169e+03      0.00            0.00            1.00000     0.00000       0.00  %   10000     
1.959694e+03      0.00            0.00            1.00000     0.00000       0.00  %   10000     
1.959952e+03      0.00            0.00            1.00000     0.00000       0.00  %   10000     
1.960175e+03      0.00            0.00            1.00000     0.00000       0.00  %   10000     
1.960267e+03      0.00            0.00            1.00000     0.00000       0.00  %   10000     
1.960515e+03      0.00            0.00            1.00000     0.00000       0.00  %   10000     
1.960852e+03      0.00            0.00            1.00000     0.00000       0.00  %   10000     
1.961495e+03      0.00            0.00            1.00000     0.00000       0.00  %   10000     
1.961785e+03      0.00            0.00            1.00000     0.00000       0.00  %   10000     
1.962095e+03      0.00            0.00            1.00000     0.00000       0.00  %   10000     
1.962494e+03      0.00            0.00            1.00000     0.00000       0.00  %   10000     
1.963527e+03      0.00            0.00            1.00000     0.00000       0.00  %   10000     
1.964091e+03      0.00            0.00            1.00000     0.00000       0.00  %   10000     
1.964724e+03      0.00            0.00            1.00000     0.00000       0.00  %   10000     
1.965460e+03      0.00            0.00            1.00000     0.00000       0.00  %   10000     
1.966686e+03      0.00            0.00            1.00000     0.00000       0.00  %   10000     
1.968213e+03      0.00            0.00            1.00000     0.00000       0.00  %   10000     
1.970398e+03      0.00            0.00            1.00000     0.00000       0.00  %   10000     
1.973689e+03      0.00            0.00            1.00000     0.00000       0.00  %   10000     
1.979386e+03      0.00            0.00            1.00000     0.00000       0.00  %   10000     
1.989653e+03      0.00            0.00            1.00000     0.00000       0.00  %   10000     
1.996554e+03      0.00            0.00            1.00000     0.00000       0.00  %   10000     
2.000000e+03      0.00            0.00            1.00000     0.00000       0.00  %   10000     
2.097765e+03      0.00            0.00            1.00000     0.00000       0.00  %   10000     
2.200309e+03      0.00            0.00            1.00000     0.00000       0.00  %   10000     
2.250000e+03      0.00            0.00            1.00000     0.00000       0.00  %   10000     
2.359986e+03      0.00            0.00            1.00000     0.00000       0.00  %   10000     
2.475348e+03      0.00            0.00            1.00000     0.00000       0.00  %   10000     
2.596349e+03      0.00            0.00            1.00000     0.00000       0.00  %   10000     
2.625000e+03      0.00            0.00            1.00000     0.00000       0.00  %   10000     
2.750000e+03      0.00            0.00            1.00000     0.00000       0.00  %   10000     
2.884427e+03      0.00            0.00            1.00000     0.00000       0.00  %   10000     
3.000000e+03      0.00            0.00            1.00000     0.00000       0.00  %   10000     
3.146648e+03      0.00            0.00            1.00000     0.00000       0.00  %   10000     
3.300463e+03      0.00            0.00            1.00000     0.00000       0.00  %   10000     
3.461798e+03      0.00            0.00            1.00000     0.00000       0.00  %   10000     
3.500000e+03      0.00            0.00            1.00000     0.00000       0.00  %   10000     
3.671089e+03      0.00            0.00            1.00000     0.00000       0.00  %   10000     
3.850541e+03      0.00            0.00            1.00000     0.00000       0.00  %   10000     
4.038765e+03      0.00            0.00            1.00000     0.00000       0.00  %   10000     
4.236190e+03      0.00            0.00            1.00000     0.00000       0.00  %   10000     
4.265271e+03      0.00            0.00            1.00000     0.00000       0.00  %   10000     
4.473768e+03      0.00            0.00            1.00000     0.00000       0.00  %   10000     
4.529730e+03      0.00            0.00            1.00000     0.00000       0.00  %   10000     
4.751154e+03      0.00            0.00            1.00000     0.00000       0.00  %   10000     
4.983403e+03      0.00            0.00            1.00000     0.00000       0.00  %   10000     
5.084593e+03      0.00            0.00            1.00000     0.00000       0.00  %   10000     
5.333141e+03      0.00            0.00            1.00000     0.00000       0.00  %   10000     
5.593838e+03      0.00            0.00            1.00000     0.00000       0.00  %   10000     
5.867279e+03      0.00            0.00            1.00000     0.00000       0.00  %   10000     
6.060069e+03      0.00            0.00            1.00000     0.00000       0.00  %   10000     
6.356300e+03      0.00            0.00            1.00000     0.00000       0.00  %   10000     
6.667012e+03      0.00            0.00            1.00000     0.00000       0.00  %   10000     
6.992912e+03      0.00            0.00            1.00000     0.00000       0.00  %   10000     
7.019312e+03      0.00            0.00            1.00000     0.00000       0.00  %   10000     
7.362434e+03      0.00            0.00            1.00000     0.00000       0.00  %   10000     
7.557977e+03      0.00            0.00            1.00000     0.00000       0.00  %   10000     
7.927430e+03      0.00            0.00            1.00000     0.00000       0.00  %   10000     
8.314942e+03      0.00            0.00            1.00000     0.00000       0.00  %   10000     
8.721398e+03      0.00            0.00            1.00000     0.00000       0.00  %   10000     
8.764790e+03      0.00            0.00            1.00000     0.00000       0.00  %   10000     
9.193235e+03      0.00            0.00            1.00000     0.00000       0.00  %   10000     
9.642623e+03      0.00            0.00            1.00000     0.00000       0.00  %   10000     
9.834319e+03      0.00            0.00            1.00000     0.00000       0.00  %   10000     
1.031505e+04      0.00            0.00            1.00000     0.00000       0.00  %   10000     
1.081927e+04      0.00            0.00            1.00000     0.00000       0.00  %   10000     
1.134814e+04      0.00            0.00            1.00000     0.00000       0.00  %   10000     
1.157619e+04      0.00            0.00            1.00000     0.00000       0.00  %   10000     
1.214206e+04      0.00            0.00            1.00000     0.00000       0.00  %   10000     
1.250000e+04      0.00            0.00            1.00000     0.00000       0.00  %   10000     
1.311103e+04      0.00            0.00            1.00000     0.00000       0.00  %   10000     
1.375193e+04      0.00            0.00            1.00000     0.00000       0.00  %   10000     
1.442416e+04      0.00            0.00            1.00000     0.00000       0.00  %   10000     
1.500000e+04      0.00            0.00            1.00000     0.00000       0.00  %   10000     
1.573324e+04      0.00            0.00            1.00000     0.00000       0.00  %   10000     
1.650232e+04      0.00            0.00            1.00000     0.00000       0.00  %   10000     
1.730899e+04      0.00            0.00            1.00000     0.00000       0.00  %   10000     
1.800000e+04      0.00            0.00            1.00000     0.00000       0.00  %   10000     
1.887988e+04      0.00            0.00            1.00000     0.00000       0.00  %   10000     
1.980278e+04      0.00            0.00            1.00000     0.00000       0.00  %   10000     
2.077079e+04      0.00            0.00            1.00000     0.00000       0.00  %   10000     
2.178612e+04      0.00            0.00            1.00000     0.00000       0.00  %   10000     
2.285108e+04      0.00            0.00            1.00000     0.00000       0.00  %   10000     
2.300000e+04      0.00            0.00            1.00000     0.00000       0.00  %   10000     
2.412430e+04      0.00            0.00            1.00000     0.00000       0.00  %   10000     
2.530355e+04      0.00            0.00            1.00000     0.00000       0.00  %   10000     
2.654045e+04      0.00            0.00            1.00000     0.00000       0.00  %   10000     
2.783782e+04      0.00            0.00            1.00000     0.00000       0.00  %   10000     
2.800000e+04      0.00            0.00            1.00000     0.00000       0.00  %   10000     
2.936871e+04      0.00            0.00            1.00000     0.00000       0.00  %   10000     
3.080433e+04      0.00            0.00            1.00000     0.00000       0.00  %   10000     
3.200000e+04      0.00            0.00            1.00000     0.00000       0.00  %   10000     
3.356424e+04      0.00            0.00            1.00000     0.00000       0.00  %   10000     
3.520494e+04      0.00            0.00            1.00000     0.00000       0.00  %   10000     
3.692585e+04      0.00            0.00            1.00000     0.00000       0.00  %   10000     
3.873088e+04      0.00            0.00            1.00000     0.00000       0.00  %   10000     
3.874450e+04      0.00            0.00            1.00000     0.00000       0.00  %   10000     
4.063843e+04      0.00            0.00            1.00000     0.00000       0.00  %   10000     
4.262494e+04      0.00            0.00            1.00000     0.00000       0.00  %   10000     
4.470855e+04      0.00            0.00            1.00000     0.00000       0.00  %   10000     
4.689401e+04      0.00            0.00            1.00000     0.00000       0.00  %   10000     
4.800000e+04      0.00            0.00            1.00000     0.00000       0.00  %   10000     
5.034636e+04      0.00            0.00            1.00000     0.00000       0.00  %   10000     
5.280742e+04      0.00            0.00            1.00000     0.00000       0.00  %   10000     
5.538877e+04      0.00            0.00            1.00000     0.00000       0.00  %   10000     
5.750000e+04      0.00            0.00            1.00000     0.00000       0.00  %   10000     
6.031074e+04      0.00            0.00            1.00000     0.00000       0.00  %   10000     
6.325888e+04      0.00            0.00            1.00000     0.00000       0.00  %   10000     
6.635114e+04      0.00            0.00            1.00000     0.00000       0.00  %   10000     
6.959454e+04      0.00            0.00            1.00000     0.00000       0.00  %   10000     
7.000000e+04      0.00            0.00            1.00000     0.00000       0.00  %   10000     
7.342177e+04      0.00            0.00            1.00000     0.00000       0.00  %   10000     
7.701082e+04      0.00            0.00            1.00000     0.00000       0.00  %   10000     
7.781000e+04      0.00            0.00            1.00000     0.00000       0.00  %   10000     
7.835000e+04      0.00            0.00            1.00000     0.00000       0.00  %   10000     
8.200000e+04      0.00            0.00            1.00000     0.00000       0.00  %   10000     
1.000000e+05      0.00            0.00            1.00000     0.00000       0.00  %   10000     
1.908966e+05      0.00            0.00            1.00000     0.00000       0.00  %   10000     
2.941381e+05      0.00            0.00            1.00000     0.00000       0.00  %   10000     
4.000000e+05      0.00            0.00            1.00000     0.00000       0.00  %   10000     
5.700000e+05      0.00            0.00            1.00000     0.00000       0.00  %   10000     
7.171089e+05      0.00            0.00            1.00000     0.00000       0.00  %   10000     
9.477254e+05      0.00            0.00            1.00000     0.00000       0.00  %   10000     
1.150000e+06      0.00            0.00            1.00000     0.00000       0.00  %   10000     
1.155900e+06      0.00            0.00            1.00000     0.00000       0.00  %   10000     
1.200000e+06      0.00            0.00            1.00000     0.00000       0.00  %   10000     
1.223600e+06      0.00            0.00            1.00000     0.00000       0.00  %   10000     
1.250000e+06      0.00            0.00            1.00000     0.00000       0.00  %   10000     
1.650232e+06      0.00            0.00            1.00000     0.00000       0.00  %   10000     
2.561103e+06      0.00            0.00            1.00000     0.00000       0.00  %   10000     
3.000000e+06      0.00            0.00            1.00000     0.00000       0.00  %   10000     
4.000000e+06      0.00            0.00            1.00000     0.00000       0.00  %   10000     
5.634427e+06      0.00            0.00            1.00000     0.00000       0.00  %   10000     
7.399769e+06      0.00            0.00            1.00000     0.00000       0.00  %   10000     
8.750000e+06      0.00            0.00            1.00000     0.00000       0.00  %   10000     
8.900001e+06      0.00            0.00            1.00000     0.00000       0.00  %   10000     
9.600001e+06      0.00            0.00            1.00000     0.00000       0.00  %   10000     
9.700001e+06      0.00            0.00            1.00000     0.00000       0.00  %   10000     
1.038395e+07      0.00            0.00            1.00000     0.00000       0.00  %   10000     
1.040000e+07      0.00            0.00            1.00000     0.00000       0.00  %   10000     
1.090000e+07      0.00            0.00            1.00000     0.00000       0.00  %   10000     
1.140000e+07      0.00            0.00            1.00000     0.00000       0.00  %   10000     
1.175000e+07      0.00            0.00            1.00000     0.00000       0.00  %   10000     
1.200000e+07      0.00            0.00            1.00000     0.00000       0.00  %   10000     
1.258659e+07      0.00            0.00            1.00000     0.00000       0.00  %   10000     
1.270000e+07      0.00            0.00            1.00000     0.00000       0.00  %   10000     
1.330000e+07      0.00            0.00            1.00000     0.00000       0.00  %   10000     
1.370000e+07      0.00            0.00            1.00000     0.00000       0.00  %   10000     
1.390000e+07      0.00            0.00            1.00000     0.00000       0.00  %   10000     
1.425000e+07      0.00            0.00            1.00000     0.00000       0.00  %   10000     
1.494658e+07      0.00            0.00            1.00000     0.00000       0.00  %   10000     
1.567720e+07      0.00            0.00            1.00000     0.00000       0.00  %   10000     
1.580000e+07      0.00            0.00            1.00000     0.00000       0.00  %   10000     
1.612356e+07      0.00            0.00            1.00000     0.00000       0.00  %   10000     
1.630000e+07      0.00            0.00            1.00000     0.00000       0.00  %   10000     
1.685786e+07      0.00            0.00            1.00000     0.00000       0.00  %   10000     
1.740000e+07      0.00            0.00            1.00000     0.00000       0.00  %   10000     
1.825056e+07      0.00            0.00            1.00000     0.00000       0.00  %   10000     
1.867107e+07      0.00            0.00            1.00000     0.00000       0.00  %   10000     
1.940000e+07      0.00            0.00            1.00000     0.00000       0.00  %   10000     
1.980000e+07      0.00            0.00            1.00000     0.00000       0.00  %   10000     
2.030000e+07      0.00            0.00            1.00000     0.00000       0.00  %   10000     
2.110000e+07      0.00            0.00            1.00000     0.00000       0.00  %   10000     
2.213142e+07      0.00            0.00            1.00000     0.00000       0.00  %   10000     
2.220000e+07      0.00            0.00            1.00000     0.00000       0.00  %   10000     
2.326028e+07      0.00            0.00            1.00000     0.00000       0.00  %   10000     
2.328519e+07      0.00            0.00            1.00000     0.00000       0.00  %   10000     
2.371444e+07      0.00            0.00            1.00000     0.00000       0.00  %   10000     
2.400000e+07      0.00            0.00            1.00000     0.00000       0.00  %   10000     
2.487366e+07      0.00            0.00            1.00000     0.00000       0.00  %   10000     
2.500000e+07      0.00            0.00            1.00000     0.00000       0.00  %   10000     
2.580000e+07      0.02            0.00            1.00000     0.00000       0.00  %   10000     
2.600000e+07      0.02            0.00            1.00000     0.00000       0.00  %   10000     
2.662057e+07      0.05            0.00            1.00278     0.00278       0.28  %   10000     
2.700000e+07      0.07            0.00            1.00612     0.00354       0.35  %   10000     
2.762073e+07      0.12            0.00            1.00000     0.00000       0.00  %   10000     
2.800000e+07      0.15            0.00            1.00578     0.00236       0.23  %   10000     
2.862088e+07      0.22            0.00            1.00415     0.00169       0.17  %   10000     
2.900000e+07      0.26            0.00            1.00476     0.00168       0.17  %   10000     
2.920000e+07      0.28            0.00            1.00441     0.00156       0.16  %   10000     
2.980000e+07      0.35            0.00            1.00274     0.00112       0.11  %   10000     
3.000000e+07      0.38            0.00            1.00391     0.00130       0.13  %   10000     
2.000000e+08      0.00            0.00            1.00000     0.00000       0.00  %   10000     
