#reaction mode   : NG (MT=102)
#xs file used    : data/Au197.ng
#sample density   [g/cm3]: 19.3200
#sample diameter  [mm]   : 20.0
#sample thickness [mm]   : 1.0e-01
#target precision        : 0.50%
#total grid points       : 9458
#########################################################################################################
#Energy (eV)      Weighted Prim   Weighted Multi  F_ms        Uncertainty   Rel Err   Histories 
#########################################################################################################
1.000000e-05      942.18          0.00            1.00000     0.00000       0.00  %   10000     
1.364106e-05      915.05          4.88            1.00534     0.00073       0.07  %   10000     
1.859726e-05      880.65          4.52            1.00514     0.00072       0.07  %   10000     
1.905180e-05      878.28          4.07            1.00463     0.00068       0.07  %   10000     
2.536863e-05      839.28          6.00            1.00715     0.00085       0.08  %   10000     
2.660871e-05      833.67          5.29            1.00635     0.00080       0.08  %   10000     
3.458580e-05      792.05          4.79            1.00605     0.00078       0.08  %   10000     
3.716308e-05      782.41          4.18            1.00534     0.00073       0.07  %   10000     
4.717869e-05      740.12          4.55            1.00615     0.00078       0.08  %   10000     
5.190385e-05      726.09          3.80            1.00524     0.00072       0.07  %   10000     
6.432010e-05      685.23          3.94            1.00575     0.00076       0.08  %   10000     
7.422108e-05      662.54          3.34            1.00504     0.00071       0.07  %   10000     
8.773944e-05      628.74          3.61            1.00575     0.00076       0.08  %   10000     
1.061945e-04      597.09          3.43            1.00575     0.00076       0.08  %   10000     
1.196178e-04      572.31          3.12            1.00545     0.00074       0.07  %   10000     
1.555668e-04      527.16          2.71            1.00515     0.00072       0.07  %   10000     
1.631713e-04      516.99          2.61            1.00505     0.00071       0.07  %   10000     
2.224562e-04      463.97          2.48            1.00535     0.00073       0.07  %   10000     
2.390333e-04      454.08          2.57            1.00566     0.00075       0.07  %   10000     
3.034539e-04      413.80          1.84            1.00445     0.00067       0.07  %   10000     
3.852360e-04      379.57          1.88            1.00496     0.00071       0.07  %   10000     
4.137076e-04      367.18          1.90            1.00516     0.00072       0.07  %   10000     
5.643410e-04      324.20          1.87            1.00578     0.00076       0.08  %   10000     
6.993406e-04      298.75          2.12            1.00711     0.00085       0.08  %   10000     
7.693827e-04      285.16          1.48            1.00518     0.00072       0.07  %   10000     
1.049519e-03      249.85          1.58            1.00632     0.00080       0.08  %   10000     
1.430841e-03      218.29          1.74            1.00797     0.00090       0.09  %   10000     
1.574146e-03      210.65          1.29            1.00613     0.00079       0.08  %   10000     
1.951818e-03      190.15          1.56            1.00820     0.00091       0.09  %   10000     
2.660971e-03      165.30          1.07            1.00648     0.00081       0.08  %   10000     
3.629847e-03      143.39          1.20            1.00837     0.00093       0.09  %   10000     
4.948677e-03      124.23          0.98            1.00789     0.00090       0.09  %   10000     
5.989582e-03      114.58          0.86            1.00750     0.00088       0.09  %   10000     
6.750520e-03      107.45          0.68            1.00637     0.00081       0.08  %   10000     
9.203183e-03      92.85           0.63            1.00683     0.00085       0.08  %   10000     
1.255412e-02      80.15           0.60            1.00753     0.00089       0.09  %   10000     
1.711540e-02      69.16           0.55            1.00792     0.00092       0.09  %   10000     
2.334721e-02      59.65           0.57            1.00951     0.00101       0.10  %   10000     
2.518637e-02      57.53           0.54            1.00943     0.00101       0.10  %   10000     
2.530000e-02      57.41           0.37            1.00651     0.00084       0.08  %   10000     
3.451188e-02      49.53           0.54            1.01087     0.00109       0.11  %   10000     
4.705106e-02      42.77           0.48            1.01125     0.00111       0.11  %   10000     
6.418263e-02      36.96           0.39            1.01052     0.00109       0.11  %   10000     
8.750207e-02      32.01           0.32            1.01014     0.00108       0.11  %   10000     
1.222098e-01      27.51           0.29            1.01059     0.00111       0.11  %   10000     
1.706845e-01      23.75           0.23            1.00975     0.00108       0.11  %   10000     
2.383867e-01      20.67           0.26            1.01269     0.00124       0.12  %   10000     
3.329430e-01      18.17           0.24            1.01325     0.00129       0.13  %   10000     
4.650051e-01      16.24           0.13            1.00786     0.00100       0.10  %   10000     
6.653232e-01      14.79           0.16            1.01113     0.00120       0.12  %   10000     
9.513938e-01      14.09           0.16            1.01142     0.00122       0.12  %   10000     
1.040963e+00      14.06           0.17            1.01179     0.00124       0.12  %   10000     
1.419984e+00      14.63           0.17            1.01154     0.00121       0.12  %   10000     
1.570782e+00      15.26           0.13            1.00835     0.00102       0.10  %   10000     
1.802675e+00      16.22           0.16            1.00965     0.00109       0.11  %   10000     
2.129795e+00      18.51           0.15            1.00788     0.00097       0.10  %   10000     
2.457641e+00      21.92           0.16            1.00737     0.00092       0.09  %   10000     
2.736826e+00      26.28           0.16            1.00626     0.00083       0.08  %   10000     
2.974580e+00      31.61           0.14            1.00448     0.00070       0.07  %   10000     
3.064020e+00      34.47           0.23            1.00671     0.00085       0.08  %   10000     
3.196242e+00      38.68           0.25            1.00654     0.00083       0.08  %   10000     
3.312369e+00      43.98           0.22            1.00499     0.00073       0.07  %   10000     
3.392474e+00      47.62           0.23            1.00487     0.00072       0.07  %   10000     
3.497253e+00      54.35           0.35            1.00652     0.00083       0.08  %   10000     
3.558307e+00      58.25           0.27            1.00462     0.00069       0.07  %   10000     
3.625469e+00      64.31           0.32            1.00502     0.00072       0.07  %   10000     
3.710247e+00      71.89           0.49            1.00679     0.00084       0.08  %   10000     
3.757863e+00      77.71           0.44            1.00563     0.00076       0.08  %   10000     
3.822391e+00      85.54           0.46            1.00542     0.00075       0.07  %   10000     
3.847518e+00      89.70           0.51            1.00573     0.00077       0.08  %   10000     
3.929802e+00      103.17          0.68            1.00657     0.00082       0.08  %   10000     
3.937761e+00      104.46          0.76            1.00730     0.00087       0.09  %   10000     
4.012085e+00      121.29          1.06            1.00876     0.00095       0.09  %   10000     
4.045542e+00      128.74          1.39            1.01076     0.00105       0.10  %   10000     
4.086062e+00      141.13          1.14            1.00805     0.00091       0.09  %   10000     
4.130249e+00      154.40          1.88            1.01215     0.00112       0.11  %   10000     
4.153352e+00      163.65          2.06            1.01257     0.00114       0.11  %   10000     
4.201255e+00      182.44          1.84            1.01008     0.00102       0.10  %   10000     
4.211082e+00      187.67          2.54            1.01355     0.00119       0.12  %   10000     
4.265626e+00      216.00          2.50            1.01158     0.00110       0.11  %   10000     
4.279262e+00      222.89          3.41            1.01529     0.00126       0.12  %   10000     
4.321022e+00      252.18          4.32            1.01711     0.00133       0.13  %   10000     
4.348294e+00      270.57          4.33            1.01600     0.00129       0.13  %   10000     
4.368748e+00      289.58          5.77            1.01993     0.00144       0.14  %   10000     
4.408037e+00      324.41          6.52            1.02011     0.00145       0.14  %   10000     
4.415622e+00      333.61          7.17            1.02149     0.00150       0.15  %   10000     
4.456530e+00      380.57          9.26            1.02434     0.00159       0.16  %   10000     
4.462496e+00      387.04          11.13           1.02875     0.00173       0.17  %   10000     
4.495648e+00      434.78          12.48           1.02870     0.00173       0.17  %   10000     
4.505620e+00      448.13          15.05           1.03358     0.00187       0.18  %   10000     
4.532892e+00      495.53          17.84           1.03600     0.00193       0.19  %   10000     
4.546528e+00      517.09          20.95           1.04051     0.00205       0.20  %   10000     
4.566982e+00      558.45          21.14           1.03785     0.00198       0.19  %   10000     
4.580618e+00      583.14          24.78           1.04249     0.00210       0.20  %   10000     
4.597663e+00      622.29          27.26           1.04381     0.00213       0.20  %   10000     
4.614708e+00      656.02          29.83           1.04546     0.00217       0.21  %   10000     
4.624935e+00      681.89          32.77           1.04806     0.00223       0.21  %   10000     
4.645389e+00      724.83          39.69           1.05476     0.00238       0.23  %   10000     
4.650502e+00      738.19          41.62           1.05638     0.00241       0.23  %   10000     
4.671638e+00      782.26          43.74           1.05591     0.00241       0.23  %   10000     
4.675047e+00      790.83          47.74           1.06037     0.00250       0.24  %   10000     
4.696183e+00      830.30          51.47           1.06199     0.00253       0.24  %   10000     
4.697887e+00      834.11          54.62           1.06548     0.00260       0.24  %   10000     
4.716978e+00      863.85          63.91           1.07398     0.00275       0.26  %   10000     
4.719705e+00      866.37          63.97           1.07384     0.00275       0.26  %   10000     
4.735045e+00      884.61          62.95           1.07116     0.00271       0.25  %   10000     
4.741522e+00      887.90          69.50           1.07828     0.00283       0.26  %   10000     
4.754136e+00      897.05          65.77           1.07332     0.00275       0.26  %   10000     
4.762317e+00      898.00          75.46           1.08403     0.00293       0.27  %   10000     
4.772203e+00      901.51          70.75           1.07848     0.00284       0.26  %   10000     
4.781408e+00      900.36          74.76           1.08304     0.00292       0.27  %   10000     
4.790612e+00      901.75          73.04           1.08100     0.00288       0.27  %   10000     
4.801521e+00      899.29          73.98           1.08227     0.00291       0.27  %   10000     
4.810725e+00      899.90          75.99           1.08445     0.00294       0.27  %   10000     
4.826066e+00      896.66          77.80           1.08677     0.00299       0.27  %   10000     
4.839702e+00      895.51          81.00           1.09045     0.00305       0.28  %   10000     
4.863431e+00      893.86          80.90           1.09051     0.00305       0.28  %   10000     
4.867658e+00      892.78          88.40           1.09902     0.00318       0.29  %   10000     
4.877349e+00      892.46          84.80           1.09502     0.00312       0.29  %   10000     
4.881978e+00      891.06          89.40           1.10033     0.00320       0.29  %   10000     
4.895906e+00      891.15          89.60           1.10054     0.00321       0.29  %   10000     
4.899406e+00      890.43          89.00           1.09995     0.00320       0.29  %   10000     
4.901993e+00      889.28          92.80           1.10435     0.00326       0.30  %   10000     
4.902832e+00      889.09          87.00           1.09785     0.00317       0.29  %   10000     
4.919675e+00      888.70          89.50           1.10071     0.00321       0.29  %   10000     
4.924005e+00      887.04          94.70           1.10676     0.00330       0.30  %   10000     
4.940608e+00      886.36          98.20           1.11079     0.00336       0.30  %   10000     
4.945381e+00      885.19          98.30           1.11105     0.00336       0.30  %   10000     
4.989698e+00      879.36          99.89           1.11359     0.00341       0.31  %   10000     
4.993788e+00      879.78          107.98          1.12274     0.00353       0.31  %   10000     
5.010152e+00      875.55          109.00          1.12450     0.00356       0.32  %   10000     
5.016288e+00      875.82          105.25          1.12017     0.00350       0.31  %   10000     
5.030606e+00      869.28          110.00          1.12655     0.00359       0.32  %   10000     
5.037764e+00      867.86          113.31          1.13057     0.00364       0.32  %   10000     
5.049014e+00      858.80          112.49          1.13099     0.00365       0.32  %   10000     
5.059241e+00      852.44          116.80          1.13702     0.00372       0.33  %   10000     
5.068105e+00      840.85          112.15          1.13338     0.00369       0.33  %   10000     
5.081059e+00      826.29          105.77          1.12800     0.00362       0.32  %   10000     
5.088218e+00      813.17          105.83          1.13014     0.00366       0.32  %   10000     
5.104240e+00      787.47          104.71          1.13297     0.00369       0.33  %   10000     
5.109694e+00      774.98          101.97          1.13157     0.00368       0.33  %   10000     
5.131512e+00      731.92          94.84           1.12958     0.00366       0.32  %   10000     
5.135603e+00      721.17          98.60           1.13672     0.00375       0.33  %   10000     
5.158784e+00      671.40          86.12           1.12827     0.00366       0.32  %   10000     
5.162875e+00      660.51          88.53           1.13403     0.00373       0.33  %   10000     
5.190147e+00      600.39          75.08           1.12505     0.00363       0.32  %   10000     
5.192874e+00      595.54          73.82           1.12396     0.00362       0.32  %   10000     
5.224237e+00      529.76          67.99           1.12834     0.00369       0.33  %   10000     
5.233782e+00      513.57          63.22           1.12310     0.00362       0.32  %   10000     
5.258327e+00      466.67          55.64           1.11923     0.00358       0.32  %   10000     
5.281508e+00      431.76          50.26           1.11641     0.00355       0.32  %   10000     
5.302090e+00      397.41          41.85           1.10531     0.00341       0.31  %   10000     
5.333495e+00      357.16          37.50           1.10499     0.00341       0.31  %   10000     
5.346066e+00      339.82          34.07           1.10027     0.00335       0.30  %   10000     
5.394005e+00      288.56          28.82           1.09987     0.00336       0.31  %   10000     
5.396562e+00      286.49          26.75           1.09336     0.00326       0.30  %   10000     
5.448549e+00      241.90          21.21           1.08770     0.00318       0.29  %   10000     
5.462185e+00      233.04          19.53           1.08380     0.00312       0.29  %   10000     
5.508207e+00      201.87          16.41           1.08127     0.00310       0.29  %   10000     
5.547410e+00      181.88          15.23           1.08373     0.00315       0.29  %   10000     
5.576386e+00      166.58          13.02           1.07818     0.00307       0.28  %   10000     
5.649680e+00      137.84          9.99            1.07250     0.00299       0.28  %   10000     
5.653381e+00      136.35          9.90            1.07261     0.00299       0.28  %   10000     
5.733605e+00      112.52          7.55            1.06712     0.00291       0.27  %   10000     
5.770482e+00      104.42          6.50            1.06225     0.00282       0.27  %   10000     
5.830225e+00      91.02           5.54            1.06089     0.00282       0.27  %   10000     
5.909818e+00      77.83           4.10            1.05265     0.00265       0.25  %   10000     
5.927720e+00      74.82           4.22            1.05638     0.00275       0.26  %   10000     
6.040601e+00      60.79           3.26            1.05359     0.00273       0.26  %   10000     
6.088945e+00      56.37           2.97            1.05275     0.00272       0.26  %   10000     
6.163683e+00      49.46           2.52            1.05097     0.00271       0.26  %   10000     
6.271379e+00      42.19           1.81            1.04282     0.00253       0.24  %   10000     
6.308124e+00      39.69           1.75            1.04407     0.00258       0.25  %   10000     
6.473476e+00      31.61           1.52            1.04806     0.00276       0.26  %   10000     
6.491848e+00      30.96           1.51            1.04889     0.00279       0.27  %   10000     
6.645570e+00      25.50           1.00            1.03938     0.00258       0.25  %   10000     
6.806035e+00      21.38           0.85            1.03987     0.00265       0.26  %   10000     
6.846151e+00      20.34           0.86            1.04220     0.00275       0.26  %   10000     
7.054576e+00      16.44           0.59            1.03595     0.00263       0.25  %   10000     
7.222886e+00      14.11           0.52            1.03686     0.00273       0.26  %   10000     
7.267020e+00      13.50           0.49            1.03606     0.00273       0.26  %   10000     
7.531824e+00      10.80           0.43            1.03959     0.00298       0.29  %   10000     
7.759538e+00      9.11            0.28            1.03079     0.00273       0.26  %   10000     
7.805434e+00      8.76            0.28            1.03162     0.00279       0.27  %   10000     
8.137259e+00      6.97            0.24            1.03414     0.00306       0.30  %   10000     
8.475729e+00      5.65            0.14            1.02394     0.00270       0.26  %   10000     
8.523839e+00      5.51            0.17            1.03103     0.00309       0.30  %   10000     
8.857163e+00      4.56            0.13            1.02937     0.00317       0.31  %   10000     
9.313102e+00      3.63            0.11            1.03032     0.00344       0.33  %   10000     
9.534235e+00      3.30            0.10            1.03030     0.00353       0.34  %   10000     
9.755369e+00      2.97            0.06            1.02182     0.00311       0.30  %   10000     
1.030173e+01      2.38            0.07            1.03148     0.00402       0.39  %   10000     
1.083945e+01      1.95            0.03            1.01705     0.00316       0.31  %   10000     
1.126876e+01      1.71            0.04            1.02499     0.00399       0.39  %   10000     
1.154419e+01      1.55            0.04            1.02412     0.00407       0.40  %   10000     
1.224346e+01      1.27            0.02            1.01763     0.00376       0.37  %   10000     
1.299947e+01      1.05            0.03            1.02502     0.00340       0.33  %   20000     
1.393178e+01      0.85            0.02            1.02057     0.00471       0.46  %   10000     
1.488453e+01      0.70            0.01            1.01516     0.00437       0.43  %   10000     
1.601373e+01      0.58            0.01            1.02070     0.00391       0.38  %   20000     
1.727951e+01      0.48            0.01            1.01719     0.00384       0.38  %   20000     
1.875946e+01      0.40            0.01            1.01984     0.00443       0.43  %   20000     
1.898060e+01      0.39            0.01            1.02318     0.00483       0.47  %   20000     
2.049656e+01      0.33            0.00            1.00000     0.00000       0.00  %   10000     
2.260979e+01      0.28            0.00            1.01742     0.00483       0.47  %   20000     
2.500435e+01      0.24            0.00            1.01667     0.00502       0.49  %   20000     
2.796521e+01      0.21            0.00            1.01337     0.00472       0.47  %   20000     
2.985815e+01      0.20            0.00            1.01957     0.00474       0.47  %   30000     
3.058792e+01      0.19            0.00            1.00701     0.00496       0.49  %   10000     
3.411028e+01      0.18            0.00            1.00707     0.00500       0.50  %   10000     
3.508225e+01      0.18            0.00            1.01516     0.00420       0.41  %   30000     
3.851516e+01      0.19            0.00            1.02039     0.00468       0.46  %   30000     
4.076396e+01      0.20            0.00            1.01465     0.00463       0.46  %   20000     
4.261297e+01      0.22            0.00            1.00782     0.00451       0.45  %   10000     
4.392817e+01      0.25            0.00            1.01396     0.00403       0.40  %   20000     
4.435728e+01      0.26            0.00            1.01428     0.00396       0.39  %   20000     
4.478640e+01      0.28            0.00            1.01240     0.00506       0.50  %   10000     
4.523519e+01      0.30            0.00            1.00933     0.00417       0.41  %   10000     
4.557179e+01      0.34            0.00            1.01318     0.00329       0.32  %   20000     
4.576326e+01      0.38            0.00            1.01031     0.00389       0.39  %   10000     
4.588218e+01      0.43            0.00            1.00400     0.00231       0.23  %   10000     
4.600109e+01      0.49            0.00            1.00931     0.00329       0.33  %   10000     
4.608061e+01      0.56            0.00            1.00411     0.00205       0.20  %   10000     
4.614422e+01      0.65            0.01            1.00901     0.00285       0.28  %   10000     
4.619988e+01      0.77            0.00            1.00544     0.00206       0.20  %   10000     
4.623963e+01      0.89            0.01            1.00751     0.00226       0.22  %   10000     
4.627303e+01      1.04            0.01            1.00659     0.00199       0.20  %   10000     
4.630801e+01      1.26            0.01            1.00614     0.00177       0.18  %   10000     
4.633823e+01      1.53            0.00            1.00307     0.00116       0.12  %   10000     
4.635095e+01      1.69            0.00            1.00162     0.00081       0.08  %   10000     
4.637003e+01      1.93            0.00            1.00184     0.00082       0.08  %   10000     
4.639866e+01      2.43            0.01            1.00563     0.00133       0.13  %   10000     
4.643046e+01      3.16            0.01            1.00342     0.00095       0.09  %   10000     
4.646545e+01      4.21            0.02            1.00378     0.00092       0.09  %   10000     
4.649725e+01      5.42            0.01            1.00253     0.00070       0.07  %   10000     
4.651252e+01      6.00            0.01            1.00130     0.00049       0.05  %   10000     
4.659012e+01      9.18            0.02            1.00219     0.00059       0.06  %   10000     
4.662066e+01      10.10           0.02            1.00227     0.00059       0.06  %   10000     
4.665628e+01      10.66           0.03            1.00283     0.00065       0.06  %   10000     
4.666870e+01      10.71           0.05            1.00477     0.00084       0.08  %   10000     
4.670844e+01      10.29           0.03            1.00273     0.00064       0.06  %   10000     
4.675424e+01      8.93            0.04            1.00495     0.00089       0.09  %   10000     
4.683057e+01      5.82            0.05            1.00926     0.00133       0.13  %   10000     
4.685474e+01      4.83            0.05            1.00996     0.00145       0.14  %   10000     
4.689164e+01      3.60            0.04            1.01126     0.00167       0.17  %   10000     
4.692344e+01      2.77            0.04            1.01563     0.00214       0.21  %   10000     
4.695524e+01      2.14            0.06            1.02671     0.00305       0.30  %   10000     
4.698705e+01      1.69            0.06            1.03475     0.00380       0.37  %   10000     
4.701886e+01      1.37            0.05            1.03848     0.00434       0.42  %   10000     
4.705364e+01      1.12            0.06            1.05122     0.00383       0.36  %   20000     
4.708843e+01      0.95            0.06            1.06299     0.00455       0.43  %   20000     
4.713017e+01      0.81            0.05            1.06445     0.00492       0.46  %   20000     
4.717788e+01      0.71            0.06            1.08193     0.00481       0.44  %   30000     
4.724149e+01      0.61            0.06            1.09667     0.00482       0.44  %   40000     
4.732100e+01      0.54            0.06            1.11003     0.00543       0.49  %   40000     
4.743818e+01      0.48            0.05            1.11106     0.00516       0.46  %   50000     
4.758047e+01      0.43            0.04            1.08961     0.00483       0.44  %   50000     
4.776581e+01      0.40            0.02            1.03874     0.00517       0.50  %   20000     
4.795115e+01      0.39            0.01            1.01984     0.00375       0.37  %   20000     
4.802529e+01      0.39            0.01            1.02551     0.00425       0.41  %   20000     
4.832184e+01      0.38            0.01            1.01707     0.00493       0.48  %   10000     
4.895635e+01      0.40            0.00            1.01077     0.00381       0.38  %   10000     
5.001679e+01      0.45            0.01            1.01271     0.00383       0.38  %   10000     
5.113043e+01      0.54            0.01            1.01228     0.00340       0.34  %   10000     
5.208800e+01      0.65            0.01            1.01240     0.00310       0.31  %   10000     
5.300969e+01      0.81            0.01            1.00917     0.00237       0.23  %   10000     
5.375354e+01      0.98            0.01            1.00993     0.00222       0.22  %   10000     
5.433074e+01      1.18            0.01            1.00666     0.00166       0.17  %   10000     
5.444913e+01      1.22            0.01            1.00883     0.00188       0.19  %   10000     
5.505787e+01      1.51            0.01            1.00874     0.00168       0.17  %   10000     
5.555067e+01      1.85            0.01            1.00460     0.00111       0.11  %   10000     
5.569329e+01      1.99            0.01            1.00740     0.00137       0.14  %   10000     
5.600158e+01      2.29            0.01            1.00587     0.00115       0.11  %   10000     
5.633977e+01      2.75            0.01            1.00491     0.00098       0.10  %   10000     
5.656294e+01      3.18            0.01            1.00357     0.00080       0.08  %   10000     
5.663525e+01      3.32            0.02            1.00607     0.00102       0.10  %   10000     
5.689110e+01      4.02            0.02            1.00402     0.00079       0.08  %   10000     
5.708161e+01      4.79            0.01            1.00284     0.00063       0.06  %   10000     
5.709629e+01      4.88            0.02            1.00381     0.00073       0.07  %   10000     
5.723667e+01      5.70            0.02            1.00316     0.00065       0.06  %   10000     
5.734743e+01      6.65            0.01            1.00200     0.00050       0.05  %   10000     
5.736376e+01      6.86            0.02            1.00223     0.00053       0.05  %   10000     
5.745039e+01      7.98            0.01            1.00154     0.00043       0.04  %   10000     
5.752371e+01      9.43            0.01            1.00149     0.00041       0.04  %   10000     
5.753837e+01      9.87            0.01            1.00147     0.00041       0.04  %   10000     
5.758237e+01      11.19           0.02            1.00155     0.00042       0.04  %   10000     
5.762636e+01      13.18           0.02            1.00152     0.00041       0.04  %   10000     
5.766639e+01      15.84           0.01            1.00085     0.00030       0.03  %   10000     
5.768501e+01      17.63           0.02            1.00116     0.00035       0.04  %   10000     
5.769975e+01      19.04           0.02            1.00095     0.00032       0.03  %   10000     
5.772974e+01      23.08           0.01            1.00042     0.00021       0.02  %   10000     
5.773311e+01      23.53           0.01            1.00052     0.00023       0.02  %   10000     
5.773868e+01      24.56           0.01            1.00031     0.00018       0.02  %   10000     
5.776244e+01      28.94           0.01            1.00041     0.00021       0.02  %   10000     
5.776830e+01      30.38           0.01            1.00021     0.00015       0.01  %   10000     
5.779176e+01      36.08           0.02            1.00062     0.00025       0.03  %   10000     
5.779763e+01      37.96           0.01            1.00031     0.00018       0.02  %   10000     
5.782109e+01      45.45           0.03            1.00062     0.00025       0.03  %   10000     
5.782696e+01      47.31           0.05            1.00113     0.00034       0.03  %   10000     
5.784455e+01      54.50           0.03            1.00051     0.00023       0.02  %   10000     
5.786215e+01      61.63           0.06            1.00093     0.00031       0.03  %   10000     
5.787095e+01      66.05           0.06            1.00092     0.00031       0.03  %   10000     
5.789734e+01      79.19           0.06            1.00072     0.00027       0.03  %   10000     
5.791494e+01      87.84           0.08            1.00093     0.00031       0.03  %   10000     
5.793019e+01      95.67           0.09            1.00093     0.00031       0.03  %   10000     
5.797711e+01      119.32          0.14            1.00114     0.00034       0.03  %   10000     
5.799354e+01      127.44          0.19            1.00145     0.00039       0.04  %   10000     
5.804046e+01      142.73          0.34            1.00240     0.00050       0.05  %   10000     
5.805688e+01      144.48          0.26            1.00178     0.00043       0.04  %   10000     
5.807875e+01      146.82          0.34            1.00231     0.00049       0.05  %   10000     
5.809794e+01      145.28          0.49            1.00337     0.00060       0.06  %   10000     
5.810572e+01      144.66          0.43            1.00295     0.00056       0.06  %   10000     
5.814487e+01      133.99          0.53            1.00393     0.00065       0.06  %   10000     
5.815190e+01      132.06          0.56            1.00425     0.00067       0.07  %   10000     
5.815660e+01      129.90          0.62            1.00479     0.00071       0.07  %   10000     
5.820352e+01      108.07          0.72            1.00667     0.00085       0.08  %   10000     
5.821760e+01      101.41          0.58            1.00572     0.00078       0.08  %   10000     
5.827391e+01      73.30           0.59            1.00803     0.00094       0.09  %   10000     
5.828212e+01      69.12           0.40            1.00585     0.00080       0.08  %   10000     
5.832318e+01      52.27           0.58            1.01103     0.00111       0.11  %   10000     
5.835837e+01      41.13           0.51            1.01248     0.00119       0.12  %   10000     
5.836776e+01      38.94           0.55            1.01425     0.00127       0.13  %   10000     
5.839319e+01      32.99           0.45            1.01366     0.00126       0.12  %   10000     
5.842207e+01      28.10           0.49            1.01729     0.00142       0.14  %   10000     
5.843184e+01      26.94           0.45            1.01675     0.00140       0.14  %   10000     
5.845664e+01      23.99           0.45            1.01878     0.00149       0.15  %   10000     
5.848859e+01      21.43           0.38            1.01753     0.00145       0.14  %   10000     
5.849738e+01      21.00           0.48            1.02303     0.00166       0.16  %   10000     
5.853258e+01      19.26           0.44            1.02279     0.00166       0.16  %   10000     
5.858537e+01      17.97           0.42            1.02328     0.00168       0.16  %   10000     
5.859123e+01      17.83           0.41            1.02319     0.00168       0.16  %   10000     
5.864989e+01      17.50           0.38            1.02172     0.00163       0.16  %   10000     
5.867921e+01      17.33           0.44            1.02527     0.00176       0.17  %   10000     
5.875547e+01      17.82           0.46            1.02583     0.00177       0.17  %   10000     
5.877129e+01      17.93           0.45            1.02524     0.00175       0.17  %   10000     
5.887876e+01      19.60           0.49            1.02505     0.00174       0.17  %   10000     
5.888914e+01      19.76           0.43            1.02197     0.00164       0.16  %   10000     
5.900205e+01      22.65           0.53            1.02345     0.00169       0.17  %   10000     
5.902663e+01      23.28           0.55            1.02352     0.00169       0.17  %   10000     
5.910068e+01      26.13           0.68            1.02602     0.00178       0.17  %   10000     
5.915769e+01      28.31           0.63            1.02220     0.00165       0.16  %   10000     
5.919466e+01      30.35           0.72            1.02383     0.00171       0.17  %   10000     
5.926909e+01      34.43           0.79            1.02281     0.00168       0.16  %   10000     
5.928398e+01      35.56           0.67            1.01887     0.00153       0.15  %   10000     
5.935882e+01      41.24           0.72            1.01754     0.00149       0.15  %   10000     
5.936460e+01      41.67           0.88            1.02116     0.00163       0.16  %   10000     
5.942923e+01      48.49           0.86            1.01771     0.00150       0.15  %   10000     
5.946011e+01      51.72           1.07            1.02062     0.00163       0.16  %   10000     
5.949784e+01      57.20           1.24            1.02160     0.00167       0.16  %   10000     
5.953439e+01      62.45           1.17            1.01879     0.00157       0.15  %   10000     
5.955562e+01      66.69           1.23            1.01841     0.00155       0.15  %   10000     
5.960868e+01      77.11           1.42            1.01841     0.00156       0.15  %   10000     
5.961339e+01      78.42           1.36            1.01733     0.00152       0.15  %   10000     
5.966197e+01      91.68           2.08            1.02269     0.00174       0.17  %   10000     
5.967294e+01      94.61           2.19            1.02310     0.00176       0.17  %   10000     
5.970902e+01      108.00          2.75            1.02544     0.00185       0.18  %   10000     
5.972482e+01      113.70          3.30            1.02899     0.00198       0.19  %   10000     
5.975277e+01      127.57          3.94            1.03091     0.00205       0.20  %   10000     
5.977258e+01      137.08          4.13            1.03011     0.00204       0.20  %   10000     
5.979050e+01      148.91          4.68            1.03141     0.00208       0.20  %   10000     
5.981502e+01      164.47          5.91            1.03595     0.00224       0.22  %   10000     
5.982823e+01      176.05          6.35            1.03607     0.00224       0.22  %   10000     
5.985747e+01      200.34          8.22            1.04103     0.00240       0.23  %   10000     
5.986124e+01      204.66          8.54            1.04173     0.00242       0.23  %   10000     
5.989426e+01      240.12          9.72            1.04049     0.00240       0.23  %   10000     
5.989520e+01      241.06          11.04           1.04579     0.00255       0.24  %   10000     
5.992728e+01      283.99          14.34           1.05049     0.00268       0.26  %   10000     
5.993294e+01      290.80          14.89           1.05120     0.00271       0.26  %   10000     
5.995935e+01      332.90          17.62           1.05291     0.00276       0.26  %   10000     
5.997067e+01      348.58          20.24           1.05806     0.00290       0.27  %   10000     
5.999331e+01      388.62          21.77           1.05602     0.00285       0.27  %   10000     
6.000887e+01      411.47          26.24           1.06376     0.00305       0.29  %   10000     
6.002915e+01      448.12          32.84           1.07329     0.00326       0.30  %   10000     
6.005368e+01      482.02          34.94           1.07250     0.00326       0.30  %   10000     
6.006877e+01      506.35          37.19           1.07345     0.00328       0.31  %   10000     
6.011594e+01      555.56          49.82           1.08967     0.00363       0.33  %   10000     
6.013103e+01      567.39          53.92           1.09504     0.00374       0.34  %   10000     
6.020083e+01      600.64          64.18           1.10685     0.00397       0.36  %   10000     
6.020649e+01      600.44          69.96           1.11651     0.00413       0.37  %   10000     
6.024763e+01      605.92          74.51           1.12298     0.00425       0.38  %   10000     
6.029098e+01      605.67          83.47           1.13782     0.00449       0.39  %   10000     
6.029572e+01      603.65          84.34           1.13971     0.00452       0.40  %   10000     
6.033665e+01      599.33          91.96           1.15344     0.00473       0.41  %   10000     
6.034044e+01      597.40          91.60           1.15333     0.00473       0.41  %   10000     
6.038383e+01      586.55          103.34          1.17619     0.00505       0.43  %   10000     
6.039138e+01      581.89          106.45          1.18294     0.00514       0.43  %   10000     
6.051873e+01      473.03          106.64          1.22544     0.00572       0.47  %   10000     
6.053099e+01      458.73          101.61          1.22150     0.00567       0.46  %   10000     
6.056400e+01      406.43          100.69          1.24775     0.00599       0.48  %   10000     
6.057627e+01      389.82          94.29           1.24188     0.00593       0.48  %   10000     
6.060221e+01      346.47          90.64           1.26161     0.00618       0.49  %   10000     
6.061872e+01      324.05          87.67           1.27055     0.00626       0.49  %   10000     
6.063947e+01      291.03          79.73           1.27395     0.00636       0.50  %   10000     
6.066116e+01      264.21          73.84           1.27946     0.00453       0.35  %   20000     
6.067720e+01      241.89          69.90           1.28898     0.00463       0.36  %   20000     
6.070361e+01      214.17          63.99           1.29877     0.00471       0.36  %   20000     
6.071493e+01      201.21          62.31           1.30970     0.00481       0.37  %   20000     
6.074606e+01      174.62          56.42           1.32312     0.00492       0.37  %   20000     
6.075266e+01      168.61          53.92           1.31981     0.00492       0.37  %   20000     
6.079323e+01      141.34          49.40           1.34953     0.00514       0.38  %   20000     
6.079511e+01      140.00          47.49           1.33917     0.00509       0.38  %   20000     
6.084116e+01      116.32          42.66           1.36676     0.00532       0.39  %   20000     
6.085059e+01      112.77          42.37           1.37573     0.00536       0.39  %   20000     
6.089103e+01      96.92           37.17           1.38351     0.00548       0.40  %   20000     
6.091179e+01      91.00           35.31           1.38807     0.00551       0.40  %   20000     
6.094922e+01      79.96           33.31           1.41665     0.00574       0.41  %   20000     
6.098318e+01      72.76           30.29           1.41627     0.00576       0.41  %   20000     
6.101891e+01      64.99           27.93           1.42975     0.00592       0.41  %   20000     
6.107433e+01      56.31           24.59           1.43678     0.00601       0.42  %   20000     
6.109320e+01      53.29           23.71           1.44486     0.00610       0.42  %   20000     
6.116866e+01      44.63           20.31           1.45500     0.00625       0.43  %   20000     
6.118281e+01      42.98           19.89           1.46276     0.00634       0.43  %   20000     
6.127714e+01      35.07           16.30           1.46495     0.00650       0.44  %   20000     
6.128657e+01      34.50           15.97           1.46304     0.00649       0.44  %   20000     
6.139114e+01      28.12           12.48           1.44363     0.00658       0.46  %   20000     
6.143294e+01      26.29           11.53           1.43866     0.00658       0.46  %   20000     
6.150811e+01      22.96           9.56            1.41658     0.00660       0.47  %   20000     
6.158905e+01      20.37           7.53            1.36966     0.00637       0.47  %   20000     
6.165048e+01      18.39           6.54            1.35582     0.00640       0.47  %   20000     
6.179720e+01      15.01           4.13            1.27523     0.00589       0.46  %   20000     
6.180732e+01      14.78           4.00            1.27089     0.00587       0.46  %   20000     
6.197985e+01      11.91           2.37            1.19878     0.00529       0.44  %   20000     
6.201425e+01      11.50           2.30            1.19993     0.00532       0.44  %   20000     
6.217853e+01      9.54            1.54            1.16142     0.00500       0.43  %   20000     
6.230364e+01      8.47            1.16            1.13683     0.00470       0.41  %   20000     
6.239889e+01      7.65            1.00            1.13058     0.00471       0.42  %   20000     
6.262336e+01      6.26            0.64            1.10203     0.00436       0.40  %   20000     
6.267488e+01      6.02            0.53            1.08851     0.00409       0.38  %   20000     
6.289591e+01      5.02            0.42            1.08296     0.00414       0.38  %   20000     
6.317303e+01      4.11            0.25            1.06056     0.00371       0.35  %   20000     
6.317646e+01      4.10            0.26            1.06342     0.00380       0.36  %   20000     
6.350417e+01      3.32            0.17            1.05252     0.00366       0.35  %   20000     
6.364520e+01      3.07            0.18            1.05888     0.00394       0.37  %   20000     
6.388146e+01      2.67            0.12            1.04582     0.00363       0.35  %   20000     
6.427686e+01      2.17            0.08            1.03832     0.00497       0.48  %   10000     
6.436255e+01      2.10            0.09            1.04098     0.00519       0.50  %   10000     
6.473378e+01      1.76            0.06            1.03469     0.00505       0.49  %   10000     
6.509807e+01      1.52            0.06            1.03734     0.00386       0.37  %   20000     
6.525598e+01      1.42            0.06            1.04178     0.00419       0.40  %   20000     
6.577576e+01      1.18            0.04            1.03361     0.00401       0.39  %   20000     
6.642302e+01      0.96            0.02            1.02310     0.00504       0.49  %   10000     
6.660149e+01      0.91            0.02            1.02655     0.00387       0.38  %   20000     
6.718789e+01      0.77            0.03            1.03264     0.00456       0.44  %   20000     
6.796160e+01      0.64            0.02            1.02556     0.00432       0.42  %   20000     
6.860480e+01      0.57            0.01            1.02301     0.00427       0.42  %   20000     
6.882833e+01      0.54            0.01            1.02637     0.00466       0.45  %   20000     
6.962666e+01      0.47            0.01            1.01457     0.00364       0.36  %   20000     
7.065767e+01      0.41            0.01            1.02292     0.00478       0.47  %   20000     
7.167481e+01      0.38            0.01            1.01557     0.00402       0.40  %   20000     
7.195534e+01      0.38            0.01            1.02382     0.00496       0.48  %   20000     
7.234827e+01      0.37            0.01            1.02139     0.00384       0.38  %   30000     
7.316163e+01      0.38            0.01            1.02078     0.00453       0.44  %   20000     
7.371869e+01      0.40            0.00            1.01116     0.00456       0.45  %   10000     
7.429059e+01      0.44            0.01            1.02100     0.00420       0.41  %   20000     
7.484811e+01      0.50            0.01            1.01456     0.00460       0.45  %   10000     
7.532337e+01      0.59            0.01            1.01356     0.00409       0.40  %   10000     
7.566284e+01      0.68            0.01            1.01381     0.00383       0.38  %   10000     
7.600497e+01      0.82            0.01            1.01315     0.00339       0.33  %   10000     
7.630434e+01      1.01            0.01            1.01440     0.00322       0.32  %   10000     
7.652936e+01      1.21            0.02            1.01338     0.00285       0.28  %   10000     
7.674199e+01      1.48            0.01            1.00661     0.00183       0.18  %   10000     
7.687120e+01      1.72            0.02            1.00898     0.00201       0.20  %   10000     
7.693826e+01      1.84            0.02            1.01099     0.00215       0.21  %   10000     
7.710649e+01      2.28            0.02            1.00672     0.00154       0.15  %   10000     
7.725350e+01      2.82            0.01            1.00330     0.00099       0.10  %   10000     
7.737099e+01      3.43            0.02            1.00705     0.00135       0.13  %   10000     
7.747728e+01      4.19            0.02            1.00436     0.00100       0.10  %   10000     
7.749779e+01      4.39            0.02            1.00535     0.00109       0.11  %   10000     
7.758169e+01      5.23            0.03            1.00484     0.00099       0.10  %   10000     
7.766457e+01      6.39            0.03            1.00454     0.00091       0.09  %   10000     
7.774389e+01      7.94            0.04            1.00460     0.00087       0.09  %   10000     
7.780558e+01      9.62            0.03            1.00351     0.00073       0.07  %   10000     
7.785845e+01      11.59           0.04            1.00357     0.00071       0.07  %   10000     
7.791133e+01      14.33           0.03            1.00189     0.00051       0.05  %   10000     
7.795715e+01      17.72           0.07            1.00386     0.00070       0.07  %   10000     
7.796420e+01      18.44           0.04            1.00217     0.00053       0.05  %   10000     
7.799240e+01      21.31           0.05            1.00249     0.00056       0.06  %   10000     
7.802536e+01      25.85           0.08            1.00315     0.00062       0.06  %   10000     
7.802765e+01      26.16           0.05            1.00194     0.00048       0.05  %   10000     
7.806114e+01      32.40           0.10            1.00296     0.00059       0.06  %   10000     
7.807259e+01      35.28           0.08            1.00235     0.00052       0.05  %   10000     
7.809507e+01      40.91           0.10            1.00256     0.00054       0.05  %   10000     
7.810802e+01      45.28           0.12            1.00265     0.00055       0.06  %   10000     
7.812987e+01      52.61           0.11            1.00207     0.00049       0.05  %   10000     
7.814327e+01      58.59           0.11            1.00194     0.00047       0.05  %   10000     
7.816513e+01      68.25           0.12            1.00171     0.00044       0.04  %   10000     
7.817852e+01      75.91           0.21            1.00272     0.00055       0.06  %   10000     
7.820037e+01      88.25           0.28            1.00317     0.00060       0.06  %   10000     
7.821377e+01      97.83           0.40            1.00407     0.00068       0.07  %   10000     
7.824268e+01      118.10          0.52            1.00441     0.00070       0.07  %   10000     
7.825254e+01      126.68          0.50            1.00395     0.00067       0.07  %   10000     
7.829837e+01      165.19          0.65            1.00396     0.00067       0.07  %   10000     
7.829978e+01      166.34          0.90            1.00543     0.00078       0.08  %   10000     
7.839848e+01      248.62          1.47            1.00593     0.00082       0.08  %   10000     
7.843232e+01      267.82          2.06            1.00768     0.00094       0.09  %   10000     
7.843796e+01      270.99          2.21            1.00814     0.00096       0.10  %   10000     
7.847462e+01      280.97          2.72            1.00969     0.00105       0.10  %   10000     
7.848640e+01      284.23          2.95            1.01038     0.00109       0.11  %   10000     
7.849986e+01      284.81          3.16            1.01109     0.00113       0.11  %   10000     
7.852051e+01      281.90          3.21            1.01138     0.00114       0.11  %   10000     
7.853331e+01      280.18          3.55            1.01268     0.00121       0.12  %   10000     
7.853775e+01      278.42          3.40            1.01223     0.00119       0.12  %   10000     
7.857191e+01      264.88          3.32            1.01253     0.00121       0.12  %   10000     
7.857755e+01      261.09          3.89            1.01491     0.00131       0.13  %   10000     
7.862831e+01      226.41          4.30            1.01901     0.00149       0.15  %   10000     
7.863254e+01      223.46          3.96            1.01771     0.00144       0.14  %   10000     
7.872842e+01      140.14          4.21            1.03003     0.00190       0.18  %   10000     
7.877424e+01      104.32          3.43            1.03288     0.00202       0.20  %   10000     
7.878341e+01      98.49           3.33            1.03379     0.00205       0.20  %   10000     
7.881302e+01      79.32           2.76            1.03484     0.00211       0.20  %   10000     
7.883840e+01      66.37           3.02            1.04543     0.00242       0.23  %   10000     
7.884862e+01      61.09           2.40            1.03929     0.00227       0.22  %   10000     
7.888141e+01      48.02           2.30            1.04798     0.00255       0.24  %   10000     
7.889427e+01      44.09           2.34            1.05297     0.00269       0.26  %   10000     
7.891313e+01      38.29           2.32            1.06069     0.00292       0.28  %   10000     
7.894693e+01      30.47           2.24            1.07350     0.00328       0.31  %   10000     
7.894768e+01      30.34           2.00            1.06588     0.00311       0.29  %   10000     
7.897975e+01      24.81           1.94            1.07809     0.00347       0.32  %   10000     
7.901817e+01      19.97           1.83            1.09171     0.00385       0.35  %   10000     
7.901914e+01      19.85           1.89            1.09515     0.00392       0.36  %   10000     
7.905607e+01      16.47           1.85            1.11215     0.00437       0.39  %   10000     
7.908867e+01      14.31           1.69            1.11778     0.00457       0.41  %   10000     
7.910366e+01      13.32           1.64            1.12284     0.00473       0.42  %   10000     
7.915918e+01      10.74           1.54            1.14340     0.00531       0.46  %   10000     
7.919442e+01      9.59            1.49            1.15540     0.00564       0.49  %   10000     
7.922086e+01      8.73            1.45            1.16600     0.00421       0.36  %   20000     
7.929136e+01      7.08            1.43            1.20143     0.00484       0.40  %   20000     
7.935365e+01      6.03            1.39            1.23055     0.00536       0.44  %   20000     
7.936581e+01      5.83            1.37            1.23458     0.00546       0.44  %   20000     
7.945769e+01      4.71            1.32            1.28117     0.00632       0.49  %   20000     
7.955491e+01      3.85            1.25            1.32377     0.00585       0.44  %   30000     
7.959303e+01      3.61            1.23            1.33955     0.00609       0.45  %   30000     
7.967414e+01      3.10            1.18            1.37988     0.00677       0.49  %   30000     
7.980666e+01      2.50            1.05            1.41930     0.00663       0.47  %   40000     
7.996132e+01      2.01            0.88            1.43833     0.00656       0.46  %   50000     
8.000670e+01      1.91            0.83            1.43533     0.00666       0.46  %   50000     
8.012988e+01      1.63            0.59            1.36501     0.00655       0.48  %   50000     
8.032160e+01      1.32            0.29            1.21681     0.00556       0.46  %   50000     
8.054755e+01      1.06            0.14            1.12760     0.00522       0.46  %   40000     
8.079516e+01      0.87            0.07            1.07711     0.00510       0.47  %   30000     
8.086591e+01      0.82            0.06            1.07080     0.00498       0.46  %   30000     
8.105309e+01      0.72            0.05            1.06985     0.00525       0.49  %   30000     
8.137287e+01      0.59            0.02            1.04055     0.00437       0.42  %   30000     
8.173835e+01      0.48            0.02            1.03683     0.00453       0.44  %   30000     
8.214956e+01      0.40            0.01            1.03143     0.00453       0.44  %   30000     
8.228663e+01      0.38            0.01            1.02253     0.00480       0.47  %   20000     
8.256078e+01      0.34            0.01            1.02565     0.00440       0.43  %   30000     
8.310169e+01      0.28            0.01            1.03325     0.00470       0.45  %   40000     
8.376861e+01      0.24            0.00            1.02088     0.00467       0.46  %   30000     
8.455542e+01      0.20            0.00            1.01947     0.00487       0.48  %   30000     
8.553014e+01      0.17            0.00            1.00423     0.00423       0.42  %   10000     
8.585142e+01      0.16            0.00            1.01750     0.00505       0.50  %   30000     
8.670315e+01      0.14            0.00            1.02600     0.00459       0.45  %   60000     
8.816725e+01      0.12            0.00            1.02324     0.00465       0.45  %   60000     
8.947969e+01      0.11            0.00            1.00000     0.00000       0.00  %   10000     
9.098661e+01      0.10            0.00            1.01966     0.00463       0.45  %   60000     
9.353201e+01      0.09            0.00            1.00350     0.00350       0.35  %   20000     
9.542628e+01      0.09            0.00            1.01686     0.00487       0.48  %   50000     
9.690296e+01      0.09            0.00            1.01502     0.00453       0.45  %   50000     
9.855195e+01      0.10            0.00            1.02024     0.00506       0.50  %   50000     
9.969409e+01      0.11            0.00            1.00000     0.00000       0.00  %   10000     
1.006887e+02      0.12            0.00            1.00766     0.00442       0.44  %   20000     
1.016261e+02      0.14            0.00            1.01306     0.00435       0.43  %   30000     
1.022728e+02      0.16            0.00            1.00000     0.00000       0.00  %   10000     
1.025961e+02      0.18            0.00            1.01363     0.00482       0.48  %   20000     
1.028806e+02      0.19            0.00            1.01777     0.00431       0.42  %   30000     
1.033784e+02      0.23            0.00            1.01039     0.00367       0.36  %   20000     
1.037839e+02      0.27            0.00            1.01082     0.00342       0.34  %   20000     
1.041331e+02      0.33            0.00            1.00901     0.00403       0.40  %   10000     
1.044323e+02      0.39            0.00            1.01204     0.00426       0.42  %   10000     
1.047085e+02      0.48            0.00            1.00872     0.00329       0.33  %   10000     
1.048502e+02      0.54            0.01            1.00999     0.00333       0.33  %   10000     
1.049555e+02      0.59            0.00            1.00614     0.00251       0.25  %   10000     
1.051696e+02      0.72            0.01            1.00756     0.00252       0.25  %   10000     
1.053643e+02      0.88            0.01            1.01104     0.00276       0.27  %   10000     
1.055445e+02      1.10            0.01            1.01073     0.00246       0.24  %   10000     
1.056551e+02      1.29            0.01            1.00443     0.00147       0.15  %   10000     
1.057006e+02      1.37            0.01            1.00559     0.00161       0.16  %   10000     
1.058293e+02      1.69            0.01            1.00625     0.00156       0.16  %   10000     
1.059383e+02      2.06            0.01            1.00500     0.00129       0.13  %   10000     
1.060288e+02      2.48            0.01            1.00406     0.00108       0.11  %   10000     
1.060473e+02      2.57            0.01            1.00423     0.00109       0.11  %   10000     
1.061321e+02      3.13            0.01            1.00294     0.00085       0.08  %   10000     
1.062048e+02      3.79            0.02            1.00411     0.00094       0.09  %   10000     
1.062738e+02      4.65            0.01            1.00134     0.00051       0.05  %   10000     
1.063310e+02      5.66            0.01            1.00174     0.00055       0.05  %   10000     
1.063457e+02      6.03            0.02            1.00287     0.00070       0.07  %   10000     
1.063801e+02      6.88            0.02            1.00223     0.00060       0.06  %   10000     
1.064210e+02      8.27            0.01            1.00163     0.00049       0.05  %   10000     
1.064618e+02      10.19           0.02            1.00166     0.00048       0.05  %   10000     
1.065027e+02      12.87           0.02            1.00168     0.00047       0.05  %   10000     
1.065093e+02      13.46           0.02            1.00141     0.00042       0.04  %   10000     
1.065354e+02      15.80           0.02            1.00149     0.00043       0.04  %   10000     
1.065420e+02      16.58           0.03            1.00172     0.00046       0.05  %   10000     
1.065682e+02      19.66           0.02            1.00095     0.00034       0.03  %   10000     
1.066009e+02      24.71           0.03            1.00115     0.00036       0.04  %   10000     
1.066074e+02      26.04           0.01            1.00046     0.00023       0.02  %   10000     
1.066389e+02      32.42           0.03            1.00090     0.00032       0.03  %   10000     
1.066614e+02      38.33           0.03            1.00066     0.00027       0.03  %   10000     
1.066749e+02      41.86           0.06            1.00132     0.00038       0.04  %   10000     
1.067055e+02      52.11           0.03            1.00065     0.00027       0.03  %   10000     
1.067186e+02      56.45           0.03            1.00054     0.00024       0.02  %   10000     
1.067513e+02      70.13           0.08            1.00108     0.00034       0.03  %   10000     
1.067709e+02      78.22           0.06            1.00075     0.00029       0.03  %   10000     
1.067932e+02      89.13           0.12            1.00140     0.00039       0.04  %   10000     
1.068501e+02      116.37          0.28            1.00237     0.00050       0.05  %   10000     
1.069149e+02      146.25          0.32            1.00216     0.00048       0.05  %   10000     
1.069724e+02      164.77          0.41            1.00250     0.00052       0.05  %   10000     
1.069986e+02      168.02          0.55            1.00327     0.00060       0.06  %   10000     
1.070279e+02      171.68          0.68            1.00394     0.00065       0.07  %   10000     
1.070322e+02      171.70          0.43            1.00252     0.00052       0.05  %   10000     
1.070522e+02      169.60          0.88            1.00517     0.00075       0.07  %   10000     
1.070836e+02      166.33          0.77            1.00464     0.00071       0.07  %   10000     
1.071176e+02      156.70          0.82            1.00523     0.00076       0.08  %   10000     
1.071307e+02      152.99          0.96            1.00625     0.00083       0.08  %   10000     
1.071830e+02      130.17          0.95            1.00726     0.00091       0.09  %   10000     
1.072144e+02      116.20          0.99            1.00848     0.00098       0.10  %   10000     
1.072746e+02      87.37           0.87            1.00991     0.00108       0.11  %   10000     
1.072969e+02      76.47           0.90            1.01175     0.00118       0.12  %   10000     
1.073492e+02      55.09           0.86            1.01552     0.00139       0.14  %   10000     
1.073902e+02      41.64           0.90            1.02157     0.00167       0.16  %   10000     
1.074055e+02      37.68           0.84            1.02232     0.00171       0.17  %   10000     
1.074273e+02      31.99           0.84            1.02610     0.00188       0.18  %   10000     
1.074611e+02      25.16           0.84            1.03347     0.00218       0.21  %   10000     
1.074791e+02      22.33           0.69            1.03083     0.00212       0.21  %   10000     
1.074938e+02      20.01           0.69            1.03457     0.00228       0.22  %   10000     
1.075265e+02      16.07           0.71            1.04399     0.00265       0.25  %   10000     
1.075608e+02      12.94           0.66            1.05071     0.00294       0.28  %   10000     
1.075723e+02      12.15           0.63            1.05211     0.00302       0.29  %   10000     
1.075935e+02      10.70           0.72            1.06728     0.00350       0.33  %   10000     
1.076344e+02      8.63            0.70            1.08156     0.00402       0.37  %   10000     
1.076704e+02      7.31            0.63            1.08644     0.00429       0.39  %   10000     
1.076753e+02      7.13            0.67            1.09336     0.00448       0.41  %   10000     
1.077244e+02      5.84            0.63            1.10759     0.00506       0.46  %   10000     
1.077816e+02      4.77            0.60            1.12495     0.00406       0.36  %   20000     
1.078502e+02      3.86            0.57            1.14670     0.00466       0.41  %   20000     
1.078790e+02      3.59            0.56            1.15552     0.00489       0.42  %   20000     
1.079219e+02      3.19            0.57            1.17976     0.00545       0.46  %   20000     
1.080056e+02      2.61            0.56            1.21242     0.00515       0.42  %   30000     
1.081047e+02      2.12            0.54            1.25558     0.00605       0.48  %   30000     
1.081125e+02      2.10            0.54            1.25942     0.00611       0.49  %   30000     
1.082204e+02      1.71            0.53            1.31208     0.00624       0.48  %   40000     
1.083474e+02      1.39            0.52            1.37117     0.00658       0.48  %   50000     
1.084782e+02      1.16            0.50            1.43212     0.00694       0.48  %   60000     
1.085024e+02      1.11            0.49            1.43813     0.00711       0.49  %   60000     
1.086762e+02      0.89            0.48            1.53978     0.00747       0.49  %   80000     
1.088689e+02      0.72            0.46            1.63146     0.00791       0.48  %   100000    
1.090709e+02      0.59            0.38            1.63633     0.00867       0.53  %   100000    
1.093174e+02      0.48            0.21            1.42691     0.00785       0.55  %   100000    
1.094070e+02      0.45            0.14            1.31749     0.00697       0.53  %   100000    
1.095713e+02      0.40            0.07            1.18269     0.00563       0.48  %   100000    
1.098696e+02      0.33            0.03            1.09009     0.00517       0.47  %   70000     
1.102104e+02      0.27            0.02            1.05951     0.00495       0.47  %   60000     
1.106418e+02      0.22            0.01            1.05506     0.00522       0.49  %   60000     
1.110731e+02      0.19            0.01            1.03257     0.00475       0.46  %   50000     
1.115106e+02      0.16            0.00            1.02915     0.00479       0.47  %   50000     
1.115813e+02      0.16            0.00            1.02500     0.00500       0.49  %   40000     
1.121391e+02      0.14            0.00            1.02922     0.00474       0.46  %   60000     
1.129875e+02      0.12            0.00            1.02626     0.00487       0.48  %   60000     
1.138778e+02      0.10            0.00            1.02092     0.00507       0.50  %   50000     
1.150147e+02      0.09            0.00            1.00685     0.00484       0.48  %   20000     
1.160178e+02      0.08            0.00            1.01738     0.00502       0.49  %   50000     
1.170879e+02      0.08            0.00            1.01482     0.00469       0.46  %   50000     
1.175340e+02      0.08            0.00            1.00000     0.00000       0.00  %   10000     
1.185645e+02      0.08            0.00            1.01550     0.00467       0.46  %   50000     
1.192476e+02      0.09            0.00            1.00650     0.00460       0.46  %   20000     
1.197571e+02      0.10            0.00            1.01608     0.00485       0.48  %   40000     
1.200968e+02      0.11            0.00            1.00788     0.00455       0.45  %   20000     
1.204291e+02      0.13            0.00            1.01206     0.00426       0.42  %   30000     
1.206729e+02      0.15            0.00            1.00583     0.00337       0.33  %   20000     
1.208761e+02      0.18            0.00            1.00329     0.00329       0.33  %   10000     
1.210325e+02      0.21            0.00            1.00842     0.00486       0.48  %   10000     
1.211715e+02      0.25            0.00            1.00236     0.00236       0.23  %   10000     
1.212186e+02      0.27            0.00            1.00437     0.00309       0.31  %   10000     
1.212874e+02      0.30            0.00            1.00590     0.00341       0.34  %   10000     
1.213809e+02      0.36            0.00            1.00992     0.00405       0.40  %   10000     
1.214588e+02      0.43            0.00            1.00558     0.00279       0.28  %   10000     
1.215211e+02      0.51            0.00            1.00596     0.00266       0.26  %   10000     
1.215791e+02      0.61            0.00            1.00603     0.00246       0.24  %   10000     
1.216299e+02      0.73            0.00            1.00169     0.00120       0.12  %   10000     
1.216722e+02      0.88            0.01            1.00646     0.00215       0.21  %   10000     
1.217103e+02      1.07            0.01            1.00487     0.00172       0.17  %   10000     
1.217484e+02      1.32            0.00            1.00306     0.00125       0.12  %   10000     
1.217865e+02      1.68            0.00            1.00042     0.00042       0.04  %   10000     
1.218215e+02      2.12            0.00            1.00107     0.00062       0.06  %   10000     
1.218551e+02      2.68            0.00            1.00090     0.00052       0.05  %   10000     
1.218593e+02      2.75            0.01            1.00207     0.00078       0.08  %   10000     
1.218970e+02      3.59            0.00            1.00050     0.00035       0.04  %   10000     
1.219373e+02      4.75            0.01            1.00106     0.00047       0.05  %   10000     
1.219831e+02      6.44            0.01            1.00091     0.00041       0.04  %   10000     
1.220062e+02      7.52            0.00            1.00051     0.00030       0.03  %   10000     
1.220440e+02      9.27            0.01            1.00158     0.00050       0.05  %   10000     
1.221708e+02      15.90           0.03            1.00188     0.00050       0.05  %   10000     
1.221818e+02      16.47           0.02            1.00107     0.00038       0.04  %   10000     
1.222342e+02      18.41           0.01            1.00078     0.00032       0.03  %   10000     
1.222882e+02      19.33           0.03            1.00156     0.00045       0.04  %   10000     
1.222999e+02      19.36           0.04            1.00195     0.00050       0.05  %   10000     
1.223475e+02      18.84           0.03            1.00184     0.00049       0.05  %   10000     
1.224060e+02      16.97           0.05            1.00285     0.00062       0.06  %   10000     
1.224499e+02      14.76           0.04            1.00256     0.00060       0.06  %   10000     
1.224975e+02      12.37           0.05            1.00436     0.00081       0.08  %   10000     
1.225475e+02      9.77            0.05            1.00492     0.00090       0.09  %   10000     
1.225828e+02      7.93            0.05            1.00662     0.00109       0.11  %   10000     
1.226332e+02      5.78            0.05            1.00810     0.00129       0.13  %   10000     
1.226755e+02      4.34            0.08            1.01774     0.00207       0.20  %   10000     
1.227114e+02      3.37            0.06            1.01700     0.00219       0.22  %   10000     
1.227480e+02      2.61            0.06            1.02354     0.00280       0.27  %   10000     
1.227845e+02      2.03            0.06            1.03022     0.00348       0.34  %   10000     
1.228226e+02      1.58            0.07            1.04534     0.00468       0.45  %   10000     
1.228607e+02      1.25            0.06            1.04691     0.00369       0.35  %   20000     
1.228988e+02      1.02            0.05            1.05368     0.00431       0.41  %   20000     
1.229369e+02      0.84            0.07            1.07864     0.00460       0.43  %   30000     
1.229826e+02      0.70            0.06            1.08595     0.00524       0.48  %   30000     
1.230284e+02      0.59            0.06            1.09698     0.00518       0.47  %   40000     
1.230944e+02      0.48            0.06            1.12381     0.00523       0.47  %   60000     
1.231733e+02      0.39            0.06            1.15762     0.00559       0.48  %   80000     
1.231737e+02      0.39            0.06            1.14915     0.00544       0.47  %   80000     
1.232622e+02      0.33            0.06            1.19016     0.00599       0.50  %   100000    
1.233747e+02      0.27            0.06            1.21978     0.00707       0.58  %   100000    
1.235096e+02      0.22            0.06            1.26491     0.00851       0.67  %   100000    
1.236385e+02      0.19            0.06            1.31172     0.00992       0.76  %   100000    
1.238334e+02      0.16            0.06            1.38664     0.01207       0.87  %   100000    
1.240672e+02      0.13            0.06            1.43465     0.01390       0.97  %   100000    
1.243289e+02      0.12            0.06            1.49831     0.01594       1.06  %   100000    
1.246463e+02      0.10            0.05            1.49454     0.01689       1.13  %   100000    
1.250695e+02      0.09            0.01            1.13275     0.00929       0.82  %   100000    
1.257043e+02      0.08            0.00            1.03125     0.00500       0.49  %   90000     
1.259159e+02      0.08            0.00            1.02415     0.00503       0.49  %   70000     
1.263398e+02      0.07            0.00            1.00000     0.00000       0.00  %   10000     
1.276115e+02      0.07            0.00            1.02130     0.00465       0.45  %   80000     
1.292111e+02      0.07            0.00            1.00000     0.00000       0.00  %   10000     
1.314030e+02      0.07            0.00            1.01692     0.00469       0.46  %   60000     
1.338367e+02      0.08            0.00            1.01546     0.00466       0.46  %   50000     
1.357350e+02      0.09            0.00            1.01239     0.00506       0.50  %   30000     
1.370526e+02      0.10            0.00            1.00000     0.00000       0.00  %   10000     
1.383096e+02      0.11            0.00            1.00708     0.00409       0.41  %   20000     
1.387285e+02      0.12            0.00            1.00660     0.00381       0.38  %   20000     
1.393040e+02      0.13            0.00            1.00000     0.00000       0.00  %   10000     
1.400713e+02      0.15            0.00            1.00845     0.00378       0.37  %   20000     
1.406833e+02      0.18            0.00            1.01427     0.00368       0.36  %   30000     
1.411876e+02      0.21            0.00            1.00721     0.00416       0.41  %   10000     
1.416078e+02      0.25            0.00            1.00201     0.00201       0.20  %   10000     
1.417659e+02      0.27            0.00            1.01483     0.00371       0.37  %   20000     
1.419381e+02      0.30            0.00            1.00849     0.00379       0.38  %   10000     
1.422212e+02      0.35            0.00            1.00711     0.00318       0.32  %   10000     
1.424901e+02      0.43            0.00            1.00467     0.00233       0.23  %   10000     
1.427131e+02      0.53            0.00            1.00771     0.00272       0.27  %   10000     
1.428940e+02      0.64            0.00            1.00161     0.00114       0.11  %   10000     
1.429075e+02      0.65            0.00            1.00238     0.00137       0.14  %   10000     
1.430459e+02      0.77            0.00            1.00606     0.00202       0.20  %   10000     
1.431760e+02      0.93            0.00            1.00284     0.00127       0.13  %   10000     
1.433025e+02      1.15            0.01            1.00709     0.00183       0.18  %   10000     
1.434023e+02      1.39            0.01            1.00524     0.00145       0.14  %   10000     
1.434855e+02      1.68            0.00            1.00279     0.00099       0.10  %   10000     
1.435566e+02      2.02            0.01            1.00273     0.00091       0.09  %   10000     
1.436158e+02      2.41            0.00            1.00187     0.00071       0.07  %   10000     
1.436751e+02      2.97            0.00            1.00117     0.00052       0.05  %   10000     
1.437239e+02      3.64            0.00            1.00083     0.00042       0.04  %   10000     
1.437645e+02      4.41            0.01            1.00151     0.00053       0.05  %   10000     
1.438052e+02      5.47            0.01            1.00205     0.00059       0.06  %   10000     
1.438418e+02      6.75            0.01            1.00094     0.00038       0.04  %   10000     
1.438507e+02      7.16            0.02            1.00215     0.00057       0.06  %   10000     
1.438783e+02      8.44            0.02            1.00189     0.00052       0.05  %   10000     
1.439186e+02      10.93           0.02            1.00163     0.00047       0.05  %   10000     
1.439483e+02      13.36           0.01            1.00065     0.00029       0.03  %   10000     
1.439578e+02      14.15           0.01            1.00077     0.00031       0.03  %   10000     
1.439994e+02      18.55           0.02            1.00110     0.00037       0.04  %   10000     
1.440156e+02      20.72           0.00            1.00024     0.00017       0.02  %   10000     
1.440432e+02      24.43           0.03            1.00106     0.00035       0.04  %   10000     
1.440770e+02      30.09           0.02            1.00069     0.00028       0.03  %   10000     
1.440952e+02      33.11           0.03            1.00081     0.00030       0.03  %   10000     
1.441421e+02      42.63           0.05            1.00124     0.00038       0.04  %   10000     
1.441798e+02      50.22           0.03            1.00056     0.00025       0.03  %   10000     
1.442253e+02      59.41           0.05            1.00078     0.00030       0.03  %   10000     
1.442851e+02      71.35           0.09            1.00123     0.00037       0.04  %   10000     
1.443489e+02      79.85           0.18            1.00224     0.00050       0.05  %   10000     
1.443736e+02      81.01           0.23            1.00282     0.00056       0.06  %   10000     
1.444097e+02      82.71           0.23            1.00282     0.00056       0.06  %   10000     
1.444555e+02      80.84           0.17            1.00205     0.00048       0.05  %   10000     
1.444607e+02      80.63           0.20            1.00251     0.00053       0.05  %   10000     
1.445076e+02      74.96           0.31            1.00415     0.00069       0.07  %   10000     
1.445232e+02      73.07           0.33            1.00451     0.00072       0.07  %   10000     
1.445856e+02      61.10           0.33            1.00532     0.00079       0.08  %   10000     
1.446142e+02      55.57           0.28            1.00502     0.00077       0.08  %   10000     
1.447111e+02      35.53           0.28            1.00801     0.00101       0.10  %   10000     
1.447417e+02      30.23           0.29            1.00966     0.00112       0.11  %   10000     
1.447651e+02      26.14           0.26            1.00994     0.00115       0.11  %   10000     
1.448102e+02      19.78           0.27            1.01383     0.00140       0.14  %   10000     
1.448526e+02      15.04           0.28            1.01862     0.00168       0.16  %   10000     
1.448729e+02      13.30           0.26            1.01970     0.00175       0.17  %   10000     
1.448950e+02      11.40           0.27            1.02370     0.00197       0.19  %   10000     
1.449335e+02      8.90            0.19            1.02169     0.00197       0.19  %   10000     
1.449660e+02      7.32            0.20            1.02782     0.00231       0.22  %   10000     
1.449742e+02      6.93            0.21            1.03071     0.00246       0.24  %   10000     
1.450148e+02      5.49            0.19            1.03508     0.00277       0.27  %   10000     
1.450555e+02      4.44            0.19            1.04364     0.00325       0.31  %   10000     
1.450961e+02      3.67            0.24            1.06581     0.00418       0.39  %   10000     
1.451449e+02      3.01            0.19            1.06399     0.00438       0.41  %   10000     
1.452017e+02      2.47            0.21            1.08614     0.00539       0.50  %   10000     
1.452692e+02      2.02            0.18            1.09036     0.00416       0.38  %   20000     
1.453047e+02      1.87            0.19            1.10084     0.00450       0.41  %   20000     
1.453503e+02      1.66            0.19            1.11630     0.00504       0.45  %   20000     
1.454413e+02      1.38            0.19            1.13502     0.00474       0.42  %   30000     
1.455479e+02      1.15            0.19            1.16924     0.00567       0.48  %   30000     
1.456758e+02      0.96            0.19            1.19750     0.00567       0.47  %   40000     
1.457235e+02      0.91            0.18            1.20205     0.00584       0.49  %   40000     
1.458170e+02      0.81            0.18            1.22118     0.00572       0.47  %   50000     
1.459815e+02      0.69            0.18            1.25437     0.00595       0.47  %   60000     
1.461788e+02      0.60            0.17            1.28190     0.00613       0.48  %   70000     
1.464484e+02      0.53            0.17            1.31530     0.00636       0.48  %   80000     
1.466138e+02      0.50            0.16            1.32441     0.00654       0.49  %   80000     
1.467543e+02      0.48            0.17            1.34272     0.00643       0.48  %   90000     
1.470602e+02      0.47            0.14            1.30581     0.00647       0.50  %   80000     
1.474153e+02      0.48            0.08            1.16983     0.00549       0.47  %   60000     
1.478593e+02      0.53            0.02            1.03659     0.00419       0.40  %   20000     
1.482144e+02      0.60            0.01            1.01851     0.00394       0.39  %   10000     
1.485705e+02      0.70            0.01            1.01135     0.00283       0.28  %   10000     
1.486549e+02      0.74            0.01            1.01212     0.00285       0.28  %   10000     
1.488844e+02      0.85            0.01            1.01055     0.00248       0.25  %   10000     
1.491534e+02      1.03            0.01            1.00728     0.00188       0.19  %   10000     
1.493947e+02      1.26            0.01            1.00644     0.00161       0.16  %   10000     
1.495428e+02      1.47            0.01            1.00390     0.00118       0.12  %   10000     
1.495911e+02      1.53            0.01            1.00341     0.00108       0.11  %   10000     
1.497798e+02      1.90            0.01            1.00313     0.00094       0.09  %   10000     
1.499345e+02      2.31            0.01            1.00489     0.00109       0.11  %   10000     
1.500412e+02      2.71            0.01            1.00351     0.00088       0.09  %   10000     
1.500716e+02      2.83            0.01            1.00256     0.00074       0.07  %   10000     
1.501954e+02      3.47            0.01            1.00206     0.00062       0.06  %   10000     
1.503103e+02      4.31            0.01            1.00216     0.00060       0.06  %   10000     
1.504031e+02      5.27            0.01            1.00227     0.00059       0.06  %   10000     
1.504827e+02      6.42            0.01            1.00126     0.00042       0.04  %   10000     
1.505557e+02      7.91            0.02            1.00223     0.00054       0.05  %   10000     
1.505604e+02      8.05            0.01            1.00144     0.00043       0.04  %   10000     
1.506154e+02      9.65            0.00            1.00038     0.00022       0.02  %   10000     
1.506301e+02      10.24           0.01            1.00136     0.00041       0.04  %   10000     
1.506642e+02      11.62           0.02            1.00194     0.00048       0.05  %   10000     
1.507018e+02      13.70           0.02            1.00118     0.00037       0.04  %   10000     
1.507089e+02      14.10           0.02            1.00118     0.00037       0.04  %   10000     
1.507537e+02      17.51           0.01            1.00058     0.00026       0.03  %   10000     
1.507555e+02      17.70           0.01            1.00081     0.00031       0.03  %   10000     
1.507940e+02      21.69           0.03            1.00137     0.00039       0.04  %   10000     
1.507958e+02      21.94           0.02            1.00068     0.00028       0.03  %   10000     
1.508343e+02      27.31           0.03            1.00113     0.00036       0.04  %   10000     
1.508361e+02      27.63           0.03            1.00102     0.00034       0.03  %   10000     
1.508701e+02      33.84           0.03            1.00102     0.00034       0.03  %   10000     
1.508723e+02      34.37           0.03            1.00090     0.00032       0.03  %   10000     
1.509048e+02      42.08           0.06            1.00135     0.00039       0.04  %   10000     
1.509131e+02      44.04           0.06            1.00136     0.00039       0.04  %   10000     
1.509408e+02      52.64           0.08            1.00158     0.00042       0.04  %   10000     
1.509568e+02      57.57           0.09            1.00159     0.00042       0.04  %   10000     
1.509767e+02      65.41           0.10            1.00159     0.00042       0.04  %   10000     
1.510005e+02      74.61           0.13            1.00171     0.00044       0.04  %   10000     
1.510162e+02      82.22           0.13            1.00159     0.00043       0.04  %   10000     
1.510506e+02      98.52           0.26            1.00263     0.00055       0.05  %   10000     
1.510592e+02      103.51          0.19            1.00183     0.00046       0.05  %   10000     
1.511151e+02      135.11          0.37            1.00277     0.00056       0.06  %   10000     
1.511222e+02      139.04          0.50            1.00359     0.00064       0.06  %   10000     
1.512039e+02      186.23          0.65            1.00351     0.00064       0.06  %   10000     
1.512583e+02      215.88          1.14            1.00529     0.00079       0.08  %   10000     
1.513099e+02      234.81          1.89            1.00807     0.00098       0.10  %   10000     
1.513214e+02      238.99          1.62            1.00677     0.00089       0.09  %   10000     
1.513695e+02      247.44          1.92            1.00777     0.00096       0.10  %   10000     
1.513760e+02      247.67          2.05            1.00826     0.00099       0.10  %   10000     
1.513927e+02      248.37          1.73            1.00696     0.00091       0.09  %   10000     
1.514284e+02      243.81          2.50            1.01027     0.00111       0.11  %   10000     
1.514546e+02      240.56          2.13            1.00885     0.00103       0.10  %   10000     
1.515262e+02      214.94          2.83            1.01315     0.00126       0.12  %   10000     
1.516093e+02      169.74          2.86            1.01682     0.00144       0.14  %   10000     
1.517082e+02      111.99          2.59            1.02309     0.00172       0.17  %   10000     
1.517597e+02      85.76           1.96            1.02286     0.00173       0.17  %   10000     
1.517655e+02      82.79           1.92            1.02324     0.00175       0.17  %   10000     
1.518156e+02      61.90           1.84            1.02968     0.00201       0.20  %   10000     
1.518318e+02      56.62           1.78            1.03150     0.00208       0.20  %   10000     
1.518611e+02      46.98           1.51            1.03222     0.00214       0.21  %   10000     
1.518980e+02      37.51           1.35            1.03592     0.00230       0.22  %   10000     
1.519000e+02      36.99           1.36            1.03679     0.00233       0.22  %   10000     
1.519396e+02      29.12           1.38            1.04756     0.00270       0.26  %   10000     
1.519696e+02      24.55           1.18            1.04820     0.00277       0.26  %   10000     
1.519759e+02      23.59           1.15            1.04857     0.00280       0.27  %   10000     
1.520162e+02      18.91           1.14            1.06023     0.00320       0.30  %   10000     
1.520377e+02      17.07           1.00            1.05865     0.00320       0.30  %   10000     
1.520574e+02      15.37           1.00            1.06483     0.00341       0.32  %   10000     
1.521021e+02      12.54           0.96            1.07635     0.00382       0.35  %   10000     
1.521344e+02      11.09           0.96            1.08655     0.00413       0.38  %   10000     
1.521559e+02      10.11           0.89            1.08789     0.00425       0.39  %   10000     
1.522153e+02      8.24            0.90            1.10971     0.00492       0.44  %   10000     
1.522603e+02      7.24            0.87            1.11967     0.00525       0.47  %   10000     
1.522860e+02      6.68            0.79            1.11860     0.00533       0.48  %   10000     
1.523686e+02      5.41            0.74            1.13696     0.00425       0.37  %   20000     
1.524532e+02      4.49            0.72            1.16075     0.00479       0.41  %   20000     
1.524548e+02      4.47            0.71            1.15943     0.00477       0.41  %   20000     
1.525590e+02      3.65            0.70            1.19245     0.00553       0.46  %   20000     
1.526751e+02      2.99            0.66            1.22223     0.00511       0.42  %   30000     
1.527048e+02      2.86            0.65            1.22822     0.00523       0.43  %   30000     
1.528072e+02      2.44            0.62            1.25207     0.00577       0.46  %   30000     
1.529690e+02      1.97            0.61            1.30936     0.00590       0.45  %   40000     
1.530751e+02      1.75            0.58            1.33343     0.00634       0.48  %   40000     
1.531394e+02      1.62            0.58            1.35949     0.00677       0.50  %   40000     
1.533448e+02      1.31            0.56            1.42550     0.00707       0.50  %   50000     
1.535893e+02      1.06            0.53            1.50224     0.00698       0.46  %   70000     
1.537012e+02      0.98            0.53            1.54070     0.00741       0.48  %   70000     
1.538687e+02      0.87            0.51            1.58559     0.00758       0.48  %   80000     
1.541742e+02      0.72            0.42            1.58773     0.00771       0.49  %   90000     
1.544796e+02      0.62            0.28            1.46220     0.00730       0.50  %   90000     
1.546357e+02      0.58            0.19            1.32308     0.00627       0.47  %   90000     
1.549041e+02      0.52            0.08            1.15201     0.00555       0.48  %   60000     
1.553458e+02      0.46            0.03            1.07223     0.00494       0.46  %   40000     
1.557874e+02      0.42            0.02            1.04649     0.00471       0.45  %   30000     
1.564500e+02      0.39            0.01            1.02880     0.00461       0.45  %   20000     
1.566658e+02      0.39            0.01            1.03450     0.00503       0.49  %   20000     
1.568816e+02      0.39            0.01            1.02089     0.00388       0.38  %   20000     
1.572459e+02      0.40            0.01            1.01748     0.00349       0.34  %   20000     
1.578261e+02      0.42            0.01            1.01654     0.00458       0.45  %   10000     
1.583798e+02      0.47            0.01            1.01449     0.00402       0.40  %   10000     
1.589642e+02      0.56            0.01            1.00928     0.00293       0.29  %   10000     
1.593816e+02      0.65            0.00            1.00553     0.00209       0.21  %   10000     
1.596177e+02      0.73            0.01            1.00849     0.00245       0.24  %   10000     
1.598179e+02      0.79            0.01            1.01033     0.00258       0.26  %   10000     
1.601950e+02      0.98            0.01            1.00735     0.00196       0.19  %   10000     
1.604789e+02      1.17            0.01            1.00576     0.00160       0.16  %   10000     
1.607528e+02      1.43            0.01            1.00742     0.00166       0.16  %   10000     
1.608912e+02      1.62            0.00            1.00201     0.00082       0.08  %   10000     
1.610113e+02      1.78            0.01            1.00558     0.00131       0.13  %   10000     
1.612235e+02      2.19            0.01            1.00477     0.00112       0.11  %   10000     
1.614037e+02      2.67            0.01            1.00347     0.00090       0.09  %   10000     
1.615726e+02      3.30            0.01            1.00406     0.00091       0.09  %   10000     
1.617203e+02      4.07            0.01            1.00218     0.00063       0.06  %   10000     
1.617544e+02      4.32            0.01            1.00264     0.00068       0.07  %   10000     
1.618482e+02      5.02            0.01            1.00198     0.00057       0.06  %   10000     
1.618557e+02      5.07            0.02            1.00346     0.00075       0.08  %   10000     
1.619741e+02      6.33            0.01            1.00183     0.00053       0.05  %   10000     
1.620140e+02      6.93            0.01            1.00148     0.00047       0.05  %   10000     
1.620715e+02      7.79            0.01            1.00159     0.00048       0.05  %   10000     
1.621383e+02      9.21            0.02            1.00223     0.00056       0.06  %   10000     
1.621521e+02      9.50            0.02            1.00208     0.00054       0.05  %   10000     
1.622073e+02      11.13           0.02            1.00135     0.00043       0.04  %   10000     
1.622212e+02      11.53           0.02            1.00203     0.00052       0.05  %   10000     
1.622764e+02      13.78           0.03            1.00226     0.00055       0.05  %   10000     
1.622787e+02      13.87           0.03            1.00199     0.00051       0.05  %   10000     
1.623343e+02      17.01           0.03            1.00170     0.00047       0.05  %   10000     
1.623363e+02      17.12           0.04            1.00236     0.00056       0.06  %   10000     
1.623817e+02      20.70           0.03            1.00157     0.00045       0.05  %   10000     
1.623879e+02      21.19           0.04            1.00183     0.00049       0.05  %   10000     
1.624232e+02      25.00           0.07            1.00261     0.00058       0.06  %   10000     
1.624357e+02      26.34           0.08            1.00288     0.00061       0.06  %   10000     
1.624647e+02      30.60           0.06            1.00209     0.00052       0.05  %   10000     
1.624835e+02      33.34           0.09            1.00263     0.00059       0.06  %   10000     
1.625062e+02      37.82           0.12            1.00328     0.00065       0.07  %   10000     
1.625306e+02      42.59           0.13            1.00304     0.00063       0.06  %   10000     
1.625444e+02      46.16           0.16            1.00343     0.00067       0.07  %   10000     
1.625766e+02      54.42           0.20            1.00373     0.00070       0.07  %   10000     
1.625858e+02      57.49           0.19            1.00332     0.00066       0.07  %   10000     
1.626272e+02      71.12           0.27            1.00376     0.00071       0.07  %   10000     
1.626733e+02      90.24           0.50            1.00555     0.00086       0.09  %   10000     
1.626825e+02      93.97           0.50            1.00530     0.00085       0.08  %   10000     
1.627285e+02      117.20          0.91            1.00778     0.00103       0.10  %   10000     
1.627515e+02      128.41          0.99            1.00771     0.00103       0.10  %   10000     
1.628049e+02      157.91          1.14            1.00721     0.00100       0.10  %   10000     
1.629173e+02      214.83          2.66            1.01239     0.00131       0.13  %   10000     
1.629504e+02      226.30          2.83            1.01250     0.00133       0.13  %   10000     
1.629836e+02      237.83          3.78            1.01590     0.00149       0.15  %   10000     
1.630278e+02      245.72          4.72            1.01921     0.00165       0.16  %   10000     
1.630337e+02      246.85          4.46            1.01806     0.00160       0.16  %   10000     
1.630681e+02      248.57          4.86            1.01957     0.00167       0.16  %   10000     
1.630879e+02      246.98          4.61            1.01867     0.00163       0.16  %   10000     
1.631004e+02      246.08          4.71            1.01913     0.00165       0.16  %   10000     
1.631088e+02      245.57          4.84            1.01970     0.00168       0.16  %   10000     
1.631770e+02      228.47          5.13            1.02247     0.00180       0.18  %   10000     
1.631843e+02      226.69          5.39            1.02377     0.00185       0.18  %   10000     
1.632617e+02      192.11          6.09            1.03168     0.00215       0.21  %   10000     
1.632801e+02      183.64          5.50            1.02995     0.00210       0.20  %   10000     
1.633970e+02      120.74          4.12            1.03408     0.00228       0.22  %   10000     
1.634348e+02      102.87          4.15            1.04034     0.00248       0.24  %   10000     
1.634606e+02      90.26           3.56            1.03947     0.00248       0.24  %   10000     
1.635084e+02      71.37           3.19            1.04466     0.00266       0.25  %   10000     
1.635158e+02      68.39           3.19            1.04663     0.00273       0.26  %   10000     
1.635665e+02      52.51           2.82            1.05374     0.00297       0.28  %   10000     
1.635729e+02      50.96           2.58            1.05058     0.00289       0.27  %   10000     
1.636125e+02      41.32           2.42            1.05849     0.00315       0.30  %   10000     
1.636373e+02      36.67           2.06            1.05618     0.00311       0.29  %   10000     
1.636532e+02      33.66           2.04            1.06064     0.00326       0.31  %   10000     
1.636925e+02      28.00           1.85            1.06607     0.00344       0.32  %   10000     
1.636980e+02      27.19           1.62            1.05963     0.00329       0.31  %   10000     
1.637429e+02      22.35           1.70            1.07621     0.00378       0.35  %   10000     
1.637601e+02      20.99           1.56            1.07420     0.00374       0.35  %   10000     
1.637920e+02      18.45           1.40            1.07600     0.00385       0.36  %   10000     
1.638326e+02      16.15           1.42            1.08786     0.00418       0.38  %   10000     
1.638476e+02      15.30           1.26            1.08232     0.00408       0.38  %   10000     
1.639143e+02      12.70           1.22            1.09646     0.00449       0.41  %   10000     
1.639200e+02      12.55           1.16            1.09258     0.00441       0.40  %   10000     
1.639891e+02      10.78           1.09            1.10083     0.00467       0.42  %   10000     
1.640351e+02      10.04           1.04            1.10370     0.00474       0.43  %   10000     
1.640720e+02      9.44            0.88            1.09318     0.00454       0.42  %   10000     
1.641568e+02      8.69            0.84            1.09654     0.00461       0.42  %   10000     
1.642013e+02      8.56            0.83            1.09643     0.00456       0.42  %   10000     
1.642274e+02      8.48            0.84            1.09893     0.00460       0.42  %   10000     
1.642871e+02      8.66            0.79            1.09138     0.00434       0.40  %   10000     
1.643526e+02      9.34            0.73            1.07862     0.00390       0.36  %   10000     
1.644018e+02      10.35           0.68            1.06532     0.00344       0.32  %   10000     
1.644181e+02      10.89           0.68            1.06262     0.00331       0.31  %   10000     
1.644509e+02      11.98           0.73            1.06082     0.00318       0.30  %   10000     
1.645000e+02      14.49           0.73            1.05024     0.00278       0.26  %   10000     
1.645409e+02      17.49           0.63            1.03594     0.00227       0.22  %   10000     
1.645491e+02      18.31           0.61            1.03305     0.00216       0.21  %   10000     
1.645786e+02      21.27           0.71            1.03351     0.00213       0.21  %   10000     
1.645860e+02      22.00           0.68            1.03075     0.00203       0.20  %   10000     
1.646302e+02      27.93           0.69            1.02466     0.00177       0.17  %   10000     
1.646670e+02      34.29           0.72            1.02105     0.00161       0.16  %   10000     
1.646750e+02      35.67           0.72            1.02018     0.00157       0.15  %   10000     
1.647312e+02      47.91           0.70            1.01463     0.00131       0.13  %   10000     
1.647967e+02      65.54           0.92            1.01399     0.00126       0.12  %   10000     
1.648098e+02      69.02           0.95            1.01372     0.00125       0.12  %   10000     
1.648910e+02      92.05           1.23            1.01331     0.00122       0.12  %   10000     
1.649303e+02      102.96          1.23            1.01191     0.00116       0.11  %   10000     
1.649984e+02      116.83          1.43            1.01226     0.00117       0.12  %   10000     
1.650377e+02      120.54          1.98            1.01643     0.00136       0.13  %   10000     
1.650613e+02      122.77          1.78            1.01450     0.00128       0.13  %   10000     
1.650783e+02      123.05          1.79            1.01453     0.00128       0.13  %   10000     
1.651228e+02      120.00          1.89            1.01571     0.00134       0.13  %   10000     
1.651464e+02      118.40          1.82            1.01541     0.00133       0.13  %   10000     
1.651726e+02      113.54          2.03            1.01786     0.00143       0.14  %   10000     
1.652119e+02      106.23          2.11            1.01989     0.00152       0.15  %   10000     
1.652512e+02      95.41           2.00            1.02093     0.00157       0.15  %   10000     
1.653442e+02      69.31           1.93            1.02780     0.00184       0.18  %   10000     
1.653822e+02      58.96           1.68            1.02851     0.00189       0.18  %   10000     
1.654228e+02      47.77           1.64            1.03437     0.00211       0.20  %   10000     
1.654789e+02      35.12           1.57            1.04477     0.00247       0.24  %   10000     
1.655249e+02      26.83           1.52            1.05668     0.00286       0.27  %   10000     
1.655457e+02      23.89           1.50            1.06264     0.00305       0.29  %   10000     
1.655692e+02      20.57           1.57            1.07612     0.00343       0.32  %   10000     
1.656134e+02      15.80           1.45            1.09176     0.00392       0.36  %   10000     
1.656543e+02      12.47           1.34            1.10769     0.00443       0.40  %   10000     
1.656723e+02      11.38           1.37            1.12018     0.00474       0.42  %   10000     
1.656952e+02      9.98            1.31            1.13109     0.00510       0.45  %   10000     
1.657362e+02      8.14            1.23            1.15065     0.00573       0.50  %   10000     
1.657853e+02      6.54            1.23            1.18769     0.00475       0.40  %   20000     
1.658344e+02      5.41            1.15            1.21297     0.00530       0.44  %   20000     
1.658360e+02      5.39            1.14            1.21146     0.00529       0.44  %   20000     
1.658909e+02      4.50            1.13            1.25130     0.00607       0.48  %   20000     
1.659534e+02      3.79            1.08            1.28536     0.00555       0.43  %   30000     
1.660314e+02      3.16            1.00            1.31736     0.00618       0.47  %   30000     
1.660528e+02      3.04            1.01            1.33210     0.00638       0.48  %   30000     
1.661251e+02      2.64            0.97            1.36664     0.00609       0.45  %   40000     
1.662347e+02      2.20            0.88            1.39707     0.00675       0.48  %   40000     
1.663663e+02      1.83            0.77            1.41984     0.00662       0.47  %   50000     
1.665028e+02      1.56            0.65            1.41539     0.00697       0.49  %   50000     
1.665351e+02      1.50            0.62            1.41500     0.00647       0.46  %   60000     
1.667420e+02      1.22            0.51            1.41630     0.00704       0.50  %   60000     
1.669878e+02      0.99            0.40            1.40435     0.00698       0.50  %   70000     
1.672609e+02      0.81            0.35            1.43096     0.00684       0.48  %   90000     
1.672754e+02      0.81            0.35            1.43269     0.00687       0.48  %   90000     
1.675730e+02      0.67            0.33            1.49712     0.00752       0.50  %   100000    
1.679305e+02      0.55            0.30            1.54196     0.00848       0.55  %   100000    
1.682279e+02      0.49            0.25            1.50991     0.00868       0.57  %   100000    
1.683476e+02      0.46            0.22            1.47683     0.00862       0.58  %   100000    
1.688485e+02      0.38            0.05            1.14505     0.00550       0.48  %   90000     
1.694120e+02      0.31            0.02            1.06725     0.00496       0.47  %   60000     
1.698972e+02      0.28            0.01            1.04642     0.00476       0.45  %   50000     
1.701420e+02      0.26            0.01            1.04532     0.00485       0.46  %   50000     
1.709060e+02      0.22            0.01            1.04484     0.00521       0.50  %   50000     
1.717971e+02      0.18            0.01            1.02878     0.00501       0.49  %   40000     
1.729781e+02      0.15            0.00            1.02889     0.00481       0.47  %   50000     
1.736642e+02      0.14            0.00            1.00845     0.00422       0.42  %   20000     
1.743656e+02      0.13            0.00            1.01351     0.00450       0.44  %   30000     
1.752808e+02      0.12            0.00            1.01781     0.00460       0.45  %   40000     
1.768626e+02      0.12            0.00            1.00995     0.00497       0.49  %   20000     
1.779531e+02      0.11            0.00            1.01161     0.00439       0.43  %   30000     
1.793647e+02      0.11            0.00            1.00478     0.00478       0.48  %   10000     
1.806983e+02      0.12            0.00            1.01650     0.00426       0.42  %   40000     
1.820502e+02      0.14            0.00            1.00956     0.00427       0.42  %   20000     
1.830279e+02      0.16            0.00            1.01156     0.00437       0.43  %   20000     
1.839191e+02      0.19            0.00            1.00972     0.00367       0.36  %   20000     
1.842638e+02      0.20            0.00            1.01017     0.00360       0.36  %   20000     
1.846232e+02      0.22            0.00            1.00232     0.00232       0.23  %   10000     
1.852645e+02      0.26            0.00            1.00759     0.00379       0.38  %   10000     
1.858182e+02      0.32            0.00            1.00772     0.00345       0.34  %   10000     
1.862870e+02      0.39            0.00            1.00883     0.00334       0.33  %   10000     
1.864101e+02      0.42            0.00            1.00709     0.00290       0.29  %   10000     
1.867157e+02      0.48            0.00            1.00708     0.00267       0.27  %   10000     
1.870907e+02      0.60            0.00            1.00324     0.00162       0.16  %   10000     
1.873826e+02      0.73            0.00            1.00401     0.00164       0.16  %   10000     
1.876380e+02      0.89            0.00            1.00335     0.00137       0.14  %   10000     
1.878346e+02      1.05            0.01            1.00671     0.00179       0.18  %   10000     
1.878801e+02      1.09            0.01            1.00602     0.00167       0.17  %   10000     
1.880857e+02      1.33            0.00            1.00194     0.00087       0.09  %   10000     
1.882691e+02      1.62            0.01            1.00329     0.00104       0.10  %   10000     
1.884436e+02      2.01            0.00            1.00224     0.00079       0.08  %   10000     
1.886024e+02      2.50            0.01            1.00288     0.00083       0.08  %   10000     
1.887402e+02      3.11            0.01            1.00273     0.00076       0.08  %   10000     
1.888583e+02      3.85            0.01            1.00168     0.00056       0.06  %   10000     
1.888885e+02      4.11            0.01            1.00127     0.00048       0.05  %   10000     
1.889548e+02      4.69            0.01            1.00205     0.00059       0.06  %   10000     
1.889585e+02      4.73            0.01            1.00136     0.00048       0.05  %   10000     
1.890443e+02      5.78            0.01            1.00111     0.00042       0.04  %   10000     
1.890873e+02      6.53            0.01            1.00183     0.00053       0.05  %   10000     
1.891191e+02      7.08            0.01            1.00149     0.00047       0.05  %   10000     
1.891638e+02      8.18            0.01            1.00173     0.00050       0.05  %   10000     
1.891829e+02      8.65            0.01            1.00143     0.00045       0.05  %   10000     
1.892276e+02      10.16           0.01            1.00111     0.00039       0.04  %   10000     
1.892361e+02      10.45           0.01            1.00139     0.00044       0.04  %   10000     
1.892807e+02      12.51           0.02            1.00176     0.00049       0.05  %   10000     
1.892860e+02      12.76           0.02            1.00149     0.00045       0.04  %   10000     
1.893339e+02      15.77           0.02            1.00147     0.00044       0.04  %   10000     
1.893817e+02      19.86           0.02            1.00119     0.00040       0.04  %   10000     
1.894242e+02      24.71           0.04            1.00145     0.00044       0.04  %   10000     
1.894255e+02      24.85           0.04            1.00171     0.00047       0.05  %   10000     
1.894679e+02      31.19           0.04            1.00132     0.00042       0.04  %   10000     
1.894708e+02      31.61           0.08            1.00237     0.00056       0.06  %   10000     
1.895068e+02      38.56           0.04            1.00106     0.00037       0.04  %   10000     
1.895161e+02      40.33           0.06            1.00159     0.00046       0.05  %   10000     
1.895522e+02      49.18           0.13            1.00265     0.00059       0.06  %   10000     
1.895652e+02      52.32           0.17            1.00320     0.00065       0.07  %   10000     
1.895992e+02      62.84           0.14            1.00227     0.00055       0.05  %   10000     
1.896247e+02      70.59           0.29            1.00417     0.00075       0.07  %   10000     
1.896502e+02      80.26           0.30            1.00376     0.00071       0.07  %   10000     
1.896927e+02      96.00           0.33            1.00340     0.00068       0.07  %   10000     
1.897166e+02      106.04          0.40            1.00381     0.00072       0.07  %   10000     
1.898866e+02      172.76          1.30            1.00753     0.00102       0.10  %   10000     
1.899155e+02      179.76          1.69            1.00942     0.00115       0.11  %   10000     
1.899598e+02      190.49          1.50            1.00789     0.00105       0.10  %   10000     
1.899836e+02      192.33          2.49            1.01292     0.00135       0.13  %   10000     
1.900308e+02      196.30          2.46            1.01253     0.00133       0.13  %   10000     
1.900507e+02      194.66          2.74            1.01405     0.00141       0.14  %   10000     
1.900687e+02      193.27          3.20            1.01654     0.00153       0.15  %   10000     
1.900907e+02      191.66          3.01            1.01568     0.00149       0.15  %   10000     
1.901316e+02      182.84          3.40            1.01862     0.00164       0.16  %   10000     
1.901520e+02      178.53          3.33            1.01863     0.00164       0.16  %   10000     
1.902098e+02      158.62          2.98            1.01881     0.00166       0.16  %   10000     
1.902465e+02      145.76          2.69            1.01845     0.00165       0.16  %   10000     
1.903782e+02      91.54           2.77            1.03024     0.00216       0.21  %   10000     
1.904292e+02      73.23           2.12            1.02894     0.00213       0.21  %   10000     
1.904462e+02      66.98           2.25            1.03360     0.00231       0.22  %   10000     
1.904972e+02      51.78           1.92            1.03711     0.00247       0.24  %   10000     
1.905057e+02      49.76           1.55            1.03116     0.00227       0.22  %   10000     
1.905481e+02      39.57           1.45            1.03663     0.00251       0.24  %   10000     
1.905640e+02      36.63           1.72            1.04686     0.00284       0.27  %   10000     
1.905982e+02      30.25           1.41            1.04668     0.00290       0.28  %   10000     
1.906329e+02      25.28           1.31            1.05164     0.00309       0.29  %   10000     
1.906399e+02      24.27           1.42            1.05861     0.00331       0.31  %   10000     
1.906876e+02      19.04           0.97            1.05083     0.00319       0.30  %   10000     
1.907073e+02      17.43           1.07            1.06154     0.00353       0.33  %   10000     
1.907306e+02      15.50           0.99            1.06388     0.00366       0.34  %   10000     
1.907711e+02      13.01           0.96            1.07388     0.00403       0.38  %   10000     
1.907785e+02      12.55           0.97            1.07722     0.00415       0.39  %   10000     
1.908263e+02      10.37           0.84            1.08103     0.00439       0.41  %   10000     
1.908561e+02      9.37            0.85            1.09114     0.00472       0.43  %   10000     
1.908795e+02      8.58            0.76            1.08909     0.00476       0.44  %   10000     
1.909433e+02      7.03            0.74            1.10569     0.00538       0.49  %   10000     
1.909624e+02      6.69            0.78            1.11634     0.00402       0.36  %   20000     
1.910122e+02      5.82            0.69            1.11866     0.00420       0.38  %   20000     
1.910914e+02      4.82            0.66            1.13727     0.00470       0.41  %   20000     
1.911061e+02      4.68            0.66            1.14193     0.00480       0.42  %   20000     
1.911864e+02      3.95            0.64            1.16267     0.00537       0.46  %   20000     
1.913037e+02      3.18            0.60            1.18791     0.00497       0.42  %   30000     
1.913113e+02      3.15            0.58            1.18343     0.00492       0.42  %   30000     
1.914295e+02      2.59            0.55            1.21279     0.00561       0.46  %   30000     
1.915840e+02      2.08            0.52            1.25046     0.00561       0.45  %   40000     
1.916190e+02      2.00            0.52            1.25868     0.00576       0.46  %   40000     
1.917473e+02      1.69            0.52            1.30491     0.00591       0.45  %   50000     
1.919394e+02      1.36            0.47            1.34629     0.00618       0.46  %   60000     
1.920575e+02      1.22            0.47            1.38815     0.00677       0.49  %   60000     
1.921418e+02      1.11            0.45            1.40340     0.00661       0.47  %   70000     
1.923730e+02      0.91            0.42            1.46702     0.00717       0.49  %   80000     
1.926085e+02      0.76            0.42            1.55636     0.00746       0.48  %   100000    
1.926344e+02      0.74            0.42            1.56074     0.00756       0.48  %   100000    
1.929331e+02      0.60            0.40            1.65663     0.00887       0.54  %   100000    
1.932747e+02      0.49            0.37            1.76115     0.01034       0.59  %   100000    
1.933148e+02      0.48            0.38            1.78789     0.01059       0.59  %   100000    
1.936803e+02      0.40            0.32            1.79625     0.01160       0.65  %   100000    
1.941418e+02      0.32            0.13            1.41168     0.00922       0.65  %   100000    
1.946459e+02      0.27            0.03            1.12755     0.00560       0.50  %   100000    
1.947916e+02      0.25            0.03            1.11440     0.00540       0.48  %   100000    
1.952364e+02      0.22            0.02            1.07528     0.00524       0.49  %   80000     
1.959423e+02      0.18            0.01            1.06191     0.00517       0.49  %   80000     
1.967848e+02      0.15            0.01            1.04244     0.00496       0.48  %   70000     
1.974972e+02      0.13            0.00            1.02887     0.00510       0.50  %   50000     
1.977347e+02      0.13            0.00            1.03135     0.00496       0.48  %   60000     
1.989001e+02      0.11            0.00            1.02539     0.00480       0.47  %   60000     
2.002593e+02      0.09            0.00            1.01971     0.00493       0.48  %   50000     
2.019940e+02      0.08            0.00            1.00000     0.00000       0.00  %   10000     
2.036229e+02      0.08            0.00            1.00959     0.00479       0.47  %   30000     
2.050134e+02      0.07            0.00            1.01448     0.00458       0.45  %   50000     
2.055506e+02      0.08            0.00            1.00355     0.00355       0.35  %   20000     
2.060941e+02      0.08            0.00            1.01391     0.00492       0.49  %   40000     
2.067887e+02      0.08            0.00            1.00000     0.00000       0.00  %   10000     
2.071392e+02      0.09            0.00            1.00000     0.00000       0.00  %   10000     
2.074961e+02      0.10            0.00            1.00000     0.00000       0.00  %   10000     
2.077340e+02      0.11            0.00            1.01233     0.00436       0.43  %   30000     
2.079125e+02      0.13            0.00            1.00397     0.00397       0.40  %   10000     
2.080364e+02      0.15            0.00            1.01194     0.00451       0.45  %   20000     
2.081224e+02      0.18            0.00            1.00886     0.00362       0.36  %   20000     
2.081976e+02      0.21            0.00            1.00750     0.00306       0.30  %   20000     
2.082513e+02      0.25            0.00            1.00861     0.00430       0.43  %   10000     
2.083050e+02      0.30            0.00            1.00359     0.00254       0.25  %   10000     
2.083538e+02      0.37            0.00            1.00296     0.00209       0.21  %   10000     
2.083995e+02      0.45            0.00            1.00242     0.00171       0.17  %   10000     
2.084452e+02      0.57            0.00            1.00098     0.00098       0.10  %   10000     
2.084742e+02      0.68            0.00            1.00084     0.00084       0.08  %   10000     
2.084909e+02      0.74            0.00            1.00156     0.00111       0.11  %   10000     
2.085366e+02      0.95            0.00            1.00125     0.00089       0.09  %   10000     
2.085869e+02      1.26            0.00            1.00199     0.00100       0.10  %   10000     
2.086417e+02      1.69            0.00            1.00198     0.00089       0.09  %   10000     
2.086996e+02      2.26            0.00            1.00064     0.00045       0.05  %   10000     
2.087139e+02      2.40            0.00            1.00031     0.00031       0.03  %   10000     
2.088946e+02      4.46            0.01            1.00128     0.00052       0.05  %   10000     
2.089775e+02      5.12            0.01            1.00140     0.00053       0.05  %   10000     
2.090527e+02      5.34            0.01            1.00118     0.00048       0.05  %   10000     
2.090737e+02      5.28            0.01            1.00139     0.00052       0.05  %   10000     
2.091249e+02      5.14            0.01            1.00181     0.00060       0.06  %   10000     
2.092029e+02      4.54            0.01            1.00259     0.00075       0.07  %   10000     
2.093491e+02      2.89            0.01            1.00369     0.00102       0.10  %   10000     
2.094139e+02      2.16            0.02            1.00726     0.00158       0.16  %   10000     
2.094765e+02      1.58            0.01            1.00479     0.00144       0.14  %   10000     
2.095298e+02      1.19            0.01            1.00985     0.00232       0.23  %   10000     
2.095755e+02      0.92            0.01            1.01285     0.00295       0.29  %   10000     
2.096212e+02      0.71            0.01            1.02024     0.00413       0.40  %   10000     
2.096669e+02      0.55            0.01            1.02473     0.00360       0.35  %   20000     
2.097126e+02      0.44            0.01            1.01953     0.00504       0.49  %   10000     
2.097588e+02      0.35            0.01            1.03260     0.00509       0.49  %   20000     
2.098103e+02      0.29            0.01            1.04167     0.00449       0.43  %   40000     
2.098617e+02      0.24            0.01            1.05048     0.00481       0.46  %   50000     
2.099261e+02      0.20            0.01            1.06176     0.00529       0.50  %   60000     
2.100074e+02      0.17            0.01            1.07543     0.00519       0.48  %   90000     
2.100888e+02      0.15            0.01            1.07589     0.00526       0.49  %   100000    
2.102190e+02      0.13            0.01            1.09054     0.00618       0.57  %   100000    
2.103817e+02      0.11            0.01            1.10798     0.00721       0.65  %   100000    
2.106168e+02      0.10            0.01            1.13132     0.00847       0.75  %   100000    
2.109001e+02      0.09            0.01            1.14168     0.00923       0.81  %   100000    
2.109755e+02      0.08            0.01            1.14551     0.00942       0.82  %   100000    
2.113533e+02      0.08            0.01            1.15581     0.01015       0.88  %   100000    
2.120331e+02      0.07            0.01            1.16375     0.01079       0.93  %   100000    
2.129655e+02      0.07            0.01            1.16027     0.01087       0.94  %   100000    
2.150829e+02      0.07            0.00            1.02102     0.00510       0.50  %   60000     
2.179761e+02      0.07            0.00            1.00696     0.00492       0.49  %   20000     
2.210950e+02      0.08            0.00            1.01495     0.00431       0.43  %   50000     
2.237726e+02      0.08            0.00            1.01086     0.00443       0.44  %   30000     
2.261105e+02      0.10            0.00            1.00463     0.00328       0.33  %   20000     
2.266019e+02      0.10            0.00            1.00886     0.00443       0.44  %   20000     
2.280455e+02      0.11            0.00            1.00967     0.00433       0.43  %   20000     
2.298175e+02      0.14            0.00            1.01099     0.00415       0.41  %   20000     
2.311863e+02      0.16            0.00            1.00258     0.00258       0.26  %   10000     
2.316492e+02      0.17            0.00            1.00711     0.00411       0.41  %   10000     
2.323437e+02      0.19            0.00            1.00418     0.00295       0.29  %   10000     
2.332554e+02      0.23            0.00            1.01026     0.00419       0.41  %   10000     
2.340490e+02      0.28            0.00            1.00702     0.00314       0.31  %   10000     
2.348170e+02      0.34            0.00            1.00338     0.00195       0.19  %   10000     
2.348281e+02      0.34            0.00            1.00450     0.00225       0.22  %   10000     
2.354426e+02      0.41            0.00            1.00454     0.00203       0.20  %   10000     
2.359978e+02      0.50            0.00            1.00513     0.00194       0.19  %   10000     
2.364601e+02      0.61            0.00            1.00724     0.00209       0.21  %   10000     
2.364740e+02      0.61            0.00            1.00300     0.00134       0.13  %   10000     
2.369290e+02      0.76            0.00            1.00335     0.00127       0.13  %   10000     
2.373037e+02      0.92            0.00            1.00393     0.00124       0.12  %   10000     
2.376315e+02      1.13            0.00            1.00263     0.00093       0.09  %   10000     
2.377485e+02      1.23            0.00            1.00245     0.00086       0.09  %   10000     
2.379323e+02      1.39            0.00            1.00193     0.00073       0.07  %   10000     
2.381955e+02      1.70            0.00            1.00141     0.00058       0.06  %   10000     
2.384438e+02      2.11            0.00            1.00142     0.00054       0.05  %   10000     
2.386546e+02      2.60            0.00            1.00179     0.00057       0.06  %   10000     
2.387952e+02      3.05            0.00            1.00099     0.00040       0.04  %   10000     
2.388353e+02      3.17            0.01            1.00178     0.00054       0.05  %   10000     
2.390040e+02      3.92            0.00            1.00090     0.00037       0.04  %   10000     
2.390590e+02      4.25            0.00            1.00087     0.00036       0.04  %   10000     
2.391545e+02      4.84            0.01            1.00141     0.00044       0.04  %   10000     
2.392212e+02      5.41            0.01            1.00110     0.00039       0.04  %   10000     
2.392810e+02      5.91            0.01            1.00094     0.00036       0.04  %   10000     
2.393361e+02      6.56            0.01            1.00080     0.00032       0.03  %   10000     
2.393894e+02      7.19            0.01            1.00092     0.00035       0.03  %   10000     
2.394318e+02      7.87            0.01            1.00104     0.00037       0.04  %   10000     
2.394843e+02      8.72            0.00            1.00039     0.00022       0.02  %   10000     
2.395136e+02      9.37            0.01            1.00155     0.00045       0.04  %   10000     
2.395656e+02      10.54           0.02            1.00168     0.00047       0.05  %   10000     
2.395746e+02      10.82           0.01            1.00129     0.00041       0.04  %   10000     
2.396356e+02      12.73           0.02            1.00142     0.00043       0.04  %   10000     
2.396429e+02      12.96           0.02            1.00169     0.00047       0.05  %   10000     
2.396844e+02      14.77           0.02            1.00156     0.00045       0.05  %   10000     
2.397039e+02      15.61           0.05            1.00315     0.00064       0.06  %   10000     
2.397338e+02      17.41           0.05            1.00276     0.00060       0.06  %   10000     
2.397649e+02      19.27           0.04            1.00186     0.00050       0.05  %   10000     
2.397777e+02      20.33           0.03            1.00146     0.00044       0.04  %   10000     
2.398210e+02      23.90           0.04            1.00176     0.00049       0.05  %   10000     
2.398216e+02      23.96           0.05            1.00202     0.00052       0.05  %   10000     
2.398643e+02      28.68           0.07            1.00260     0.00060       0.06  %   10000     
2.398698e+02      29.28           0.09            1.00302     0.00064       0.06  %   10000     
2.399070e+02      34.66           0.12            1.00347     0.00069       0.07  %   10000     
2.399186e+02      36.33           0.13            1.00350     0.00070       0.07  %   10000     
2.399497e+02      42.22           0.15            1.00352     0.00070       0.07  %   10000     
2.399715e+02      46.32           0.16            1.00343     0.00070       0.07  %   10000     
2.399966e+02      52.54           0.22            1.00415     0.00077       0.08  %   10000     
2.400271e+02      59.99           0.16            1.00262     0.00062       0.06  %   10000     
2.400460e+02      65.91           0.22            1.00335     0.00070       0.07  %   10000     
2.400786e+02      75.91           0.42            1.00547     0.00090       0.09  %   10000     
2.400991e+02      83.77           0.46            1.00548     0.00090       0.09  %   10000     
2.401371e+02      97.98           0.60            1.00616     0.00096       0.10  %   10000     
2.401576e+02      107.48          0.68            1.00631     0.00097       0.10  %   10000     
2.402152e+02      133.10          1.08            1.00810     0.00111       0.11  %   10000     
2.402240e+02      137.69          1.03            1.00749     0.00107       0.11  %   10000     
2.403294e+02      189.07          2.04            1.01078     0.00129       0.13  %   10000     
2.404514e+02      241.52          3.64            1.01506     0.00154       0.15  %   10000     
2.404709e+02      246.67          4.21            1.01707     0.00164       0.16  %   10000     
2.405216e+02      260.38          4.92            1.01888     0.00173       0.17  %   10000     
2.405489e+02      263.40          5.69            1.02162     0.00186       0.18  %   10000     
2.405883e+02      268.48          5.50            1.02048     0.00181       0.18  %   10000     
2.406114e+02      268.81          6.22            1.02315     0.00192       0.19  %   10000     
2.406302e+02      266.49          5.78            1.02170     0.00187       0.18  %   10000     
2.406415e+02      265.24          5.73            1.02159     0.00187       0.18  %   10000     
2.406953e+02      259.99          6.52            1.02506     0.00201       0.20  %   10000     
2.407187e+02      252.99          7.03            1.02777     0.00212       0.21  %   10000     
2.407890e+02      232.72          6.77            1.02911     0.00218       0.21  %   10000     
2.408046e+02      226.03          6.50            1.02878     0.00218       0.21  %   10000     
2.410134e+02      128.19          5.68            1.04429     0.00276       0.26  %   10000     
2.410505e+02      112.14          5.19            1.04632     0.00283       0.27  %   10000     
2.410817e+02      98.08           4.44            1.04522     0.00282       0.27  %   10000     
2.411286e+02      80.90           4.45            1.05502     0.00313       0.30  %   10000     
2.411472e+02      73.86           4.03            1.05463     0.00314       0.30  %   10000     
2.412015e+02      57.70           2.95            1.05116     0.00309       0.29  %   10000     
2.412023e+02      57.44           3.36            1.05850     0.00330       0.31  %   10000     
2.412506e+02      45.93           2.45            1.05325     0.00321       0.30  %   10000     
2.412701e+02      42.28           2.57            1.06080     0.00343       0.32  %   10000     
2.412994e+02      36.73           2.62            1.07145     0.00377       0.35  %   10000     
2.413311e+02      32.12           2.13            1.06644     0.00367       0.34  %   10000     
2.413481e+02      29.61           2.28            1.07685     0.00398       0.37  %   10000     
2.413969e+02      24.14           1.77            1.07350     0.00398       0.37  %   10000     
2.414042e+02      23.54           1.89            1.08035     0.00416       0.38  %   10000     
2.414555e+02      19.26           1.64            1.08536     0.00440       0.41  %   10000     
2.414896e+02      17.22           1.43            1.08290     0.00438       0.40  %   10000     
2.415165e+02      15.60           1.47            1.09405     0.00473       0.43  %   10000     
2.415775e+02      12.94           1.28            1.09869     0.00497       0.45  %   10000     
2.415872e+02      12.63           1.36            1.10789     0.00519       0.47  %   10000     
2.416507e+02      10.62           1.15            1.10785     0.00535       0.48  %   10000     
2.416974e+02      9.56            1.01            1.10600     0.00537       0.49  %   10000     
2.417360e+02      8.69            1.10            1.12683     0.00422       0.37  %   20000     
2.418369e+02      7.08            0.99            1.14055     0.00459       0.40  %   20000     
2.418455e+02      6.98            0.99            1.14158     0.00461       0.40  %   20000     
2.419565e+02      5.72            0.96            1.16712     0.00520       0.45  %   20000     
2.420264e+02      5.16            0.86            1.16726     0.00529       0.45  %   20000     
2.420960e+02      4.61            0.85            1.18512     0.00571       0.48  %   20000     
2.422362e+02      3.80            0.77            1.20132     0.00505       0.42  %   30000     
2.422409e+02      3.77            0.75            1.19942     0.00504       0.42  %   30000     
2.424159e+02      3.05            0.71            1.23327     0.00573       0.46  %   30000     
2.425159e+02      2.75            0.67            1.24310     0.00597       0.48  %   30000     
2.426128e+02      2.46            0.66            1.26602     0.00558       0.44  %   40000     
2.428389e+02      1.99            0.62            1.31225     0.00638       0.49  %   40000     
2.428692e+02      1.94            0.60            1.30944     0.00638       0.49  %   40000     
2.430738e+02      1.63            0.57            1.34870     0.00639       0.47  %   50000     
2.433615e+02      1.31            0.54            1.41015     0.00672       0.48  %   60000     
2.434690e+02      1.23            0.53            1.43052     0.00699       0.49  %   60000     
2.436903e+02      1.06            0.49            1.46502     0.00708       0.48  %   70000     
2.440269e+02      0.88            0.47            1.53850     0.00757       0.49  %   80000     
2.442085e+02      0.80            0.45            1.56585     0.00750       0.48  %   90000     
2.444196e+02      0.72            0.44            1.61625     0.00772       0.48  %   100000    
2.448764e+02      0.59            0.41            1.68789     0.00874       0.52  %   100000    
2.453587e+02      0.50            0.30            1.59568     0.00867       0.54  %   100000    
2.453814e+02      0.49            0.28            1.57344     0.00855       0.54  %   100000    
2.459826e+02      0.41            0.09            1.22386     0.00580       0.47  %   100000    
2.467043e+02      0.34            0.03            1.08560     0.00542       0.50  %   50000     
2.471854e+02      0.31            0.02            1.05969     0.00521       0.49  %   40000     
2.474260e+02      0.30            0.02            1.05201     0.00495       0.47  %   40000     
2.482051e+02      0.27            0.01            1.04453     0.00477       0.46  %   40000     
2.492822e+02      0.24            0.01            1.02813     0.00450       0.44  %   30000     
2.504734e+02      0.23            0.00            1.01734     0.00433       0.43  %   20000     
2.509786e+02      0.23            0.00            1.02021     0.00463       0.45  %   20000     
2.511259e+02      0.23            0.00            1.01376     0.00381       0.38  %   20000     
2.521049e+02      0.23            0.00            1.01683     0.00408       0.40  %   20000     
2.533077e+02      0.26            0.00            1.01375     0.00486       0.48  %   10000     
2.539788e+02      0.28            0.00            1.00760     0.00340       0.34  %   10000     
2.543144e+02      0.30            0.00            1.00418     0.00241       0.24  %   10000     
2.545381e+02      0.33            0.00            1.00894     0.00338       0.33  %   10000     
2.546780e+02      0.36            0.00            1.00702     0.00286       0.28  %   10000     
2.547619e+02      0.39            0.00            1.00431     0.00215       0.21  %   10000     
2.548458e+02      0.45            0.00            1.00573     0.00234       0.23  %   10000     
2.549204e+02      0.53            0.00            1.00330     0.00165       0.16  %   10000     
2.549827e+02      0.62            0.00            1.00639     0.00213       0.21  %   10000     
2.550357e+02      0.74            0.00            1.00552     0.00184       0.18  %   10000     
2.550450e+02      0.76            0.00            1.00479     0.00169       0.17  %   10000     
2.551151e+02      0.97            0.00            1.00098     0.00069       0.07  %   10000     
2.551937e+02      1.29            0.01            1.00472     0.00136       0.14  %   10000     
2.553234e+02      1.95            0.00            1.00117     0.00059       0.06  %   10000     
2.554341e+02      2.50            0.01            1.00274     0.00083       0.08  %   10000     
2.554579e+02      2.61            0.01            1.00194     0.00069       0.07  %   10000     
2.555451e+02      2.88            0.00            1.00115     0.00051       0.05  %   10000     
2.556032e+02      2.93            0.00            1.00159     0.00060       0.06  %   10000     
2.556809e+02      2.84            0.01            1.00255     0.00077       0.08  %   10000     
2.557245e+02      2.70            0.00            1.00095     0.00048       0.05  %   10000     
2.557556e+02      2.60            0.01            1.00244     0.00077       0.08  %   10000     
2.559051e+02      1.86            0.01            1.00418     0.00112       0.11  %   10000     
2.560129e+02      1.33            0.01            1.00450     0.00130       0.13  %   10000     
2.560944e+02      1.02            0.00            1.00319     0.00121       0.12  %   10000     
2.561567e+02      0.85            0.01            1.00635     0.00183       0.18  %   10000     
2.562190e+02      0.72            0.01            1.01089     0.00256       0.25  %   10000     
2.562968e+02      0.61            0.01            1.01105     0.00276       0.27  %   10000     
2.563752e+02      0.54            0.00            1.00831     0.00251       0.25  %   10000     
2.564536e+02      0.51            0.00            1.00716     0.00239       0.24  %   10000     
2.566080e+02      0.49            0.00            1.00986     0.00285       0.28  %   10000     
2.566591e+02      0.48            0.01            1.01149     0.00307       0.30  %   10000     
2.570166e+02      0.51            0.01            1.01692     0.00360       0.35  %   10000     
2.575272e+02      0.58            0.01            1.01053     0.00263       0.26  %   10000     
2.575274e+02      0.58            0.01            1.00987     0.00255       0.25  %   10000     
2.580382e+02      0.70            0.01            1.01029     0.00236       0.23  %   10000     
2.584691e+02      0.84            0.01            1.00857     0.00196       0.19  %   10000     
2.588527e+02      1.02            0.01            1.00567     0.00146       0.15  %   10000     
2.592264e+02      1.26            0.01            1.00598     0.00137       0.14  %   10000     
2.595193e+02      1.53            0.01            1.00732     0.00141       0.14  %   10000     
2.595648e+02      1.59            0.01            1.00423     0.00106       0.11  %   10000     
2.598164e+02      1.91            0.01            1.00282     0.00081       0.08  %   10000     
2.599179e+02      2.10            0.01            1.00311     0.00083       0.08  %   10000     
2.600757e+02      2.39            0.01            1.00354     0.00086       0.09  %   10000     
2.601489e+02      2.58            0.01            1.00401     0.00090       0.09  %   10000     
2.603068e+02      2.99            0.01            1.00322     0.00078       0.08  %   10000     
2.603800e+02      3.26            0.01            1.00257     0.00069       0.07  %   10000     
2.604843e+02      3.63            0.01            1.00196     0.00059       0.06  %   10000     
2.605340e+02      3.88            0.01            1.00315     0.00074       0.07  %   10000     
2.606452e+02      4.43            0.01            1.00291     0.00070       0.07  %   10000     
2.607134e+02      4.90            0.01            1.00268     0.00067       0.07  %   10000     
2.607987e+02      5.49            0.02            1.00315     0.00072       0.07  %   10000     
2.608499e+02      5.99            0.02            1.00295     0.00069       0.07  %   10000     
2.609352e+02      6.82            0.02            1.00261     0.00065       0.07  %   10000     
2.609694e+02      7.30            0.02            1.00308     0.00071       0.07  %   10000     
2.610547e+02      8.48            0.02            1.00244     0.00063       0.06  %   10000     
2.611400e+02      10.16           0.04            1.00391     0.00080       0.08  %   10000     
2.611571e+02      10.50           0.02            1.00180     0.00054       0.05  %   10000     
2.612117e+02      12.01           0.03            1.00263     0.00066       0.07  %   10000     
2.612389e+02      12.77           0.04            1.00283     0.00068       0.07  %   10000     
2.612799e+02      14.31           0.06            1.00433     0.00085       0.08  %   10000     
2.613072e+02      15.34           0.04            1.00287     0.00069       0.07  %   10000     
2.613413e+02      17.08           0.07            1.00423     0.00084       0.08  %   10000     
2.613755e+02      18.82           0.05            1.00292     0.00071       0.07  %   10000     
2.613942e+02      20.13           0.11            1.00549     0.00097       0.10  %   10000     
2.614411e+02      23.38           0.09            1.00403     0.00084       0.08  %   10000     
2.614505e+02      24.27           0.17            1.00700     0.00111       0.11  %   10000     
2.615068e+02      29.57           0.15            1.00519     0.00096       0.10  %   10000     
2.615597e+02      36.21           0.24            1.00655     0.00109       0.11  %   10000     
2.615666e+02      37.05           0.23            1.00622     0.00107       0.11  %   10000     
2.616143e+02      44.82           0.33            1.00741     0.00117       0.12  %   10000     
2.616280e+02      47.00           0.39            1.00824     0.00124       0.12  %   10000     
2.616689e+02      55.54           0.49            1.00885     0.00129       0.13  %   10000     
2.616962e+02      61.10           0.49            1.00804     0.00124       0.12  %   10000     
2.617303e+02      70.01           0.50            1.00710     0.00116       0.12  %   10000     
2.617686e+02      79.66           0.81            1.01016     0.00141       0.14  %   10000     
2.617993e+02      89.35           0.93            1.01035     0.00142       0.14  %   10000     
2.618641e+02      108.80          1.52            1.01399     0.00167       0.16  %   10000     
2.618901e+02      117.46          1.53            1.01301     0.00161       0.16  %   10000     
2.620716e+02      171.99          3.94            1.02289     0.00216       0.21  %   10000     
2.621044e+02      177.91          3.53            1.01984     0.00203       0.20  %   10000     
2.621699e+02      190.13          4.94            1.02597     0.00232       0.23  %   10000     
2.621917e+02      191.13          4.85            1.02539     0.00230       0.22  %   10000     
2.622625e+02      195.56          5.73            1.02931     0.00248       0.24  %   10000     
2.622790e+02      194.46          7.49            1.03851     0.00284       0.27  %   10000     
2.622913e+02      193.78          6.32            1.03260     0.00262       0.25  %   10000     
2.623272e+02      192.20          6.71            1.03491     0.00271       0.26  %   10000     
2.623746e+02      184.98          6.63            1.03586     0.00277       0.27  %   10000     
2.624019e+02      181.24          7.74            1.04273     0.00301       0.29  %   10000     
2.624702e+02      164.17          6.76            1.04119     0.00299       0.29  %   10000     
2.625193e+02      151.87          6.80            1.04480     0.00312       0.30  %   10000     
2.626913e+02      97.36           5.14            1.05278     0.00347       0.33  %   10000     
2.627268e+02      87.50           5.02            1.05739     0.00362       0.34  %   10000     
2.627800e+02      72.00           4.41            1.06127     0.00380       0.36  %   10000     
2.628087e+02      65.34           3.99            1.06100     0.00379       0.36  %   10000     
2.628483e+02      55.85           3.95            1.07073     0.00414       0.39  %   10000     
2.628906e+02      47.93           3.44            1.07169     0.00419       0.39  %   10000     
2.629165e+02      42.95           3.25            1.07574     0.00435       0.40  %   10000     
2.629588e+02      36.78           2.91            1.07903     0.00448       0.42  %   10000     
2.629780e+02      33.94           2.63            1.07744     0.00448       0.42  %   10000     
2.630348e+02      27.61           2.41            1.08741     0.00482       0.44  %   10000     
2.630433e+02      26.65           2.24            1.08389     0.00475       0.44  %   10000     
2.631036e+02      21.61           2.00            1.09250     0.00509       0.47  %   10000     
2.631094e+02      21.25           1.96            1.09227     0.00508       0.47  %   10000     
2.631704e+02      17.44           1.75            1.10053     0.00543       0.49  %   10000     
2.632011e+02      16.04           1.57            1.09797     0.00381       0.35  %   20000     
2.632387e+02      14.32           1.59            1.11140     0.00413       0.37  %   20000     
2.633035e+02      12.17           1.36            1.11206     0.00421       0.38  %   20000     
2.633206e+02      11.60           1.36            1.11744     0.00435       0.39  %   20000     
2.634161e+02      9.36            1.18            1.12589     0.00463       0.41  %   20000     
2.634230e+02      9.25            1.16            1.12552     0.00463       0.41  %   20000     
2.635185e+02      7.66            1.04            1.13569     0.00496       0.44  %   20000     
2.635595e+02      7.17            1.03            1.14389     0.00514       0.45  %   20000     
2.636379e+02      6.24            0.99            1.15953     0.00555       0.48  %   20000     
2.637301e+02      5.45            0.92            1.16932     0.00582       0.50  %   20000     
2.637744e+02      5.07            0.84            1.16508     0.00478       0.41  %   30000     
2.639204e+02      4.17            0.76            1.18285     0.00521       0.44  %   30000     
2.639426e+02      4.07            0.77            1.18898     0.00531       0.45  %   30000     
2.641059e+02      3.34            0.71            1.21372     0.00589       0.49  %   30000     
2.642432e+02      2.91            0.68            1.23462     0.00547       0.44  %   40000     
2.643179e+02      2.68            0.65            1.24398     0.00571       0.46  %   40000     
2.645484e+02      2.17            0.59            1.27458     0.00635       0.50  %   40000     
2.645894e+02      2.10            0.57            1.26936     0.00633       0.50  %   40000     
2.648117e+02      1.75            0.55            1.31418     0.00641       0.49  %   50000     
2.649977e+02      1.54            0.51            1.33350     0.00621       0.47  %   60000     
2.650871e+02      1.44            0.51            1.35600     0.00655       0.48  %   60000     
2.654105e+02      1.17            0.46            1.39217     0.00674       0.48  %   70000     
2.655858e+02      1.07            0.44            1.41064     0.00705       0.50  %   70000     
2.657482e+02      0.97            0.44            1.44954     0.00711       0.49  %   80000     
2.661976e+02      0.79            0.40            1.50222     0.00716       0.48  %   100000    
2.663185e+02      0.75            0.39            1.51336     0.00731       0.48  %   100000    
2.667065e+02      0.64            0.36            1.56271     0.00808       0.52  %   100000    
2.672702e+02      0.53            0.29            1.54054     0.00840       0.55  %   100000    
2.673435e+02      0.52            0.27            1.50873     0.00820       0.54  %   100000    
2.678339e+02      0.46            0.14            1.31204     0.00678       0.52  %   100000    
2.686065e+02      0.39            0.04            1.09824     0.00519       0.47  %   60000     
2.688410e+02      0.37            0.03            1.07408     0.00497       0.46  %   50000     
2.694836e+02      0.34            0.02            1.04606     0.00521       0.50  %   30000     
2.703607e+02      0.32            0.01            1.03577     0.00461       0.45  %   30000     
2.705585e+02      0.32            0.01            1.01950     0.00416       0.41  %   20000     
2.710240e+02      0.32            0.01            1.03056     0.00415       0.40  %   30000     
2.714895e+02      0.34            0.01            1.02418     0.00434       0.42  %   20000     
2.718386e+02      0.38            0.01            1.02246     0.00397       0.39  %   20000     
2.721296e+02      0.43            0.01            1.01724     0.00460       0.45  %   10000     
2.723623e+02      0.49            0.00            1.00742     0.00280       0.28  %   10000     
2.725270e+02      0.57            0.00            1.00551     0.00225       0.22  %   10000     
2.726601e+02      0.67            0.00            1.00633     0.00224       0.22  %   10000     
2.727219e+02      0.74            0.00            1.00505     0.00191       0.19  %   10000     
2.727666e+02      0.79            0.01            1.00881     0.00244       0.24  %   10000     
2.728464e+02      0.94            0.01            1.00760     0.00211       0.21  %   10000     
2.729180e+02      1.13            0.01            1.00896     0.00211       0.21  %   10000     
2.729737e+02      1.36            0.01            1.00516     0.00149       0.15  %   10000     
2.730294e+02      1.67            0.00            1.00183     0.00082       0.08  %   10000     
2.730771e+02      2.05            0.00            1.00189     0.00077       0.08  %   10000     
2.731245e+02      2.56            0.01            1.00244     0.00081       0.08  %   10000     
2.731717e+02      3.24            0.00            1.00047     0.00033       0.03  %   10000     
2.732189e+02      4.13            0.00            1.00103     0.00046       0.05  %   10000     
2.732661e+02      5.28            0.01            1.00109     0.00044       0.04  %   10000     
2.732897e+02      6.02            0.01            1.00137     0.00048       0.05  %   10000     
2.733211e+02      7.01            0.01            1.00081     0.00036       0.04  %   10000     
2.733809e+02      9.41            0.01            1.00102     0.00039       0.04  %   10000     
2.734174e+02      11.24           0.01            1.00069     0.00031       0.03  %   10000     
2.734517e+02      12.95           0.00            1.00027     0.00019       0.02  %   10000     
2.735577e+02      19.41           0.02            1.00087     0.00033       0.03  %   10000     
2.735778e+02      20.63           0.00            1.00012     0.00012       0.01  %   10000     
2.736986e+02      27.77           0.02            1.00059     0.00027       0.03  %   10000     
2.737842e+02      31.15           0.05            1.00165     0.00044       0.04  %   10000     
2.738621e+02      32.22           0.04            1.00118     0.00037       0.04  %   10000     
2.739113e+02      31.52           0.03            1.00107     0.00036       0.04  %   10000     
2.739415e+02      31.09           0.04            1.00132     0.00040       0.04  %   10000     
2.740220e+02      27.92           0.04            1.00159     0.00044       0.04  %   10000     
2.740572e+02      25.84           0.05            1.00211     0.00051       0.05  %   10000     
2.741554e+02      20.03           0.09            1.00432     0.00075       0.07  %   10000     
2.742334e+02      15.30           0.07            1.00475     0.00081       0.08  %   10000     
2.742710e+02      13.02           0.04            1.00307     0.00067       0.07  %   10000     
2.743435e+02      9.39            0.05            1.00568     0.00096       0.10  %   10000     
2.744064e+02      6.89            0.05            1.00659     0.00110       0.11  %   10000     
2.744615e+02      5.19            0.07            1.01392     0.00170       0.17  %   10000     
2.745086e+02      4.06            0.05            1.01129     0.00163       0.16  %   10000     
2.745558e+02      3.18            0.05            1.01427     0.00195       0.19  %   10000     
2.746014e+02      2.55            0.06            1.02427     0.00272       0.27  %   10000     
2.746076e+02      2.46            0.06            1.02639     0.00287       0.28  %   10000     
2.746589e+02      1.94            0.05            1.02433     0.00298       0.29  %   10000     
2.747101e+02      1.57            0.05            1.03133     0.00365       0.35  %   10000     
2.747687e+02      1.27            0.04            1.03266     0.00404       0.39  %   10000     
2.748233e+02      1.07            0.06            1.05225     0.00384       0.37  %   20000     
2.748867e+02      0.91            0.05            1.05403     0.00416       0.40  %   20000     
2.749008e+02      0.89            0.06            1.06305     0.00454       0.43  %   20000     
2.749755e+02      0.76            0.05            1.06933     0.00507       0.47  %   20000     
2.750769e+02      0.65            0.06            1.09318     0.00513       0.47  %   30000     
2.752036e+02      0.56            0.05            1.09485     0.00477       0.44  %   40000     
2.753717e+02      0.48            0.05            1.11281     0.00554       0.50  %   40000     
2.755957e+02      0.41            0.05            1.13144     0.00518       0.46  %   60000     
2.757207e+02      0.39            0.05            1.12687     0.00520       0.46  %   60000     
2.758758e+02      0.36            0.05            1.13688     0.00557       0.49  %   60000     
2.762102e+02      0.33            0.05            1.14919     0.00561       0.49  %   70000     
2.767624e+02      0.30            0.05            1.15487     0.00554       0.48  %   80000     
2.774250e+02      0.28            0.05            1.16201     0.00572       0.49  %   80000     
2.778667e+02      0.28            0.04            1.14698     0.00542       0.47  %   80000     
2.788441e+02      0.28            0.04            1.15768     0.00544       0.47  %   80000     
2.798214e+02      0.30            0.01            1.02931     0.00447       0.43  %   20000     
2.803420e+02      0.31            0.00            1.00903     0.00341       0.34  %   10000     
2.816433e+02      0.36            0.00            1.00322     0.00186       0.19  %   10000     
2.829073e+02      0.42            0.00            1.00867     0.00274       0.27  %   10000     
2.839109e+02      0.50            0.00            1.00429     0.00175       0.17  %   10000     
2.849426e+02      0.60            0.00            1.00516     0.00172       0.17  %   10000     
2.858453e+02      0.74            0.00            1.00465     0.00147       0.15  %   10000     
2.864198e+02      0.86            0.00            1.00321     0.00113       0.11  %   10000     
2.866840e+02      0.91            0.00            1.00531     0.00142       0.14  %   10000     
2.873109e+02      1.10            0.00            1.00228     0.00086       0.09  %   10000     
2.873937e+02      1.12            0.00            1.00321     0.00101       0.10  %   10000     
2.877564e+02      1.27            0.00            1.00265     0.00088       0.09  %   10000     
2.880599e+02      1.40            0.01            1.00531     0.00122       0.12  %   10000     
2.885153e+02      1.67            0.01            1.00433     0.00105       0.10  %   10000     
2.886006e+02      1.72            0.01            1.00480     0.00110       0.11  %   10000     
2.889706e+02      2.02            0.01            1.00357     0.00092       0.09  %   10000     
2.891239e+02      2.14            0.01            1.00259     0.00078       0.08  %   10000     
2.893853e+02      2.44            0.01            1.00433     0.00099       0.10  %   10000     
2.895906e+02      2.68            0.01            1.00249     0.00075       0.07  %   10000     
2.897309e+02      2.90            0.01            1.00424     0.00097       0.10  %   10000     
2.899923e+02      3.32            0.01            1.00426     0.00098       0.10  %   10000     
2.900765e+02      3.51            0.01            1.00245     0.00074       0.07  %   10000     
2.903437e+02      4.12            0.02            1.00540     0.00110       0.11  %   10000     
2.903552e+02      4.14            0.01            1.00338     0.00087       0.09  %   10000     
2.906109e+02      4.95            0.03            1.00638     0.00120       0.12  %   10000     
2.906750e+02      5.15            0.03            1.00624     0.00120       0.12  %   10000     
2.908526e+02      5.92            0.04            1.00699     0.00127       0.13  %   10000     
2.909506e+02      6.35            0.05            1.00762     0.00134       0.13  %   10000     
2.910731e+02      7.09            0.05            1.00765     0.00135       0.13  %   10000     
2.912017e+02      7.87            0.07            1.00935     0.00151       0.15  %   10000     
2.912752e+02      8.48            0.08            1.00887     0.00148       0.15  %   10000     
2.914222e+02      9.70            0.11            1.01093     0.00166       0.16  %   10000     
2.914467e+02      9.99            0.08            1.00839     0.00146       0.14  %   10000     
2.916121e+02      11.88           0.17            1.01417     0.00192       0.19  %   10000     
2.916182e+02      11.95           0.12            1.00974     0.00160       0.16  %   10000     
2.917590e+02      14.16           0.21            1.01456     0.00198       0.19  %   10000     
2.917897e+02      14.64           0.21            1.01448     0.00198       0.20  %   10000     
2.918953e+02      16.93           0.25            1.01467     0.00201       0.20  %   10000     
2.919538e+02      18.19           0.29            1.01617     0.00214       0.21  %   10000     
2.920252e+02      20.34           0.41            1.02023     0.00239       0.23  %   10000     
2.920935e+02      22.37           0.33            1.01464     0.00207       0.20  %   10000     
2.921351e+02      24.10           0.56            1.02312     0.00259       0.25  %   10000     
2.922160e+02      27.40           0.44            1.01596     0.00219       0.22  %   10000     
2.922331e+02      28.38           0.54            1.01894     0.00238       0.23  %   10000     
2.923262e+02      33.57           0.77            1.02289     0.00265       0.26  %   10000     
2.923311e+02      33.94           0.83            1.02441     0.00274       0.27  %   10000     
2.924168e+02      40.40           1.21            1.03004     0.00307       0.30  %   10000     
2.924242e+02      40.93           1.18            1.02893     0.00302       0.29  %   10000     
2.924989e+02      48.51           1.36            1.02805     0.00299       0.29  %   10000     
2.925222e+02      50.77           1.58            1.03113     0.00318       0.31  %   10000     
2.925761e+02      57.98           1.95            1.03358     0.00331       0.32  %   10000     
2.926079e+02      62.02           2.12            1.03425     0.00337       0.33  %   10000     
2.926520e+02      69.53           2.55            1.03661     0.00349       0.34  %   10000     
2.926925e+02      75.97           2.69            1.03539     0.00347       0.34  %   10000     
2.927304e+02      83.98           2.85            1.03393     0.00339       0.33  %   10000     
2.927806e+02      93.66           4.34            1.04638     0.00401       0.38  %   10000     
2.928162e+02      102.63          4.59            1.04476     0.00393       0.38  %   10000     
2.928836e+02      117.61          5.70            1.04848     0.00414       0.40  %   10000     
2.929105e+02      125.20          6.04            1.04826     0.00413       0.39  %   10000     
2.930097e+02      148.49          10.08           1.06789     0.00494       0.46  %   10000     
2.930244e+02      152.07          10.72           1.07047     0.00504       0.47  %   10000     
2.932302e+02      189.95          14.93           1.07858     0.00539       0.50  %   10000     
2.932498e+02      191.24          16.39           1.08572     0.00400       0.37  %   20000     
2.933478e+02      200.24          18.06           1.09019     0.00411       0.38  %   20000     
2.933674e+02      199.72          19.82           1.09924     0.00433       0.39  %   20000     
2.934561e+02      201.95          20.87           1.10336     0.00442       0.40  %   20000     
2.934669e+02      200.95          21.25           1.10574     0.00448       0.41  %   20000     
2.935576e+02      197.63          21.30           1.10780     0.00454       0.41  %   20000     
2.935683e+02      196.07          22.39           1.11417     0.00468       0.42  %   20000     
2.936712e+02      185.53          23.97           1.12919     0.00500       0.44  %   20000     
2.936761e+02      185.18          24.45           1.13203     0.00505       0.45  %   20000     
2.938745e+02      149.27          23.99           1.16069     0.00563       0.49  %   20000     
2.939750e+02      124.72          21.33           1.17104     0.00482       0.41  %   30000     
2.940289e+02      113.20          20.05           1.17715     0.00489       0.42  %   30000     
2.940779e+02      100.99          17.41           1.17244     0.00489       0.42  %   30000     
2.941293e+02      90.75           16.06           1.17701     0.00495       0.42  %   30000     
2.941661e+02      82.58           15.81           1.19141     0.00520       0.44  %   30000     
2.942273e+02      72.06           13.98           1.19399     0.00525       0.44  %   30000     
2.942543e+02      67.01           13.39           1.19986     0.00537       0.45  %   30000     
2.943253e+02      56.99           12.03           1.21106     0.00555       0.46  %   30000     
2.943400e+02      54.78           11.96           1.21832     0.00567       0.47  %   30000     
2.944233e+02      45.43           9.64            1.21212     0.00565       0.47  %   30000     
2.944258e+02      45.14           10.45           1.23154     0.00590       0.48  %   30000     
2.945238e+02      36.69           8.82            1.24042     0.00611       0.49  %   30000     
2.945336e+02      36.09           8.45            1.23422     0.00602       0.49  %   30000     
2.946340e+02      29.66           7.11            1.23970     0.00538       0.43  %   40000     
2.946560e+02      28.65           6.99            1.24397     0.00541       0.44  %   40000     
2.947443e+02      24.48           6.27            1.25609     0.00564       0.45  %   40000     
2.947785e+02      23.30           6.06            1.26021     0.00568       0.45  %   40000     
2.948651e+02      20.24           5.87            1.28996     0.00609       0.47  %   40000     
2.949294e+02      18.58           5.42            1.29186     0.00612       0.47  %   40000     
2.950020e+02      16.66           5.13            1.30805     0.00639       0.49  %   40000     
2.950993e+02      14.80           4.56            1.30833     0.00643       0.49  %   40000     
2.951617e+02      13.59           4.24            1.31168     0.00587       0.45  %   50000     
2.953259e+02      11.29           3.72            1.32934     0.00613       0.46  %   50000     
2.953451e+02      11.02           3.64            1.33002     0.00617       0.46  %   50000     
2.955380e+02      9.03            3.31            1.36668     0.00664       0.49  %   50000     
2.957708e+02      7.29            2.89            1.39663     0.00650       0.47  %   60000     
2.958442e+02      6.89            2.65            1.38406     0.00642       0.46  %   60000     
2.960158e+02      5.95            2.38            1.39952     0.00673       0.48  %   60000     
2.962117e+02      5.17            2.25            1.43508     0.00712       0.50  %   60000     
2.963118e+02      4.78            2.15            1.45094     0.00683       0.47  %   70000     
2.966156e+02      3.90            1.88            1.48180     0.00728       0.49  %   70000     
2.966257e+02      3.88            1.88            1.48444     0.00730       0.49  %   70000     
2.969854e+02      3.13            1.66            1.52846     0.00743       0.49  %   80000     
2.970628e+02      3.02            1.63            1.54047     0.00754       0.49  %   80000     
2.973927e+02      2.52            1.46            1.57840     0.00766       0.49  %   90000     
2.976908e+02      2.20            1.34            1.60857     0.00803       0.50  %   90000     
2.978408e+02      2.04            1.26            1.61785     0.00784       0.48  %   100000    
2.983568e+02      1.64            1.09            1.66267     0.00852       0.51  %   100000    
2.984546e+02      1.59            1.05            1.66127     0.00855       0.51  %   100000    
2.989334e+02      1.32            0.85            1.63903     0.00885       0.54  %   100000    
2.992664e+02      1.19            0.67            1.56573     0.00853       0.55  %   100000    
2.996109e+02      1.06            0.49            1.46753     0.00808       0.55  %   100000    
3.003424e+02      0.85            0.22            1.26100     0.00643       0.51  %   100000    
3.004616e+02      0.83            0.19            1.22681     0.00603       0.49  %   100000    
3.011638e+02      0.69            0.12            1.16737     0.00579       0.50  %   90000     
3.020306e+02      0.57            0.06            1.11010     0.00526       0.47  %   80000     
3.020671e+02      0.56            0.06            1.11234     0.00533       0.48  %   80000     
3.031067e+02      0.46            0.04            1.09210     0.00515       0.47  %   80000     
3.041759e+02      0.38            0.02            1.06457     0.00525       0.49  %   60000     
3.042355e+02      0.38            0.02            1.06468     0.00527       0.50  %   60000     
3.056725e+02      0.31            0.01            1.04163     0.00497       0.48  %   50000     
3.072310e+02      0.26            0.01            1.03120     0.00455       0.44  %   50000     
3.074303e+02      0.25            0.01            1.03179     0.00515       0.50  %   40000     
3.087640e+02      0.22            0.01            1.03370     0.00497       0.48  %   50000     
3.105056e+02      0.19            0.01            1.02779     0.00469       0.46  %   50000     
3.122277e+02      0.17            0.00            1.02478     0.00506       0.49  %   40000     
3.124044e+02      0.17            0.00            1.01801     0.00499       0.49  %   30000     
3.147804e+02      0.16            0.00            1.02875     0.00493       0.48  %   50000     
3.158382e+02      0.16            0.00            1.01982     0.00455       0.45  %   40000     
3.177715e+02      0.16            0.00            1.02038     0.00445       0.44  %   40000     
3.196542e+02      0.18            0.00            1.01470     0.00408       0.40  %   30000     
3.208924e+02      0.19            0.00            1.00741     0.00331       0.33  %   20000     
3.220367e+02      0.22            0.00            1.01253     0.00396       0.39  %   20000     
3.223306e+02      0.24            0.00            1.00827     0.00313       0.31  %   20000     
3.230380e+02      0.26            0.00            1.00205     0.00205       0.20  %   10000     
3.238399e+02      0.31            0.00            1.01003     0.00409       0.41  %   10000     
3.244987e+02      0.37            0.00            1.00549     0.00274       0.27  %   10000     
3.245319e+02      0.38            0.00            1.00813     0.00332       0.33  %   10000     
3.250708e+02      0.45            0.00            1.00665     0.00271       0.27  %   10000     
3.256019e+02      0.55            0.00            1.00794     0.00265       0.26  %   10000     
3.257167e+02      0.58            0.00            1.00499     0.00204       0.20  %   10000     
3.260481e+02      0.68            0.00            1.00632     0.00210       0.21  %   10000     
3.264304e+02      0.83            0.00            1.00281     0.00126       0.13  %   10000     
3.266814e+02      0.97            0.00            1.00191     0.00096       0.10  %   10000     
3.267648e+02      1.02            0.00            1.00272     0.00111       0.11  %   10000     
3.270608e+02      1.26            0.00            1.00291     0.00103       0.10  %   10000     
3.273197e+02      1.56            0.00            1.00208     0.00079       0.08  %   10000     
3.273417e+02      1.60            0.00            1.00204     0.00077       0.08  %   10000     
3.275285e+02      1.91            0.00            1.00247     0.00078       0.08  %   10000     
3.277004e+02      2.30            0.00            1.00148     0.00056       0.06  %   10000     
3.278343e+02      2.72            0.00            1.00169     0.00056       0.06  %   10000     
3.278585e+02      2.80            0.00            1.00092     0.00041       0.04  %   10000     
3.279892e+02      3.38            0.00            1.00131     0.00046       0.05  %   10000     
3.280981e+02      4.06            0.00            1.00074     0.00033       0.03  %   10000     
3.281940e+02      4.89            0.01            1.00137     0.00043       0.04  %   10000     
3.282240e+02      5.26            0.00            1.00053     0.00027       0.03  %   10000     
3.282703e+02      5.82            0.00            1.00052     0.00026       0.03  %   10000     
3.283232e+02      6.72            0.00            1.00025     0.00018       0.02  %   10000     
3.283467e+02      7.12            0.00            1.00050     0.00025       0.02  %   10000     
3.283894e+02      8.14            0.00            1.00036     0.00021       0.02  %   10000     
3.284077e+02      8.58            0.00            1.00048     0.00024       0.02  %   10000     
3.284352e+02      9.46            0.00            1.00012     0.00012       0.01  %   10000     
3.284649e+02      10.42           0.01            1.00059     0.00026       0.03  %   10000     
3.284809e+02      11.11           0.00            1.00035     0.00020       0.02  %   10000     
3.285221e+02      12.90           0.00            1.00012     0.00012       0.01  %   10000     
3.285267e+02      13.16           0.00            1.00012     0.00012       0.01  %   10000     
3.285724e+02      15.83           0.01            1.00059     0.00026       0.03  %   10000     
3.285793e+02      16.23           0.01            1.00070     0.00029       0.03  %   10000     
3.286182e+02      19.22           0.01            1.00047     0.00024       0.02  %   10000     
3.286319e+02      20.27           0.02            1.00094     0.00033       0.03  %   10000     
3.286639e+02      23.50           0.01            1.00035     0.00020       0.02  %   10000     
3.286937e+02      26.48           0.03            1.00107     0.00036       0.04  %   10000     
3.287097e+02      28.60           0.02            1.00072     0.00029       0.03  %   10000     
3.287554e+02      34.59           0.03            1.00072     0.00030       0.03  %   10000     
3.288071e+02      43.22           0.06            1.00134     0.00040       0.04  %   10000     
3.288203e+02      45.39           0.04            1.00098     0.00035       0.03  %   10000     
3.288639e+02      54.45           0.07            1.00136     0.00041       0.04  %   10000     
3.288982e+02      61.50           0.13            1.00212     0.00051       0.05  %   10000     
3.289238e+02      67.99           0.14            1.00200     0.00050       0.05  %   10000     
3.290025e+02      87.50           0.16            1.00178     0.00047       0.05  %   10000     
3.290080e+02      88.84           0.26            1.00292     0.00061       0.06  %   10000     
3.291818e+02      132.77          0.56            1.00418     0.00074       0.07  %   10000     
3.292550e+02      145.36          0.62            1.00425     0.00075       0.07  %   10000     
3.292843e+02      150.38          0.90            1.00598     0.00089       0.09  %   10000     
3.293484e+02      154.50          0.73            1.00471     0.00080       0.08  %   10000     
3.293809e+02      156.67          1.37            1.00877     0.00108       0.11  %   10000     
3.293875e+02      156.69          1.27            1.00810     0.00104       0.10  %   10000     
3.294247e+02      154.51          1.35            1.00873     0.00109       0.11  %   10000     
3.294509e+02      153.03          1.19            1.00780     0.00103       0.10  %   10000     
3.294801e+02      151.43          1.33            1.00877     0.00109       0.11  %   10000     
3.295314e+02      143.43          1.49            1.01041     0.00120       0.12  %   10000     
3.295716e+02      137.20          1.36            1.00988     0.00117       0.12  %   10000     
3.296339e+02      122.88          1.03            1.00835     0.00108       0.11  %   10000     
3.298284e+02      76.37           1.39            1.01815     0.00163       0.16  %   10000     
3.298974e+02      62.47           0.73            1.01165     0.00132       0.13  %   10000     
3.299065e+02      60.60           1.06            1.01749     0.00162       0.16  %   10000     
3.299725e+02      50.50           0.99            1.01969     0.00174       0.17  %   10000     
3.299907e+02      48.58           0.90            1.01861     0.00169       0.17  %   10000     
3.300273e+02      44.69           0.81            1.01821     0.00168       0.17  %   10000     
3.300593e+02      42.62           0.80            1.01868     0.00170       0.17  %   10000     
3.300731e+02      41.72           0.80            1.01908     0.00172       0.17  %   10000     
3.301280e+02      40.52           0.83            1.02060     0.00179       0.18  %   10000     
3.301325e+02      40.42           0.84            1.02078     0.00180       0.18  %   10000     
3.301508e+02      40.79           0.75            1.01851     0.00169       0.17  %   10000     
3.301783e+02      41.34           0.84            1.02042     0.00178       0.17  %   10000     
3.302176e+02      43.70           0.83            1.01893     0.00170       0.17  %   10000     
3.302376e+02      44.89           0.82            1.01833     0.00168       0.16  %   10000     
3.302860e+02      49.90           0.99            1.01993     0.00174       0.17  %   10000     
3.303052e+02      51.86           1.04            1.02011     0.00175       0.17  %   10000     
3.303648e+02      60.66           1.14            1.01878     0.00168       0.16  %   10000     
3.303994e+02      65.68           1.18            1.01792     0.00164       0.16  %   10000     
3.304724e+02      78.24           1.63            1.02084     0.00176       0.17  %   10000     
3.306243e+02      103.46          2.30            1.02225     0.00182       0.18  %   10000     
3.306627e+02      107.53          1.92            1.01784     0.00164       0.16  %   10000     
3.307165e+02      113.27          3.07            1.02715     0.00202       0.20  %   10000     
3.307626e+02      114.84          3.26            1.02836     0.00207       0.20  %   10000     
3.308017e+02      116.27          2.97            1.02557     0.00197       0.19  %   10000     
3.308645e+02      113.86          3.17            1.02781     0.00207       0.20  %   10000     
3.308798e+02      113.31          3.04            1.02687     0.00203       0.20  %   10000     
3.309490e+02      105.84          2.93            1.02764     0.00208       0.20  %   10000     
3.309721e+02      103.38          3.40            1.03292     0.00226       0.22  %   10000     
3.310567e+02      88.84           3.18            1.03579     0.00239       0.23  %   10000     
3.311162e+02      78.45           2.78            1.03547     0.00240       0.23  %   10000     
3.312604e+02      51.15           2.15            1.04196     0.00270       0.26  %   10000     
3.313257e+02      40.72           1.91            1.04693     0.00290       0.28  %   10000     
3.313484e+02      37.05           1.81            1.04876     0.00299       0.29  %   10000     
3.314151e+02      28.38           1.70            1.05976     0.00340       0.32  %   10000     
3.314265e+02      27.21           1.63            1.05977     0.00341       0.32  %   10000     
3.314799e+02      21.69           1.31            1.06049     0.00354       0.33  %   10000     
3.315304e+02      17.70           1.28            1.07240     0.00397       0.37  %   10000     
3.315448e+02      16.55           1.38            1.08318     0.00430       0.40  %   10000     
3.316061e+02      12.90           1.10            1.08541     0.00455       0.42  %   10000     
3.316265e+02      11.98           0.97            1.08111     0.00448       0.41  %   10000     
3.316601e+02      10.47           1.12            1.10733     0.00529       0.48  %   10000     
3.317202e+02      8.44            0.99            1.11752     0.00408       0.37  %   20000     
3.317466e+02      7.78            1.00            1.12916     0.00434       0.38  %   20000     
3.317802e+02      6.94            0.90            1.12927     0.00447       0.40  %   20000     
3.318523e+02      5.64            0.86            1.15203     0.00508       0.44  %   20000     
3.318667e+02      5.46            0.82            1.14984     0.00508       0.44  %   20000     
3.319364e+02      4.59            0.81            1.17758     0.00578       0.49  %   20000     
3.320208e+02      3.86            0.78            1.20249     0.00525       0.44  %   30000     
3.320313e+02      3.77            0.77            1.20402     0.00531       0.44  %   30000     
3.321491e+02      3.08            0.72            1.23389     0.00603       0.49  %   30000     
3.322328e+02      2.74            0.71            1.25746     0.00564       0.45  %   40000     
3.322865e+02      2.52            0.70            1.27776     0.00602       0.47  %   40000     
3.324558e+02      2.05            0.63            1.30846     0.00606       0.46  %   50000     
3.326336e+02      1.70            0.60            1.35369     0.00625       0.46  %   60000     
3.326534e+02      1.66            0.62            1.37103     0.00645       0.47  %   60000     
3.328790e+02      1.35            0.60            1.44719     0.00702       0.48  %   70000     
3.331256e+02      1.11            0.56            1.50089     0.00741       0.49  %   80000     
3.331314e+02      1.11            0.56            1.50832     0.00747       0.50  %   80000     
3.334382e+02      0.90            0.56            1.61804     0.00795       0.49  %   100000    
3.338022e+02      0.73            0.53            1.72403     0.00929       0.54  %   100000    
3.340178e+02      0.65            0.50            1.76675     0.00991       0.56  %   100000    
3.341783e+02      0.60            0.50            1.83768     0.01072       0.58  %   100000    
3.346242e+02      0.49            0.48            1.97234     0.01246       0.63  %   100000    
3.351445e+02      0.41            0.46            2.13067     0.01445       0.68  %   100000    
3.353680e+02      0.38            0.44            2.16764     0.01504       0.69  %   100000    
3.357792e+02      0.33            0.41            2.22547     0.01632       0.73  %   100000    
3.365266e+02      0.27            0.24            1.87337     0.01506       0.80  %   100000    
3.372966e+02      0.23            0.16            1.68988     0.01433       0.85  %   100000    
3.379836e+02      0.21            0.05            1.25919     0.00923       0.73  %   100000    
3.381713e+02      0.20            0.04            1.18496     0.00792       0.67  %   100000    
3.393581e+02      0.17            0.02            1.09952     0.00620       0.56  %   100000    
3.402943e+02      0.16            0.01            1.06604     0.00523       0.49  %   100000    
3.415426e+02      0.14            0.01            1.04241     0.00483       0.46  %   80000     
3.426357e+02      0.14            0.00            1.02688     0.00491       0.48  %   50000     
3.431823e+02      0.13            0.00            1.02039     0.00481       0.47  %   40000     
3.443708e+02      0.13            0.00            1.02019     0.00476       0.47  %   40000     
3.460935e+02      0.13            0.00            1.00419     0.00419       0.42  %   10000     
3.472968e+02      0.14            0.00            1.01341     0.00507       0.50  %   20000     
3.485549e+02      0.16            0.00            1.00498     0.00287       0.29  %   20000     
3.491840e+02      0.18            0.00            1.01498     0.00473       0.47  %   20000     
3.494265e+02      0.18            0.00            1.00862     0.00498       0.49  %   10000     
3.502753e+02      0.21            0.00            1.00475     0.00336       0.33  %   10000     
3.508816e+02      0.25            0.00            1.00801     0.00400       0.40  %   10000     
3.514161e+02      0.30            0.00            1.00334     0.00236       0.24  %   10000     
3.517994e+02      0.34            0.00            1.00857     0.00350       0.35  %   10000     
3.519271e+02      0.36            0.00            1.01220     0.00406       0.40  %   10000     
3.523381e+02      0.44            0.00            1.00550     0.00246       0.24  %   10000     
3.527053e+02      0.54            0.00            1.00444     0.00198       0.20  %   10000     
3.529790e+02      0.64            0.00            1.00369     0.00165       0.16  %   10000     
3.530267e+02      0.66            0.00            1.00143     0.00101       0.10  %   10000     
3.532755e+02      0.80            0.00            1.00294     0.00131       0.13  %   10000     
3.534887e+02      0.97            0.00            1.00196     0.00098       0.10  %   10000     
3.536720e+02      1.17            0.00            1.00165     0.00082       0.08  %   10000     
3.536938e+02      1.20            0.01            1.00605     0.00156       0.16  %   10000     
3.538661e+02      1.47            0.00            1.00202     0.00082       0.08  %   10000     
3.540088e+02      1.78            0.00            1.00143     0.00064       0.06  %   10000     
3.541266e+02      2.14            0.00            1.00150     0.00061       0.06  %   10000     
3.542248e+02      2.54            0.01            1.00222     0.00070       0.07  %   10000     
3.543186e+02      3.09            0.01            1.00198     0.00062       0.06  %   10000     
3.543790e+02      3.59            0.00            1.00128     0.00048       0.05  %   10000     
3.543950e+02      3.73            0.00            1.00090     0.00040       0.04  %   10000     
3.544714e+02      4.63            0.00            1.00098     0.00040       0.04  %   10000     
3.544779e+02      4.74            0.00            1.00081     0.00036       0.04  %   10000     
3.545325e+02      5.65            0.01            1.00123     0.00043       0.04  %   10000     
3.545788e+02      6.70            0.00            1.00015     0.00015       0.01  %   10000     
3.545890e+02      6.93            0.01            1.00101     0.00038       0.04  %   10000     
3.546406e+02      8.50            0.01            1.00097     0.00037       0.04  %   10000     
3.546545e+02      9.06            0.01            1.00069     0.00031       0.03  %   10000     
3.546921e+02      10.56           0.01            1.00067     0.00030       0.03  %   10000     
3.547210e+02      12.06           0.01            1.00079     0.00032       0.03  %   10000     
3.547437e+02      13.24           0.01            1.00066     0.00029       0.03  %   10000     
3.547726e+02      15.19           0.01            1.00091     0.00034       0.03  %   10000     
3.547953e+02      16.71           0.02            1.00090     0.00034       0.03  %   10000     
3.548241e+02      19.24           0.02            1.00090     0.00034       0.03  %   10000     
3.548571e+02      22.11           0.02            1.00077     0.00031       0.03  %   10000     
3.548819e+02      24.91           0.01            1.00038     0.00022       0.02  %   10000     
3.549190e+02      29.09           0.01            1.00051     0.00025       0.03  %   10000     
3.549376e+02      31.73           0.02            1.00051     0.00025       0.03  %   10000     
3.549850e+02      38.44           0.05            1.00127     0.00040       0.04  %   10000     
3.550008e+02      41.22           0.06            1.00140     0.00042       0.04  %   10000     
3.550665e+02      52.64           0.10            1.00192     0.00050       0.05  %   10000     
3.550741e+02      54.26           0.10            1.00179     0.00048       0.05  %   10000     
3.551649e+02      73.19           0.15            1.00206     0.00052       0.05  %   10000     
3.551995e+02      80.27           0.12            1.00156     0.00045       0.04  %   10000     
3.553513e+02      110.58          0.29            1.00263     0.00059       0.06  %   10000     
3.554074e+02      117.90          0.38            1.00320     0.00065       0.06  %   10000     
3.554536e+02      123.92          0.48            1.00387     0.00072       0.07  %   10000     
3.555163e+02      126.62          0.55            1.00432     0.00076       0.08  %   10000     
3.555458e+02      127.95          0.61            1.00473     0.00080       0.08  %   10000     
3.556169e+02      124.83          0.72            1.00576     0.00089       0.09  %   10000     
3.556302e+02      124.29          0.43            1.00343     0.00068       0.07  %   10000     
3.557226e+02      112.49          0.79            1.00699     0.00099       0.10  %   10000     
3.557357e+02      110.82          0.81            1.00728     0.00101       0.10  %   10000     
3.558216e+02      93.80           0.78            1.00832     0.00109       0.11  %   10000     
3.559123e+02      75.42           0.85            1.01132     0.00129       0.13  %   10000     
3.560282e+02      51.73           0.71            1.01382     0.00146       0.14  %   10000     
3.560905e+02      41.10           0.67            1.01634     0.00161       0.16  %   10000     
3.561111e+02      37.54           0.55            1.01453     0.00153       0.15  %   10000     
3.561771e+02      28.40           0.67            1.02343     0.00200       0.19  %   10000     
3.561936e+02      26.57           0.50            1.01898     0.00181       0.18  %   10000     
3.562328e+02      22.19           0.47            1.02097     0.00194       0.19  %   10000     
3.562947e+02      16.79           0.47            1.02813     0.00233       0.23  %   10000     
3.562967e+02      16.65           0.43            1.02602     0.00224       0.22  %   10000     
3.563462e+02      13.31           0.42            1.03154     0.00256       0.25  %   10000     
3.563978e+02      10.61           0.36            1.03434     0.00276       0.27  %   10000     
3.563999e+02      10.53           0.34            1.03193     0.00267       0.26  %   10000     
3.564494e+02      8.54            0.39            1.04510     0.00330       0.32  %   10000     
3.565009e+02      6.97            0.31            1.04413     0.00341       0.33  %   10000     
3.565208e+02      6.52            0.30            1.04603     0.00352       0.34  %   10000     
3.565620e+02      5.59            0.30            1.05353     0.00394       0.37  %   10000     
3.566223e+02      4.59            0.30            1.06627     0.00459       0.43  %   10000     
3.566513e+02      4.26            0.28            1.06483     0.00462       0.43  %   10000     
3.566977e+02      3.71            0.30            1.07987     0.00533       0.49  %   10000     
3.567731e+02      3.09            0.26            1.08449     0.00407       0.38  %   20000     
3.568251e+02      2.78            0.26            1.09277     0.00438       0.40  %   20000     
3.568564e+02      2.59            0.26            1.10113     0.00468       0.42  %   20000     
3.569606e+02      2.15            0.24            1.11036     0.00517       0.47  %   20000     
3.570568e+02      1.86            0.24            1.12839     0.00475       0.42  %   30000     
3.570856e+02      1.77            0.23            1.12847     0.00483       0.43  %   30000     
3.572286e+02      1.46            0.22            1.14995     0.00556       0.48  %   30000     
3.573997e+02      1.20            0.22            1.18491     0.00571       0.48  %   40000     
3.574834e+02      1.11            0.21            1.19138     0.00532       0.45  %   50000     
3.576040e+02      0.98            0.21            1.21805     0.00595       0.49  %   50000     
3.578529e+02      0.79            0.19            1.24491     0.00622       0.50  %   60000     
3.580529e+02      0.69            0.19            1.27328     0.00598       0.47  %   80000     
3.581174e+02      0.65            0.19            1.29359     0.00632       0.49  %   80000     
3.584241e+02      0.54            0.18            1.33411     0.00648       0.49  %   100000    
3.587820e+02      0.45            0.17            1.38197     0.00742       0.54  %   100000    
3.589702e+02      0.42            0.17            1.41085     0.00790       0.56  %   100000    
3.591760e+02      0.38            0.17            1.45638     0.00863       0.59  %   100000    
3.596623e+02      0.33            0.17            1.53054     0.00989       0.65  %   100000    
3.602459e+02      0.28            0.16            1.57708     0.01086       0.69  %   100000    
3.609118e+02      0.25            0.15            1.59949     0.01143       0.71  %   100000    
3.610264e+02      0.25            0.16            1.64099     0.01183       0.72  %   100000    
3.613831e+02      0.24            0.15            1.63605     0.01190       0.73  %   100000    
3.623259e+02      0.23            0.13            1.56777     0.01122       0.72  %   100000    
3.631580e+02      0.24            0.04            1.17996     0.00618       0.52  %   100000    
3.639901e+02      0.26            0.01            1.03196     0.00452       0.44  %   30000     
3.647749e+02      0.29            0.00            1.01493     0.00352       0.35  %   20000     
3.655799e+02      0.34            0.00            1.00820     0.00335       0.33  %   10000     
3.658614e+02      0.36            0.01            1.01883     0.00486       0.48  %   10000     
3.661549e+02      0.39            0.01            1.01946     0.00472       0.46  %   10000     
3.667518e+02      0.47            0.00            1.00549     0.00224       0.22  %   10000     
3.672656e+02      0.58            0.01            1.00878     0.00253       0.25  %   10000     
3.673077e+02      0.59            0.01            1.00859     0.00248       0.25  %   10000     
3.677106e+02      0.71            0.00            1.00521     0.00174       0.17  %   10000     
3.680639e+02      0.87            0.00            1.00519     0.00156       0.16  %   10000     
3.683667e+02      1.05            0.00            1.00234     0.00096       0.10  %   10000     
3.686401e+02      1.28            0.00            1.00354     0.00107       0.11  %   10000     
3.688745e+02      1.55            0.01            1.00489     0.00115       0.11  %   10000     
3.691042e+02      1.92            0.00            1.00138     0.00056       0.06  %   10000     
3.693012e+02      2.37            0.00            1.00119     0.00049       0.05  %   10000     
3.694153e+02      2.74            0.00            1.00109     0.00045       0.04  %   10000     
3.694640e+02      2.90            0.00            1.00106     0.00043       0.04  %   10000     
3.696193e+02      3.60            0.00            1.00096     0.00039       0.04  %   10000     
3.696654e+02      3.90            0.00            1.00108     0.00041       0.04  %   10000     
3.697302e+02      4.31            0.01            1.00150     0.00048       0.05  %   10000     
3.697955e+02      4.90            0.00            1.00101     0.00038       0.04  %   10000     
3.698442e+02      5.34            0.01            1.00100     0.00038       0.04  %   10000     
3.698931e+02      5.98            0.01            1.00140     0.00044       0.04  %   10000     
3.699391e+02      6.59            0.00            1.00042     0.00024       0.02  %   10000     
3.699722e+02      7.21            0.01            1.00110     0.00039       0.04  %   10000     
3.700181e+02      8.07            0.01            1.00082     0.00034       0.03  %   10000     
3.700304e+02      8.39            0.01            1.00096     0.00036       0.04  %   10000     
3.700886e+02      9.91            0.01            1.00123     0.00041       0.04  %   10000     
3.701442e+02      11.92           0.01            1.00110     0.00039       0.04  %   10000     
3.701532e+02      12.24           0.01            1.00111     0.00039       0.04  %   10000     
3.701959e+02      14.35           0.02            1.00125     0.00042       0.04  %   10000     
3.702179e+02      15.43           0.02            1.00113     0.00040       0.04  %   10000     
3.702476e+02      17.42           0.04            1.00240     0.00058       0.06  %   10000     
3.702799e+02      19.56           0.03            1.00172     0.00050       0.05  %   10000     
3.702993e+02      21.30           0.04            1.00172     0.00050       0.05  %   10000     
3.703439e+02      25.27           0.04            1.00175     0.00051       0.05  %   10000     
3.703459e+02      25.49           0.04            1.00146     0.00046       0.05  %   10000     
3.704002e+02      31.86           0.04            1.00134     0.00045       0.04  %   10000     
3.704079e+02      32.76           0.08            1.00239     0.00060       0.06  %   10000     
3.704545e+02      39.76           0.07            1.00181     0.00052       0.05  %   10000     
3.704723e+02      42.42           0.09            1.00213     0.00057       0.06  %   10000     
3.705163e+02      50.75           0.18            1.00353     0.00074       0.07  %   10000     
3.705460e+02      56.29           0.27            1.00483     0.00087       0.09  %   10000     
3.705794e+02      64.12           0.17            1.00265     0.00064       0.06  %   10000     
3.706332e+02      76.43           0.35            1.00462     0.00086       0.09  %   10000     
3.706611e+02      84.21           0.43            1.00510     0.00090       0.09  %   10000     
3.707677e+02      112.65          0.77            1.00686     0.00106       0.10  %   10000     
3.707759e+02      114.81          0.58            1.00507     0.00091       0.09  %   10000     
3.709414e+02      155.79          1.54            1.00989     0.00128       0.13  %   10000     
3.709704e+02      160.15          1.98            1.01235     0.00144       0.14  %   10000     
3.710407e+02      170.93          1.66            1.00969     0.00128       0.13  %   10000     
3.710738e+02      172.40          2.19            1.01272     0.00147       0.15  %   10000     
3.711359e+02      175.67          2.24            1.01275     0.00148       0.15  %   10000     
3.711761e+02      173.26          2.90            1.01676     0.00170       0.17  %   10000     
3.712249e+02      170.77          2.78            1.01625     0.00168       0.17  %   10000     
3.712662e+02      164.33          3.23            1.01966     0.00186       0.18  %   10000     
3.713242e+02      155.63          2.93            1.01883     0.00182       0.18  %   10000     
3.713800e+02      142.23          3.01            1.02119     0.00195       0.19  %   10000     
3.714793e+02      117.95          2.50            1.02118     0.00196       0.19  %   10000     
3.716241e+02      79.00           2.24            1.02835     0.00233       0.23  %   10000     
3.716779e+02      66.54           2.07            1.03112     0.00246       0.24  %   10000     
3.717112e+02      58.63           1.85            1.03147     0.00250       0.24  %   10000     
3.717817e+02      45.02           1.65            1.03676     0.00275       0.26  %   10000     
3.717842e+02      44.52           1.49            1.03351     0.00263       0.25  %   10000     
3.718548e+02      33.64           1.40            1.04160     0.00300       0.29  %   10000     
3.718650e+02      32.43           1.37            1.04218     0.00302       0.29  %   10000     
3.719169e+02      26.18           1.15            1.04411     0.00317       0.30  %   10000     
3.719544e+02      22.72           1.11            1.04869     0.00337       0.32  %   10000     
3.719789e+02      20.43           0.92            1.04511     0.00330       0.32  %   10000     
3.720358e+02      16.48           1.05            1.06363     0.00400       0.38  %   10000     
3.720436e+02      15.94           0.81            1.05085     0.00361       0.34  %   10000     
3.721082e+02      12.63           0.75            1.05931     0.00403       0.38  %   10000     
3.721341e+02      11.66           0.79            1.06801     0.00435       0.41  %   10000     
3.721729e+02      10.21           0.78            1.07605     0.00471       0.44  %   10000     
3.722375e+02      8.42            0.65            1.07763     0.00491       0.46  %   10000     
3.723151e+02      6.88            0.59            1.08518     0.00535       0.49  %   10000     
3.723701e+02      6.09            0.59            1.09753     0.00412       0.38  %   20000     
3.723927e+02      5.76            0.53            1.09149     0.00405       0.37  %   20000     
3.724889e+02      4.77            0.50            1.10576     0.00453       0.41  %   20000     
3.725318e+02      4.46            0.50            1.11232     0.00471       0.42  %   20000     
3.726044e+02      3.93            0.46            1.11741     0.00497       0.45  %   20000     
3.727290e+02      3.28            0.42            1.12798     0.00540       0.48  %   20000     
3.727482e+02      3.21            0.43            1.13385     0.00554       0.49  %   20000     
3.728709e+02      2.74            0.39            1.14361     0.00488       0.43  %   30000     
3.730412e+02      2.28            0.40            1.17510     0.00561       0.48  %   30000     
3.730870e+02      2.20            0.36            1.16348     0.00546       0.47  %   30000     
3.732490e+02      1.89            0.36            1.18859     0.00529       0.44  %   40000     
3.734846e+02      1.59            0.33            1.20990     0.00580       0.48  %   40000     
3.735552e+02      1.54            0.33            1.21654     0.00591       0.49  %   40000     
3.737203e+02      1.40            0.31            1.21811     0.00608       0.50  %   40000     
3.739873e+02      1.28            0.29            1.22410     0.00556       0.45  %   50000     
3.741442e+02      1.27            0.28            1.21924     0.00544       0.45  %   50000     
3.742227e+02      1.28            0.26            1.20226     0.00576       0.48  %   40000     
3.743026e+02      1.30            0.28            1.21427     0.00584       0.48  %   40000     
3.744225e+02      1.39            0.27            1.19275     0.00533       0.45  %   40000     
3.745224e+02      1.55            0.26            1.16940     0.00548       0.47  %   30000     
3.746023e+02      1.76            0.26            1.14747     0.00482       0.42  %   30000     
3.746722e+02      2.06            0.24            1.11492     0.00488       0.44  %   20000     
3.747321e+02      2.43            0.25            1.10292     0.00431       0.39  %   20000     
3.747921e+02      2.96            0.21            1.07160     0.00473       0.44  %   10000     
3.748520e+02      3.70            0.26            1.07104     0.00435       0.41  %   10000     
3.748620e+02      3.87            0.23            1.06048     0.00396       0.37  %   10000     
3.749126e+02      4.72            0.27            1.05733     0.00363       0.34  %   10000     
3.749295e+02      5.10            0.22            1.04294     0.00308       0.30  %   10000     
3.749716e+02      6.04            0.24            1.03995     0.00284       0.27  %   10000     
3.750391e+02      8.00            0.25            1.03143     0.00236       0.23  %   10000     
3.750644e+02      8.95            0.24            1.02688     0.00214       0.21  %   10000     
3.751150e+02      10.84           0.26            1.02434     0.00197       0.19  %   10000     
3.751932e+02      14.51           0.22            1.01488     0.00147       0.15  %   10000     
3.752126e+02      15.42           0.27            1.01759     0.00159       0.16  %   10000     
3.753626e+02      23.47           0.31            1.01338     0.00133       0.13  %   10000     
3.754381e+02      27.49           0.32            1.01166     0.00123       0.12  %   10000     
3.755461e+02      31.59           0.40            1.01257     0.00127       0.13  %   10000     
3.756292e+02      32.97           0.41            1.01238     0.00126       0.12  %   10000     
3.756319e+02      32.98           0.43            1.01303     0.00130       0.13  %   10000     
3.756510e+02      33.03           0.45            1.01357     0.00132       0.13  %   10000     
3.757471e+02      31.79           0.43            1.01341     0.00133       0.13  %   10000     
3.757741e+02      30.82           0.45            1.01448     0.00139       0.14  %   10000     
3.758011e+02      29.86           0.39            1.01312     0.00133       0.13  %   10000     
3.758442e+02      28.33           0.38            1.01354     0.00135       0.13  %   10000     
3.759630e+02      22.07           0.45            1.02058     0.00172       0.17  %   10000     
3.760196e+02      19.07           0.39            1.02030     0.00174       0.17  %   10000     
3.761456e+02      12.55           0.44            1.03490     0.00243       0.23  %   10000     
3.762247e+02      9.21            0.37            1.04023     0.00277       0.27  %   10000     
3.762922e+02      6.94            0.38            1.05405     0.00340       0.32  %   10000     
3.763512e+02      5.37            0.35            1.06432     0.00394       0.37  %   10000     
3.763630e+02      5.13            0.32            1.06249     0.00394       0.37  %   10000     
3.764102e+02      4.16            0.34            1.08275     0.00480       0.44  %   10000     
3.764640e+02      3.31            0.33            1.09940     0.00398       0.36  %   20000     
3.765242e+02      2.60            0.34            1.12911     0.00489       0.43  %   20000     
3.765844e+02      2.09            0.33            1.15564     0.00577       0.50  %   20000     
3.766286e+02      1.82            0.31            1.16887     0.00513       0.44  %   30000     
3.766446e+02      1.73            0.30            1.17556     0.00534       0.45  %   30000     
3.767148e+02      1.43            0.30            1.21115     0.00544       0.45  %   40000     
3.767924e+02      1.21            0.29            1.24163     0.00619       0.50  %   40000     
3.768747e+02      1.06            0.30            1.28050     0.00626       0.49  %   50000     
3.769790e+02      0.93            0.30            1.32320     0.00640       0.48  %   60000     
3.769845e+02      0.92            0.29            1.30996     0.00630       0.48  %   60000     
3.771491e+02      0.81            0.28            1.34747     0.00649       0.48  %   70000     
3.773686e+02      0.72            0.27            1.37438     0.00655       0.48  %   80000     
3.776430e+02      0.66            0.26            1.38544     0.00677       0.49  %   80000     
3.779971e+02      0.64            0.24            1.36793     0.00655       0.48  %   80000     
3.780451e+02      0.64            0.23            1.35631     0.00642       0.47  %   80000     
3.784271e+02      0.67            0.20            1.29932     0.00604       0.47  %   70000     
3.787711e+02      0.73            0.14            1.19715     0.00548       0.46  %   50000     
3.791151e+02      0.83            0.09            1.11336     0.00497       0.45  %   30000     
3.794164e+02      0.97            0.07            1.06973     0.00438       0.41  %   20000     
3.795471e+02      1.06            0.06            1.05398     0.00522       0.49  %   10000     
3.796750e+02      1.15            0.05            1.04323     0.00446       0.43  %   10000     
3.798904e+02      1.36            0.05            1.03740     0.00380       0.37  %   10000     
3.800900e+02      1.64            0.04            1.02416     0.00280       0.27  %   10000     
3.802601e+02      1.96            0.04            1.02171     0.00245       0.24  %   10000     
3.802826e+02      2.02            0.05            1.02364     0.00252       0.25  %   10000     
3.804019e+02      2.34            0.03            1.01328     0.00179       0.18  %   10000     
3.805339e+02      2.83            0.04            1.01411     0.00172       0.17  %   10000     
3.806375e+02      3.37            0.03            1.00907     0.00131       0.13  %   10000     
3.807032e+02      3.85            0.04            1.00982     0.00131       0.13  %   10000     
3.807411e+02      4.13            0.03            1.00798     0.00116       0.12  %   10000     
3.807985e+02      4.73            0.04            1.00769     0.00111       0.11  %   10000     
3.808234e+02      4.99            0.03            1.00661     0.00102       0.10  %   10000     
3.808938e+02      6.04            0.04            1.00608     0.00095       0.09  %   10000     
3.809004e+02      6.14            0.03            1.00488     0.00085       0.08  %   10000     
3.809697e+02      7.61            0.04            1.00496     0.00084       0.08  %   10000     
3.809701e+02      7.62            0.03            1.00411     0.00076       0.08  %   10000     
3.810312e+02      9.40            0.06            1.00593     0.00090       0.09  %   10000     
3.810888e+02      11.67           0.06            1.00557     0.00087       0.09  %   10000     
3.811348e+02      14.12           0.06            1.00391     0.00072       0.07  %   10000     
3.811520e+02      15.03           0.08            1.00541     0.00085       0.08  %   10000     
3.811866e+02      17.50           0.07            1.00390     0.00072       0.07  %   10000     
3.812130e+02      19.38           0.10            1.00501     0.00082       0.08  %   10000     
3.812337e+02      21.33           0.07            1.00338     0.00067       0.07  %   10000     
3.812752e+02      25.21           0.17            1.00682     0.00096       0.10  %   10000     
3.812878e+02      26.74           0.11            1.00422     0.00076       0.08  %   10000     
3.813373e+02      32.70           0.17            1.00523     0.00085       0.08  %   10000     
3.813396e+02      33.05           0.16            1.00481     0.00081       0.08  %   10000     
3.813971e+02      41.77           0.24            1.00584     0.00090       0.09  %   10000     
3.814056e+02      43.05           0.24            1.00558     0.00088       0.09  %   10000     
3.814599e+02      53.22           0.25            1.00464     0.00081       0.08  %   10000     
3.814851e+02      57.87           0.30            1.00525     0.00086       0.09  %   10000     
3.815311e+02      68.29           0.39            1.00570     0.00090       0.09  %   10000     
3.815955e+02      82.52           0.73            1.00885     0.00113       0.11  %   10000     
3.816286e+02      90.30           0.60            1.00670     0.00099       0.10  %   10000     
3.817980e+02      128.31          1.27            1.00987     0.00121       0.12  %   10000     
3.818459e+02      135.35          1.35            1.01000     0.00123       0.12  %   10000     
3.819085e+02      144.55          1.85            1.01279     0.00139       0.14  %   10000     
3.819490e+02      146.45          2.28            1.01557     0.00154       0.15  %   10000     
3.820112e+02      149.61          1.74            1.01161     0.00134       0.13  %   10000     
3.820497e+02      147.53          2.13            1.01443     0.00150       0.15  %   10000     
3.820760e+02      146.20          1.96            1.01339     0.00145       0.14  %   10000     
3.821055e+02      144.77          2.33            1.01609     0.00158       0.16  %   10000     
3.821571e+02      137.66          2.27            1.01649     0.00162       0.16  %   10000     
3.821975e+02      132.17          2.08            1.01575     0.00158       0.16  %   10000     
3.822602e+02      118.98          2.33            1.01954     0.00178       0.17  %   10000     
3.823559e+02      98.47           2.35            1.02382     0.00199       0.19  %   10000     
3.825032e+02      64.38           1.65            1.02566     0.00213       0.21  %   10000     
3.825760e+02      49.94           1.45            1.02905     0.00231       0.22  %   10000     
3.825845e+02      48.22           1.47            1.03041     0.00237       0.23  %   10000     
3.826606e+02      35.81           1.39            1.03882     0.00275       0.26  %   10000     
3.826825e+02      32.99           1.23            1.03727     0.00271       0.26  %   10000     
3.827250e+02      27.45           1.25            1.04569     0.00308       0.29  %   10000     
3.827826e+02      21.59           1.07            1.04964     0.00329       0.31  %   10000     
3.827867e+02      21.17           1.03            1.04885     0.00328       0.31  %   10000     
3.828408e+02      16.86           0.85            1.05061     0.00346       0.33  %   10000     
3.828631e+02      15.48           0.88            1.05715     0.00371       0.35  %   10000     
3.828948e+02      13.50           0.86            1.06385     0.00402       0.38  %   10000     
3.829496e+02      10.89           0.68            1.06276     0.00415       0.39  %   10000     
3.829713e+02      10.10           0.68            1.06735     0.00434       0.41  %   10000     
3.830049e+02      8.88            0.70            1.07832     0.00481       0.45  %   10000     
3.830711e+02      7.10            0.62            1.08787     0.00534       0.49  %   10000     
3.830748e+02      7.03            0.59            1.08416     0.00523       0.48  %   10000     
3.831382e+02      5.80            0.55            1.09481     0.00412       0.38  %   20000     
3.832190e+02      4.69            0.52            1.11107     0.00468       0.42  %   20000     
3.832272e+02      4.61            0.53            1.11400     0.00475       0.43  %   20000     
3.833089e+02      3.83            0.45            1.11756     0.00509       0.46  %   20000     
3.834040e+02      3.19            0.47            1.14597     0.00485       0.42  %   30000     
3.834303e+02      3.07            0.44            1.14438     0.00486       0.43  %   30000     
3.835203e+02      2.63            0.43            1.16359     0.00542       0.47  %   30000     
3.836598e+02      2.16            0.38            1.17843     0.00519       0.44  %   40000     
3.836929e+02      2.08            0.35            1.17054     0.00513       0.44  %   40000     
3.838346e+02      1.74            0.36            1.20560     0.00596       0.49  %   40000     
3.840254e+02      1.41            0.32            1.22658     0.00597       0.49  %   50000     
3.840459e+02      1.39            0.32            1.22735     0.00601       0.49  %   50000     
3.842287e+02      1.17            0.31            1.26125     0.00625       0.50  %   60000     
3.844667e+02      0.96            0.29            1.30716     0.00628       0.48  %   80000     
3.846293e+02      0.86            0.27            1.31801     0.00625       0.47  %   90000     
3.847444e+02      0.78            0.28            1.35316     0.00646       0.48  %   100000    
3.850799e+02      0.64            0.26            1.41055     0.00754       0.53  %   100000    
3.854386e+02      0.53            0.25            1.48012     0.00873       0.59  %   100000    
3.856175e+02      0.49            0.26            1.53117     0.00942       0.62  %   100000    
3.858691e+02      0.43            0.24            1.56151     0.01018       0.65  %   100000    
3.863955e+02      0.35            0.23            1.66416     0.01199       0.72  %   100000    
3.869605e+02      0.29            0.22            1.74815     0.01362       0.78  %   100000    
3.870752e+02      0.29            0.23            1.80442     0.01425       0.79  %   100000    
3.876431e+02      0.25            0.21            1.85913     0.01570       0.84  %   100000    
3.884396e+02      0.21            0.21            2.01878     0.01826       0.90  %   100000    
3.892808e+02      0.18            0.19            2.03121     0.01937       0.95  %   100000    
3.898903e+02      0.17            0.11            1.64051     0.01574       0.96  %   100000    
3.902013e+02      0.16            0.06            1.40287     0.01273       0.91  %   100000    
3.911217e+02      0.15            0.01            1.08328     0.00599       0.55  %   100000    
3.922584e+02      0.14            0.01            1.06210     0.00526       0.50  %   100000    
3.933950e+02      0.14            0.01            1.04263     0.00486       0.47  %   80000     
3.943835e+02      0.14            0.00            1.03158     0.00471       0.46  %   60000     
3.953719e+02      0.15            0.00            1.01654     0.00459       0.45  %   30000     
3.962461e+02      0.17            0.00            1.01871     0.00454       0.45  %   30000     
3.968918e+02      0.20            0.00            1.01553     0.00468       0.46  %   20000     
3.972080e+02      0.22            0.00            1.00507     0.00358       0.36  %   10000     
3.974298e+02      0.23            0.00            1.00470     0.00332       0.33  %   10000     
3.978048e+02      0.27            0.00            1.00199     0.00199       0.20  %   10000     
3.981182e+02      0.32            0.00            1.00669     0.00335       0.33  %   10000     
3.983793e+02      0.38            0.00            1.00988     0.00374       0.37  %   10000     
3.986175e+02      0.45            0.00            1.00939     0.00332       0.33  %   10000     
3.986864e+02      0.49            0.00            1.00988     0.00329       0.33  %   10000     
3.987934e+02      0.54            0.00            1.00099     0.00099       0.10  %   10000     
3.989400e+02      0.64            0.00            1.00250     0.00144       0.14  %   10000     
3.990573e+02      0.76            0.00            1.00352     0.00158       0.16  %   10000     
3.991429e+02      0.89            0.00            1.00487     0.00172       0.17  %   10000     
3.992178e+02      1.06            0.00            1.00000     0.00000       0.00  %   10000     
3.992856e+02      1.27            0.00            1.00134     0.00078       0.08  %   10000     
3.992927e+02      1.30            0.00            1.00309     0.00117       0.12  %   10000     
3.993569e+02      1.59            0.00            1.00262     0.00099       0.10  %   10000     
3.994119e+02      1.94            0.00            1.00097     0.00056       0.06  %   10000     
3.994728e+02      2.45            0.00            1.00137     0.00061       0.06  %   10000     
3.995337e+02      3.16            0.00            1.00117     0.00052       0.05  %   10000     
3.995947e+02      4.09            0.00            1.00121     0.00049       0.05  %   10000     
3.996621e+02      5.44            0.00            1.00035     0.00025       0.02  %   10000     
3.997025e+02      6.48            0.00            1.00065     0.00033       0.03  %   10000     
3.997295e+02      7.18            0.00            1.00047     0.00027       0.03  %   10000     
3.998138e+02      9.91            0.00            1.00042     0.00024       0.02  %   10000     
3.998374e+02      10.86           0.00            1.00041     0.00024       0.02  %   10000     
3.999321e+02      14.66           0.01            1.00039     0.00022       0.02  %   10000     
3.999978e+02      17.46           0.01            1.00050     0.00025       0.03  %   10000     
4.001165e+02      22.49           0.01            1.00049     0.00024       0.02  %   10000     
4.002135e+02      25.49           0.02            1.00060     0.00027       0.03  %   10000     
4.002189e+02      25.66           0.01            1.00024     0.00017       0.02  %   10000     
4.003252e+02      27.10           0.03            1.00097     0.00034       0.03  %   10000     
4.003429e+02      27.14           0.01            1.00049     0.00024       0.02  %   10000     
4.004090e+02      26.59           0.02            1.00074     0.00030       0.03  %   10000     
4.004360e+02      26.37           0.03            1.00111     0.00037       0.04  %   10000     
4.005672e+02      23.24           0.03            1.00115     0.00038       0.04  %   10000     
4.005879e+02      22.67           0.02            1.00090     0.00034       0.03  %   10000     
4.007326e+02      18.71           0.06            1.00324     0.00066       0.07  %   10000     
4.008265e+02      17.50           0.04            1.00220     0.00055       0.05  %   10000     
4.008399e+02      17.48           0.03            1.00193     0.00052       0.05  %   10000     
4.008520e+02      17.47           0.06            1.00331     0.00068       0.07  %   10000     
4.009256e+02      18.24           0.06            1.00317     0.00066       0.07  %   10000     
4.009512e+02      18.99           0.05            1.00260     0.00060       0.06  %   10000     
4.010020e+02      20.47           0.06            1.00286     0.00062       0.06  %   10000     
4.010602e+02      23.27           0.04            1.00174     0.00048       0.05  %   10000     
4.010812e+02      24.28           0.07            1.00293     0.00062       0.06  %   10000     
4.011787e+02      30.71           0.09            1.00300     0.00062       0.06  %   10000     
4.011866e+02      31.23           0.09            1.00287     0.00061       0.06  %   10000     
4.013803e+02      45.16           0.19            1.00410     0.00072       0.07  %   10000     
4.014938e+02      50.41           0.20            1.00400     0.00072       0.07  %   10000     
4.015737e+02      51.58           0.21            1.00416     0.00073       0.07  %   10000     
4.016224e+02      50.77           0.19            1.00381     0.00071       0.07  %   10000     
4.016624e+02      50.11           0.21            1.00422     0.00075       0.07  %   10000     
4.016825e+02      49.12           0.25            1.00518     0.00083       0.08  %   10000     
4.017693e+02      44.84           0.24            1.00527     0.00084       0.08  %   10000     
4.018161e+02      41.29           0.22            1.00537     0.00086       0.09  %   10000     
4.019229e+02      33.13           0.26            1.00774     0.00105       0.10  %   10000     
4.019830e+02      28.37           0.21            1.00740     0.00104       0.10  %   10000     
4.020758e+02      20.97           0.23            1.01082     0.00131       0.13  %   10000     
4.021658e+02      15.07           0.18            1.01219     0.00145       0.14  %   10000     
4.022159e+02      12.46           0.21            1.01712     0.00177       0.17  %   10000     
4.022410e+02      11.15           0.17            1.01497     0.00169       0.17  %   10000     
4.023036e+02      8.57            0.18            1.02126     0.00212       0.21  %   10000     
4.023662e+02      6.56            0.18            1.02690     0.00252       0.25  %   10000     
4.023829e+02      6.15            0.17            1.02690     0.00255       0.25  %   10000     
4.024288e+02      5.03            0.15            1.02902     0.00279       0.27  %   10000     
4.024914e+02      3.89            0.15            1.03955     0.00349       0.34  %   10000     
4.025081e+02      3.67            0.15            1.04082     0.00360       0.35  %   10000     
4.025540e+02      3.06            0.13            1.04290     0.00391       0.37  %   10000     
4.026201e+02      2.42            0.14            1.05914     0.00495       0.47  %   10000     
4.026835e+02      1.99            0.14            1.07088     0.00409       0.38  %   20000     
4.027412e+02      1.70            0.14            1.08232     0.00464       0.43  %   20000     
4.027559e+02      1.63            0.13            1.08150     0.00469       0.43  %   20000     
4.028282e+02      1.37            0.14            1.10534     0.00464       0.42  %   30000     
4.029286e+02      1.12            0.14            1.12891     0.00554       0.49  %   30000     
4.030355e+02      0.94            0.13            1.13445     0.00524       0.46  %   40000     
4.030630e+02      0.90            0.13            1.14228     0.00546       0.48  %   40000     
4.031638e+02      0.78            0.13            1.16067     0.00551       0.47  %   50000     
4.033253e+02      0.64            0.13            1.20193     0.00565       0.47  %   70000     
4.035331e+02      0.52            0.12            1.23422     0.00584       0.47  %   90000     
4.036335e+02      0.48            0.12            1.24888     0.00621       0.50  %   90000     
4.037687e+02      0.43            0.13            1.29282     0.00674       0.52  %   100000    
4.040302e+02      0.35            0.12            1.33345     0.00780       0.58  %   100000    
4.043352e+02      0.30            0.12            1.39929     0.00924       0.66  %   100000    
4.047016e+02      0.25            0.12            1.47226     0.01085       0.74  %   100000    
4.049791e+02      0.22            0.11            1.50261     0.01170       0.78  %   100000    
4.051536e+02      0.21            0.11            1.53590     0.01250       0.81  %   100000    
4.056876e+02      0.17            0.11            1.64316     0.01477       0.90  %   100000    
4.063770e+02      0.15            0.11            1.74095     0.01706       0.98  %   100000    
4.070664e+02      0.13            0.10            1.81258     0.01885       1.04  %   100000    
4.076179e+02      0.12            0.11            1.88476     0.02022       1.07  %   100000    
4.080460e+02      0.11            0.10            1.92255     0.02120       1.10  %   100000    
4.093305e+02      0.10            0.07            1.65788     0.01881       1.13  %   100000    
4.110431e+02      0.09            0.00            1.05107     0.00544       0.52  %   100000    
4.134059e+02      0.09            0.00            1.02463     0.00493       0.48  %   60000     
4.147759e+02      0.09            0.00            1.01749     0.00505       0.50  %   40000     
4.173675e+02      0.09            0.00            1.01276     0.00482       0.48  %   30000     
4.209467e+02      0.10            0.00            1.01251     0.00442       0.44  %   30000     
4.234524e+02      0.11            0.00            1.00803     0.00402       0.40  %   20000     
4.257138e+02      0.13            0.00            1.00670     0.00474       0.47  %   10000     
4.264676e+02      0.14            0.00            1.00773     0.00346       0.34  %   20000     
4.276980e+02      0.15            0.00            1.01353     0.00428       0.42  %   20000     
4.292785e+02      0.18            0.00            1.01094     0.00489       0.48  %   10000     
4.306792e+02      0.22            0.00            1.00525     0.00303       0.30  %   10000     
4.310294e+02      0.23            0.00            1.00327     0.00231       0.23  %   10000     
4.317297e+02      0.26            0.00            1.00427     0.00247       0.25  %   10000     
4.327314e+02      0.32            0.00            1.00341     0.00197       0.20  %   10000     
4.336079e+02      0.39            0.00            1.00454     0.00203       0.20  %   10000     
4.343839e+02      0.48            0.00            1.00436     0.00178       0.18  %   10000     
4.343926e+02      0.48            0.00            1.00217     0.00126       0.13  %   10000     
4.350521e+02      0.58            0.00            1.00411     0.00155       0.15  %   10000     
4.356319e+02      0.72            0.00            1.00288     0.00117       0.12  %   10000     
4.361537e+02      0.89            0.00            1.00276     0.00104       0.10  %   10000     
4.363099e+02      0.96            0.00            1.00185     0.00083       0.08  %   10000     
4.365965e+02      1.10            0.00            1.00168     0.00075       0.07  %   10000     
4.369011e+02      1.30            0.00            1.00149     0.00067       0.07  %   10000     
4.370129e+02      1.37            0.00            1.00259     0.00086       0.09  %   10000     
4.372867e+02      1.62            0.00            1.00209     0.00074       0.07  %   10000     
4.373599e+02      1.69            0.00            1.00129     0.00058       0.06  %   10000     
4.376722e+02      2.10            0.00            1.00164     0.00062       0.06  %   10000     
4.376838e+02      2.12            0.00            1.00140     0.00057       0.06  %   10000     
4.379287e+02      2.56            0.00            1.00177     0.00063       0.06  %   10000     
4.379760e+02      2.68            0.01            1.00349     0.00087       0.09  %   10000     
4.381748e+02      3.17            0.00            1.00085     0.00043       0.04  %   10000     
4.382130e+02      3.31            0.01            1.00231     0.00070       0.07  %   10000     
4.383934e+02      3.94            0.01            1.00229     0.00069       0.07  %   10000     
4.384044e+02      3.99            0.00            1.00124     0.00051       0.05  %   10000     
4.385684e+02      4.80            0.02            1.00330     0.00082       0.08  %   10000     
4.385847e+02      4.88            0.01            1.00186     0.00062       0.06  %   10000     
4.387050e+02      5.71            0.01            1.00227     0.00068       0.07  %   10000     
4.387487e+02      6.02            0.02            1.00313     0.00081       0.08  %   10000     
4.388362e+02      6.85            0.01            1.00167     0.00059       0.06  %   10000     
4.388800e+02      7.26            0.04            1.00549     0.00108       0.11  %   10000     
4.389455e+02      8.12            0.04            1.00465     0.00099       0.10  %   10000     
4.390043e+02      8.89            0.03            1.00387     0.00091       0.09  %   10000     
4.390390e+02      9.52            0.04            1.00430     0.00096       0.10  %   10000     
4.391246e+02      11.09           0.03            1.00286     0.00079       0.08  %   10000     
4.391325e+02      11.29           0.03            1.00264     0.00076       0.08  %   10000     
4.392167e+02      13.45           0.07            1.00539     0.00110       0.11  %   10000     
4.392298e+02      13.79           0.06            1.00408     0.00096       0.10  %   10000     
4.392932e+02      16.05           0.04            1.00275     0.00079       0.08  %   10000     
4.393282e+02      17.29           0.08            1.00467     0.00104       0.10  %   10000     
4.393698e+02      19.30           0.07            1.00351     0.00091       0.09  %   10000     
4.394157e+02      21.49           0.11            1.00503     0.00110       0.11  %   10000     
4.394463e+02      23.45           0.14            1.00599     0.00120       0.12  %   10000     
4.395031e+02      27.03           0.19            1.00689     0.00130       0.13  %   10000     
4.395228e+02      28.67           0.22            1.00762     0.00137       0.14  %   10000     
4.395906e+02      34.20           0.28            1.00832     0.00145       0.14  %   10000     
4.396037e+02      35.60           0.30            1.00831     0.00144       0.14  %   10000     
4.396890e+02      44.46           0.32            1.00724     0.00137       0.14  %   10000     
4.396923e+02      44.89           0.49            1.01085     0.00167       0.17  %   10000     
4.397896e+02      57.30           0.67            1.01165     0.00175       0.17  %   10000     
4.399186e+02      76.58           0.96            1.01248     0.00184       0.18  %   10000     
4.399405e+02      79.68           1.28            1.01612     0.00209       0.21  %   10000     
4.401744e+02      112.15          2.67            1.02376     0.00258       0.25  %   10000     
4.402007e+02      114.35          2.45            1.02142     0.00246       0.24  %   10000     
4.402794e+02      121.23          3.10            1.02559     0.00270       0.26  %   10000     
4.402969e+02      121.68          2.33            1.01911     0.00235       0.23  %   10000     
4.404049e+02      125.26          3.80            1.03037     0.00296       0.29  %   10000     
4.404109e+02      125.22          4.36            1.03482     0.00317       0.31  %   10000     
4.404236e+02      124.74          4.04            1.03238     0.00307       0.30  %   10000     
4.404499e+02      123.91          4.33            1.03493     0.00320       0.31  %   10000     
4.405112e+02      122.27          4.03            1.03295     0.00311       0.30  %   10000     
4.405287e+02      120.71          4.19            1.03469     0.00320       0.31  %   10000     
4.406424e+02      111.29          5.29            1.04756     0.00377       0.36  %   10000     
4.406511e+02      110.09          4.65            1.04228     0.00356       0.34  %   10000     
4.408436e+02      83.72           4.51            1.05392     0.00409       0.39  %   10000     
4.408720e+02      79.62           4.29            1.05394     0.00410       0.39  %   10000     
4.410185e+02      58.08           3.31            1.05706     0.00430       0.41  %   10000     
4.410447e+02      54.87           2.93            1.05341     0.00416       0.40  %   10000     
4.411322e+02      43.72           2.51            1.05748     0.00440       0.42  %   10000     
4.411650e+02      40.44           2.37            1.05856     0.00444       0.42  %   10000     
4.412306e+02      33.69           2.51            1.07457     0.00509       0.47  %   10000     
4.412743e+02      30.21           2.17            1.07177     0.00501       0.47  %   10000     
4.413181e+02      26.66           1.91            1.07172     0.00509       0.47  %   10000     
4.413727e+02      23.29           1.60            1.06854     0.00501       0.47  %   10000     
4.414055e+02      21.22           1.57            1.07399     0.00372       0.35  %   20000     
4.414821e+02      17.62           1.27            1.07229     0.00373       0.35  %   20000     
4.414930e+02      17.09           1.39            1.08116     0.00397       0.37  %   20000     
4.415914e+02      13.65           1.21            1.08856     0.00424       0.39  %   20000     
4.416987e+02      10.94           1.02            1.09358     0.00447       0.41  %   20000     
4.417158e+02      10.63           0.96            1.09062     0.00441       0.40  %   20000     
4.418183e+02      8.79            0.84            1.09607     0.00466       0.43  %   20000     
4.418524e+02      8.36            0.81            1.09722     0.00470       0.43  %   20000     
4.419522e+02      7.10            0.83            1.11642     0.00528       0.47  %   20000     
4.420342e+02      6.36            0.71            1.11183     0.00522       0.47  %   20000     
4.421053e+02      5.73            0.65            1.11417     0.00539       0.48  %   20000     
4.422310e+02      4.92            0.62            1.12678     0.00472       0.42  %   30000     
4.422638e+02      4.71            0.61            1.13040     0.00484       0.43  %   30000     
4.424551e+02      3.83            0.52            1.13484     0.00509       0.45  %   30000     
4.424989e+02      3.68            0.51            1.13787     0.00517       0.45  %   30000     
4.426738e+02      3.10            0.48            1.15305     0.00563       0.49  %   30000     
4.427910e+02      2.83            0.45            1.15763     0.00578       0.50  %   30000     
4.429301e+02      2.50            0.42            1.16871     0.00533       0.46  %   40000     
4.431586e+02      2.13            0.38            1.17711     0.00561       0.48  %   40000     
4.432312e+02      2.01            0.39            1.19192     0.00593       0.50  %   40000     
4.435439e+02      1.65            0.35            1.21242     0.00583       0.48  %   50000     
4.436934e+02      1.53            0.32            1.21223     0.00589       0.49  %   50000     
4.439012e+02      1.36            0.31            1.22489     0.00571       0.47  %   60000     
4.442674e+02      1.14            0.30            1.25918     0.00587       0.47  %   70000     
4.442751e+02      1.14            0.29            1.25233     0.00626       0.50  %   60000     
4.447068e+02      0.96            0.27            1.27573     0.00631       0.49  %   70000     
4.451796e+02      0.83            0.26            1.30747     0.00639       0.49  %   80000     
4.451833e+02      0.83            0.24            1.29032     0.00622       0.48  %   80000     
4.457348e+02      0.73            0.23            1.31209     0.00622       0.47  %   90000     
4.463966e+02      0.67            0.20            1.29907     0.00643       0.49  %   80000     
4.464713e+02      0.67            0.20            1.29793     0.00639       0.49  %   80000     
4.468378e+02      0.67            0.19            1.28843     0.00619       0.48  %   80000     
4.472860e+02      0.69            0.18            1.26923     0.00615       0.48  %   70000     
4.477341e+02      0.74            0.17            1.22647     0.00573       0.47  %   60000     
4.480703e+02      0.82            0.16            1.19090     0.00541       0.45  %   50000     
4.484064e+02      0.94            0.14            1.14926     0.00570       0.50  %   30000     
4.487073e+02      1.10            0.12            1.11189     0.00453       0.41  %   30000     
4.489760e+02      1.33            0.11            1.08233     0.00434       0.40  %   20000     
4.491679e+02      1.57            0.09            1.05516     0.00466       0.44  %   10000     
4.491939e+02      1.62            0.10            1.06354     0.00494       0.46  %   10000     
4.493497e+02      1.89            0.08            1.04332     0.00382       0.37  %   10000     
4.495072e+02      2.30            0.08            1.03284     0.00309       0.30  %   10000     
4.496385e+02      2.79            0.07            1.02579     0.00255       0.25  %   10000     
4.497377e+02      3.33            0.06            1.01686     0.00195       0.19  %   10000     
4.497407e+02      3.35            0.05            1.01499     0.00184       0.18  %   10000     
4.497604e+02      3.50            0.05            1.01506     0.00182       0.18  %   10000     
4.498356e+02      4.09            0.05            1.01191     0.00156       0.15  %   10000     
4.498968e+02      4.78            0.05            1.01147     0.00148       0.15  %   10000     
4.499115e+02      4.94            0.04            1.00813     0.00124       0.12  %   10000     
4.499805e+02      6.01            0.04            1.00725     0.00113       0.11  %   10000     
4.500117e+02      6.68            0.04            1.00529     0.00095       0.09  %   10000     
4.500525e+02      7.56            0.04            1.00547     0.00095       0.09  %   10000     
4.500837e+02      8.47            0.04            1.00484     0.00088       0.09  %   10000     
4.501125e+02      9.31            0.04            1.00445     0.00084       0.08  %   10000     
4.501557e+02      10.98           0.06            1.00509     0.00088       0.09  %   10000     
4.501726e+02      11.63           0.04            1.00353     0.00074       0.07  %   10000     
4.502230e+02      14.18           0.06            1.00420     0.00079       0.08  %   10000     
4.502326e+02      14.67           0.05            1.00359     0.00073       0.07  %   10000     
4.502830e+02      17.99           0.11            1.00589     0.00093       0.09  %   10000     
4.502986e+02      19.02           0.07            1.00353     0.00072       0.07  %   10000     
4.503430e+02      22.79           0.08            1.00335     0.00070       0.07  %   10000     
4.503622e+02      24.41           0.09            1.00350     0.00071       0.07  %   10000     
4.504105e+02      29.62           0.13            1.00448     0.00080       0.08  %   10000     
4.504391e+02      32.69           0.11            1.00334     0.00070       0.07  %   10000     
4.504786e+02      38.03           0.16            1.00434     0.00079       0.08  %   10000     
4.505181e+02      43.31           0.13            1.00291     0.00065       0.06  %   10000     
4.505562e+02      49.62           0.09            1.00188     0.00052       0.05  %   10000     
4.506293e+02      61.47           0.22            1.00366     0.00073       0.07  %   10000     
4.506619e+02      67.36           0.28            1.00410     0.00077       0.08  %   10000     
4.508924e+02      107.21          0.80            1.00746     0.00105       0.10  %   10000     
4.509385e+02      112.49          0.69            1.00617     0.00096       0.10  %   10000     
4.509923e+02      118.67          0.77            1.00648     0.00099       0.10  %   10000     
4.510538e+02      121.44          0.96            1.00794     0.00110       0.11  %   10000     
4.511010e+02      123.67          0.83            1.00672     0.00101       0.10  %   10000     
4.511114e+02      123.69          1.17            1.00949     0.00120       0.12  %   10000     
4.511498e+02      122.30          1.08            1.00881     0.00116       0.12  %   10000     
4.511786e+02      121.29          0.88            1.00729     0.00106       0.11  %   10000     
4.512017e+02      120.53          1.27            1.01054     0.00127       0.13  %   10000     
4.512939e+02      110.81          1.00            1.00901     0.00119       0.12  %   10000     
4.513208e+02      108.01          0.97            1.00901     0.00119       0.12  %   10000     
4.514284e+02      90.07           1.30            1.01448     0.00153       0.15  %   10000     
4.515052e+02      76.98           0.98            1.01274     0.00145       0.14  %   10000     
4.516547e+02      50.72           0.95            1.01879     0.00181       0.18  %   10000     
4.517003e+02      44.03           0.82            1.01855     0.00181       0.18  %   10000     
4.517447e+02      37.42           0.72            1.01935     0.00188       0.18  %   10000     
4.518113e+02      29.49           0.57            1.01936     0.00192       0.19  %   10000     
4.518269e+02      27.61           0.66            1.02398     0.00215       0.21  %   10000     
4.518942e+02      21.28           0.61            1.02855     0.00241       0.23  %   10000     
4.519158e+02      19.69           0.57            1.02895     0.00245       0.24  %   10000     
4.519614e+02      16.33           0.54            1.03281     0.00268       0.26  %   10000     
4.519998e+02      14.14           0.48            1.03403     0.00278       0.27  %   10000     
4.520214e+02      12.91           0.50            1.03873     0.00301       0.29  %   10000     
4.520815e+02      10.28           0.40            1.03872     0.00313       0.30  %   10000     
4.520959e+02      9.80            0.41            1.04131     0.00325       0.31  %   10000     
4.521477e+02      8.10            0.35            1.04279     0.00344       0.33  %   10000     
4.522159e+02      6.46            0.38            1.05809     0.00419       0.40  %   10000     
4.522181e+02      6.41            0.31            1.04908     0.00386       0.37  %   10000     
4.522885e+02      5.19            0.30            1.05770     0.00440       0.42  %   10000     
4.523542e+02      4.39            0.34            1.07799     0.00530       0.49  %   10000     
4.523699e+02      4.20            0.27            1.06342     0.00485       0.46  %   10000     
4.524484e+02      3.51            0.27            1.07808     0.00399       0.37  %   20000     
4.525256e+02      3.03            0.27            1.09067     0.00445       0.41  %   20000     
4.525465e+02      2.90            0.29            1.09939     0.00472       0.43  %   20000     
4.526696e+02      2.37            0.25            1.10488     0.00515       0.47  %   20000     
4.527734e+02      2.07            0.25            1.11927     0.00465       0.42  %   30000     
4.528192e+02      1.93            0.23            1.11804     0.00474       0.42  %   30000     
4.529938e+02      1.57            0.23            1.14612     0.00562       0.49  %   30000     
4.531556e+02      1.34            0.20            1.14996     0.00518       0.45  %   40000     
4.531845e+02      1.30            0.22            1.16742     0.00553       0.47  %   40000     
4.534310e+02      1.05            0.21            1.19618     0.00576       0.48  %   50000     
4.536646e+02      0.88            0.19            1.21582     0.00584       0.48  %   60000     
4.537252e+02      0.85            0.19            1.22200     0.00598       0.49  %   60000     
4.539522e+02      0.74            0.19            1.25541     0.00587       0.47  %   80000     
4.542973e+02      0.61            0.17            1.27779     0.00617       0.48  %   90000     
4.545416e+02      0.55            0.17            1.31650     0.00647       0.49  %   100000    
4.546791e+02      0.51            0.17            1.32535     0.00673       0.51  %   100000    
4.551341e+02      0.43            0.16            1.37205     0.00766       0.56  %   100000    
4.557408e+02      0.36            0.15            1.42513     0.00873       0.61  %   100000    
4.564233e+02      0.31            0.15            1.47893     0.00983       0.66  %   100000    
4.571058e+02      0.27            0.14            1.52066     0.01069       0.70  %   100000    
4.581296e+02      0.24            0.13            1.54589     0.01137       0.74  %   100000    
4.584708e+02      0.23            0.13            1.55652     0.01153       0.74  %   100000    
4.591410e+02      0.22            0.13            1.57309     0.01188       0.76  %   100000    
4.604814e+02      0.21            0.06            1.30248     0.00870       0.67  %   100000    
4.611517e+02      0.21            0.02            1.08804     0.00523       0.48  %   80000     
4.626316e+02      0.21            0.00            1.01971     0.00478       0.47  %   20000     
4.644684e+02      0.23            0.00            1.01188     0.00343       0.34  %   20000     
4.658960e+02      0.26            0.00            1.01498     0.00499       0.49  %   10000     
4.672984e+02      0.30            0.00            1.00938     0.00355       0.35  %   10000     
4.676301e+02      0.32            0.00            1.01257     0.00397       0.39  %   10000     
4.684593e+02      0.36            0.00            1.00746     0.00282       0.28  %   10000     
4.694544e+02      0.43            0.00            1.00846     0.00268       0.27  %   10000     
4.703895e+02      0.53            0.00            1.00729     0.00220       0.22  %   10000     
4.711098e+02      0.64            0.00            1.00538     0.00170       0.17  %   10000     
4.711588e+02      0.65            0.00            1.00478     0.00159       0.16  %   10000     
4.718117e+02      0.79            0.00            1.00130     0.00075       0.07  %   10000     
4.724181e+02      0.97            0.00            1.00282     0.00100       0.10  %   10000     
4.727914e+02      1.13            0.00            1.00216     0.00082       0.08  %   10000     
4.729398e+02      1.19            0.00            1.00119     0.00059       0.06  %   10000     
4.734069e+02      1.47            0.00            1.00256     0.00081       0.08  %   10000     
4.734747e+02      1.52            0.00            1.00150     0.00061       0.06  %   10000     
4.738370e+02      1.82            0.00            1.00137     0.00056       0.06  %   10000     
4.739671e+02      1.97            0.01            1.00351     0.00088       0.09  %   10000     
4.742054e+02      2.25            0.00            1.00126     0.00051       0.05  %   10000     
4.742314e+02      2.29            0.01            1.00250     0.00072       0.07  %   10000     
4.744956e+02      2.73            0.00            1.00160     0.00057       0.06  %   10000     
4.745492e+02      2.81            0.01            1.00321     0.00080       0.08  %   10000     
4.747539e+02      3.29            0.00            1.00117     0.00048       0.05  %   10000     
4.748523e+02      3.52            0.00            1.00138     0.00052       0.05  %   10000     
4.749747e+02      3.91            0.01            1.00273     0.00073       0.07  %   10000     
4.750984e+02      4.31            0.01            1.00216     0.00065       0.07  %   10000     
4.751580e+02      4.58            0.01            1.00196     0.00062       0.06  %   10000     
4.753255e+02      5.33            0.02            1.00439     0.00093       0.09  %   10000     
4.753368e+02      5.40            0.02            1.00379     0.00087       0.09  %   10000     
4.754901e+02      6.35            0.02            1.00325     0.00081       0.08  %   10000     
4.755213e+02      6.55            0.02            1.00308     0.00079       0.08  %   10000     
4.756405e+02      7.58            0.04            1.00561     0.00108       0.11  %   10000     
4.757001e+02      8.09            0.02            1.00212     0.00067       0.07  %   10000     
4.757597e+02      8.82            0.02            1.00277     0.00077       0.08  %   10000     
4.758534e+02      9.94            0.06            1.00614     0.00116       0.12  %   10000     
4.758741e+02      10.30           0.05            1.00461     0.00100       0.10  %   10000     
4.759794e+02      12.08           0.07            1.00542     0.00111       0.11  %   10000     
4.759939e+02      12.32           0.07            1.00570     0.00114       0.11  %   10000     
4.760696e+02      14.14           0.05            1.00370     0.00093       0.09  %   10000     
4.761190e+02      15.31           0.12            1.00808     0.00138       0.14  %   10000     
4.761565e+02      16.54           0.12            1.00716     0.00131       0.13  %   10000     
4.762132e+02      18.38           0.09            1.00467     0.00107       0.11  %   10000     
4.762473e+02      19.88           0.15            1.00738     0.00135       0.13  %   10000     
4.763154e+02      22.85           0.16            1.00686     0.00132       0.13  %   10000     
4.763268e+02      23.53           0.11            1.00483     0.00111       0.11  %   10000     
4.764062e+02      28.19           0.19            1.00682     0.00134       0.13  %   10000     
4.764834e+02      34.16           0.33            1.00968     0.00161       0.16  %   10000     
4.764971e+02      35.18           0.33            1.00952     0.00161       0.16  %   10000     
4.765652e+02      41.99           0.43            1.01022     0.00168       0.17  %   10000     
4.765879e+02      44.19           0.51            1.01151     0.00179       0.18  %   10000     
4.766537e+02      52.59           0.63            1.01192     0.00183       0.18  %   10000     
4.766900e+02      57.03           0.89            1.01566     0.00213       0.21  %   10000     
4.767445e+02      65.60           0.92            1.01398     0.00201       0.20  %   10000     
4.767968e+02      73.38           1.20            1.01642     0.00221       0.22  %   10000     
4.768512e+02      83.40           1.47            1.01764     0.00229       0.23  %   10000     
4.769307e+02      96.89           2.29            1.02369     0.00269       0.26  %   10000     
4.769943e+02      108.36          2.72            1.02510     0.00278       0.27  %   10000     
4.772168e+02      143.22          4.95            1.03454     0.00331       0.32  %   10000     
4.772531e+02      146.17          5.07            1.03470     0.00334       0.32  %   10000     
4.773530e+02      155.00          5.38            1.03469     0.00335       0.32  %   10000     
4.774717e+02      157.97          7.49            1.04742     0.00394       0.38  %   10000     
4.774846e+02      157.44          6.19            1.03935     0.00360       0.35  %   10000     
4.775482e+02      156.07          7.15            1.04579     0.00389       0.37  %   10000     
4.775937e+02      152.25          7.29            1.04789     0.00400       0.38  %   10000     
4.776664e+02      147.34          7.80            1.05296     0.00421       0.40  %   10000     
4.777208e+02      139.90          6.39            1.04570     0.00395       0.38  %   10000     
4.778298e+02      125.75          7.57            1.06018     0.00454       0.43  %   10000     
4.779252e+02      110.13          6.96            1.06321     0.00470       0.44  %   10000     
4.780762e+02      82.89           6.15            1.07421     0.00520       0.48  %   10000     
4.781318e+02      74.27           5.89            1.07935     0.00380       0.35  %   20000     
4.781988e+02      63.13           5.38            1.08520     0.00400       0.37  %   20000     
4.782567e+02      55.42           4.39            1.07914     0.00387       0.36  %   20000     
4.782976e+02      49.70           4.59            1.09230     0.00423       0.39  %   20000     
4.783702e+02      41.71           3.82            1.09158     0.00424       0.39  %   20000     
4.783884e+02      39.63           3.64            1.09191     0.00428       0.39  %   20000     
4.784792e+02      31.66           3.30            1.10432     0.00464       0.42  %   20000     
4.784837e+02      31.36           3.10            1.09899     0.00452       0.41  %   20000     
4.785700e+02      25.50           2.63            1.10328     0.00471       0.43  %   20000     
4.785973e+02      24.14           2.46            1.10200     0.00469       0.43  %   20000     
4.786722e+02      20.31           2.29            1.11273     0.00503       0.45  %   20000     
4.787108e+02      18.89           2.12            1.11230     0.00503       0.45  %   20000     
4.787744e+02      16.51           1.90            1.11500     0.00520       0.47  %   20000     
4.788470e+02      14.56           1.64            1.11258     0.00518       0.47  %   20000     
4.788944e+02      13.27           1.66            1.12486     0.00554       0.49  %   20000     
4.789953e+02      11.31           1.47            1.12981     0.00468       0.41  %   30000     
4.790145e+02      10.93           1.45            1.13280     0.00477       0.42  %   30000     
4.791456e+02      9.06            1.43            1.15818     0.00533       0.46  %   30000     
4.791733e+02      8.77            1.31            1.14914     0.00518       0.45  %   30000     
4.792989e+02      7.44            1.26            1.16930     0.00567       0.48  %   30000     
4.793783e+02      6.84            1.10            1.16099     0.00557       0.48  %   30000     
4.794776e+02      6.08            1.08            1.17847     0.00520       0.44  %   40000     
4.796621e+02      5.05            0.90            1.17892     0.00534       0.45  %   40000     
4.796735e+02      4.99            0.93            1.18727     0.00547       0.46  %   40000     
4.799005e+02      4.06            0.86            1.21274     0.00541       0.45  %   50000     
4.800027e+02      3.77            0.77            1.20406     0.00598       0.50  %   40000     
4.801617e+02      3.30            0.77            1.23283     0.00588       0.48  %   50000     
4.803876e+02      2.82            0.67            1.23591     0.00607       0.49  %   50000     
4.804478e+02      2.69            0.69            1.25644     0.00585       0.47  %   60000     
4.807765e+02      2.19            0.60            1.27266     0.00630       0.49  %   60000     
4.808611e+02      2.10            0.57            1.27135     0.00632       0.50  %   60000     
4.811620e+02      1.77            0.55            1.31331     0.00655       0.50  %   70000     
4.814925e+02      1.51            0.51            1.33986     0.00658       0.49  %   80000     
4.815676e+02      1.45            0.49            1.33667     0.00663       0.50  %   80000     
4.820184e+02      1.20            0.44            1.37028     0.00651       0.47  %   100000    
4.821362e+02      1.15            0.44            1.38315     0.00666       0.48  %   100000    
4.825444e+02      0.99            0.41            1.41943     0.00727       0.51  %   100000    
4.831753e+02      0.81            0.38            1.46511     0.00799       0.55  %   100000    
4.832091e+02      0.81            0.37            1.45211     0.00788       0.54  %   100000    
4.838963e+02      0.68            0.34            1.49235     0.00857       0.57  %   100000    
4.844433e+02      0.62            0.32            1.50748     0.00881       0.58  %   100000    
4.846172e+02      0.60            0.31            1.51254     0.00892       0.59  %   100000    
4.854124e+02      0.56            0.27            1.48353     0.00866       0.58  %   100000    
4.856775e+02      0.56            0.27            1.48030     0.00855       0.58  %   100000    
4.863299e+02      0.58            0.23            1.40618     0.00750       0.53  %   100000    
4.867648e+02      0.62            0.19            1.31011     0.00654       0.50  %   90000     
4.870910e+02      0.68            0.16            1.23925     0.00614       0.50  %   70000     
4.874172e+02      0.78            0.12            1.15680     0.00545       0.47  %   50000     
4.876735e+02      0.90            0.09            1.10044     0.00523       0.47  %   30000     
4.878870e+02      1.05            0.06            1.06139     0.00463       0.44  %   20000     
4.880579e+02      1.22            0.06            1.05082     0.00392       0.37  %   20000     
4.880880e+02      1.26            0.06            1.04356     0.00505       0.48  %   10000     
4.882289e+02      1.47            0.04            1.02451     0.00353       0.34  %   10000     
4.883571e+02      1.76            0.04            1.02491     0.00329       0.32  %   10000     
4.884598e+02      2.09            0.04            1.01894     0.00267       0.26  %   10000     
4.885409e+02      2.47            0.05            1.01999     0.00257       0.25  %   10000     
4.885442e+02      2.48            0.04            1.01559     0.00227       0.22  %   10000     
4.886128e+02      2.94            0.02            1.00739     0.00148       0.15  %   10000     
4.886272e+02      3.03            0.03            1.01073     0.00176       0.17  %   10000     
4.887018e+02      3.72            0.04            1.01103     0.00168       0.17  %   10000     
4.887566e+02      4.44            0.04            1.00976     0.00150       0.15  %   10000     
4.887765e+02      4.70            0.03            1.00726     0.00128       0.13  %   10000     
4.888386e+02      5.80            0.03            1.00559     0.00107       0.11  %   10000     
4.888808e+02      6.79            0.03            1.00504     0.00099       0.10  %   10000     
4.889007e+02      7.25            0.04            1.00532     0.00100       0.10  %   10000     
4.889629e+02      9.13            0.03            1.00284     0.00071       0.07  %   10000     
4.889803e+02      9.81            0.03            1.00329     0.00076       0.08  %   10000     
4.890312e+02      11.80           0.04            1.00334     0.00075       0.07  %   10000     
4.890672e+02      13.62           0.05            1.00372     0.00077       0.08  %   10000     
4.891095e+02      15.76           0.04            1.00254     0.00064       0.06  %   10000     
4.891542e+02      18.67           0.06            1.00340     0.00072       0.07  %   10000     
4.891959e+02      21.37           0.06            1.00276     0.00065       0.06  %   10000     
4.892375e+02      24.76           0.08            1.00332     0.00071       0.07  %   10000     
4.892974e+02      29.59           0.07            1.00240     0.00060       0.06  %   10000     
4.893471e+02      34.38           0.15            1.00430     0.00080       0.08  %   10000     
4.895260e+02      51.27           0.17            1.00327     0.00070       0.07  %   10000     
4.895976e+02      57.90           0.20            1.00341     0.00071       0.07  %   10000     
4.897090e+02      65.06           0.16            1.00241     0.00060       0.06  %   10000     
4.897249e+02      66.08           0.33            1.00496     0.00086       0.09  %   10000     
4.898401e+02      68.64           0.38            1.00551     0.00092       0.09  %   10000     
4.898405e+02      68.63           0.37            1.00535     0.00090       0.09  %   10000     
4.899257e+02      66.86           0.42            1.00622     0.00098       0.10  %   10000     
4.899416e+02      66.54           0.36            1.00544     0.00092       0.09  %   10000     
4.900291e+02      61.21           0.35            1.00573     0.00095       0.09  %   10000     
4.900689e+02      58.80           0.54            1.00911     0.00120       0.12  %   10000     
4.901484e+02      51.50           0.47            1.00905     0.00122       0.12  %   10000     
4.903962e+02      28.31           0.24            1.00850     0.00125       0.12  %   10000     
4.904914e+02      20.81           0.32            1.01545     0.00174       0.17  %   10000     
4.904957e+02      20.54           0.32            1.01569     0.00176       0.17  %   10000     
4.905709e+02      15.73           0.32            1.02020     0.00207       0.20  %   10000     
4.906355e+02      12.45           0.25            1.02001     0.00214       0.21  %   10000     
4.906417e+02      12.13           0.28            1.02300     0.00230       0.22  %   10000     
4.907088e+02      9.45            0.23            1.02475     0.00250       0.24  %   10000     
4.907548e+02      8.04            0.22            1.02786     0.00273       0.27  %   10000     
4.907760e+02      7.39            0.22            1.03012     0.00290       0.28  %   10000     
4.908468e+02      5.76            0.20            1.03473     0.00329       0.32  %   10000     
4.908890e+02      5.03            0.20            1.04020     0.00365       0.35  %   10000     
4.909089e+02      4.69            0.18            1.03866     0.00365       0.35  %   10000     
4.909835e+02      3.75            0.14            1.03767     0.00383       0.37  %   10000     
4.910196e+02      3.43            0.18            1.05165     0.00457       0.43  %   10000     
4.910643e+02      3.03            0.14            1.04766     0.00456       0.44  %   10000     
4.911484e+02      2.52            0.17            1.06840     0.00407       0.38  %   20000     
4.911502e+02      2.51            0.14            1.05623     0.00369       0.35  %   20000     
4.912324e+02      2.16            0.15            1.06919     0.00430       0.40  %   20000     
4.913444e+02      1.84            0.14            1.07451     0.00468       0.44  %   20000     
4.914757e+02      1.60            0.12            1.07653     0.00492       0.46  %   20000     
4.914915e+02      1.57            0.14            1.08688     0.00527       0.48  %   20000     
4.916671e+02      1.38            0.12            1.08392     0.00537       0.50  %   20000     
4.918777e+02      1.27            0.12            1.09199     0.00465       0.43  %   30000     
4.920182e+02      1.25            0.12            1.09411     0.00465       0.43  %   30000     
4.921304e+02      1.27            0.12            1.09119     0.00448       0.41  %   30000     
4.921747e+02      1.28            0.10            1.08058     0.00513       0.47  %   20000     
4.923311e+02      1.38            0.11            1.07990     0.00487       0.45  %   20000     
4.924616e+02      1.54            0.10            1.06245     0.00406       0.38  %   20000     
4.925659e+02      1.75            0.10            1.05778     0.00518       0.49  %   10000     
4.926572e+02      2.05            0.12            1.05749     0.00481       0.45  %   10000     
4.927354e+02      2.43            0.07            1.02928     0.00320       0.31  %   10000     
4.928006e+02      2.90            0.11            1.03849     0.00342       0.33  %   10000     
4.928037e+02      2.93            0.09            1.03208     0.00311       0.30  %   10000     
4.928693e+02      3.59            0.10            1.02740     0.00269       0.26  %   10000     
4.929353e+02      4.52            0.09            1.01890     0.00208       0.20  %   10000     
4.929699e+02      5.20            0.08            1.01491     0.00178       0.17  %   10000     
4.930013e+02      5.81            0.07            1.01230     0.00157       0.16  %   10000     
4.930673e+02      7.54            0.09            1.01183     0.00145       0.14  %   10000     
4.930777e+02      7.91            0.10            1.01300     0.00151       0.15  %   10000     
4.931354e+02      9.93            0.11            1.01138     0.00136       0.13  %   10000     
4.931689e+02      11.44           0.12            1.01010     0.00125       0.12  %   10000     
4.932006e+02      12.88           0.10            1.00741     0.00106       0.10  %   10000     
4.932622e+02      16.39           0.11            1.00644     0.00096       0.10  %   10000     
4.932743e+02      17.08           0.11            1.00654     0.00096       0.10  %   10000     
4.933480e+02      22.37           0.12            1.00545     0.00086       0.09  %   10000     
4.933666e+02      23.71           0.14            1.00610     0.00091       0.09  %   10000     
4.934559e+02      31.62           0.22            1.00711     0.00097       0.10  %   10000     
4.934980e+02      35.33           0.19            1.00525     0.00083       0.08  %   10000     
4.935836e+02      43.24           0.20            1.00469     0.00078       0.08  %   10000     
4.937179e+02      55.48           0.34            1.00611     0.00089       0.09  %   10000     
4.938432e+02      62.93           0.33            1.00527     0.00083       0.08  %   10000     
4.938551e+02      63.16           0.34            1.00542     0.00084       0.08  %   10000     
4.939441e+02      64.90           0.49            1.00761     0.00101       0.10  %   10000     
4.939923e+02      63.80           0.46            1.00718     0.00098       0.10  %   10000     
4.940565e+02      62.35           0.61            1.00972     0.00115       0.11  %   10000     
4.940803e+02      60.89           0.70            1.01146     0.00125       0.12  %   10000     
4.941639e+02      55.79           0.64            1.01141     0.00126       0.12  %   10000     
4.941997e+02      52.57           0.56            1.01074     0.00124       0.12  %   10000     
4.943617e+02      37.86           0.58            1.01521     0.00152       0.15  %   10000     
4.943787e+02      36.33           0.51            1.01397     0.00147       0.14  %   10000     
4.945002e+02      25.28           0.47            1.01875     0.00178       0.17  %   10000     
4.945935e+02      18.27           0.47            1.02591     0.00219       0.21  %   10000     
4.946569e+02      14.43           0.41            1.02838     0.00238       0.23  %   10000     
4.946680e+02      13.75           0.36            1.02583     0.00230       0.22  %   10000     
4.947426e+02      10.19           0.34            1.03319     0.00277       0.27  %   10000     
4.948060e+02      7.86            0.30            1.03852     0.00315       0.30  %   10000     
4.948079e+02      7.79            0.38            1.04844     0.00354       0.34  %   10000     
4.948682e+02      6.08            0.34            1.05552     0.00404       0.38  %   10000     
4.949329e+02      4.68            0.30            1.06451     0.00469       0.44  %   10000     
4.949706e+02      4.08            0.29            1.07151     0.00512       0.48  %   10000     
4.949975e+02      3.66            0.33            1.08994     0.00421       0.39  %   20000     
4.950622e+02      2.91            0.29            1.09874     0.00476       0.43  %   20000     
4.951274e+02      2.36            0.30            1.12555     0.00469       0.42  %   30000     
4.951352e+02      2.31            0.27            1.11634     0.00557       0.50  %   20000     
4.952041e+02      1.90            0.28            1.14508     0.00546       0.48  %   30000     
4.952698e+02      1.62            0.25            1.15691     0.00522       0.45  %   40000     
4.953574e+02      1.35            0.26            1.19347     0.00554       0.46  %   50000     
4.954624e+02      1.13            0.25            1.22550     0.00582       0.48  %   60000     
4.954784e+02      1.11            0.25            1.22977     0.00592       0.48  %   60000     
4.955834e+02      0.95            0.25            1.26551     0.00625       0.49  %   70000     
4.957563e+02      0.78            0.24            1.31081     0.00644       0.49  %   90000     
4.959453e+02      0.66            0.24            1.36560     0.00708       0.52  %   100000    
4.959638e+02      0.64            0.24            1.37236     0.00720       0.52  %   100000    
4.962157e+02      0.53            0.23            1.42514     0.00833       0.58  %   100000    
4.965200e+02      0.44            0.23            1.52286     0.00997       0.65  %   100000    
4.967532e+02      0.39            0.22            1.55899     0.01079       0.69  %   100000    
4.968408e+02      0.37            0.22            1.59063     0.01132       0.71  %   100000    
4.972818e+02      0.31            0.22            1.70586     0.01337       0.78  %   100000    
4.977228e+02      0.27            0.21            1.78980     0.01502       0.84  %   100000    
4.981195e+02      0.24            0.20            1.84555     0.01620       0.88  %   100000    
4.982835e+02      0.23            0.20            1.88218     0.01690       0.90  %   100000    
4.989728e+02      0.20            0.19            1.98926     0.01907       0.96  %   100000    
4.998001e+02      0.17            0.15            1.91528     0.01948       1.02  %   100000    
5.007956e+02      0.15            0.10            1.68435     0.01779       1.06  %   100000    
5.009090e+02      0.15            0.10            1.66983     0.01766       1.06  %   100000    
5.022352e+02      0.13            0.09            1.72915     0.01951       1.13  %   100000    
5.042583e+02      0.11            0.04            1.37789     0.01491       1.08  %   100000    
5.063637e+02      0.10            0.00            1.04703     0.00547       0.52  %   100000    
5.075130e+02      0.09            0.00            1.04471     0.00538       0.52  %   100000    
5.087695e+02      0.09            0.00            1.01606     0.00463       0.46  %   50000     
5.121649e+02      0.08            0.00            1.02193     0.00503       0.49  %   60000     
5.166956e+02      0.08            0.00            1.00676     0.00390       0.39  %   30000     
5.204703e+02      0.08            0.00            1.01740     0.00465       0.46  %   50000     
5.228625e+02      0.09            0.00            1.00938     0.00419       0.42  %   30000     
5.250932e+02      0.10            0.00            1.00974     0.00397       0.39  %   30000     
5.265265e+02      0.11            0.00            1.00846     0.00423       0.42  %   20000     
5.277161e+02      0.13            0.00            1.00354     0.00354       0.35  %   10000     
5.285658e+02      0.15            0.00            1.01197     0.00423       0.42  %   20000     
5.292456e+02      0.17            0.00            1.00759     0.00438       0.43  %   10000     
5.298277e+02      0.21            0.00            1.00848     0.00424       0.42  %   10000     
5.299705e+02      0.22            0.00            1.00401     0.00284       0.28  %   10000     
5.303267e+02      0.25            0.00            1.00349     0.00247       0.25  %   10000     
5.307420e+02      0.29            0.00            1.00431     0.00249       0.25  %   10000     
5.311288e+02      0.36            0.00            1.00349     0.00202       0.20  %   10000     
5.314051e+02      0.43            0.00            1.00294     0.00170       0.17  %   10000     
5.316241e+02      0.50            0.00            1.00335     0.00167       0.17  %   10000     
5.316825e+02      0.52            0.00            1.00241     0.00139       0.14  %   10000     
5.319045e+02      0.63            0.00            1.00267     0.00134       0.13  %   10000     
5.321099e+02      0.76            0.00            1.00221     0.00111       0.11  %   10000     
5.322819e+02      0.93            0.00            1.00093     0.00066       0.07  %   10000     
5.324252e+02      1.13            0.00            1.00118     0.00068       0.07  %   10000     
5.325544e+02      1.38            0.00            1.00235     0.00089       0.09  %   10000     
5.326624e+02      1.70            0.00            1.00087     0.00050       0.05  %   10000     
5.326831e+02      1.78            0.00            1.00140     0.00062       0.06  %   10000     
5.327133e+02      1.91            0.00            1.00107     0.00053       0.05  %   10000     
5.327488e+02      2.06            0.00            1.00026     0.00026       0.03  %   10000     
5.328244e+02      2.50            0.00            1.00046     0.00033       0.03  %   10000     
5.328392e+02      2.62            0.00            1.00134     0.00055       0.05  %   10000     
5.328976e+02      3.09            0.00            1.00104     0.00047       0.05  %   10000     
5.329374e+02      3.53            0.01            1.00177     0.00059       0.06  %   10000     
5.329657e+02      3.84            0.00            1.00038     0.00027       0.03  %   10000     
5.330338e+02      4.86            0.01            1.00107     0.00044       0.04  %   10000     
5.330354e+02      4.89            0.00            1.00071     0.00036       0.04  %   10000     
5.330992e+02      6.15            0.00            1.00067     0.00034       0.03  %   10000     
5.331090e+02      6.41            0.00            1.00033     0.00024       0.02  %   10000     
5.331604e+02      7.73            0.00            1.00049     0.00028       0.03  %   10000     
5.331825e+02      8.46            0.00            1.00032     0.00022       0.02  %   10000     
5.332339e+02      10.18           0.00            1.00047     0.00027       0.03  %   10000     
5.332609e+02      11.34           0.01            1.00046     0.00027       0.03  %   10000     
5.333099e+02      13.46           0.00            1.00015     0.00015       0.02  %   10000     
5.333319e+02      14.69           0.01            1.00076     0.00034       0.03  %   10000     
5.333981e+02      18.35           0.03            1.00181     0.00052       0.05  %   10000     
5.334177e+02      19.72           0.01            1.00045     0.00026       0.03  %   10000     
5.335022e+02      25.61           0.01            1.00045     0.00026       0.03  %   10000     
5.335147e+02      26.68           0.02            1.00089     0.00037       0.04  %   10000     
5.336411e+02      37.34           0.04            1.00105     0.00040       0.04  %   10000     
5.336646e+02      39.30           0.06            1.00150     0.00047       0.05  %   10000     
5.338450e+02      54.16           0.08            1.00152     0.00048       0.05  %   10000     
5.338999e+02      57.19           0.23            1.00400     0.00078       0.08  %   10000     
5.339684e+02      60.99           0.18            1.00293     0.00067       0.07  %   10000     
5.340292e+02      62.14           0.20            1.00328     0.00072       0.07  %   10000     
5.340841e+02      63.21           0.29            1.00454     0.00084       0.08  %   10000     
5.341325e+02      62.28           0.16            1.00254     0.00063       0.06  %   10000     
5.341684e+02      61.61           0.24            1.00383     0.00078       0.08  %   10000     
5.341919e+02      61.18           0.30            1.00494     0.00089       0.09  %   10000     
5.342938e+02      55.66           0.30            1.00539     0.00094       0.09  %   10000     
5.343174e+02      54.39           0.41            1.00752     0.00111       0.11  %   10000     
5.344428e+02      44.07           0.20            1.00459     0.00088       0.09  %   10000     
5.345290e+02      36.89           0.24            1.00663     0.00107       0.11  %   10000     
5.346817e+02      24.32           0.24            1.00999     0.00137       0.14  %   10000     
5.347420e+02      20.23           0.19            1.00952     0.00136       0.13  %   10000     
5.347750e+02      17.98           0.21            1.01182     0.00153       0.15  %   10000     
5.348572e+02      13.51           0.18            1.01329     0.00168       0.17  %   10000     
5.348632e+02      13.19           0.19            1.01405     0.00174       0.17  %   10000     
5.349367e+02      10.06           0.15            1.01479     0.00186       0.18  %   10000     
5.349808e+02      8.61            0.15            1.01717     0.00205       0.20  %   10000     
5.350102e+02      7.64            0.17            1.02188     0.00236       0.23  %   10000     
5.350715e+02      6.09            0.14            1.02248     0.00250       0.24  %   10000     
5.351033e+02      5.46            0.14            1.02483     0.00268       0.26  %   10000     
5.351327e+02      4.88            0.12            1.02406     0.00271       0.26  %   10000     
5.351940e+02      3.95            0.11            1.02723     0.00303       0.30  %   10000     
5.352259e+02      3.59            0.12            1.03372     0.00344       0.33  %   10000     
5.352642e+02      3.15            0.12            1.03819     0.00380       0.37  %   10000     
5.353358e+02      2.56            0.12            1.04838     0.00453       0.43  %   10000     
5.353771e+02      2.31            0.10            1.04373     0.00442       0.42  %   10000     
5.354164e+02      2.08            0.11            1.05268     0.00502       0.48  %   10000     
5.355060e+02      1.70            0.08            1.04878     0.00515       0.49  %   10000     
5.355913e+02      1.44            0.08            1.05751     0.00415       0.39  %   20000     
5.356155e+02      1.39            0.09            1.06606     0.00449       0.42  %   20000     
5.357151e+02      1.18            0.08            1.07150     0.00496       0.46  %   20000     
5.358636e+02      0.96            0.08            1.08554     0.00474       0.44  %   30000     
5.359845e+02      0.84            0.08            1.09552     0.00523       0.48  %   30000     
5.360392e+02      0.78            0.08            1.09997     0.00549       0.50  %   30000     
5.362419e+02      0.64            0.08            1.12150     0.00504       0.45  %   50000     
5.364783e+02      0.53            0.07            1.13979     0.00530       0.46  %   60000     
5.367272e+02      0.44            0.07            1.16912     0.00578       0.49  %   70000     
5.370258e+02      0.37            0.07            1.18456     0.00571       0.48  %   90000     
5.373566e+02      0.31            0.07            1.21858     0.00626       0.51  %   100000    
5.373730e+02      0.31            0.07            1.22150     0.00632       0.52  %   100000    
5.377664e+02      0.27            0.07            1.25691     0.00727       0.58  %   100000    
5.382581e+02      0.23            0.07            1.30376     0.00840       0.64  %   100000    
5.387619e+02      0.20            0.06            1.31993     0.00903       0.68  %   100000    
5.390209e+02      0.19            0.06            1.30601     0.00896       0.69  %   100000    
5.392900e+02      0.18            0.06            1.31615     0.00929       0.71  %   100000    
5.399942e+02      0.17            0.06            1.35690     0.01017       0.75  %   100000    
5.410505e+02      0.16            0.06            1.37061     0.01047       0.76  %   100000    
5.414026e+02      0.16            0.06            1.35928     0.01026       0.75  %   100000    
5.424522e+02      0.16            0.06            1.35220     0.00977       0.72  %   100000    
5.431520e+02      0.17            0.05            1.30037     0.00862       0.66  %   100000    
5.438518e+02      0.19            0.05            1.27606     0.00772       0.61  %   100000    
5.443653e+02      0.22            0.04            1.20688     0.00627       0.52  %   100000    
5.443881e+02      0.22            0.05            1.20872     0.00628       0.52  %   100000    
5.448562e+02      0.25            0.04            1.14669     0.00543       0.47  %   80000     
5.452654e+02      0.29            0.02            1.06765     0.00480       0.45  %   40000     
5.456594e+02      0.35            0.01            1.02689     0.00388       0.38  %   20000     
5.459168e+02      0.41            0.01            1.01535     0.00384       0.38  %   10000     
5.459565e+02      0.41            0.00            1.00937     0.00296       0.29  %   10000     
5.462040e+02      0.49            0.00            1.00781     0.00247       0.24  %   10000     
5.464367e+02      0.59            0.00            1.00579     0.00193       0.19  %   10000     
5.466372e+02      0.72            0.00            1.00427     0.00151       0.15  %   10000     
5.467559e+02      0.83            0.00            1.00188     0.00094       0.09  %   10000     
5.468043e+02      0.87            0.00            1.00314     0.00119       0.12  %   10000     
5.469346e+02      1.04            0.00            1.00346     0.00115       0.12  %   10000     
5.470557e+02      1.27            0.00            1.00164     0.00073       0.07  %   10000     
5.471526e+02      1.54            0.00            1.00114     0.00057       0.06  %   10000     
5.472156e+02      1.79            0.00            1.00103     0.00052       0.05  %   10000     
5.472421e+02      1.89            0.00            1.00075     0.00043       0.04  %   10000     
5.473093e+02      2.27            0.00            1.00068     0.00039       0.04  %   10000     
5.473253e+02      2.39            0.00            1.00022     0.00022       0.02  %   10000     
5.473850e+02      2.84            0.00            1.00143     0.00054       0.05  %   10000     
5.474362e+02      3.38            0.00            1.00038     0.00027       0.03  %   10000     
5.474523e+02      3.55            0.00            1.00131     0.00049       0.05  %   10000     
5.475172e+02      4.46            0.00            1.00070     0.00035       0.03  %   10000     
5.475202e+02      4.51            0.00            1.00087     0.00039       0.04  %   10000     
5.475859e+02      5.74            0.00            1.00033     0.00023       0.02  %   10000     
5.476042e+02      6.20            0.01            1.00097     0.00040       0.04  %   10000     
5.476546e+02      7.45            0.00            1.00063     0.00032       0.03  %   10000     
5.476844e+02      8.40            0.02            1.00186     0.00054       0.05  %   10000     
5.477233e+02      9.65            0.01            1.00062     0.00031       0.03  %   10000     
5.477530e+02      10.89           0.00            1.00045     0.00026       0.03  %   10000     
5.478034e+02      12.97           0.00            1.00030     0.00021       0.02  %   10000     
5.478332e+02      14.55           0.01            1.00060     0.00030       0.03  %   10000     
5.478891e+02      17.49           0.02            1.00119     0.00042       0.04  %   10000     
5.479127e+02      19.05           0.02            1.00089     0.00036       0.04  %   10000     
5.479936e+02      24.34           0.03            1.00119     0.00042       0.04  %   10000     
5.480064e+02      25.35           0.02            1.00059     0.00030       0.03  %   10000     
5.481372e+02      35.54           0.05            1.00150     0.00047       0.05  %   10000     
5.483057e+02      48.41           0.13            1.00274     0.00064       0.06  %   10000     
5.483789e+02      52.40           0.14            1.00262     0.00064       0.06  %   10000     
5.484357e+02      55.50           0.11            1.00201     0.00056       0.06  %   10000     
5.485034e+02      56.95           0.26            1.00455     0.00084       0.08  %   10000     
5.485520e+02      58.02           0.20            1.00345     0.00073       0.07  %   10000     
5.485656e+02      58.05           0.16            1.00267     0.00065       0.06  %   10000     
5.486298e+02      57.00           0.26            1.00447     0.00084       0.08  %   10000     
5.486554e+02      56.59           0.21            1.00369     0.00077       0.08  %   10000     
5.486664e+02      56.42           0.31            1.00545     0.00093       0.09  %   10000     
5.487763e+02      51.28           0.29            1.00558     0.00096       0.10  %   10000     
5.487836e+02      50.94           0.23            1.00460     0.00087       0.09  %   10000     
5.489228e+02      40.84           0.25            1.00615     0.00102       0.10  %   10000     
5.489521e+02      38.70           0.28            1.00723     0.00111       0.11  %   10000     
5.491396e+02      24.10           0.21            1.00883     0.00129       0.13  %   10000     
5.492330e+02      18.06           0.19            1.01071     0.00145       0.14  %   10000     
5.492479e+02      17.09           0.25            1.01451     0.00170       0.17  %   10000     
5.493349e+02      12.61           0.11            1.00872     0.00138       0.14  %   10000     
5.493669e+02      11.32           0.16            1.01429     0.00178       0.18  %   10000     
5.494150e+02      9.38            0.15            1.01594     0.00194       0.19  %   10000     
5.494814e+02      7.31            0.11            1.01572     0.00201       0.20  %   10000     
5.494837e+02      7.24            0.12            1.01605     0.00203       0.20  %   10000     
5.495523e+02      5.59            0.13            1.02270     0.00254       0.25  %   10000     
5.495958e+02      4.80            0.12            1.02558     0.00278       0.27  %   10000     
5.496210e+02      4.34            0.10            1.02402     0.00276       0.27  %   10000     
5.496876e+02      3.44            0.10            1.02941     0.00323       0.31  %   10000     
5.497233e+02      3.08            0.11            1.03508     0.00362       0.35  %   10000     
5.497531e+02      2.78            0.12            1.04163     0.00406       0.39  %   10000     
5.498279e+02      2.23            0.09            1.03987     0.00423       0.41  %   10000     
5.498595e+02      2.06            0.09            1.04530     0.00460       0.44  %   10000     
5.499027e+02      1.83            0.10            1.05249     0.00515       0.49  %   10000     
5.499893e+02      1.50            0.09            1.05998     0.00414       0.39  %   20000     
5.500773e+02      1.27            0.09            1.06744     0.00461       0.43  %   20000     
5.500948e+02      1.23            0.07            1.06042     0.00442       0.42  %   20000     
5.502121e+02      1.02            0.08            1.07844     0.00438       0.41  %   30000     
5.503528e+02      0.84            0.07            1.08082     0.00473       0.44  %   30000     
5.503688e+02      0.83            0.07            1.08133     0.00477       0.44  %   30000     
5.505156e+02      0.70            0.07            1.09929     0.00485       0.44  %   40000     
5.507110e+02      0.58            0.07            1.12028     0.00510       0.45  %   50000     
5.508622e+02      0.52            0.06            1.12338     0.00537       0.48  %   50000     
5.509220e+02      0.49            0.07            1.13227     0.00518       0.46  %   60000     
5.512112e+02      0.41            0.06            1.14921     0.00548       0.48  %   70000     
5.514674e+02      0.35            0.06            1.16887     0.00573       0.49  %   80000     
5.515485e+02      0.34            0.06            1.18009     0.00569       0.48  %   90000     
5.519698e+02      0.28            0.06            1.21617     0.00635       0.52  %   100000    
5.524571e+02      0.24            0.06            1.24186     0.00714       0.57  %   100000    
5.528148e+02      0.22            0.06            1.26624     0.00771       0.61  %   100000    
5.529444e+02      0.21            0.05            1.25481     0.00766       0.61  %   100000    
5.535625e+02      0.19            0.05            1.28867     0.00852       0.66  %   100000    
5.541806e+02      0.17            0.05            1.30348     0.00898       0.69  %   100000    
5.550048e+02      0.16            0.05            1.32141     0.00939       0.71  %   100000    
5.554968e+02      0.16            0.05            1.29313     0.00896       0.69  %   100000    
5.564058e+02      0.15            0.05            1.31072     0.00923       0.70  %   100000    
5.565706e+02      0.15            0.05            1.31428     0.00926       0.70  %   100000    
5.579962e+02      0.16            0.04            1.26909     0.00823       0.65  %   100000    
5.588872e+02      0.17            0.04            1.24160     0.00739       0.60  %   100000    
5.594218e+02      0.19            0.04            1.19138     0.00623       0.52  %   100000    
5.598053e+02      0.21            0.03            1.12597     0.00530       0.47  %   80000     
5.598108e+02      0.21            0.02            1.10918     0.00527       0.48  %   70000     
5.599970e+02      0.23            0.02            1.07552     0.00494       0.46  %   50000     
5.601568e+02      0.26            0.01            1.04881     0.00480       0.46  %   30000     
5.602687e+02      0.30            0.01            1.02983     0.00430       0.42  %   20000     
5.603645e+02      0.36            0.01            1.03297     0.00418       0.40  %   20000     
5.604444e+02      0.43            0.01            1.02077     0.00433       0.42  %   10000     
5.605137e+02      0.51            0.01            1.00994     0.00276       0.27  %   10000     
5.605830e+02      0.63            0.01            1.01019     0.00254       0.25  %   10000     
5.606522e+02      0.80            0.01            1.00734     0.00196       0.19  %   10000     
5.607215e+02      1.02            0.01            1.00560     0.00155       0.15  %   10000     
5.607908e+02      1.31            0.01            1.00428     0.00123       0.12  %   10000     
5.608712e+02      1.74            0.00            1.00204     0.00077       0.08  %   10000     
5.609612e+02      2.37            0.01            1.00216     0.00072       0.07  %   10000     
5.610103e+02      2.79            0.00            1.00109     0.00049       0.05  %   10000     
5.610758e+02      3.36            0.00            1.00080     0.00040       0.04  %   10000     
5.613625e+02      6.20            0.00            1.00062     0.00031       0.03  %   10000     
5.613678e+02      6.23            0.01            1.00093     0.00038       0.04  %   10000     
5.614935e+02      7.08            0.00            1.00060     0.00030       0.03  %   10000     
5.616060e+02      7.34            0.00            1.00045     0.00026       0.03  %   10000     
5.617200e+02      7.07            0.01            1.00091     0.00037       0.04  %   10000     
5.618510e+02      6.19            0.00            1.00080     0.00036       0.04  %   10000     
5.618614e+02      6.08            0.01            1.00161     0.00051       0.05  %   10000     
5.619662e+02      5.06            0.01            1.00243     0.00065       0.06  %   10000     
5.621855e+02      2.92            0.01            1.00248     0.00075       0.07  %   10000     
5.622838e+02      2.13            0.01            1.00296     0.00089       0.09  %   10000     
5.623622e+02      1.63            0.01            1.00673     0.00147       0.15  %   10000     
5.624403e+02      1.24            0.01            1.00544     0.00145       0.14  %   10000     
5.625054e+02      0.98            0.01            1.00691     0.00178       0.18  %   10000     
5.625705e+02      0.79            0.01            1.01149     0.00250       0.25  %   10000     
5.626356e+02      0.64            0.01            1.01682     0.00329       0.32  %   10000     
5.627006e+02      0.53            0.01            1.02267     0.00413       0.40  %   10000     
5.627775e+02      0.44            0.01            1.01597     0.00376       0.37  %   10000     
5.628600e+02      0.37            0.01            1.02144     0.00467       0.46  %   10000     
5.629543e+02      0.32            0.01            1.02359     0.00368       0.36  %   20000     
5.629767e+02      0.32            0.01            1.02464     0.00380       0.37  %   20000     
5.630486e+02      0.29            0.01            1.02951     0.00430       0.42  %   20000     
5.631428e+02      0.27            0.01            1.02672     0.00422       0.41  %   20000     
5.633314e+02      0.25            0.01            1.02954     0.00461       0.45  %   20000     
5.635199e+02      0.23            0.01            1.03375     0.00503       0.49  %   20000     
5.638970e+02      0.22            0.01            1.02787     0.00464       0.45  %   20000     
5.642741e+02      0.22            0.01            1.03398     0.00418       0.40  %   30000     
5.650383e+02      0.22            0.01            1.03510     0.00506       0.49  %   20000     
5.661845e+02      0.24            0.01            1.02357     0.00387       0.38  %   20000     
5.676965e+02      0.28            0.01            1.02010     0.00449       0.44  %   10000     
5.689768e+02      0.34            0.01            1.01664     0.00363       0.36  %   10000     
5.691596e+02      0.35            0.00            1.01217     0.00304       0.30  %   10000     
5.700741e+02      0.40            0.01            1.01672     0.00321       0.32  %   10000     
5.710983e+02      0.49            0.00            1.00767     0.00192       0.19  %   10000     
5.719397e+02      0.59            0.00            1.00688     0.00162       0.16  %   10000     
5.726825e+02      0.72            0.00            1.00496     0.00124       0.12  %   10000     
5.733858e+02      0.89            0.00            1.00152     0.00062       0.06  %   10000     
5.735943e+02      0.96            0.00            1.00142     0.00058       0.06  %   10000     
5.740133e+02      1.10            0.00            1.00064     0.00037       0.04  %   10000     
5.742653e+02      1.21            0.00            1.00120     0.00049       0.05  %   10000     
5.745397e+02      1.34            0.00            1.00170     0.00057       0.06  %   10000     
5.747007e+02      1.45            0.00            1.00091     0.00041       0.04  %   10000     
5.750475e+02      1.68            0.00            1.00070     0.00035       0.03  %   10000     
5.751078e+02      1.73            0.00            1.00069     0.00034       0.03  %   10000     
5.753792e+02      1.98            0.00            1.00050     0.00029       0.03  %   10000     
5.754436e+02      2.04            0.00            1.00134     0.00047       0.05  %   10000     
5.756507e+02      2.30            0.00            1.00116     0.00044       0.04  %   10000     
5.758398e+02      2.54            0.00            1.00083     0.00037       0.04  %   10000     
5.758951e+02      2.64            0.00            1.00083     0.00037       0.04  %   10000     
5.761127e+02      3.04            0.00            1.00134     0.00047       0.05  %   10000     
5.761828e+02      3.16            0.00            1.00119     0.00045       0.04  %   10000     
5.763302e+02      3.53            0.00            1.00103     0.00042       0.04  %   10000     
5.764693e+02      3.89            0.01            1.00228     0.00063       0.06  %   10000     
5.765207e+02      4.07            0.01            1.00211     0.00061       0.06  %   10000     
5.767007e+02      4.70            0.01            1.00182     0.00057       0.06  %   10000     
5.767264e+02      4.79            0.01            1.00220     0.00063       0.06  %   10000     
5.768678e+02      5.48            0.01            1.00225     0.00065       0.06  %   10000     
5.769514e+02      5.88            0.01            1.00251     0.00069       0.07  %   10000     
5.770253e+02      6.38            0.02            1.00389     0.00087       0.09  %   10000     
5.771378e+02      7.13            0.02            1.00303     0.00078       0.08  %   10000     
5.771764e+02      7.49            0.02            1.00304     0.00078       0.08  %   10000     
5.773114e+02      8.74            0.03            1.00400     0.00092       0.09  %   10000     
5.773178e+02      8.80            0.03            1.00317     0.00082       0.08  %   10000     
5.774271e+02      10.21           0.03            1.00326     0.00084       0.08  %   10000     
5.774682e+02      10.74           0.04            1.00378     0.00092       0.09  %   10000     
5.775370e+02      11.97           0.05            1.00451     0.00101       0.10  %   10000     
5.775965e+02      13.02           0.08            1.00580     0.00116       0.12  %   10000     
5.776427e+02      14.14           0.09            1.00631     0.00121       0.12  %   10000     
5.777138e+02      15.85           0.06            1.00386     0.00096       0.10  %   10000     
5.777395e+02      16.70           0.10            1.00604     0.00121       0.12  %   10000     
5.778295e+02      19.65           0.14            1.00702     0.00132       0.13  %   10000     
5.779195e+02      23.65           0.16            1.00697     0.00134       0.13  %   10000     
5.779323e+02      24.21           0.20            1.00834     0.00147       0.15  %   10000     
5.780095e+02      28.75           0.18            1.00638     0.00130       0.13  %   10000     
5.780352e+02      30.24           0.38            1.01245     0.00183       0.18  %   10000     
5.780995e+02      35.17           0.30            1.00848     0.00152       0.15  %   10000     
5.781380e+02      38.06           0.36            1.00951     0.00163       0.16  %   10000     
5.781920e+02      43.41           0.44            1.01011     0.00168       0.17  %   10000     
5.782537e+02      49.33           0.73            1.01475     0.00206       0.20  %   10000     
5.782949e+02      54.43           0.50            1.00925     0.00163       0.16  %   10000     
5.783746e+02      63.89           0.99            1.01546     0.00214       0.21  %   10000     
5.784080e+02      68.82           0.78            1.01128     0.00183       0.18  %   10000     
5.785263e+02      85.15           1.69            1.01990     0.00246       0.24  %   10000     
5.785572e+02      89.69           1.79            1.01994     0.00247       0.24  %   10000     
5.788503e+02      127.75          3.71            1.02901     0.00303       0.29  %   10000     
5.788709e+02      129.10          3.07            1.02378     0.00275       0.27  %   10000     
5.789840e+02      137.10          4.01            1.02928     0.00307       0.30  %   10000     
5.790046e+02      138.74          4.14            1.02981     0.00309       0.30  %   10000     
5.791210e+02      140.96          5.00            1.03548     0.00340       0.33  %   10000     
5.791270e+02      140.72          5.38            1.03821     0.00353       0.34  %   10000     
5.791330e+02      140.53          4.91            1.03496     0.00338       0.33  %   10000     
5.792392e+02      137.91          5.22            1.03784     0.00352       0.34  %   10000     
5.792565e+02      136.49          5.75            1.04209     0.00373       0.36  %   10000     
5.793800e+02      127.70          6.05            1.04735     0.00396       0.38  %   10000     
5.794099e+02      124.10          5.60            1.04512     0.00389       0.37  %   10000     
5.796834e+02      90.71           4.72            1.05204     0.00420       0.40  %   10000     
5.797865e+02      76.49           3.95            1.05158     0.00422       0.40  %   10000     
5.798680e+02      67.50           3.86            1.05720     0.00442       0.42  %   10000     
5.799097e+02      62.61           3.77            1.06018     0.00455       0.43  %   10000     
5.800000e+02      55.11           3.40            1.06168     0.00456       0.43  %   10000     
5.800177e+02      53.57           2.85            1.05326     0.00425       0.40  %   10000     
5.800986e+02      49.13           2.66            1.05423     0.00423       0.40  %   10000     
5.801006e+02      49.07           2.61            1.05314     0.00418       0.40  %   10000     
5.801791e+02      46.81           3.06            1.06528     0.00455       0.43  %   10000     
5.801822e+02      46.79           2.70            1.05770     0.00427       0.40  %   10000     
5.802326e+02      46.41           2.63            1.05659     0.00419       0.40  %   10000     
5.803007e+02      47.40           2.75            1.05803     0.00414       0.39  %   10000     
5.803161e+02      47.60           2.52            1.05295     0.00394       0.37  %   10000     
5.803817e+02      50.21           2.45            1.04890     0.00371       0.35  %   10000     
5.804198e+02      51.67           2.27            1.04403     0.00350       0.33  %   10000     
5.804908e+02      56.27           2.34            1.04155     0.00332       0.32  %   10000     
5.805936e+02      62.72           2.77            1.04410     0.00337       0.32  %   10000     
5.806917e+02      69.10           3.33            1.04815     0.00348       0.33  %   10000     
5.807889e+02      75.34           3.21            1.04265     0.00324       0.31  %   10000     
5.808821e+02      78.48           3.60            1.04587     0.00337       0.32  %   10000     
5.809231e+02      79.93           3.70            1.04631     0.00337       0.32  %   10000     
5.809762e+02      80.33           3.45            1.04292     0.00325       0.31  %   10000     
5.810000e+02      79.77           4.29            1.05384     0.00365       0.35  %   10000     
5.811118e+02      77.34           3.54            1.04580     0.00338       0.32  %   10000     
5.811170e+02      77.01           4.16            1.05406     0.00367       0.35  %   10000     
5.812579e+02      68.27           4.06            1.05944     0.00389       0.37  %   10000     
5.812631e+02      67.80           4.07            1.06009     0.00392       0.37  %   10000     
5.816075e+02      36.04           2.50            1.06944     0.00448       0.42  %   10000     
5.816805e+02      30.27           2.46            1.08116     0.00490       0.45  %   10000     
5.817249e+02      26.70           2.17            1.08143     0.00500       0.46  %   10000     
5.818152e+02      20.94           1.92            1.09176     0.00546       0.50  %   10000     
5.818229e+02      20.44           1.95            1.09561     0.00395       0.36  %   20000     
5.819080e+02      16.16           1.66            1.10260     0.00424       0.38  %   20000     
5.819280e+02      15.39           1.61            1.10447     0.00430       0.39  %   20000     
5.819975e+02      12.70           1.51            1.11881     0.00474       0.42  %   20000     
5.820497e+02      11.19           1.26            1.11226     0.00469       0.42  %   20000     
5.820790e+02      10.33           1.35            1.13108     0.00515       0.46  %   20000     
5.821606e+02      8.55            1.17            1.13652     0.00544       0.48  %   20000     
5.821801e+02      8.24            1.13            1.13774     0.00549       0.48  %   20000     
5.822519e+02      7.08            0.96            1.13487     0.00562       0.50  %   20000     
5.823334e+02      6.15            1.04            1.16976     0.00526       0.45  %   30000     
5.823546e+02      5.91            0.92            1.15511     0.00509       0.44  %   30000     
5.824831e+02      4.90            0.86            1.17452     0.00561       0.48  %   30000     
5.825465e+02      4.56            0.83            1.18238     0.00579       0.49  %   30000     
5.826208e+02      4.16            0.82            1.19631     0.00531       0.44  %   40000     
5.828119e+02      3.47            0.74            1.21192     0.00570       0.47  %   40000     
5.828137e+02      3.46            0.76            1.21975     0.00580       0.48  %   40000     
5.830496e+02      2.88            0.66            1.22746     0.00613       0.50  %   40000     
5.831822e+02      2.66            0.61            1.23094     0.00558       0.45  %   50000     
5.833209e+02      2.43            0.58            1.24112     0.00582       0.47  %   50000     
5.836728e+02      2.02            0.53            1.26045     0.00621       0.49  %   50000     
5.836962e+02      2.01            0.52            1.25953     0.00620       0.49  %   50000     
5.840755e+02      1.73            0.48            1.28078     0.00601       0.47  %   60000     
5.843815e+02      1.59            0.44            1.27368     0.00592       0.46  %   60000     
5.843976e+02      1.58            0.44            1.27492     0.00593       0.47  %   60000     
5.847600e+02      1.52            0.41            1.26743     0.00628       0.50  %   50000     
5.848003e+02      1.52            0.40            1.26140     0.00618       0.49  %   50000     
5.850019e+02      1.55            0.38            1.24740     0.00582       0.47  %   50000     
5.851835e+02      1.65            0.34            1.20709     0.00569       0.47  %   40000     
5.853348e+02      1.83            0.33            1.18116     0.00577       0.49  %   30000     
5.854257e+02      2.03            0.34            1.16993     0.00530       0.45  %   30000     
5.855165e+02      2.33            0.31            1.13452     0.00541       0.48  %   20000     
5.855921e+02      2.71            0.31            1.11414     0.00466       0.42  %   20000     
5.856678e+02      3.26            0.32            1.09875     0.00402       0.37  %   20000     
5.857192e+02      3.79            0.31            1.08140     0.00488       0.45  %   10000     
5.857435e+02      4.04            0.32            1.07985     0.00472       0.44  %   10000     
5.858192e+02      5.13            0.30            1.05946     0.00378       0.36  %   10000     
5.858889e+02      6.48            0.30            1.04665     0.00312       0.30  %   10000     
5.859198e+02      7.27            0.30            1.04141     0.00286       0.27  %   10000     
5.859678e+02      8.50            0.36            1.04177     0.00277       0.27  %   10000     
5.860468e+02      11.13           0.32            1.02920     0.00219       0.21  %   10000     
5.860783e+02      12.46           0.30            1.02414     0.00196       0.19  %   10000     
5.861356e+02      14.86           0.30            1.02005     0.00174       0.17  %   10000     
5.861967e+02      18.06           0.35            1.01948     0.00167       0.16  %   10000     
5.862540e+02      21.05           0.33            1.01555     0.00147       0.15  %   10000     
5.863238e+02      25.24           0.42            1.01671     0.00150       0.15  %   10000     
5.864982e+02      35.59           0.54            1.01525     0.00141       0.14  %   10000     
5.865425e+02      38.19           0.53            1.01399     0.00135       0.13  %   10000     
5.866687e+02      43.52           0.65            1.01494     0.00140       0.14  %   10000     
5.867603e+02      45.14           0.65            1.01433     0.00138       0.14  %   10000     
5.867849e+02      45.58           0.76            1.01662     0.00148       0.15  %   10000     
5.868042e+02      45.62           0.72            1.01586     0.00145       0.14  %   10000     
5.869166e+02      44.09           0.77            1.01749     0.00154       0.15  %   10000     
5.870113e+02      40.52           0.68            1.01672     0.00153       0.15  %   10000     
5.870302e+02      39.81           0.77            1.01935     0.00165       0.16  %   10000     
5.871692e+02      31.89           0.74            1.02331     0.00186       0.18  %   10000     
5.872197e+02      29.00           0.69            1.02370     0.00190       0.19  %   10000     
5.873995e+02      18.33           0.65            1.03522     0.00248       0.24  %   10000     
5.875050e+02      13.18           0.59            1.04439     0.00295       0.28  %   10000     
5.875938e+02      9.73            0.63            1.06519     0.00380       0.36  %   10000     
5.876727e+02      7.35            0.62            1.08375     0.00458       0.42  %   10000     
5.876767e+02      7.25            0.54            1.07511     0.00436       0.41  %   10000     
5.877437e+02      5.69            0.54            1.09584     0.00525       0.48  %   10000     
5.878141e+02      4.43            0.53            1.11875     0.00444       0.40  %   20000     
5.878845e+02      3.49            0.46            1.13308     0.00505       0.45  %   20000     
5.879118e+02      3.22            0.48            1.14791     0.00545       0.47  %   20000     
5.879549e+02      2.79            0.48            1.17364     0.00505       0.43  %   30000     
5.880253e+02      2.28            0.46            1.20073     0.00582       0.48  %   30000     
5.881075e+02      1.86            0.45            1.24222     0.00592       0.48  %   40000     
5.881856e+02      1.59            0.47            1.29406     0.00619       0.48  %   50000     
5.882833e+02      1.34            0.43            1.31697     0.00624       0.47  %   60000     
5.883810e+02      1.18            0.42            1.35433     0.00640       0.47  %   70000     
5.885374e+02      1.00            0.41            1.41032     0.00679       0.48  %   80000     
5.885528e+02      0.99            0.39            1.39303     0.00668       0.48  %   80000     
5.887328e+02      0.86            0.38            1.44452     0.00704       0.49  %   90000     
5.889743e+02      0.75            0.38            1.50529     0.00747       0.50  %   100000    
5.892949e+02      0.65            0.35            1.53477     0.00803       0.52  %   100000    
5.892963e+02      0.65            0.35            1.54790     0.00813       0.53  %   100000    
5.896989e+02      0.56            0.33            1.58222     0.00877       0.55  %   100000    
5.901979e+02      0.50            0.30            1.60048     0.00922       0.58  %   100000    
5.907323e+02      0.45            0.25            1.56060     0.00908       0.58  %   100000    
5.909058e+02      0.44            0.24            1.55227     0.00910       0.59  %   100000    
5.917906e+02      0.39            0.16            1.41774     0.00807       0.57  %   100000    
5.928524e+02      0.37            0.11            1.29172     0.00669       0.52  %   100000    
5.932417e+02      0.37            0.09            1.23356     0.00591       0.48  %   100000    
5.936002e+02      0.36            0.07            1.19074     0.00591       0.50  %   80000     
5.946988e+02      0.38            0.05            1.13603     0.00543       0.48  %   60000     
5.957975e+02      0.41            0.04            1.10059     0.00521       0.47  %   40000     
5.965299e+02      0.46            0.04            1.08441     0.00508       0.47  %   30000     
5.972438e+02      0.52            0.03            1.06191     0.00483       0.45  %   20000     
5.975794e+02      0.57            0.03            1.06121     0.00454       0.43  %   20000     
5.978388e+02      0.61            0.03            1.05704     0.00420       0.40  %   20000     
5.984337e+02      0.73            0.02            1.03404     0.00408       0.39  %   10000     
5.989393e+02      0.88            0.02            1.01856     0.00270       0.27  %   10000     
5.993816e+02      1.08            0.01            1.00704     0.00150       0.15  %   10000     
5.996772e+02      1.27            0.01            1.00550     0.00123       0.12  %   10000     
5.997384e+02      1.31            0.00            1.00349     0.00097       0.10  %   10000     
6.000810e+02      1.62            0.00            1.00206     0.00069       0.07  %   10000     
6.002002e+02      1.78            0.00            1.00151     0.00057       0.06  %   10000     
6.003165e+02      1.93            0.00            1.00226     0.00068       0.07  %   10000     
6.003746e+02      2.01            0.00            1.00142     0.00053       0.05  %   10000     
6.005841e+02      2.41            0.00            1.00169     0.00056       0.06  %   10000     
6.006314e+02      2.50            0.01            1.00260     0.00070       0.07  %   10000     
6.007722e+02      2.87            0.00            1.00161     0.00054       0.05  %   10000     
6.008149e+02      2.98            0.00            1.00125     0.00047       0.05  %   10000     
6.009289e+02      3.41            0.00            1.00122     0.00046       0.05  %   10000     
6.010100e+02      3.70            0.01            1.00158     0.00053       0.05  %   10000     
6.010664e+02      4.00            0.00            1.00087     0.00039       0.04  %   10000     
6.011618e+02      4.50            0.00            1.00088     0.00039       0.04  %   10000     
6.011748e+02      4.59            0.01            1.00140     0.00049       0.05  %   10000     
6.012832e+02      5.39            0.01            1.00231     0.00064       0.06  %   10000     
6.012918e+02      5.45            0.01            1.00125     0.00047       0.05  %   10000     
6.013699e+02      6.23            0.02            1.00254     0.00068       0.07  %   10000     
6.014002e+02      6.54            0.01            1.00202     0.00061       0.06  %   10000     
6.014566e+02      7.32            0.02            1.00223     0.00064       0.06  %   10000     
6.015086e+02      8.05            0.02            1.00229     0.00066       0.07  %   10000     
6.015346e+02      8.54            0.02            1.00230     0.00066       0.07  %   10000     
6.015953e+02      9.70            0.01            1.00119     0.00049       0.05  %   10000     
6.016127e+02      10.14           0.02            1.00219     0.00066       0.07  %   10000     
6.016821e+02      11.90           0.02            1.00206     0.00065       0.06  %   10000     
6.016841e+02      11.97           0.05            1.00433     0.00094       0.09  %   10000     
6.017576e+02      14.48           0.05            1.00341     0.00085       0.08  %   10000     
6.017688e+02      14.85           0.04            1.00259     0.00075       0.07  %   10000     
6.018311e+02      17.67           0.04            1.00243     0.00073       0.07  %   10000     
6.018524e+02      18.63           0.07            1.00382     0.00092       0.09  %   10000     
6.018986e+02      21.36           0.09            1.00432     0.00099       0.10  %   10000     
6.019409e+02      23.84           0.13            1.00538     0.00112       0.11  %   10000     
6.019723e+02      26.26           0.08            1.00305     0.00085       0.08  %   10000     
6.020324e+02      30.80           0.16            1.00509     0.00111       0.11  %   10000     
6.020515e+02      32.68           0.20            1.00606     0.00121       0.12  %   10000     
6.021364e+02      40.85           0.28            1.00677     0.00130       0.13  %   10000     
6.021373e+02      40.95           0.31            1.00752     0.00137       0.14  %   10000     
6.022388e+02      53.06           0.44            1.00825     0.00146       0.14  %   10000     
6.022578e+02      55.25           0.56            1.01016     0.00162       0.16  %   10000     
6.023654e+02      70.33           0.78            1.01114     0.00172       0.17  %   10000     
6.024486e+02      81.35           0.84            1.01031     0.00167       0.17  %   10000     
6.026498e+02      106.08          1.52            1.01431     0.00200       0.20  %   10000     
6.026637e+02      107.08          1.57            1.01467     0.00203       0.20  %   10000     
6.027955e+02      116.90          2.15            1.01837     0.00229       0.22  %   10000     
6.028024e+02      117.01          2.02            1.01727     0.00222       0.22  %   10000     
6.029139e+02      119.50          2.65            1.02217     0.00253       0.25  %   10000     
6.029267e+02      119.08          2.90            1.02435     0.00266       0.26  %   10000     
6.029669e+02      117.97          2.30            1.01953     0.00240       0.23  %   10000     
6.030209e+02      116.80          2.55            1.02184     0.00253       0.25  %   10000     
6.031042e+02      110.64          2.91            1.02629     0.00281       0.27  %   10000     
6.031458e+02      107.82          3.02            1.02804     0.00289       0.28  %   10000     
6.032568e+02      94.87           2.77            1.02923     0.00300       0.29  %   10000     
6.033400e+02      85.04           3.26            1.03829     0.00345       0.33  %   10000     
6.035551e+02      55.96           2.28            1.04078     0.00367       0.35  %   10000     
6.036071e+02      49.93           2.23            1.04471     0.00385       0.37  %   10000     
6.036765e+02      41.58           1.71            1.04123     0.00377       0.36  %   10000     
6.037459e+02      34.91           1.73            1.04969     0.00417       0.40  %   10000     
6.037805e+02      31.49           1.64            1.05212     0.00433       0.41  %   10000     
6.038499e+02      26.18           1.43            1.05450     0.00448       0.42  %   10000     
6.038759e+02      24.16           1.27            1.05278     0.00446       0.42  %   10000     
6.039621e+02      19.06           1.15            1.06024     0.00487       0.46  %   10000     
6.039681e+02      18.70           1.23            1.06587     0.00510       0.48  %   10000     
6.040467e+02      15.12           1.00            1.06597     0.00524       0.49  %   10000     
6.040705e+02      14.28           0.95            1.06680     0.00529       0.50  %   10000     
6.041252e+02      12.35           0.75            1.06109     0.00367       0.35  %   20000     
6.041925e+02      10.54           0.81            1.07695     0.00418       0.39  %   20000     
6.042076e+02      10.13           0.77            1.07609     0.00419       0.39  %   20000     
6.043052e+02      8.18            0.63            1.07676     0.00434       0.40  %   20000     
6.043225e+02      7.93            0.65            1.08157     0.00448       0.41  %   20000     
6.044027e+02      6.76            0.61            1.08970     0.00484       0.44  %   20000     
6.044743e+02      6.01            0.56            1.09378     0.00501       0.46  %   20000     
6.045220e+02      5.51            0.51            1.09321     0.00510       0.47  %   20000     
6.046477e+02      4.57            0.46            1.10158     0.00447       0.41  %   30000     
6.046520e+02      4.53            0.48            1.10656     0.00459       0.41  %   30000     
6.048038e+02      3.73            0.38            1.10183     0.00466       0.42  %   30000     
6.048461e+02      3.57            0.42            1.11875     0.00505       0.45  %   30000     
6.049963e+02      3.00            0.38            1.12697     0.00543       0.48  %   30000     
6.051194e+02      2.68            0.37            1.13621     0.00495       0.44  %   40000     
6.052051e+02      2.45            0.34            1.13742     0.00509       0.45  %   40000     
6.054483e+02      2.00            0.29            1.14405     0.00544       0.48  %   40000     
6.055070e+02      1.92            0.32            1.16762     0.00527       0.45  %   50000     
6.057373e+02      1.62            0.27            1.16554     0.00547       0.47  %   50000     
6.059330e+02      1.43            0.27            1.18724     0.00543       0.46  %   60000     
6.060411e+02      1.33            0.25            1.18765     0.00555       0.47  %   60000     
6.063770e+02      1.11            0.24            1.21599     0.00576       0.47  %   70000     
6.064721e+02      1.06            0.22            1.20746     0.00569       0.47  %   70000     
6.067688e+02      0.92            0.21            1.22699     0.00579       0.47  %   80000     
6.071676e+02      0.79            0.20            1.24957     0.00592       0.47  %   90000     
6.072479e+02      0.76            0.20            1.26236     0.00613       0.49  %   90000     
6.077986e+02      0.63            0.18            1.28124     0.00631       0.49  %   100000    
6.082219e+02      0.57            0.17            1.29504     0.00659       0.51  %   100000    
6.083493e+02      0.55            0.17            1.30316     0.00675       0.52  %   100000    
6.090952e+02      0.47            0.15            1.31304     0.00708       0.54  %   100000    
6.094646e+02      0.45            0.14            1.31153     0.00708       0.54  %   100000    
6.098411e+02      0.42            0.14            1.32898     0.00734       0.55  %   100000    
6.105870e+02      0.40            0.13            1.33612     0.00739       0.55  %   100000    
6.113329e+02      0.39            0.12            1.31049     0.00691       0.53  %   100000    
6.116060e+02      0.40            0.12            1.30421     0.00672       0.51  %   100000    
6.119979e+02      0.40            0.11            1.28129     0.00630       0.49  %   100000    
6.126629e+02      0.43            0.10            1.23883     0.00608       0.49  %   80000     
6.131616e+02      0.47            0.10            1.21407     0.00576       0.47  %   70000     
6.136604e+02      0.54            0.09            1.16929     0.00557       0.48  %   50000     
6.141041e+02      0.63            0.08            1.13277     0.00503       0.44  %   40000     
6.144933e+02      0.75            0.08            1.10290     0.00462       0.42  %   30000     
6.147604e+02      0.88            0.06            1.07072     0.00434       0.41  %   20000     
6.147714e+02      0.88            0.06            1.07244     0.00438       0.41  %   20000     
6.150314e+02      1.06            0.05            1.04950     0.00469       0.45  %   10000     
6.152547e+02      1.29            0.05            1.03492     0.00362       0.35  %   10000     
6.154407e+02      1.57            0.03            1.01977     0.00252       0.25  %   10000     
6.154689e+02      1.63            0.03            1.01984     0.00249       0.24  %   10000     
6.155545e+02      1.81            0.03            1.01609     0.00216       0.21  %   10000     
6.155775e+02      1.86            0.04            1.01929     0.00235       0.23  %   10000     
6.157020e+02      2.23            0.02            1.01033     0.00163       0.16  %   10000     
6.157184e+02      2.30            0.03            1.01294     0.00181       0.18  %   10000     
6.158016e+02      2.65            0.02            1.00856     0.00142       0.14  %   10000     
6.158357e+02      2.85            0.03            1.00919     0.00145       0.14  %   10000     
6.158923e+02      3.19            0.02            1.00777     0.00131       0.13  %   10000     
6.159530e+02      3.67            0.02            1.00506     0.00103       0.10  %   10000     
6.159722e+02      3.83            0.02            1.00628     0.00115       0.11  %   10000     
6.160465e+02      4.63            0.02            1.00480     0.00098       0.10  %   10000     
6.160521e+02      4.69            0.02            1.00340     0.00082       0.08  %   10000     
6.161244e+02      5.76            0.04            1.00618     0.00109       0.11  %   10000     
6.161320e+02      5.87            0.04            1.00599     0.00107       0.11  %   10000     
6.162023e+02      7.25            0.03            1.00359     0.00082       0.08  %   10000     
6.162039e+02      7.28            0.03            1.00434     0.00090       0.09  %   10000     
6.162759e+02      9.12            0.03            1.00336     0.00079       0.08  %   10000     
6.162762e+02      9.13            0.04            1.00410     0.00087       0.09  %   10000     
6.163478e+02      11.47           0.06            1.00483     0.00095       0.09  %   10000     
6.163502e+02      11.57           0.05            1.00408     0.00087       0.09  %   10000     
6.164303e+02      14.92           0.06            1.00371     0.00083       0.08  %   10000     
6.164315e+02      14.98           0.06            1.00390     0.00085       0.08  %   10000     
6.165169e+02      19.53           0.08            1.00429     0.00089       0.09  %   10000     
6.165211e+02      19.75           0.10            1.00486     0.00095       0.09  %   10000     
6.166077e+02      25.57           0.07            1.00282     0.00073       0.07  %   10000     
6.166333e+02      27.26           0.11            1.00398     0.00087       0.09  %   10000     
6.167228e+02      34.61           0.16            1.00476     0.00095       0.09  %   10000     
6.167867e+02      39.77           0.22            1.00561     0.00104       0.10  %   10000     
6.169325e+02      51.98           0.19            1.00374     0.00086       0.09  %   10000     
6.170245e+02      59.53           0.35            1.00593     0.00108       0.11  %   10000     
6.171217e+02      65.00           0.41            1.00625     0.00112       0.11  %   10000     
6.171575e+02      67.04           0.67            1.01006     0.00142       0.14  %   10000     
6.172598e+02      69.18           0.60            1.00863     0.00133       0.13  %   10000     
6.172885e+02      69.82           0.60            1.00862     0.00133       0.13  %   10000     
6.172958e+02      69.82           0.72            1.01027     0.00145       0.14  %   10000     
6.173582e+02      68.70           0.73            1.01063     0.00149       0.15  %   10000     
6.174056e+02      67.92           0.71            1.01042     0.00147       0.15  %   10000     
6.174823e+02      64.05           0.59            1.00916     0.00139       0.14  %   10000     
6.175334e+02      61.51           0.52            1.00852     0.00135       0.13  %   10000     
6.176332e+02      53.72           0.73            1.01362     0.00172       0.17  %   10000     
6.177201e+02      46.88           0.57            1.01226     0.00165       0.16  %   10000     
6.179221e+02      29.82           0.47            1.01585     0.00195       0.19  %   10000     
6.179835e+02      25.50           0.42            1.01639     0.00200       0.20  %   10000     
6.180372e+02      21.68           0.48            1.02211     0.00236       0.23  %   10000     
6.181186e+02      17.04           0.40            1.02331     0.00247       0.24  %   10000     
6.181311e+02      16.32           0.27            1.01637     0.00209       0.21  %   10000     
6.182122e+02      12.64           0.31            1.02425     0.00262       0.26  %   10000     
6.182322e+02      11.93           0.28            1.02332     0.00258       0.25  %   10000     
6.182913e+02      9.82            0.34            1.03487     0.00325       0.31  %   10000     
6.183441e+02      8.39            0.26            1.03082     0.00311       0.30  %   10000     
6.183713e+02      7.65            0.22            1.02897     0.00307       0.30  %   10000     
6.184400e+02      6.22            0.17            1.02777     0.00311       0.30  %   10000     
6.184432e+02      6.15            0.18            1.02861     0.00317       0.31  %   10000     
6.185231e+02      4.91            0.21            1.04211     0.00401       0.38  %   10000     
6.185679e+02      4.39            0.20            1.04561     0.00425       0.41  %   10000     
6.186030e+02      3.99            0.17            1.04149     0.00415       0.40  %   10000     
6.186829e+02      3.31            0.16            1.04938     0.00470       0.45  %   10000     
6.186957e+02      3.23            0.15            1.04701     0.00461       0.44  %   10000     
6.187757e+02      2.74            0.15            1.05549     0.00521       0.49  %   10000     
6.188544e+02      2.40            0.12            1.05124     0.00515       0.49  %   10000     
6.188912e+02      2.24            0.15            1.06584     0.00421       0.39  %   20000     
6.190067e+02      1.89            0.12            1.06406     0.00434       0.41  %   20000     
6.191189e+02      1.66            0.11            1.06498     0.00449       0.42  %   20000     
6.191511e+02      1.59            0.11            1.07020     0.00473       0.44  %   20000     
6.193325e+02      1.32            0.11            1.08050     0.00531       0.49  %   20000     
6.194494e+02      1.21            0.09            1.07376     0.00519       0.48  %   20000     
6.195385e+02      1.12            0.10            1.09224     0.00485       0.44  %   30000     
6.197857e+02      0.94            0.10            1.10418     0.00538       0.49  %   30000     
6.199451e+02      0.87            0.09            1.10687     0.00553       0.50  %   30000     
6.200729e+02      0.81            0.09            1.11319     0.00503       0.45  %   40000     
6.203802e+02      0.72            0.09            1.12263     0.00538       0.48  %   40000     
6.206874e+02      0.65            0.08            1.12490     0.00550       0.49  %   40000     
6.207059e+02      0.65            0.07            1.11280     0.00522       0.47  %   40000     
6.210971e+02      0.61            0.08            1.12461     0.00551       0.49  %   40000     
6.215068e+02      0.60            0.06            1.10628     0.00499       0.45  %   40000     
6.218894e+02      0.62            0.06            1.10449     0.00547       0.49  %   30000     
6.222719e+02      0.67            0.06            1.08655     0.00464       0.43  %   30000     
6.225589e+02      0.76            0.05            1.06888     0.00471       0.44  %   20000     
6.227980e+02      0.88            0.05            1.06004     0.00404       0.38  %   20000     
6.229653e+02      1.02            0.05            1.05033     0.00486       0.46  %   10000     
6.230938e+02      1.19            0.05            1.04037     0.00406       0.39  %   10000     
6.231929e+02      1.39            0.05            1.03681     0.00363       0.35  %   10000     
6.232780e+02      1.64            0.04            1.02342     0.00271       0.27  %   10000     
6.233393e+02      1.90            0.05            1.02638     0.00272       0.27  %   10000     
6.233630e+02      2.00            0.05            1.02383     0.00254       0.25  %   10000     
6.234339e+02      2.43            0.05            1.01861     0.00211       0.21  %   10000     
6.234503e+02      2.57            0.05            1.01800     0.00204       0.20  %   10000     
6.235076e+02      3.06            0.05            1.01493     0.00178       0.18  %   10000     
6.235756e+02      3.85            0.05            1.01182     0.00150       0.15  %   10000     
6.235789e+02      3.90            0.06            1.01421     0.00163       0.16  %   10000     
6.236437e+02      4.90            0.06            1.01130     0.00140       0.14  %   10000     
6.237074e+02      6.20            0.05            1.00818     0.00114       0.11  %   10000     
6.237117e+02      6.29            0.05            1.00863     0.00117       0.12  %   10000     
6.237817e+02      8.12            0.04            1.00525     0.00089       0.09  %   10000     
6.238121e+02      9.14            0.06            1.00700     0.00101       0.10  %   10000     
6.238577e+02      10.67           0.06            1.00541     0.00088       0.09  %   10000     
6.239070e+02      12.75           0.08            1.00594     0.00090       0.09  %   10000     
6.239431e+02      14.28           0.08            1.00560     0.00087       0.09  %   10000     
6.240019e+02      17.38           0.10            1.00588     0.00088       0.09  %   10000     
6.240475e+02      19.77           0.08            1.00425     0.00075       0.07  %   10000     
6.241130e+02      23.96           0.10            1.00432     0.00075       0.07  %   10000     
6.242065e+02      29.91           0.10            1.00339     0.00066       0.07  %   10000     
6.242836e+02      34.83           0.16            1.00455     0.00077       0.08  %   10000     
6.244142e+02      43.11           0.17            1.00389     0.00071       0.07  %   10000     
6.245175e+02      47.61           0.28            1.00589     0.00088       0.09  %   10000     
6.245357e+02      48.40           0.27            1.00563     0.00086       0.09  %   10000     
6.246517e+02      50.47           0.20            1.00397     0.00072       0.07  %   10000     
6.246665e+02      50.50           0.34            1.00676     0.00094       0.09  %   10000     
6.246667e+02      50.49           0.33            1.00650     0.00093       0.09  %   10000     
6.247802e+02      48.87           0.18            1.00363     0.00070       0.07  %   10000     
6.249017e+02      43.81           0.31            1.00714     0.00099       0.10  %   10000     
6.249138e+02      43.31           0.32            1.00743     0.00101       0.10  %   10000     
6.250535e+02      34.48           0.29            1.00841     0.00109       0.11  %   10000     
6.251385e+02      29.07           0.32            1.01111     0.00127       0.13  %   10000     
6.252946e+02      19.27           0.25            1.01322     0.00144       0.14  %   10000     
6.253952e+02      14.09           0.21            1.01491     0.00157       0.16  %   10000     
6.254066e+02      13.62           0.18            1.01348     0.00150       0.15  %   10000     
6.254806e+02      10.55           0.17            1.01604     0.00169       0.17  %   10000     
6.255534e+02      8.20            0.17            1.02025     0.00197       0.19  %   10000     
6.255619e+02      7.92            0.19            1.02420     0.00216       0.21  %   10000     
6.256340e+02      6.12            0.14            1.02304     0.00220       0.22  %   10000     
6.256977e+02      4.92            0.14            1.02832     0.00254       0.25  %   10000     
6.257062e+02      4.76            0.12            1.02616     0.00246       0.24  %   10000     
6.257764e+02      3.76            0.16            1.04129     0.00324       0.31  %   10000     
6.258282e+02      3.22            0.15            1.04598     0.00353       0.34  %   10000     
6.258428e+02      3.07            0.12            1.03952     0.00332       0.32  %   10000     
6.259203e+02      2.48            0.12            1.04797     0.00385       0.37  %   10000     
6.259977e+02      2.08            0.10            1.04979     0.00409       0.39  %   10000     
6.260370e+02      1.94            0.12            1.06166     0.00461       0.43  %   10000     
6.260862e+02      1.77            0.10            1.05669     0.00453       0.43  %   10000     
6.261969e+02      1.54            0.11            1.07335     0.00531       0.50  %   10000     
6.262980e+02      1.43            0.09            1.05981     0.00485       0.46  %   10000     
6.263297e+02      1.39            0.08            1.06039     0.00489       0.46  %   10000     
6.264846e+02      1.33            0.08            1.06204     0.00493       0.46  %   10000     
6.265067e+02      1.33            0.08            1.06324     0.00496       0.47  %   10000     
6.266584e+02      1.37            0.09            1.06715     0.00493       0.46  %   10000     
6.268101e+02      1.51            0.08            1.05372     0.00416       0.39  %   10000     
6.268229e+02      1.54            0.08            1.05261     0.00409       0.39  %   10000     
6.269112e+02      1.70            0.08            1.04700     0.00370       0.35  %   10000     
6.269870e+02      1.91            0.08            1.04388     0.00341       0.33  %   10000     
6.270337e+02      2.11            0.07            1.03488     0.00294       0.28  %   10000     
6.270755e+02      2.28            0.07            1.03221     0.00275       0.27  %   10000     
6.271391e+02      2.67            0.07            1.02760     0.00243       0.24  %   10000     
6.271513e+02      2.75            0.07            1.02401     0.00226       0.22  %   10000     
6.272272e+02      3.40            0.07            1.02091     0.00200       0.20  %   10000     
6.272445e+02      3.60            0.06            1.01735     0.00180       0.18  %   10000     
6.273030e+02      4.30            0.08            1.01773     0.00176       0.17  %   10000     
6.273499e+02      5.05            0.07            1.01444     0.00155       0.15  %   10000     
6.273734e+02      5.43            0.08            1.01404     0.00152       0.15  %   10000     
6.274462e+02      6.96            0.09            1.01262     0.00140       0.14  %   10000     
6.274504e+02      7.05            0.09            1.01322     0.00143       0.14  %   10000     
6.275253e+02      9.11            0.10            1.01045     0.00124       0.12  %   10000     
6.275339e+02      9.34            0.11            1.01192     0.00133       0.13  %   10000     
6.276109e+02      12.04           0.10            1.00856     0.00111       0.11  %   10000     
6.276195e+02      12.34           0.11            1.00855     0.00111       0.11  %   10000     
6.277062e+02      16.14           0.18            1.01097     0.00125       0.12  %   10000     
6.277275e+02      17.07           0.18            1.01056     0.00122       0.12  %   10000     
6.278203e+02      22.05           0.23            1.01033     0.00120       0.12  %   10000     
6.279061e+02      26.60           0.29            1.01097     0.00125       0.12  %   10000     
6.279985e+02      31.49           0.30            1.00945     0.00116       0.11  %   10000     
6.280944e+02      36.51           0.36            1.00992     0.00119       0.12  %   10000     
6.282125e+02      40.82           0.44            1.01068     0.00125       0.12  %   10000     
6.282176e+02      41.01           0.40            1.00965     0.00118       0.12  %   10000     
6.283270e+02      42.74           0.54            1.01261     0.00136       0.13  %   10000     
6.283508e+02      42.79           0.55            1.01282     0.00138       0.14  %   10000     
6.283557e+02      42.74           0.56            1.01314     0.00140       0.14  %   10000     
6.284589e+02      41.56           0.62            1.01490     0.00150       0.15  %   10000     
6.285753e+02      37.81           0.62            1.01651     0.00160       0.16  %   10000     
6.285890e+02      37.12           0.53            1.01441     0.00150       0.15  %   10000     
6.287567e+02      28.68           0.54            1.01891     0.00175       0.17  %   10000     
6.287601e+02      28.49           0.44            1.01548     0.00159       0.16  %   10000     
6.289619e+02      17.59           0.38            1.02181     0.00198       0.19  %   10000     
6.290699e+02      12.76           0.44            1.03480     0.00259       0.25  %   10000     
6.290956e+02      11.85           0.32            1.02698     0.00230       0.22  %   10000     
6.291662e+02      9.33            0.33            1.03498     0.00271       0.26  %   10000     
6.292453e+02      7.15            0.26            1.03690     0.00289       0.28  %   10000     
6.292518e+02      6.97            0.27            1.03821     0.00296       0.29  %   10000     
6.293266e+02      5.39            0.23            1.04213     0.00326       0.31  %   10000     
6.293966e+02      4.26            0.25            1.05836     0.00400       0.38  %   10000     
6.293982e+02      4.23            0.21            1.04925     0.00369       0.35  %   10000     
6.294652e+02      3.41            0.22            1.06469     0.00444       0.42  %   10000     
6.295395e+02      2.73            0.18            1.06499     0.00468       0.44  %   10000     
6.295411e+02      2.72            0.18            1.06647     0.00474       0.44  %   10000     
6.296139e+02      2.23            0.16            1.07347     0.00525       0.49  %   10000     
6.296883e+02      1.88            0.17            1.09121     0.00432       0.40  %   20000     
6.297400e+02      1.70            0.17            1.09726     0.00456       0.42  %   20000     
6.297775e+02      1.58            0.16            1.09841     0.00469       0.43  %   20000     
6.298906e+02      1.33            0.13            1.09919     0.00494       0.45  %   20000     
6.299842e+02      1.20            0.13            1.10752     0.00526       0.48  %   20000     
6.300100e+02      1.16            0.13            1.11006     0.00537       0.48  %   20000     
6.301532e+02      1.04            0.12            1.11731     0.00467       0.42  %   30000     
6.303442e+02      0.93            0.10            1.10974     0.00461       0.42  %   30000     
6.303911e+02      0.91            0.10            1.10641     0.00454       0.41  %   30000     
6.306307e+02      0.84            0.09            1.11321     0.00475       0.43  %   30000     
6.310126e+02      0.78            0.07            1.08973     0.00514       0.47  %   20000     
6.310515e+02      0.78            0.08            1.10500     0.00452       0.41  %   30000     
6.313946e+02      0.77            0.07            1.08671     0.00495       0.46  %   20000     
6.320058e+02      0.80            0.06            1.07876     0.00444       0.41  %   20000     
6.320843e+02      0.81            0.06            1.07999     0.00442       0.41  %   20000     
6.326170e+02      0.88            0.06            1.06398     0.00372       0.35  %   20000     
6.329451e+02      0.95            0.05            1.05562     0.00467       0.44  %   10000     
6.332282e+02      1.02            0.05            1.05161     0.00435       0.41  %   10000     
6.336336e+02      1.15            0.05            1.04547     0.00384       0.37  %   10000     
6.338395e+02      1.22            0.06            1.04791     0.00386       0.37  %   10000     
6.341066e+02      1.36            0.05            1.03541     0.00320       0.31  %   10000     
6.343737e+02      1.49            0.05            1.03660     0.00318       0.31  %   10000     
6.346134e+02      1.66            0.04            1.02614     0.00261       0.25  %   10000     
6.348413e+02      1.83            0.06            1.03016     0.00277       0.27  %   10000     
6.349934e+02      1.98            0.05            1.02684     0.00258       0.25  %   10000     
6.352069e+02      2.19            0.07            1.03026     0.00272       0.26  %   10000     
6.352808e+02      2.30            0.06            1.02601     0.00251       0.24  %   10000     
6.355620e+02      2.69            0.06            1.02299     0.00236       0.23  %   10000     
6.355861e+02      2.72            0.07            1.02406     0.00242       0.24  %   10000     
6.358271e+02      3.19            0.08            1.02391     0.00242       0.24  %   10000     
6.359074e+02      3.35            0.08            1.02502     0.00249       0.24  %   10000     
6.360521e+02      3.75            0.08            1.02137     0.00231       0.23  %   10000     
6.361806e+02      4.09            0.13            1.03173     0.00284       0.28  %   10000     
6.362449e+02      4.34            0.13            1.03022     0.00278       0.27  %   10000     
6.364216e+02      5.01            0.16            1.03151     0.00288       0.28  %   10000     
6.364377e+02      5.07            0.18            1.03520     0.00306       0.30  %   10000     
6.365903e+02      5.88            0.19            1.03195     0.00295       0.29  %   10000     
6.366626e+02      6.26            0.22            1.03451     0.00311       0.30  %   10000     
6.367414e+02      6.85            0.25            1.03650     0.00321       0.31  %   10000     
6.368687e+02      7.79            0.22            1.02821     0.00288       0.28  %   10000     
6.368791e+02      7.90            0.31            1.03891     0.00338       0.33  %   10000     
6.370097e+02      9.25            0.29            1.03173     0.00311       0.30  %   10000     
6.370290e+02      9.45            0.39            1.04174     0.00358       0.34  %   10000     
6.371382e+02      11.01           0.39            1.03513     0.00333       0.32  %   10000     
6.371896e+02      11.74           0.54            1.04564     0.00384       0.37  %   10000     
6.372507e+02      12.96           0.65            1.05031     0.00405       0.39  %   10000     
6.373342e+02      14.62           0.69            1.04719     0.00400       0.38  %   10000     
6.373632e+02      15.42           0.71            1.04618     0.00396       0.38  %   10000     
6.374628e+02      18.13           0.79            1.04349     0.00393       0.38  %   10000     
6.374756e+02      18.61           0.94            1.05027     0.00422       0.40  %   10000     
6.375785e+02      22.41           0.95            1.04243     0.00395       0.38  %   10000     
6.375913e+02      22.88           1.20            1.05225     0.00440       0.42  %   10000     
6.376797e+02      27.19           1.28            1.04692     0.00422       0.40  %   10000     
6.377038e+02      28.33           1.38            1.04888     0.00435       0.41  %   10000     
6.377874e+02      33.57           1.51            1.04487     0.00420       0.40  %   10000     
6.378291e+02      36.08           1.94            1.05377     0.00465       0.44  %   10000     
6.379031e+02      41.90           2.25            1.05379     0.00467       0.44  %   10000     
6.379593e+02      46.09           2.84            1.06168     0.00507       0.48  %   10000     
6.380300e+02      52.79           2.75            1.05214     0.00467       0.44  %   10000     
6.381216e+02      60.84           3.60            1.05924     0.00506       0.48  %   10000     
6.381858e+02      67.25           3.62            1.05383     0.00484       0.46  %   10000     
6.385200e+02      95.59           6.04            1.06323     0.00381       0.36  %   20000     
6.385522e+02      96.93           7.21            1.07439     0.00416       0.39  %   20000     
6.386743e+02      102.78          7.28            1.07085     0.00407       0.38  %   20000     
6.387252e+02      103.03          8.27            1.08025     0.00437       0.40  %   20000     
6.388162e+02      104.50          9.08            1.08685     0.00455       0.42  %   20000     
6.388669e+02      103.03          8.23            1.07986     0.00441       0.41  %   20000     
6.389635e+02      101.33          9.01            1.08892     0.00465       0.43  %   20000     
6.390085e+02      98.66           8.67            1.08792     0.00467       0.43  %   20000     
6.391178e+02      93.14           9.10            1.09766     0.00492       0.45  %   20000     
6.391820e+02      87.78           8.42            1.09594     0.00493       0.45  %   20000     
6.395612e+02      54.01           6.75            1.12501     0.00477       0.42  %   30000     
6.396223e+02      49.10           5.54            1.11286     0.00454       0.41  %   30000     
6.397091e+02      41.59           5.64            1.13560     0.00506       0.45  %   30000     
6.397894e+02      36.12           4.86            1.13444     0.00506       0.45  %   30000     
6.398408e+02      32.43           4.48            1.13811     0.00520       0.46  %   30000     
6.399340e+02      27.28           3.56            1.13064     0.00511       0.45  %   30000     
6.399565e+02      25.99           3.96            1.15246     0.00556       0.48  %   30000     
6.400754e+02      20.83           3.13            1.15027     0.00563       0.49  %   30000     
6.400818e+02      20.62           3.21            1.15576     0.00572       0.50  %   30000     
6.402039e+02      16.61           2.53            1.15220     0.00502       0.44  %   40000     
6.402297e+02      15.99           2.59            1.16181     0.00517       0.45  %   40000     
6.403325e+02      13.48           2.40            1.17838     0.00556       0.47  %   40000     
6.403903e+02      12.44           2.26            1.18159     0.00562       0.48  %   40000     
6.404610e+02      11.15           2.01            1.18014     0.00571       0.48  %   40000     
6.405832e+02      9.54            1.87            1.19643     0.00539       0.45  %   50000     
6.406255e+02      8.97            1.71            1.19023     0.00537       0.45  %   50000     
6.407860e+02      7.45            1.45            1.19431     0.00554       0.46  %   50000     
6.408071e+02      7.25            1.45            1.20027     0.00566       0.47  %   50000     
6.410170e+02      5.84            1.24            1.21274     0.00601       0.50  %   50000     
6.410461e+02      5.70            1.21            1.21216     0.00601       0.50  %   50000     
6.412419e+02      4.75            1.06            1.22361     0.00581       0.47  %   60000     
6.413062e+02      4.53            0.96            1.21261     0.00568       0.47  %   60000     
6.415071e+02      3.83            0.89            1.23141     0.00612       0.50  %   60000     
6.416718e+02      3.42            0.78            1.22693     0.00569       0.46  %   70000     
6.417963e+02      3.11            0.73            1.23510     0.00592       0.48  %   70000     
6.421297e+02      2.51            0.59            1.23309     0.00611       0.50  %   70000     
6.421337e+02      2.51            0.59            1.23329     0.00611       0.50  %   70000     
6.424952e+02      2.04            0.52            1.25446     0.00624       0.50  %   80000     
6.427046e+02      1.85            0.48            1.25796     0.00601       0.48  %   90000     
6.428908e+02      1.67            0.48            1.28451     0.00614       0.48  %   100000    
6.433606e+02      1.36            0.43            1.31537     0.00674       0.51  %   100000    
6.434137e+02      1.33            0.41            1.31125     0.00671       0.51  %   100000    
6.439201e+02      1.09            0.38            1.34587     0.00743       0.55  %   100000    
6.441682e+02      1.01            0.37            1.37294     0.00783       0.57  %   100000    
6.444883e+02      0.90            0.35            1.38999     0.00827       0.60  %   100000    
6.451193e+02      0.74            0.33            1.44508     0.00925       0.64  %   100000    
6.452811e+02      0.71            0.30            1.42864     0.00914       0.64  %   100000    
6.459075e+02      0.60            0.29            1.48981     0.01025       0.69  %   100000    
6.466464e+02      0.51            0.26            1.52000     0.01098       0.72  %   100000    
6.466957e+02      0.50            0.26            1.51662     0.01100       0.72  %   100000    
6.477399e+02      0.41            0.23            1.56495     0.01219       0.78  %   100000    
6.485873e+02      0.36            0.23            1.63203     0.01330       0.81  %   100000    
6.487840e+02      0.34            0.21            1.60783     0.01319       0.82  %   100000    
6.500052e+02      0.29            0.19            1.65949     0.01439       0.87  %   100000    
6.506240e+02      0.27            0.17            1.63891     0.01436       0.88  %   100000    
6.513894e+02      0.25            0.14            1.55384     0.01375       0.89  %   100000    
6.527736e+02      0.22            0.05            1.23104     0.00918       0.75  %   100000    
6.538735e+02      0.21            0.02            1.11628     0.00655       0.59  %   100000    
6.545599e+02      0.20            0.02            1.08286     0.00557       0.51  %   100000    
6.556317e+02      0.19            0.01            1.05971     0.00521       0.49  %   80000     
6.564117e+02      0.20            0.01            1.05898     0.00500       0.47  %   80000     
6.568017e+02      0.21            0.01            1.04980     0.00511       0.49  %   60000     
6.570617e+02      0.23            0.01            1.03674     0.00514       0.50  %   40000     
6.572567e+02      0.26            0.00            1.01801     0.00481       0.47  %   20000     
6.573867e+02      0.29            0.01            1.03518     0.00446       0.43  %   40000     
6.574842e+02      0.33            0.01            1.02078     0.00453       0.44  %   20000     
6.575633e+02      0.39            0.00            1.01196     0.00452       0.45  %   10000     
6.575655e+02      0.39            0.01            1.01361     0.00481       0.47  %   10000     
6.576467e+02      0.47            0.01            1.01832     0.00508       0.50  %   10000     
6.577117e+02      0.57            0.01            1.01183     0.00374       0.37  %   10000     
6.577826e+02      0.71            0.01            1.01631     0.00395       0.39  %   10000     
6.578536e+02      0.91            0.00            1.00538     0.00203       0.20  %   10000     
6.579245e+02      1.17            0.01            1.00677     0.00204       0.20  %   10000     
6.579954e+02      1.52            0.01            1.00397     0.00140       0.14  %   10000     
6.580782e+02      2.04            0.01            1.00432     0.00130       0.13  %   10000     
6.581661e+02      2.75            0.01            1.00189     0.00077       0.08  %   10000     
6.582283e+02      3.39            0.01            1.00247     0.00082       0.08  %   10000     
6.582803e+02      3.91            0.01            1.00201     0.00071       0.07  %   10000     
6.585272e+02      6.90            0.01            1.00188     0.00059       0.06  %   10000     
6.586158e+02      7.97            0.01            1.00071     0.00036       0.04  %   10000     
6.587543e+02      9.13            0.00            1.00000     0.00000       0.00  %   10000     
6.588783e+02      9.49            0.02            1.00170     0.00054       0.05  %   10000     
6.589956e+02      9.17            0.02            1.00192     0.00058       0.06  %   10000     
6.591260e+02      8.11            0.02            1.00205     0.00062       0.06  %   10000     
6.591300e+02      8.08            0.02            1.00280     0.00072       0.07  %   10000     
6.592935e+02      6.11            0.01            1.00237     0.00072       0.07  %   10000     
6.593571e+02      5.34            0.01            1.00278     0.00080       0.08  %   10000     
6.595110e+02      3.53            0.01            1.00296     0.00094       0.09  %   10000     
6.596081e+02      2.59            0.02            1.00656     0.00154       0.15  %   10000     
6.596983e+02      1.90            0.02            1.00824     0.00194       0.19  %   10000     
6.597695e+02      1.47            0.02            1.01286     0.00268       0.26  %   10000     
6.598451e+02      1.11            0.02            1.01752     0.00350       0.34  %   10000     
6.599081e+02      0.88            0.02            1.01870     0.00398       0.39  %   10000     
6.599712e+02      0.71            0.02            1.02931     0.00388       0.38  %   20000     
6.600342e+02      0.58            0.02            1.03146     0.00440       0.43  %   20000     
6.600972e+02      0.48            0.01            1.03137     0.00478       0.46  %   20000     
6.601634e+02      0.40            0.02            1.04830     0.00523       0.50  %   30000     
6.602315e+02      0.35            0.02            1.05587     0.00520       0.49  %   40000     
6.602452e+02      0.34            0.02            1.04655     0.00482       0.46  %   40000     
6.603270e+02      0.29            0.02            1.05515     0.00501       0.47  %   50000     
6.604498e+02      0.25            0.02            1.06954     0.00509       0.48  %   70000     
6.605726e+02      0.23            0.01            1.06509     0.00516       0.48  %   70000     
6.607772e+02      0.20            0.02            1.08349     0.00539       0.50  %   90000     
6.611046e+02      0.18            0.02            1.08384     0.00534       0.49  %   100000    
6.612174e+02      0.18            0.02            1.09001     0.00556       0.51  %   100000    
6.616791e+02      0.17            0.01            1.08167     0.00548       0.51  %   100000    
6.624206e+02      0.16            0.01            1.09491     0.00603       0.55  %   100000    
6.634093e+02      0.15            0.01            1.09230     0.00599       0.55  %   100000    
6.657904e+02      0.14            0.01            1.08224     0.00554       0.51  %   100000    
6.661941e+02      0.14            0.01            1.09149     0.00580       0.53  %   100000    
6.669482e+02      0.14            0.01            1.08229     0.00541       0.50  %   100000    
6.697353e+02      0.15            0.01            1.07694     0.00518       0.48  %   90000     
6.729004e+02      0.16            0.00            1.01874     0.00399       0.39  %   30000     
6.759662e+02      0.19            0.00            1.00978     0.00437       0.43  %   10000     
6.769881e+02      0.20            0.00            1.01049     0.00428       0.42  %   10000     
6.781219e+02      0.22            0.00            1.01068     0.00403       0.40  %   10000     
6.800117e+02      0.25            0.00            1.00464     0.00232       0.23  %   10000     
6.812353e+02      0.29            0.00            1.00188     0.00133       0.13  %   10000     
6.814393e+02      0.30            0.00            1.00271     0.00156       0.16  %   10000     
6.824590e+02      0.34            0.00            1.00431     0.00176       0.17  %   10000     
6.830708e+02      0.38            0.00            1.00244     0.00122       0.12  %   10000     
6.836622e+02      0.45            0.00            1.00455     0.00152       0.15  %   10000     
6.838427e+02      0.48            0.00            1.00234     0.00105       0.10  %   10000     
6.840497e+02      0.51            0.00            1.00346     0.00122       0.12  %   10000     
6.842822e+02      0.58            0.00            1.00153     0.00077       0.08  %   10000     
6.844371e+02      0.65            0.00            1.00173     0.00077       0.08  %   10000     
6.845501e+02      0.73            0.00            1.00063     0.00045       0.04  %   10000     
6.846563e+02      0.84            0.00            1.00142     0.00063       0.06  %   10000     
6.847449e+02      0.98            0.00            1.00076     0.00044       0.04  %   10000     
6.847893e+02      1.08            0.00            1.00048     0.00034       0.03  %   10000     
6.848334e+02      1.18            0.00            1.00068     0.00039       0.04  %   10000     
6.848638e+02      1.28            0.00            1.00043     0.00031       0.03  %   10000     
6.849131e+02      1.44            0.00            1.00020     0.00020       0.02  %   10000     
6.849928e+02      1.81            0.00            1.00018     0.00018       0.02  %   10000     
6.850275e+02      2.02            0.00            1.00070     0.00035       0.04  %   10000     
6.850726e+02      2.31            0.00            1.00017     0.00017       0.02  %   10000     
6.851466e+02      2.93            0.00            1.00015     0.00015       0.02  %   10000     
6.851499e+02      2.96            0.00            1.00046     0.00027       0.03  %   10000     
6.852336e+02      3.88            0.00            1.00029     0.00020       0.02  %   10000     
6.852657e+02      4.34            0.00            1.00028     0.00020       0.02  %   10000     
6.853249e+02      5.18            0.00            1.00054     0.00027       0.03  %   10000     
6.854136e+02      6.79            0.00            1.00026     0.00018       0.02  %   10000     
6.854358e+02      7.20            0.00            1.00039     0.00022       0.02  %   10000     
6.855752e+02      10.32           0.01            1.00062     0.00028       0.03  %   10000     
6.855837e+02      10.51           0.01            1.00062     0.00028       0.03  %   10000     
6.858203e+02      16.09           0.00            1.00000     0.00000       0.00  %   10000     
6.858972e+02      17.41           0.01            1.00061     0.00027       0.03  %   10000     
6.859534e+02      18.36           0.01            1.00048     0.00024       0.02  %   10000     
6.860629e+02      19.15           0.01            1.00036     0.00021       0.02  %   10000     
6.860865e+02      19.32           0.01            1.00036     0.00021       0.02  %   10000     
6.861017e+02      19.33           0.00            1.00024     0.00017       0.02  %   10000     
6.861590e+02      19.04           0.01            1.00073     0.00030       0.03  %   10000     
6.862181e+02      18.74           0.02            1.00098     0.00034       0.03  %   10000     
6.863128e+02      17.37           0.00            1.00025     0.00017       0.02  %   10000     
6.863364e+02      17.03           0.01            1.00037     0.00021       0.02  %   10000     
6.864902e+02      13.63           0.02            1.00113     0.00038       0.04  %   10000     
6.865287e+02      12.78           0.01            1.00114     0.00038       0.04  %   10000     
6.867354e+02      7.95            0.02            1.00199     0.00051       0.05  %   10000     
6.868149e+02      6.43            0.01            1.00108     0.00038       0.04  %   10000     
6.868463e+02      5.83            0.01            1.00165     0.00048       0.05  %   10000     
6.869387e+02      4.42            0.01            1.00287     0.00064       0.06  %   10000     
6.869812e+02      3.91            0.01            1.00263     0.00062       0.06  %   10000     
6.870282e+02      3.36            0.01            1.00166     0.00050       0.05  %   10000     
6.871147e+02      2.59            0.01            1.00239     0.00062       0.06  %   10000     
6.871416e+02      2.41            0.01            1.00356     0.00076       0.08  %   10000     
6.871868e+02      2.11            0.01            1.00402     0.00082       0.08  %   10000     
6.872589e+02      1.75            0.00            1.00246     0.00066       0.07  %   10000     
6.873119e+02      1.56            0.01            1.00470     0.00092       0.09  %   10000     
6.873454e+02      1.45            0.01            1.00389     0.00085       0.08  %   10000     
6.874175e+02      1.27            0.00            1.00366     0.00084       0.08  %   10000     
6.875040e+02      1.12            0.01            1.00536     0.00103       0.10  %   10000     
6.875105e+02      1.11            0.01            1.00457     0.00095       0.09  %   10000     
6.876194e+02      1.00            0.01            1.00634     0.00114       0.11  %   10000     
6.877924e+02      0.91            0.00            1.00473     0.00098       0.10  %   10000     
6.878510e+02      0.89            0.01            1.00753     0.00124       0.12  %   10000     
6.880227e+02      0.86            0.00            1.00422     0.00092       0.09  %   10000     
6.881376e+02      0.85            0.00            1.00375     0.00086       0.09  %   10000     
6.884240e+02      0.86            0.00            1.00406     0.00087       0.09  %   10000     
6.886014e+02      0.87            0.00            1.00215     0.00062       0.06  %   10000     
6.890177e+02      0.92            0.00            1.00325     0.00073       0.07  %   10000     
6.892972e+02      0.96            0.00            1.00355     0.00074       0.07  %   10000     
6.894821e+02      1.01            0.00            1.00238     0.00059       0.06  %   10000     
6.898691e+02      1.10            0.00            1.00296     0.00065       0.06  %   10000     
6.899930e+02      1.13            0.00            1.00154     0.00046       0.05  %   10000     
6.900819e+02      1.16            0.00            1.00152     0.00046       0.05  %   10000     
6.903118e+02      1.24            0.00            1.00301     0.00064       0.06  %   10000     
6.905747e+02      1.33            0.00            1.00151     0.00045       0.05  %   10000     
6.905782e+02      1.33            0.00            1.00164     0.00047       0.05  %   10000     
6.908445e+02      1.46            0.00            1.00152     0.00046       0.05  %   10000     
6.910775e+02      1.57            0.00            1.00298     0.00065       0.06  %   10000     
6.911564e+02      1.60            0.00            1.00273     0.00063       0.06  %   10000     
6.913093e+02      1.70            0.00            1.00205     0.00055       0.05  %   10000     
6.915383e+02      1.86            0.00            1.00214     0.00057       0.06  %   10000     
6.916488e+02      1.93            0.01            1.00298     0.00068       0.07  %   10000     
6.917672e+02      2.04            0.01            1.00305     0.00070       0.07  %   10000     
6.919900e+02      2.24            0.01            1.00373     0.00079       0.08  %   10000     
6.921413e+02      2.38            0.01            1.00462     0.00090       0.09  %   10000     
6.922124e+02      2.47            0.01            1.00451     0.00090       0.09  %   10000     
6.924340e+02      2.76            0.01            1.00384     0.00086       0.09  %   10000     
6.925790e+02      2.95            0.02            1.00669     0.00116       0.12  %   10000     
6.926556e+02      3.10            0.02            1.00598     0.00111       0.11  %   10000     
6.928772e+02      3.51            0.02            1.00642     0.00119       0.12  %   10000     
6.929631e+02      3.67            0.03            1.00782     0.00134       0.13  %   10000     
6.930890e+02      4.00            0.03            1.00785     0.00136       0.14  %   10000     
6.932422e+02      4.39            0.05            1.01138     0.00169       0.17  %   10000     
6.932958e+02      4.59            0.03            1.00716     0.00135       0.13  %   10000     
6.934961e+02      5.29            0.07            1.01347     0.00192       0.19  %   10000     
6.935114e+02      5.35            0.06            1.01137     0.00177       0.18  %   10000     
6.936734e+02      6.14            0.08            1.01371     0.00200       0.20  %   10000     
6.937565e+02      6.55            0.09            1.01308     0.00199       0.20  %   10000     
6.938506e+02      7.20            0.10            1.01336     0.00203       0.20  %   10000     
6.939754e+02      8.05            0.14            1.01741     0.00239       0.23  %   10000     
6.940082e+02      8.37            0.12            1.01485     0.00221       0.22  %   10000     
6.941461e+02      9.70            0.18            1.01840     0.00252       0.25  %   10000     
6.941724e+02      9.95            0.22            1.02189     0.00277       0.27  %   10000     
6.942818e+02      11.42           0.22            1.01965     0.00267       0.26  %   10000     
6.943475e+02      12.29           0.30            1.02417     0.00301       0.29  %   10000     
6.944219e+02      13.66           0.26            1.01876     0.00267       0.26  %   10000     
6.945007e+02      15.08           0.31            1.02031     0.00284       0.28  %   10000     
6.945445e+02      16.17           0.36            1.02240     0.00298       0.29  %   10000     
6.946539e+02      18.82           0.49            1.02594     0.00328       0.32  %   10000     
6.946670e+02      19.25           0.43            1.02259     0.00307       0.30  %   10000     
6.948027e+02      23.60           0.72            1.03062     0.00365       0.35  %   10000     
6.948071e+02      23.73           0.60            1.02545     0.00333       0.32  %   10000     
6.949472e+02      29.48           0.99            1.03368     0.00390       0.38  %   10000     
6.949647e+02      30.17           0.93            1.03081     0.00375       0.36  %   10000     
6.951048e+02      37.24           1.35            1.03637     0.00413       0.40  %   10000     
6.951529e+02      39.54           1.37            1.03474     0.00408       0.39  %   10000     
6.953193e+02      48.56           1.50            1.03083     0.00390       0.38  %   10000     
6.956125e+02      62.95           2.45            1.03889     0.00447       0.43  %   10000     
6.956438e+02      63.78           3.31            1.05190     0.00367       0.35  %   20000     
6.957842e+02      67.88           3.86            1.05692     0.00386       0.37  %   20000     
6.958241e+02      68.11           4.04            1.05932     0.00397       0.37  %   20000     
6.959311e+02      69.18           4.36            1.06301     0.00409       0.39  %   20000     
6.959800e+02      68.40           4.40            1.06437     0.00417       0.39  %   20000     
6.960063e+02      68.05           4.36            1.06410     0.00418       0.39  %   20000     
6.961134e+02      66.92           4.44            1.06639     0.00424       0.40  %   20000     
6.961816e+02      64.44           4.82            1.07481     0.00455       0.42  %   20000     
6.963217e+02      59.82           4.58            1.07661     0.00461       0.43  %   20000     
6.963961e+02      56.31           4.22            1.07496     0.00459       0.43  %   20000     
6.967419e+02      39.38           3.48            1.08840     0.00508       0.47  %   20000     
6.968085e+02      36.71           3.22            1.08779     0.00505       0.46  %   20000     
6.969195e+02      32.02           2.92            1.09130     0.00521       0.48  %   20000     
6.970001e+02      29.58           2.72            1.09190     0.00520       0.48  %   20000     
6.970829e+02      26.97           2.64            1.09803     0.00442       0.40  %   30000     
6.971534e+02      25.57           2.31            1.09014     0.00517       0.47  %   20000     
6.972451e+02      23.68           2.33            1.09847     0.00543       0.49  %   20000     
6.972847e+02      23.25           2.15            1.09258     0.00525       0.48  %   20000     
6.973727e+02      22.25           2.22            1.09994     0.00549       0.50  %   20000     
6.974478e+02      21.98           2.19            1.09963     0.00445       0.40  %   30000     
6.974888e+02      21.82           2.20            1.10073     0.00549       0.50  %   20000     
6.974948e+02      21.80           2.31            1.10588     0.00460       0.42  %   30000     
6.976024e+02      22.25           2.18            1.09777     0.00540       0.49  %   20000     
6.976425e+02      22.40           2.14            1.09574     0.00538       0.49  %   20000     
6.977174e+02      23.34           2.29            1.09794     0.00542       0.49  %   20000     
6.977681e+02      23.95           2.88            1.12020     0.00493       0.44  %   30000     
6.978669e+02      26.13           2.80            1.10728     0.00465       0.42  %   30000     
6.979194e+02      27.22           3.23            1.11868     0.00493       0.44  %   30000     
6.979982e+02      29.86           3.29            1.11011     0.00474       0.43  %   30000     
6.980726e+02      32.21           3.61            1.11210     0.00484       0.44  %   30000     
6.981288e+02      34.76           3.77            1.10855     0.00475       0.43  %   30000     
6.982215e+02      38.68           4.74            1.12252     0.00511       0.46  %   30000     
6.982751e+02      41.70           5.43            1.13012     0.00525       0.46  %   30000     
6.984049e+02      48.35           6.33            1.13094     0.00535       0.47  %   30000     
6.984576e+02      51.46           6.59            1.12809     0.00530       0.47  %   30000     
6.988267e+02      69.73           10.79           1.15474     0.00515       0.45  %   40000     
6.988753e+02      70.90           10.77           1.15197     0.00515       0.45  %   40000     
6.989818e+02      73.95           11.27           1.15237     0.00516       0.45  %   40000     
6.990351e+02      74.06           12.23           1.16516     0.00542       0.47  %   40000     
6.991464e+02      75.20           13.31           1.17697     0.00561       0.48  %   40000     
6.991995e+02      74.06           12.90           1.17415     0.00563       0.48  %   40000     
6.993295e+02      72.49           13.30           1.18353     0.00578       0.49  %   40000     
6.993701e+02      70.80           13.77           1.19446     0.00536       0.45  %   50000     
6.995242e+02      65.38           12.89           1.19708     0.00544       0.45  %   50000     
6.995404e+02      64.53           12.28           1.19024     0.00536       0.45  %   50000     
6.999743e+02      40.43           8.97            1.22178     0.00602       0.49  %   50000     
7.000190e+02      38.25           8.53            1.22290     0.00603       0.49  %   50000     
7.001528e+02      31.14           7.46            1.23967     0.00583       0.47  %   60000     
7.002055e+02      28.97           7.03            1.24255     0.00586       0.47  %   60000     
7.002988e+02      24.87           6.20            1.24941     0.00606       0.48  %   60000     
7.003677e+02      22.60           5.50            1.24358     0.00600       0.48  %   60000     
7.004488e+02      19.78           4.87            1.24643     0.00615       0.49  %   60000     
7.005299e+02      17.70           4.43            1.25015     0.00621       0.50  %   60000     
7.005908e+02      16.08           4.38            1.27235     0.00609       0.48  %   70000     
7.006921e+02      14.13           3.71            1.26261     0.00602       0.48  %   70000     
7.007530e+02      12.92           3.75            1.29011     0.00642       0.50  %   70000     
7.008949e+02      10.90           3.14            1.28767     0.00606       0.47  %   80000     
7.009152e+02      10.61           3.13            1.29468     0.00617       0.48  %   80000     
7.010977e+02      8.70            2.70            1.31008     0.00646       0.49  %   80000     
7.013005e+02      7.15            2.41            1.33697     0.00650       0.49  %   90000     
7.013410e+02      6.93            2.21            1.31942     0.00634       0.48  %   90000     
7.015412e+02      5.82            2.05            1.35307     0.00649       0.48  %   100000    
7.016477e+02      5.40            1.92            1.35486     0.00653       0.48  %   100000    
7.018074e+02      4.77            1.78            1.37248     0.00685       0.50  %   100000    
7.020102e+02      4.19            1.58            1.37663     0.00696       0.51  %   100000    
7.021268e+02      3.86            1.54            1.39815     0.00728       0.52  %   100000    
7.024157e+02      3.28            1.39            1.42402     0.00766       0.54  %   100000    
7.024917e+02      3.13            1.34            1.42726     0.00778       0.54  %   100000    
7.028922e+02      2.55            1.14            1.44653     0.00820       0.57  %   100000    
7.029226e+02      2.52            1.12            1.44524     0.00819       0.57  %   100000    
7.033484e+02      2.08            1.04            1.49887     0.00898       0.60  %   100000    
7.035593e+02      1.93            0.96            1.49843     0.00905       0.60  %   100000    
7.038108e+02      1.74            0.93            1.53734     0.00962       0.63  %   100000    
7.043382e+02      1.45            0.81            1.55879     0.01009       0.65  %   100000    
7.043715e+02      1.43            0.80            1.55768     0.01011       0.65  %   100000    
7.050595e+02      1.17            0.73            1.62162     0.01111       0.69  %   100000    
7.053605e+02      1.09            0.67            1.61848     0.01116       0.69  %   100000    
7.058457e+02      0.96            0.64            1.67189     0.01198       0.72  %   100000    
7.066099e+02      0.82            0.58            1.71298     0.01262       0.74  %   100000    
7.066801e+02      0.80            0.55            1.69010     0.01248       0.74  %   100000    
7.076813e+02      0.68            0.51            1.74887     0.01334       0.76  %   100000    
7.081709e+02      0.64            0.45            1.71210     0.01302       0.76  %   100000    
7.085157e+02      0.61            0.45            1.74605     0.01340       0.77  %   100000    
7.094173e+02      0.57            0.37            1.64717     0.01243       0.75  %   100000    
7.103189e+02      0.55            0.30            1.53956     0.01097       0.71  %   100000    
7.107120e+02      0.56            0.25            1.44786     0.00972       0.67  %   100000    
7.109678e+02      0.57            0.23            1.41220     0.00915       0.65  %   100000    
7.116167e+02      0.61            0.19            1.31128     0.00740       0.56  %   100000    
7.121034e+02      0.68            0.17            1.25233     0.00616       0.49  %   100000    
7.125090e+02      0.77            0.15            1.19272     0.00593       0.50  %   70000     
7.127894e+02      0.86            0.14            1.15746     0.00538       0.46  %   60000     
7.129146e+02      0.91            0.12            1.13173     0.00521       0.46  %   50000     
7.131983e+02      1.06            0.11            1.10205     0.00537       0.49  %   30000     
7.134347e+02      1.24            0.10            1.07715     0.00521       0.48  %   20000     
7.136638e+02      1.50            0.08            1.05194     0.00385       0.37  %   20000     
7.136710e+02      1.50            0.08            1.04989     0.00377       0.36  %   20000     
7.138543e+02      1.81            0.05            1.02877     0.00367       0.36  %   10000     
7.140070e+02      2.19            0.06            1.02826     0.00332       0.32  %   10000     
7.141292e+02      2.64            0.05            1.02033     0.00260       0.25  %   10000     
7.142200e+02      3.11            0.05            1.01664     0.00220       0.22  %   10000     
7.142236e+02      3.12            0.05            1.01716     0.00223       0.22  %   10000     
7.143087e+02      3.72            0.05            1.01320     0.00184       0.18  %   10000     
7.143248e+02      3.88            0.04            1.00959     0.00155       0.15  %   10000     
7.143938e+02      4.54            0.03            1.00746     0.00132       0.13  %   10000     
7.144590e+02      5.41            0.05            1.00920     0.00140       0.14  %   10000     
7.144789e+02      5.67            0.03            1.00548     0.00107       0.11  %   10000     
7.145472e+02      6.91            0.05            1.00709     0.00118       0.12  %   10000     
7.145590e+02      7.12            0.06            1.00784     0.00124       0.12  %   10000     
7.146326e+02      8.89            0.04            1.00484     0.00095       0.09  %   10000     
7.146355e+02      8.98            0.03            1.00315     0.00076       0.08  %   10000     
7.147061e+02      11.17           0.06            1.00504     0.00095       0.09  %   10000     
7.147091e+02      11.29           0.07            1.00592     0.00103       0.10  %   10000     
7.147826e+02      14.24           0.07            1.00493     0.00093       0.09  %   10000     
7.147885e+02      14.48           0.07            1.00511     0.00095       0.09  %   10000     
7.148562e+02      18.01           0.11            1.00610     0.00103       0.10  %   10000     
7.148812e+02      19.31           0.09            1.00491     0.00093       0.09  %   10000     
7.149298e+02      22.54           0.04            1.00192     0.00058       0.06  %   10000     
7.149778e+02      25.72           0.13            1.00511     0.00095       0.09  %   10000     
7.150180e+02      29.07           0.18            1.00614     0.00104       0.10  %   10000     
7.150997e+02      35.80           0.13            1.00375     0.00082       0.08  %   10000     
7.151151e+02      37.37           0.14            1.00375     0.00082       0.08  %   10000     
7.152416e+02      49.97           0.30            1.00601     0.00105       0.10  %   10000     
7.152863e+02      54.32           0.25            1.00461     0.00092       0.09  %   10000     
7.155100e+02      75.58           0.71            1.00939     0.00134       0.13  %   10000     
7.155923e+02      80.64           0.65            1.00805     0.00125       0.12  %   10000     
7.156465e+02      83.99           0.76            1.00906     0.00133       0.13  %   10000     
7.157312e+02      85.68           1.06            1.01233     0.00157       0.16  %   10000     
7.157816e+02      86.77           1.13            1.01299     0.00162       0.16  %   10000     
7.158411e+02      85.32           0.97            1.01140     0.00153       0.15  %   10000     
7.158842e+02      84.33           0.95            1.01130     0.00153       0.15  %   10000     
7.159125e+02      83.71           1.07            1.01278     0.00163       0.16  %   10000     
7.160019e+02      77.91           1.03            1.01320     0.00168       0.17  %   10000     
7.160631e+02      74.01           1.29            1.01747     0.00195       0.19  %   10000     
7.161384e+02      66.85           1.21            1.01806     0.00201       0.20  %   10000     
7.164482e+02      36.64           0.87            1.02385     0.00249       0.24  %   10000     
7.165598e+02      27.31           0.65            1.02380     0.00259       0.25  %   10000     
7.165656e+02      26.81           0.61            1.02283     0.00254       0.25  %   10000     
7.166598e+02      20.36           0.59            1.02907     0.00300       0.29  %   10000     
7.167069e+02      17.79           0.62            1.03477     0.00334       0.32  %   10000     
7.167481e+02      15.53           0.63            1.04063     0.00372       0.36  %   10000     
7.168363e+02      11.77           0.49            1.04185     0.00399       0.38  %   10000     
7.168540e+02      11.19           0.45            1.03982     0.00392       0.38  %   10000     
7.169099e+02      9.35            0.34            1.03667     0.00394       0.38  %   10000     
7.169834e+02      7.47            0.42            1.05633     0.00513       0.49  %   10000     
7.170011e+02      7.13            0.44            1.06177     0.00384       0.36  %   20000     
7.170570e+02      6.03            0.41            1.06768     0.00421       0.39  %   20000     
7.171305e+02      4.93            0.36            1.07282     0.00461       0.43  %   20000     
7.171736e+02      4.45            0.34            1.07560     0.00482       0.45  %   20000     
7.172149e+02      3.99            0.38            1.09522     0.00457       0.42  %   30000     
7.173042e+02      3.27            0.36            1.11040     0.00522       0.47  %   30000     
7.173597e+02      2.95            0.32            1.10872     0.00534       0.48  %   30000     
7.173935e+02      2.75            0.31            1.11187     0.00555       0.50  %   30000     
7.174955e+02      2.32            0.29            1.12553     0.00539       0.48  %   40000     
7.176077e+02      1.98            0.29            1.14626     0.00545       0.48  %   50000     
7.176277e+02      1.92            0.29            1.15345     0.00565       0.49  %   50000     
7.177785e+02      1.60            0.27            1.17098     0.00579       0.49  %   60000     
7.179383e+02      1.36            0.25            1.18085     0.00580       0.49  %   70000     
7.179593e+02      1.33            0.25            1.18507     0.00592       0.50  %   70000     
7.181636e+02      1.11            0.24            1.21827     0.00604       0.50  %   90000     
7.184148e+02      0.92            0.23            1.25040     0.00654       0.52  %   100000    
7.185468e+02      0.85            0.23            1.27017     0.00696       0.55  %   100000    
7.187078e+02      0.77            0.22            1.28300     0.00742       0.58  %   100000    
7.190568e+02      0.64            0.21            1.33303     0.00862       0.65  %   100000    
7.194868e+02      0.53            0.20            1.37239     0.00972       0.71  %   100000    
7.195117e+02      0.52            0.19            1.36723     0.00968       0.71  %   100000    
7.199515e+02      0.44            0.19            1.42855     0.01111       0.78  %   100000    
7.204988e+02      0.38            0.18            1.47720     0.01243       0.84  %   100000    
7.207125e+02      0.36            0.17            1.48356     0.01270       0.86  %   100000    
7.212651e+02      0.31            0.17            1.55943     0.01439       0.92  %   100000    
7.221060e+02      0.27            0.16            1.59223     0.01567       0.98  %   100000    
7.229057e+02      0.24            0.16            1.66345     0.01717       1.03  %   100000    
7.231425e+02      0.23            0.15            1.65770     0.01735       1.05  %   100000    
7.243863e+02      0.20            0.14            1.68521     0.01859       1.10  %   100000    
7.261189e+02      0.17            0.13            1.77364     0.02056       1.16  %   100000    
7.265183e+02      0.17            0.12            1.74681     0.02027       1.16  %   100000    
7.283156e+02      0.15            0.12            1.80736     0.02172       1.20  %   100000    
7.303635e+02      0.14            0.08            1.57497     0.01858       1.18  %   100000    
7.326708e+02      0.13            0.01            1.06306     0.00609       0.57  %   100000    
7.337952e+02      0.14            0.01            1.05139     0.00536       0.51  %   100000    
7.343874e+02      0.14            0.00            1.03021     0.00484       0.47  %   70000     
7.352024e+02      0.15            0.00            1.02986     0.00498       0.48  %   60000     
7.358137e+02      0.16            0.00            1.02007     0.00473       0.46  %   40000     
7.361559e+02      0.18            0.00            1.02760     0.00473       0.46  %   50000     
7.364327e+02      0.20            0.00            1.02062     0.00500       0.49  %   30000     
7.366403e+02      0.22            0.00            1.01727     0.00432       0.42  %   30000     
7.368134e+02      0.25            0.00            1.01124     0.00397       0.39  %   20000     
7.369345e+02      0.29            0.00            1.00977     0.00488       0.48  %   10000     
7.370383e+02      0.34            0.00            1.00832     0.00416       0.41  %   10000     
7.371154e+02      0.40            0.00            1.00179     0.00179       0.18  %   10000     
7.371248e+02      0.41            0.00            1.01054     0.00430       0.43  %   10000     
7.371987e+02      0.49            0.01            1.01482     0.00468       0.46  %   10000     
7.372727e+02      0.60            0.00            1.00489     0.00244       0.24  %   10000     
7.373466e+02      0.75            0.00            1.00496     0.00222       0.22  %   10000     
7.374206e+02      0.96            0.01            1.01195     0.00308       0.30  %   10000     
7.374945e+02      1.23            0.00            1.00128     0.00090       0.09  %   10000     
7.375739e+02      1.62            0.00            1.00051     0.00051       0.05  %   10000     
7.376574e+02      2.16            0.01            1.00243     0.00099       0.10  %   10000     
7.376598e+02      2.18            0.00            1.00202     0.00090       0.09  %   10000     
7.377535e+02      2.96            0.00            1.00130     0.00065       0.06  %   10000     
7.378682e+02      4.16            0.00            1.00078     0.00045       0.05  %   10000     
7.379937e+02      5.79            0.01            1.00174     0.00062       0.06  %   10000     
7.380333e+02      6.30            0.01            1.00188     0.00063       0.06  %   10000     
7.382750e+02      9.50            0.01            1.00089     0.00040       0.04  %   10000     
7.384150e+02      10.73           0.01            1.00137     0.00048       0.05  %   10000     
7.385416e+02      11.12           0.01            1.00102     0.00042       0.04  %   10000     
7.386752e+02      10.69           0.01            1.00105     0.00043       0.04  %   10000     
7.386778e+02      10.66           0.01            1.00088     0.00039       0.04  %   10000     
7.388152e+02      9.41            0.01            1.00112     0.00046       0.05  %   10000     
7.388363e+02      9.14            0.02            1.00171     0.00057       0.06  %   10000     
7.391956e+02      4.39            0.02            1.00531     0.00122       0.12  %   10000     
7.392121e+02      4.21            0.02            1.00459     0.00115       0.11  %   10000     
7.393111e+02      3.13            0.02            1.00694     0.00155       0.15  %   10000     
7.394071e+02      2.30            0.02            1.00906     0.00198       0.20  %   10000     
7.394881e+02      1.75            0.02            1.01167     0.00248       0.25  %   10000     
7.395690e+02      1.32            0.02            1.01588     0.00324       0.32  %   10000     
7.396483e+02      1.01            0.02            1.02070     0.00413       0.41  %   10000     
7.397114e+02      0.82            0.01            1.01378     0.00368       0.36  %   10000     
7.397219e+02      0.79            0.02            1.02750     0.00374       0.36  %   20000     
7.397954e+02      0.63            0.02            1.02999     0.00432       0.42  %   20000     
7.398772e+02      0.50            0.02            1.04000     0.00452       0.43  %   30000     
7.399589e+02      0.41            0.02            1.04934     0.00476       0.45  %   40000     
7.400407e+02      0.35            0.02            1.06141     0.00513       0.48  %   50000     
7.401388e+02      0.30            0.02            1.05998     0.00498       0.47  %   60000     
7.402439e+02      0.26            0.02            1.05952     0.00526       0.50  %   60000     
7.403770e+02      0.23            0.02            1.07371     0.00534       0.50  %   80000     
7.405957e+02      0.20            0.02            1.09526     0.00575       0.52  %   100000    
7.405989e+02      0.20            0.02            1.07489     0.00510       0.47  %   100000    
7.408652e+02      0.18            0.02            1.11075     0.00651       0.59  %   100000    
7.412202e+02      0.17            0.02            1.09303     0.00621       0.57  %   100000    
7.418285e+02      0.15            0.02            1.10003     0.00668       0.61  %   100000    
7.425886e+02      0.14            0.01            1.10237     0.00686       0.62  %   100000    
7.436019e+02      0.14            0.02            1.11685     0.00731       0.65  %   100000    
7.452923e+02      0.14            0.01            1.09895     0.00649       0.59  %   100000    
7.474025e+02      0.16            0.01            1.09195     0.00579       0.53  %   100000    
7.490822e+02      0.18            0.01            1.07888     0.00518       0.48  %   90000     
7.503420e+02      0.20            0.01            1.06410     0.00528       0.50  %   60000     
7.516093e+02      0.23            0.01            1.05097     0.00522       0.50  %   40000     
7.519818e+02      0.25            0.01            1.04683     0.00482       0.46  %   40000     
7.526956e+02      0.28            0.01            1.04401     0.00504       0.48  %   30000     
7.536628e+02      0.34            0.01            1.02630     0.00426       0.42  %   20000     
7.544049e+02      0.41            0.01            1.01919     0.00465       0.46  %   10000     
7.550193e+02      0.49            0.00            1.00186     0.00131       0.13  %   10000     
7.550893e+02      0.50            0.00            1.00546     0.00223       0.22  %   10000     
7.556292e+02      0.60            0.00            1.00608     0.00215       0.21  %   10000     
7.560012e+02      0.70            0.00            1.00066     0.00066       0.07  %   10000     
7.560920e+02      0.73            0.00            1.00321     0.00143       0.14  %   10000     
7.565270e+02      0.90            0.00            1.00164     0.00095       0.09  %   10000     
7.566577e+02      0.97            0.00            1.00258     0.00115       0.12  %   10000     
7.568849e+02      1.09            0.00            1.00241     0.00108       0.11  %   10000     
7.571463e+02      1.29            0.00            1.00262     0.00107       0.11  %   10000     
7.571861e+02      1.32            0.00            1.00130     0.00075       0.07  %   10000     
7.574779e+02      1.64            0.00            1.00237     0.00097       0.10  %   10000     
7.574846e+02      1.64            0.00            1.00276     0.00104       0.10  %   10000     
7.577167e+02      2.00            0.01            1.00261     0.00099       0.10  %   10000     
7.577432e+02      2.05            0.01            1.00332     0.00111       0.11  %   10000     
7.579157e+02      2.41            0.01            1.00287     0.00101       0.10  %   10000     
7.579422e+02      2.49            0.00            1.00142     0.00071       0.07  %   10000     
7.581033e+02      2.95            0.01            1.00350     0.00111       0.11  %   10000     
7.581080e+02      2.97            0.01            1.00244     0.00092       0.09  %   10000     
7.582559e+02      3.57            0.01            1.00276     0.00098       0.10  %   10000     
7.582685e+02      3.62            0.01            1.00173     0.00078       0.08  %   10000     
7.583769e+02      4.24            0.01            1.00310     0.00103       0.10  %   10000     
7.584061e+02      4.40            0.01            1.00279     0.00098       0.10  %   10000     
7.584980e+02      5.13            0.02            1.00312     0.00104       0.10  %   10000     
7.585417e+02      5.47            0.02            1.00317     0.00106       0.11  %   10000     
7.586081e+02      6.19            0.01            1.00211     0.00086       0.09  %   10000     
7.586611e+02      6.77            0.02            1.00287     0.00101       0.10  %   10000     
7.587142e+02      7.56            0.04            1.00535     0.00138       0.14  %   10000     
7.587805e+02      8.54            0.01            1.00146     0.00073       0.07  %   10000     
7.588203e+02      9.34            0.06            1.00619     0.00150       0.15  %   10000     
7.588999e+02      10.94           0.07            1.00599     0.00150       0.15  %   10000     
7.589264e+02      11.66           0.06            1.00521     0.00139       0.14  %   10000     
7.590193e+02      14.15           0.14            1.00957     0.00191       0.19  %   10000     
7.590325e+02      14.62           0.10            1.00687     0.00162       0.16  %   10000     
7.591386e+02      18.30           0.07            1.00392     0.00124       0.12  %   10000     
7.592633e+02      23.77           0.15            1.00640     0.00160       0.16  %   10000     
7.592845e+02      24.68           0.21            1.00849     0.00185       0.18  %   10000     
7.594198e+02      31.93           0.25            1.00779     0.00179       0.18  %   10000     
7.594861e+02      35.35           0.44            1.01253     0.00228       0.23  %   10000     
7.597833e+02      50.69           0.59            1.01169     0.00225       0.22  %   10000     
7.598098e+02      51.58           0.56            1.01092     0.00218       0.22  %   10000     
7.599106e+02      55.08           1.04            1.01889     0.00288       0.28  %   10000     
7.599530e+02      55.63           0.89            1.01606     0.00267       0.26  %   10000     
7.600719e+02      57.45           1.23            1.02148     0.00309       0.30  %   10000     
7.600936e+02      57.44           1.21            1.02114     0.00308       0.30  %   10000     
7.601113e+02      57.16           0.98            1.01723     0.00279       0.27  %   10000     
7.601421e+02      56.73           1.09            1.01918     0.00295       0.29  %   10000     
7.602342e+02      55.54           1.20            1.02165     0.00315       0.31  %   10000     
7.602528e+02      55.34           1.32            1.02387     0.00330       0.32  %   10000     
7.603828e+02      50.70           1.39            1.02732     0.00358       0.35  %   10000     
7.604253e+02      49.24           1.27            1.02581     0.00347       0.34  %   10000     
7.605950e+02      40.56           1.32            1.03256     0.00396       0.38  %   10000     
7.608497e+02      26.89           0.84            1.03140     0.00401       0.39  %   10000     
7.608868e+02      25.22           0.97            1.03863     0.00444       0.43  %   10000     
7.610036e+02      19.81           0.86            1.04317     0.00481       0.46  %   10000     
7.610566e+02      17.88           0.64            1.03573     0.00438       0.42  %   10000     
7.611309e+02      15.12           0.62            1.04108     0.00479       0.46  %   10000     
7.611840e+02      13.62           0.57            1.04193     0.00486       0.47  %   10000     
7.612503e+02      11.70           0.54            1.04603     0.00519       0.50  %   10000     
7.613166e+02      10.27           0.46            1.04483     0.00516       0.49  %   10000     
7.613670e+02      9.16            0.46            1.05018     0.00393       0.37  %   20000     
7.614493e+02      7.84            0.43            1.05482     0.00415       0.39  %   20000     
7.614864e+02      7.23            0.36            1.05023     0.00403       0.38  %   20000     
7.615905e+02      6.00            0.38            1.06367     0.00462       0.43  %   20000     
7.616058e+02      5.82            0.35            1.05934     0.00449       0.42  %   20000     
7.617295e+02      4.75            0.30            1.06370     0.00478       0.45  %   20000     
7.617447e+02      4.65            0.28            1.06017     0.00465       0.44  %   20000     
7.618596e+02      3.92            0.25            1.06338     0.00491       0.46  %   20000     
7.619414e+02      3.55            0.25            1.07185     0.00527       0.49  %   20000     
7.620158e+02      3.21            0.22            1.07009     0.00532       0.50  %   20000     
7.621735e+02      2.69            0.23            1.08591     0.00492       0.45  %   30000     
7.621934e+02      2.63            0.22            1.08549     0.00494       0.45  %   30000     
7.623923e+02      2.17            0.19            1.08580     0.00511       0.47  %   30000     
7.624388e+02      2.09            0.20            1.09585     0.00542       0.49  %   30000     
7.626245e+02      1.79            0.16            1.08845     0.00538       0.49  %   30000     
7.627704e+02      1.61            0.16            1.09970     0.00500       0.46  %   40000     
7.628898e+02      1.47            0.13            1.09066     0.00488       0.45  %   40000     
7.632174e+02      1.21            0.13            1.10610     0.00546       0.49  %   40000     
7.632224e+02      1.20            0.12            1.09989     0.00530       0.48  %   40000     
7.635912e+02      1.00            0.11            1.11192     0.00522       0.47  %   50000     
7.638240e+02      0.91            0.11            1.11612     0.00537       0.48  %   50000     
7.640274e+02      0.83            0.11            1.12790     0.00525       0.47  %   60000     
7.644801e+02      0.72            0.09            1.12483     0.00530       0.47  %   60000     
7.645644e+02      0.70            0.10            1.13547     0.00552       0.49  %   60000     
7.649723e+02      0.63            0.09            1.13505     0.00560       0.49  %   60000     
7.654644e+02      0.58            0.07            1.12965     0.00549       0.49  %   60000     
7.656030e+02      0.57            0.08            1.13909     0.00565       0.50  %   60000     
7.661205e+02      0.54            0.07            1.13663     0.00556       0.49  %   60000     
7.667767e+02      0.53            0.07            1.12409     0.00560       0.50  %   50000     
7.671766e+02      0.53            0.06            1.12113     0.00532       0.47  %   50000     
7.674594e+02      0.54            0.06            1.10709     0.00547       0.49  %   40000     
7.681422e+02      0.58            0.06            1.10258     0.00493       0.45  %   40000     
7.688249e+02      0.66            0.05            1.07182     0.00524       0.49  %   20000     
7.694223e+02      0.78            0.04            1.04886     0.00385       0.37  %   20000     
7.699107e+02      0.93            0.05            1.05614     0.00520       0.49  %   10000     
7.699823e+02      0.96            0.04            1.04226     0.00443       0.43  %   10000     
7.703138e+02      1.10            0.03            1.03022     0.00348       0.34  %   10000     
7.705782e+02      1.26            0.04            1.02811     0.00313       0.30  %   10000     
7.706535e+02      1.31            0.03            1.02558     0.00294       0.29  %   10000     
7.710084e+02      1.62            0.04            1.02195     0.00251       0.25  %   10000     
7.710120e+02      1.62            0.03            1.01989     0.00239       0.23  %   10000     
7.712924e+02      1.98            0.04            1.02100     0.00232       0.23  %   10000     
7.713350e+02      2.05            0.03            1.01474     0.00193       0.19  %   10000     
7.715266e+02      2.40            0.03            1.01376     0.00182       0.18  %   10000     
7.715408e+02      2.42            0.03            1.01375     0.00182       0.18  %   10000     
7.717183e+02      2.87            0.05            1.01773     0.00203       0.20  %   10000     
7.717478e+02      2.94            0.04            1.01404     0.00181       0.18  %   10000     
7.718798e+02      3.41            0.06            1.01849     0.00206       0.20  %   10000     
7.719245e+02      3.56            0.06            1.01609     0.00193       0.19  %   10000     
7.720090e+02      3.97            0.05            1.01141     0.00163       0.16  %   10000     
7.720718e+02      4.27            0.05            1.01208     0.00169       0.17  %   10000     
7.721221e+02      4.60            0.07            1.01469     0.00186       0.18  %   10000     
7.722152e+02      5.22            0.08            1.01514     0.00192       0.19  %   10000     
7.722351e+02      5.40            0.08            1.01563     0.00195       0.19  %   10000     
7.723373e+02      6.32            0.12            1.01872     0.00217       0.21  %   10000     
7.723430e+02      6.37            0.15            1.02286     0.00240       0.23  %   10000     
7.724268e+02      7.40            0.14            1.01854     0.00219       0.22  %   10000     
7.724651e+02      7.87            0.12            1.01582     0.00205       0.20  %   10000     
7.725248e+02      8.86            0.15            1.01660     0.00212       0.21  %   10000     
7.725787e+02      9.75            0.23            1.02393     0.00258       0.25  %   10000     
7.726099e+02      10.44           0.27            1.02548     0.00267       0.26  %   10000     
7.726923e+02      12.24           0.28            1.02280     0.00259       0.25  %   10000     
7.727051e+02      12.61           0.27            1.02163     0.00252       0.25  %   10000     
7.727945e+02      15.15           0.32            1.02129     0.00255       0.25  %   10000     
7.728059e+02      15.47           0.36            1.02336     0.00269       0.26  %   10000     
7.728911e+02      18.61           0.50            1.02691     0.00292       0.28  %   10000     
7.729337e+02      20.15           0.60            1.02967     0.00311       0.30  %   10000     
7.730004e+02      23.25           0.75            1.03207     0.00326       0.32  %   10000     
7.730756e+02      26.67           0.90            1.03370     0.00341       0.33  %   10000     
7.731296e+02      29.73           0.98            1.03285     0.00337       0.33  %   10000     
7.732772e+02      37.80           1.65            1.04379     0.00399       0.38  %   10000     
7.732915e+02      38.60           1.25            1.03247     0.00345       0.33  %   10000     
7.735868e+02      54.43           2.87            1.05271     0.00452       0.43  %   10000     
7.736549e+02      56.53           2.90            1.05135     0.00453       0.43  %   10000     
7.737685e+02      60.15           2.64            1.04390     0.00422       0.40  %   10000     
7.737799e+02      60.23           3.10            1.05154     0.00458       0.44  %   10000     
7.739009e+02      61.33           3.27            1.05337     0.00471       0.45  %   10000     
7.739266e+02      61.06           3.68            1.06029     0.00502       0.47  %   10000     
7.739900e+02      60.52           2.94            1.04849     0.00454       0.43  %   10000     
7.739923e+02      60.46           2.83            1.04683     0.00446       0.43  %   10000     
7.741377e+02      56.53           3.53            1.06252     0.00523       0.49  %   10000     
7.741490e+02      56.25           3.49            1.06201     0.00520       0.49  %   10000     
7.743364e+02      47.41           2.82            1.05945     0.00369       0.35  %   20000     
7.743535e+02      46.61           2.82            1.06047     0.00527       0.50  %   10000     
7.746715e+02      28.80           2.32            1.08053     0.00452       0.42  %   20000     
7.747510e+02      25.04           2.05            1.08174     0.00460       0.43  %   20000     
7.748192e+02      21.73           1.95            1.08956     0.00491       0.45  %   20000     
7.749214e+02      17.77           1.62            1.09106     0.00504       0.46  %   20000     
7.749469e+02      16.76           1.51            1.09004     0.00507       0.46  %   20000     
7.750634e+02      13.23           1.28            1.09642     0.00538       0.49  %   20000     
7.750747e+02      12.88           1.22            1.09437     0.00535       0.49  %   20000     
7.751883e+02      10.25           1.08            1.10568     0.00477       0.43  %   30000     
7.752053e+02      9.96            1.03            1.10382     0.00474       0.43  %   30000     
7.753019e+02      8.25            0.94            1.11349     0.00511       0.46  %   30000     
7.753661e+02      7.42            0.86            1.11624     0.00522       0.47  %   30000     
7.754297e+02      6.59            0.75            1.11368     0.00529       0.48  %   30000     
7.755141e+02      5.79            0.69            1.11951     0.00552       0.49  %   30000     
7.755594e+02      5.36            0.68            1.12615     0.00499       0.44  %   40000     
7.756898e+02      4.47            0.60            1.13532     0.00532       0.47  %   40000     
7.757079e+02      4.35            0.54            1.12409     0.00513       0.46  %   40000     
7.758783e+02      3.52            0.49            1.13805     0.00562       0.49  %   40000     
7.758925e+02      3.48            0.49            1.14115     0.00569       0.50  %   40000     
7.760771e+02      2.85            0.43            1.15110     0.00549       0.48  %   50000     
7.761765e+02      2.62            0.38            1.14445     0.00543       0.47  %   50000     
7.763043e+02      2.32            0.34            1.14662     0.00564       0.49  %   50000     
7.765314e+02      1.95            0.31            1.15986     0.00555       0.48  %   60000     
7.765527e+02      1.91            0.29            1.14948     0.00540       0.47  %   60000     
7.768012e+02      1.61            0.25            1.15699     0.00574       0.50  %   60000     
7.769574e+02      1.48            0.23            1.15489     0.00535       0.46  %   70000     
7.771561e+02      1.31            0.22            1.16429     0.00569       0.49  %   70000     
7.775408e+02      1.09            0.20            1.17891     0.00575       0.49  %   80000     
7.775695e+02      1.08            0.19            1.17564     0.00570       0.48  %   80000     
7.779453e+02      0.93            0.17            1.18453     0.00569       0.48  %   90000     
7.782895e+02      0.84            0.15            1.18229     0.00573       0.48  %   90000     
7.784306e+02      0.81            0.16            1.19799     0.00572       0.48  %   100000    
7.789342e+02      0.73            0.15            1.19993     0.00582       0.49  %   100000    
7.793216e+02      0.69            0.14            1.19844     0.00575       0.48  %   100000    
7.794468e+02      0.68            0.14            1.20005     0.00577       0.48  %   100000    
7.799594e+02      0.67            0.13            1.18842     0.00577       0.49  %   90000     
7.804304e+02      0.69            0.11            1.15808     0.00574       0.50  %   70000     
7.809014e+02      0.75            0.11            1.14331     0.00551       0.48  %   60000     
7.809554e+02      0.76            0.11            1.13995     0.00538       0.47  %   60000     
7.812546e+02      0.83            0.10            1.12392     0.00525       0.47  %   50000     
7.816078e+02      0.95            0.09            1.09847     0.00481       0.44  %   40000     
7.819288e+02      1.13            0.09            1.07986     0.00454       0.42  %   30000     
7.821853e+02      1.36            0.09            1.06793     0.00467       0.44  %   20000     
7.823990e+02      1.64            0.09            1.05549     0.00386       0.37  %   20000     
7.825537e+02      1.94            0.09            1.04504     0.00455       0.44  %   10000     
7.825713e+02      1.99            0.10            1.04861     0.00467       0.45  %   10000     
7.826861e+02      2.31            0.08            1.03505     0.00374       0.36  %   10000     
7.827346e+02      2.50            0.09            1.03485     0.00362       0.35  %   10000     
7.827920e+02      2.72            0.08            1.03111     0.00332       0.32  %   10000     
7.828979e+02      3.31            0.10            1.02991     0.00305       0.30  %   10000     
7.829674e+02      3.86            0.10            1.02487     0.00265       0.26  %   10000     
7.829978e+02      4.10            0.11            1.02613     0.00268       0.26  %   10000     
7.830916e+02      5.14            0.12            1.02291     0.00238       0.23  %   10000     
7.831065e+02      5.37            0.12            1.02292     0.00235       0.23  %   10000     
7.831698e+02      6.33            0.10            1.01633     0.00193       0.19  %   10000     
7.832137e+02      7.20            0.12            1.01665     0.00190       0.19  %   10000     
7.832481e+02      7.89            0.08            1.01029     0.00148       0.15  %   10000     
7.833075e+02      9.43            0.16            1.01692     0.00185       0.18  %   10000     
7.833263e+02      9.92            0.11            1.01154     0.00152       0.15  %   10000     
7.834045e+02      12.52           0.12            1.00966     0.00136       0.13  %   10000     
7.834890e+02      16.09           0.16            1.00991     0.00136       0.13  %   10000     
7.834983e+02      16.59           0.18            1.01097     0.00142       0.14  %   10000     
7.835891e+02      21.46           0.22            1.01039     0.00137       0.14  %   10000     
7.835994e+02      22.16           0.26            1.01161     0.00145       0.14  %   10000     
7.837033e+02      29.15           0.29            1.01006     0.00134       0.13  %   10000     
7.837136e+02      30.01           0.24            1.00806     0.00120       0.12  %   10000     
7.838469e+02      40.95           0.47            1.01143     0.00142       0.14  %   10000     
7.838519e+02      41.36           0.45            1.01090     0.00139       0.14  %   10000     
7.841598e+02      68.17           0.85            1.01248     0.00150       0.15  %   10000     
7.842398e+02      72.81           0.80            1.01102     0.00142       0.14  %   10000     
7.843199e+02      77.48           1.07            1.01376     0.00158       0.16  %   10000     
7.843950e+02      78.93           1.15            1.01456     0.00164       0.16  %   10000     
7.844655e+02      80.37           1.09            1.01362     0.00159       0.16  %   10000     
7.845427e+02      78.65           1.48            1.01883     0.00188       0.18  %   10000     
7.846128e+02      77.20           1.21            1.01562     0.00172       0.17  %   10000     
7.846929e+02      72.49           1.36            1.01870     0.00190       0.19  %   10000     
7.847630e+02      68.42           1.21            1.01763     0.00185       0.18  %   10000     
7.848430e+02      61.66           1.44            1.02329     0.00215       0.21  %   10000     
7.851634e+02      33.93           1.11            1.03272     0.00269       0.26  %   10000     
7.852476e+02      27.73           0.87            1.03135     0.00268       0.26  %   10000     
7.852871e+02      24.77           0.81            1.03262     0.00278       0.27  %   10000     
7.853977e+02      18.19           0.66            1.03652     0.00305       0.29  %   10000     
7.854099e+02      17.63           0.62            1.03543     0.00302       0.29  %   10000     
7.854944e+02      13.69           0.56            1.04076     0.00337       0.32  %   10000     
7.855507e+02      11.67           0.56            1.04831     0.00375       0.36  %   10000     
7.855789e+02      10.64           0.50            1.04684     0.00377       0.36  %   10000     
7.856665e+02      8.22            0.42            1.05114     0.00414       0.39  %   10000     
7.856978e+02      7.56            0.40            1.05261     0.00426       0.41  %   10000     
7.857447e+02      6.57            0.38            1.05787     0.00463       0.44  %   10000     
7.858229e+02      5.32            0.41            1.07775     0.00398       0.37  %   20000     
7.858542e+02      4.95            0.36            1.07284     0.00391       0.36  %   20000     
7.859088e+02      4.29            0.42            1.09692     0.00468       0.43  %   20000     
7.860020e+02      3.48            0.36            1.10227     0.00509       0.46  %   20000     
7.860128e+02      3.41            0.35            1.10345     0.00514       0.47  %   20000     
7.860952e+02      2.89            0.30            1.10215     0.00538       0.49  %   20000     
7.862117e+02      2.37            0.33            1.13885     0.00542       0.48  %   30000     
7.862674e+02      2.21            0.31            1.14168     0.00558       0.49  %   30000     
7.863518e+02      1.95            0.28            1.14607     0.00512       0.45  %   40000     
7.865076e+02      1.62            0.27            1.16927     0.00583       0.50  %   40000     
7.866024e+02      1.49            0.27            1.18143     0.00553       0.47  %   50000     
7.866946e+02      1.36            0.25            1.18717     0.00581       0.49  %   50000     
7.869431e+02      1.11            0.26            1.23035     0.00581       0.47  %   70000     
7.872223e+02      0.93            0.24            1.26230     0.00613       0.49  %   80000     
7.872255e+02      0.93            0.23            1.25149     0.00601       0.48  %   80000     
7.875589e+02      0.78            0.22            1.28191     0.00638       0.50  %   90000     
7.879598e+02      0.66            0.22            1.33206     0.00691       0.52  %   100000    
7.882801e+02      0.60            0.20            1.33706     0.00713       0.53  %   100000    
7.884181e+02      0.58            0.20            1.34939     0.00737       0.55  %   100000    
7.888764e+02      0.52            0.19            1.36051     0.00769       0.57  %   100000    
7.893346e+02      0.49            0.17            1.34473     0.00759       0.56  %   100000    
7.899834e+02      0.47            0.14            1.28583     0.00684       0.53  %   100000    
7.901407e+02      0.48            0.13            1.27187     0.00661       0.52  %   100000    
7.906273e+02      0.48            0.11            1.23289     0.00595       0.48  %   100000    
7.912712e+02      0.52            0.10            1.18797     0.00560       0.47  %   80000     
7.917541e+02      0.58            0.09            1.15783     0.00554       0.48  %   60000     
7.922370e+02      0.66            0.08            1.12379     0.00552       0.49  %   40000     
7.926727e+02      0.78            0.07            1.09407     0.00506       0.46  %   30000     
7.930705e+02      0.94            0.07            1.07269     0.00492       0.46  %   20000     
7.931406e+02      0.98            0.06            1.06532     0.00456       0.43  %   20000     
7.934115e+02      1.14            0.07            1.05897     0.00400       0.38  %   20000     
7.936880e+02      1.39            0.07            1.05231     0.00485       0.46  %   10000     
7.939077e+02      1.67            0.07            1.04171     0.00399       0.38  %   10000     
7.940905e+02      2.00            0.07            1.03556     0.00342       0.33  %   10000     
7.941085e+02      2.03            0.06            1.03153     0.00320       0.31  %   10000     
7.942715e+02      2.45            0.08            1.03078     0.00296       0.29  %   10000     
7.942746e+02      2.47            0.07            1.02982     0.00291       0.28  %   10000     
7.944073e+02      2.95            0.07            1.02355     0.00246       0.24  %   10000     
7.944588e+02      3.22            0.05            1.01677     0.00203       0.20  %   10000     
7.945263e+02      3.57            0.08            1.02152     0.00225       0.22  %   10000     
7.945937e+02      4.06            0.07            1.01788     0.00199       0.20  %   10000     
7.946387e+02      4.39            0.09            1.01992     0.00208       0.20  %   10000     
7.946949e+02      4.96            0.08            1.01514     0.00178       0.18  %   10000     
7.947324e+02      5.35            0.06            1.01122     0.00152       0.15  %   10000     
7.947961e+02      6.23            0.11            1.01722     0.00185       0.18  %   10000     
7.948261e+02      6.65            0.10            1.01575     0.00176       0.17  %   10000     
7.948804e+02      7.68            0.11            1.01419     0.00165       0.16  %   10000     
7.949198e+02      8.43            0.12            1.01378     0.00163       0.16  %   10000     
7.949648e+02      9.59            0.10            1.01011     0.00139       0.14  %   10000     
7.950135e+02      10.84           0.18            1.01645     0.00177       0.17  %   10000     
7.950467e+02      11.97           0.17            1.01401     0.00162       0.16  %   10000     
7.951021e+02      13.86           0.18            1.01276     0.00155       0.15  %   10000     
7.951336e+02      15.26           0.19            1.01266     0.00154       0.15  %   10000     
7.951979e+02      18.10           0.23            1.01298     0.00157       0.15  %   10000     
7.952205e+02      19.38           0.32            1.01654     0.00177       0.17  %   10000     
7.952936e+02      23.50           0.37            1.01558     0.00172       0.17  %   10000     
7.953073e+02      24.48           0.29            1.01189     0.00151       0.15  %   10000     
7.954122e+02      31.90           0.40            1.01265     0.00156       0.15  %   10000     
7.955322e+02      42.36           0.72            1.01697     0.00182       0.18  %   10000     
7.955622e+02      44.92           0.74            1.01655     0.00181       0.18  %   10000     
7.957151e+02      59.56           0.91            1.01524     0.00175       0.17  %   10000     
7.958830e+02      75.03           1.35            1.01797     0.00192       0.19  %   10000     
7.959789e+02      81.32           1.75            1.02153     0.00212       0.21  %   10000     
7.960389e+02      85.28           1.85            1.02173     0.00213       0.21  %   10000     
7.961289e+02      88.11           2.08            1.02365     0.00224       0.22  %   10000     
7.961564e+02      89.03           1.70            1.01911     0.00202       0.20  %   10000     
7.962132e+02      89.44           1.84            1.02054     0.00210       0.21  %   10000     
7.962667e+02      88.30           2.02            1.02285     0.00223       0.22  %   10000     
7.963057e+02      87.53           1.64            1.01877     0.00203       0.20  %   10000     
7.963417e+02      86.86           2.34            1.02693     0.00242       0.24  %   10000     
7.964317e+02      81.73           2.20            1.02687     0.00245       0.24  %   10000     
7.964916e+02      78.40           1.99            1.02533     0.00238       0.23  %   10000     
7.966116e+02      67.81           2.35            1.03470     0.00283       0.27  %   10000     
7.967375e+02      56.53           1.86            1.03296     0.00280       0.27  %   10000     
7.969324e+02      38.26           1.24            1.03235     0.00288       0.28  %   10000     
7.970014e+02      32.86           1.17            1.03565     0.00305       0.29  %   10000     
7.970673e+02      27.60           1.05            1.03813     0.00322       0.31  %   10000     
7.971590e+02      21.81           0.95            1.04337     0.00351       0.34  %   10000     
7.971788e+02      20.54           1.02            1.04953     0.00379       0.36  %   10000     
7.972739e+02      15.80           0.89            1.05620     0.00418       0.40  %   10000     
7.972847e+02      15.38           0.84            1.05455     0.00412       0.39  %   10000     
7.973653e+02      12.25           0.72            1.05886     0.00445       0.42  %   10000     
7.974159e+02      10.74           0.75            1.06980     0.00492       0.46  %   10000     
7.974496e+02      9.72            0.68            1.06944     0.00502       0.47  %   10000     
7.975339e+02      7.78            0.56            1.07187     0.00376       0.35  %   20000     
7.975470e+02      7.56            0.62            1.08214     0.00403       0.37  %   20000     
7.976220e+02      6.26            0.59            1.09451     0.00451       0.41  %   20000     
7.976970e+02      5.29            0.57            1.10761     0.00497       0.45  %   20000     
7.977157e+02      5.05            0.46            1.09117     0.00464       0.43  %   20000     
7.978094e+02      4.17            0.45            1.10897     0.00531       0.48  %   20000     
7.978844e+02      3.65            0.46            1.12564     0.00478       0.43  %   30000     
7.979158e+02      3.44            0.42            1.12278     0.00482       0.43  %   30000     
7.980416e+02      2.82            0.41            1.14364     0.00550       0.48  %   30000     
7.981359e+02      2.50            0.40            1.15965     0.00515       0.44  %   40000     
7.981988e+02      2.29            0.38            1.16590     0.00540       0.46  %   40000     
7.983560e+02      1.92            0.34            1.17822     0.00527       0.45  %   50000     
7.985039e+02      1.67            0.33            1.19671     0.00574       0.48  %   50000     
7.985658e+02      1.57            0.32            1.20489     0.00598       0.50  %   50000     
7.988155e+02      1.28            0.31            1.24019     0.00583       0.47  %   70000     
7.989697e+02      1.15            0.28            1.24238     0.00602       0.48  %   70000     
7.991083e+02      1.04            0.29            1.27440     0.00621       0.49  %   80000     
7.994585e+02      0.85            0.26            1.30875     0.00629       0.48  %   100000    
7.996498e+02      0.77            0.26            1.33506     0.00672       0.50  %   100000    
7.998328e+02      0.70            0.24            1.33811     0.00700       0.52  %   100000    
8.002768e+02      0.58            0.21            1.36351     0.00772       0.57  %   100000    
8.006420e+02      0.52            0.19            1.36507     0.00802       0.59  %   100000    
8.007949e+02      0.49            0.18            1.36116     0.00814       0.60  %   100000    
8.012925e+02      0.43            0.14            1.32183     0.00806       0.61  %   100000    
8.019916e+02      0.37            0.12            1.32421     0.00847       0.64  %   100000    
8.020437e+02      0.36            0.12            1.32047     0.00843       0.64  %   100000    
8.028655e+02      0.32            0.11            1.34880     0.00915       0.68  %   100000    
8.037394e+02      0.29            0.10            1.35893     0.00947       0.70  %   100000    
8.043797e+02      0.28            0.10            1.34832     0.00932       0.69  %   100000    
8.049223e+02      0.27            0.09            1.33793     0.00920       0.69  %   100000    
8.061052e+02      0.26            0.09            1.33552     0.00897       0.67  %   100000    
8.074697e+02      0.27            0.08            1.30165     0.00805       0.62  %   100000    
8.088340e+02      0.30            0.08            1.25558     0.00679       0.54  %   100000    
8.097436e+02      0.33            0.07            1.20796     0.00595       0.49  %   90000     
8.102117e+02      0.36            0.07            1.18682     0.00567       0.48  %   80000     
8.104150e+02      0.38            0.06            1.17146     0.00566       0.48  %   70000     
8.109745e+02      0.43            0.07            1.15160     0.00574       0.50  %   50000     
8.113661e+02      0.50            0.05            1.10346     0.00488       0.44  %   40000     
8.113669e+02      0.50            0.05            1.10900     0.00501       0.45  %   40000     
8.115832e+02      0.56            0.06            1.10312     0.00526       0.48  %   30000     
8.117553e+02      0.64            0.05            1.08064     0.00531       0.49  %   20000     
8.118782e+02      0.72            0.05            1.06671     0.00453       0.42  %   20000     
8.119765e+02      0.83            0.04            1.04525     0.00495       0.47  %   10000     
8.120749e+02      0.99            0.04            1.04203     0.00441       0.42  %   10000     
8.121609e+02      1.19            0.04            1.03523     0.00374       0.36  %   10000     
8.122470e+02      1.47            0.04            1.02812     0.00307       0.30  %   10000     
8.123312e+02      1.84            0.04            1.02235     0.00252       0.25  %   10000     
8.124080e+02      2.31            0.04            1.01850     0.00213       0.21  %   10000     
8.124146e+02      2.35            0.04            1.01806     0.00209       0.21  %   10000     
8.124951e+02      2.99            0.04            1.01276     0.00164       0.16  %   10000     
8.124979e+02      3.01            0.03            1.00932     0.00140       0.14  %   10000     
8.125918e+02      3.98            0.02            1.00484     0.00095       0.09  %   10000     
8.126695e+02      5.01            0.03            1.00575     0.00098       0.10  %   10000     
8.126923e+02      5.31            0.03            1.00598     0.00099       0.10  %   10000     
8.128064e+02      7.19            0.03            1.00365     0.00074       0.07  %   10000     
8.128216e+02      7.50            0.02            1.00315     0.00069       0.07  %   10000     
8.129737e+02      10.54           0.03            1.00310     0.00066       0.07  %   10000     
8.130279e+02      11.62           0.03            1.00279     0.00062       0.06  %   10000     
8.131973e+02      14.90           0.03            1.00218     0.00055       0.05  %   10000     
8.132217e+02      15.37           0.03            1.00163     0.00047       0.05  %   10000     
8.133677e+02      17.27           0.03            1.00178     0.00049       0.05  %   10000     
8.134974e+02      17.85           0.03            1.00195     0.00052       0.05  %   10000     
8.134995e+02      17.86           0.02            1.00112     0.00039       0.04  %   10000     
8.136308e+02      17.27           0.03            1.00172     0.00050       0.05  %   10000     
8.136734e+02      16.71           0.02            1.00131     0.00044       0.04  %   10000     
8.137647e+02      15.51           0.04            1.00239     0.00060       0.06  %   10000     
8.137830e+02      15.27           0.04            1.00255     0.00062       0.06  %   10000     
8.139472e+02      12.08           0.03            1.00210     0.00058       0.06  %   10000     
8.141906e+02      7.32            0.04            1.00571     0.00104       0.10  %   10000     
8.143119e+02      5.38            0.02            1.00453     0.00099       0.10  %   10000     
8.144170e+02      4.05            0.02            1.00539     0.00115       0.11  %   10000     
8.145153e+02      3.10            0.02            1.00641     0.00134       0.13  %   10000     
8.145730e+02      2.68            0.03            1.01108     0.00182       0.18  %   10000     
8.146031e+02      2.46            0.03            1.01163     0.00191       0.19  %   10000     
8.146909e+02      2.00            0.02            1.00959     0.00184       0.18  %   10000     
8.147885e+02      1.64            0.02            1.01077     0.00207       0.20  %   10000     
8.148743e+02      1.43            0.02            1.01204     0.00227       0.22  %   10000     
8.148860e+02      1.40            0.02            1.01525     0.00257       0.25  %   10000     
8.150031e+02      1.22            0.03            1.02126     0.00316       0.31  %   10000     
8.151202e+02      1.13            0.02            1.01721     0.00290       0.29  %   10000     
8.152360e+02      1.09            0.02            1.02274     0.00335       0.33  %   10000     
8.152674e+02      1.08            0.01            1.01242     0.00248       0.25  %   10000     
8.154147e+02      1.07            0.02            1.01870     0.00303       0.30  %   10000     
8.156292e+02      1.10            0.02            1.01452     0.00260       0.26  %   10000     
8.157092e+02      1.11            0.02            1.01527     0.00265       0.26  %   10000     
8.161019e+02      1.25            0.02            1.01284     0.00230       0.23  %   10000     
8.162427e+02      1.33            0.02            1.01137     0.00211       0.21  %   10000     
8.163108e+02      1.37            0.02            1.01189     0.00213       0.21  %   10000     
8.164945e+02      1.47            0.02            1.01318     0.00219       0.22  %   10000     
8.166888e+02      1.64            0.02            1.00989     0.00183       0.18  %   10000     
8.168192e+02      1.76            0.02            1.01028     0.00184       0.18  %   10000     
8.170513e+02      2.06            0.02            1.00923     0.00168       0.17  %   10000     
8.171188e+02      2.14            0.03            1.01219     0.00192       0.19  %   10000     
8.172929e+02      2.46            0.02            1.00987     0.00169       0.17  %   10000     
8.173327e+02      2.53            0.02            1.00984     0.00169       0.17  %   10000     
8.175092e+02      2.98            0.02            1.00724     0.00142       0.14  %   10000     
8.175187e+02      3.00            0.03            1.00891     0.00157       0.16  %   10000     
8.176524e+02      3.47            0.02            1.00489     0.00115       0.11  %   10000     
8.176858e+02      3.59            0.03            1.00900     0.00156       0.16  %   10000     
8.178171e+02      4.24            0.03            1.00668     0.00134       0.13  %   10000     
8.178434e+02      4.37            0.03            1.00698     0.00137       0.14  %   10000     
8.179460e+02      5.10            0.04            1.00691     0.00135       0.13  %   10000     
8.179723e+02      5.28            0.03            1.00561     0.00122       0.12  %   10000     
8.180534e+02      6.08            0.04            1.00664     0.00133       0.13  %   10000     
8.180797e+02      6.34            0.06            1.00964     0.00160       0.16  %   10000     
8.181616e+02      7.43            0.06            1.00800     0.00146       0.14  %   10000     
8.181871e+02      7.77            0.07            1.00915     0.00157       0.16  %   10000     
8.182615e+02      9.14            0.07            1.00751     0.00142       0.14  %   10000     
8.182945e+02      9.75            0.10            1.00978     0.00163       0.16  %   10000     
8.183614e+02      11.43           0.11            1.00919     0.00157       0.16  %   10000     
8.184020e+02      12.45           0.12            1.00934     0.00160       0.16  %   10000     
8.184613e+02      14.45           0.10            1.00684     0.00137       0.14  %   10000     
8.185034e+02      15.86           0.13            1.00833     0.00152       0.15  %   10000     
8.185614e+02      18.43           0.20            1.01106     0.00174       0.17  %   10000     
8.186087e+02      20.49           0.26            1.01265     0.00188       0.19  %   10000     
8.186664e+02      23.79           0.21            1.00894     0.00158       0.16  %   10000     
8.187275e+02      27.22           0.39            1.01451     0.00203       0.20  %   10000     
8.187810e+02      31.07           0.25            1.00819     0.00152       0.15  %   10000     
8.188612e+02      36.72           0.50            1.01352     0.00197       0.19  %   10000     
8.189147e+02      41.39           0.52            1.01257     0.00189       0.19  %   10000     
8.190522e+02      52.98           0.73            1.01371     0.00200       0.20  %   10000     
8.191362e+02      60.30           0.86            1.01433     0.00204       0.20  %   10000     
8.193195e+02      75.63           1.33            1.01761     0.00227       0.22  %   10000     
8.193654e+02      78.34           1.30            1.01659     0.00221       0.22  %   10000     
8.194570e+02      83.92           1.78            1.02121     0.00249       0.24  %   10000     
8.195334e+02      86.00           2.29            1.02663     0.00281       0.27  %   10000     
8.196098e+02      88.33           2.02            1.02288     0.00260       0.25  %   10000     
8.196533e+02      88.51           1.85            1.02091     0.00249       0.24  %   10000     
8.196593e+02      88.37           2.22            1.02514     0.00273       0.27  %   10000     
8.197817e+02      85.89           2.44            1.02836     0.00291       0.28  %   10000     
8.198122e+02      85.37           2.12            1.02489     0.00272       0.27  %   10000     
8.199192e+02      79.65           1.83            1.02302     0.00263       0.26  %   10000     
8.199497e+02      78.08           2.26            1.02893     0.00294       0.29  %   10000     
8.201331e+02      63.30           1.63            1.02573     0.00280       0.27  %   10000     
8.202247e+02      55.66           1.42            1.02548     0.00279       0.27  %   10000     
8.204042e+02      40.30           1.30            1.03233     0.00314       0.30  %   10000     
8.204157e+02      39.29           1.20            1.03060     0.00306       0.30  %   10000     
8.205494e+02      29.50           0.92            1.03108     0.00309       0.30  %   10000     
8.205570e+02      29.06           1.13            1.03875     0.00344       0.33  %   10000     
8.206639e+02      22.71           0.69            1.03025     0.00306       0.30  %   10000     
8.206716e+02      22.36           0.84            1.03763     0.00340       0.33  %   10000     
8.207774e+02      17.45           0.65            1.03747     0.00340       0.33  %   10000     
8.207822e+02      17.29           0.60            1.03490     0.00328       0.32  %   10000     
8.208853e+02      13.68           0.45            1.03271     0.00318       0.31  %   10000     
8.208889e+02      13.59           0.49            1.03639     0.00335       0.32  %   10000     
8.209796e+02      11.21           0.39            1.03510     0.00328       0.32  %   10000     
8.209956e+02      10.90           0.33            1.02992     0.00302       0.29  %   10000     
8.210805e+02      9.24            0.32            1.03413     0.00322       0.31  %   10000     
8.210991e+02      8.98            0.32            1.03534     0.00326       0.32  %   10000     
8.212016e+02      7.56            0.27            1.03587     0.00327       0.32  %   10000     
8.212191e+02      7.40            0.21            1.02807     0.00288       0.28  %   10000     
8.213155e+02      6.48            0.21            1.03266     0.00308       0.30  %   10000     
8.213527e+02      6.25            0.21            1.03287     0.00306       0.30  %   10000     
8.214717e+02      5.51            0.15            1.02798     0.00278       0.27  %   10000     
8.214830e+02      5.47            0.15            1.02724     0.00274       0.27  %   10000     
8.216340e+02      4.91            0.14            1.02895     0.00275       0.27  %   10000     
8.216436e+02      4.87            0.14            1.02944     0.00277       0.27  %   10000     
8.218147e+02      4.53            0.11            1.02423     0.00242       0.24  %   10000     
8.218232e+02      4.51            0.11            1.02491     0.00245       0.24  %   10000     
8.220021e+02      4.39            0.09            1.02141     0.00219       0.21  %   10000     
8.220770e+02      4.33            0.09            1.02074     0.00213       0.21  %   10000     
8.222169e+02      4.41            0.08            1.01780     0.00191       0.19  %   10000     
8.223566e+02      4.48            0.08            1.01817     0.00190       0.19  %   10000     
8.224265e+02      4.59            0.08            1.01673     0.00180       0.18  %   10000     
8.224964e+02      4.70            0.06            1.01379     0.00162       0.16  %   10000     
8.225663e+02      4.81            0.09            1.01770     0.00183       0.18  %   10000     
8.226362e+02      5.00            0.09            1.01879     0.00187       0.18  %   10000     
8.227645e+02      5.34            0.08            1.01487     0.00167       0.16  %   10000     
8.227832e+02      5.41            0.10            1.01784     0.00182       0.18  %   10000     
8.229008e+02      5.90            0.09            1.01519     0.00169       0.17  %   10000     
8.229890e+02      6.26            0.11            1.01774     0.00185       0.18  %   10000     
8.230184e+02      6.44            0.11            1.01642     0.00178       0.18  %   10000     
8.231241e+02      7.11            0.16            1.02246     0.00212       0.21  %   10000     
8.231823e+02      7.47            0.13            1.01734     0.00190       0.19  %   10000     
8.232289e+02      7.90            0.16            1.02033     0.00207       0.20  %   10000     
8.233338e+02      8.86            0.24            1.02689     0.00244       0.24  %   10000     
8.233467e+02      8.98            0.24            1.02673     0.00245       0.24  %   10000     
8.234306e+02      10.06           0.26            1.02551     0.00244       0.24  %   10000     
8.234947e+02      10.89           0.28            1.02553     0.00250       0.24  %   10000     
8.235194e+02      11.34           0.30            1.02625     0.00255       0.25  %   10000     
8.236082e+02      12.96           0.44            1.03361     0.00296       0.29  %   10000     
8.236428e+02      13.58           0.45            1.03307     0.00299       0.29  %   10000     
8.237020e+02      15.08           0.54            1.03569     0.00315       0.30  %   10000     
8.237793e+02      17.01           0.56            1.03279     0.00311       0.30  %   10000     
8.237941e+02      17.52           0.62            1.03561     0.00325       0.31  %   10000     
8.238911e+02      20.80           0.94            1.04543     0.00377       0.36  %   10000     
8.239125e+02      21.50           0.90            1.04183     0.00366       0.35  %   10000     
8.239947e+02      25.14           1.18            1.04678     0.00394       0.38  %   10000     
8.240440e+02      27.27           1.34            1.04900     0.00411       0.39  %   10000     
8.241065e+02      30.77           1.57            1.05100     0.00423       0.40  %   10000     
8.241888e+02      35.22           2.06            1.05852     0.00465       0.44  %   10000     
8.242250e+02      37.71           2.06            1.05473     0.00451       0.43  %   10000     
8.243598e+02      46.51           3.06            1.06571     0.00509       0.48  %   10000     
8.243664e+02      47.00           2.71            1.05775     0.00478       0.45  %   10000     
8.245802e+02      61.82           4.51            1.07299     0.00394       0.37  %   20000     
8.247940e+02      75.10           5.83            1.07759     0.00415       0.39  %   20000     
8.248664e+02      77.72           7.05            1.09067     0.00455       0.42  %   20000     
8.249519e+02      81.08           7.54            1.09299     0.00462       0.42  %   20000     
8.250435e+02      82.21           7.78            1.09468     0.00474       0.43  %   20000     
8.250868e+02      83.01           8.36            1.10068     0.00488       0.44  %   20000     
8.251295e+02      83.01           8.00            1.09631     0.00479       0.44  %   20000     
8.252126e+02      81.30           7.94            1.09765     0.00490       0.45  %   20000     
8.252294e+02      81.02           8.12            1.10023     0.00497       0.45  %   20000     
8.252881e+02      80.20           8.58            1.10698     0.00514       0.46  %   20000     
8.253664e+02      76.78           7.95            1.10352     0.00513       0.46  %   20000     
8.254550e+02      73.31           7.82            1.10664     0.00523       0.47  %   20000     
8.255506e+02      67.28           8.02            1.11923     0.00459       0.41  %   30000     
8.259716e+02      39.37           5.60            1.14231     0.00534       0.47  %   30000     
8.260637e+02      34.05           4.97            1.14607     0.00546       0.48  %   30000     
8.261262e+02      30.26           4.84            1.15982     0.00504       0.43  %   40000     
8.262282e+02      25.35           4.21            1.16621     0.00522       0.45  %   40000     
8.262577e+02      23.88           4.14            1.17319     0.00539       0.46  %   40000     
8.263893e+02      18.81           3.56            1.18928     0.00580       0.49  %   40000     
8.263926e+02      18.71           3.72            1.19862     0.00594       0.50  %   40000     
8.265209e+02      14.90           2.98            1.20017     0.00552       0.46  %   50000     
8.265571e+02      14.11           2.87            1.20365     0.00558       0.46  %   50000     
8.266525e+02      11.97           2.69            1.22494     0.00604       0.49  %   50000     
8.267215e+02      10.85           2.50            1.23049     0.00563       0.46  %   60000     
8.268005e+02      9.55            2.27            1.23740     0.00587       0.47  %   60000     
8.269189e+02      8.12            2.23            1.27457     0.00596       0.47  %   70000     
8.269321e+02      7.96            2.14            1.26850     0.00593       0.47  %   70000     
8.270965e+02      6.49            1.81            1.27922     0.00628       0.49  %   70000     
8.271572e+02      6.11            1.75            1.28580     0.00638       0.50  %   70000     
8.272826e+02      5.30            1.65            1.31108     0.00642       0.49  %   80000     
8.274061e+02      4.73            1.54            1.32449     0.00628       0.47  %   90000     
8.274970e+02      4.31            1.49            1.34628     0.00663       0.49  %   90000     
8.277017e+02      3.64            1.34            1.36907     0.00668       0.49  %   100000    
8.277429e+02      3.50            1.33            1.37887     0.00684       0.50  %   100000    
8.280307e+02      2.83            1.17            1.41273     0.00747       0.53  %   100000    
8.281129e+02      2.69            1.08            1.40228     0.00743       0.53  %   100000    
8.283596e+02      2.28            1.04            1.45587     0.00823       0.57  %   100000    
8.286063e+02      1.99            0.93            1.46893     0.00857       0.58  %   100000    
8.286885e+02      1.89            0.95            1.50239     0.00900       0.60  %   100000    
8.290719e+02      1.55            0.86            1.55632     0.00991       0.64  %   100000    
8.291167e+02      1.53            0.81            1.52888     0.00970       0.63  %   100000    
8.295502e+02      1.25            0.78            1.62485     0.01111       0.68  %   100000    
8.298425e+02      1.12            0.72            1.64401     0.01155       0.70  %   100000    
8.300285e+02      1.04            0.70            1.67137     0.01208       0.72  %   100000    
8.306101e+02      0.85            0.62            1.73440     0.01336       0.77  %   100000    
8.308830e+02      0.78            0.58            1.74176     0.01365       0.78  %   100000    
8.312747e+02      0.69            0.56            1.80820     0.01483       0.82  %   100000    
8.319727e+02      0.57            0.50            1.87853     0.01629       0.87  %   100000    
8.321231e+02      0.55            0.48            1.87054     0.01633       0.87  %   100000    
8.328335e+02      0.47            0.47            1.99413     0.01843       0.92  %   100000    
8.337778e+02      0.39            0.41            2.07267     0.02021       0.98  %   100000    
8.337977e+02      0.39            0.42            2.10213     0.02051       0.98  %   100000    
8.348999e+02      0.32            0.40            2.25069     0.02328       1.03  %   100000    
8.360794e+02      0.27            0.34            2.29293     0.02495       1.09  %   100000    
8.361278e+02      0.27            0.33            2.24075     0.02448       1.09  %   100000    
8.374882e+02      0.22            0.23            2.02895     0.02372       1.17  %   100000    
8.389578e+02      0.19            0.18            1.93495     0.02371       1.23  %   100000    
8.391319e+02      0.19            0.19            1.99067     0.02458       1.23  %   100000    
8.410799e+02      0.16            0.14            1.91701     0.02507       1.31  %   100000    
8.427192e+02      0.14            0.06            1.43297     0.01783       1.24  %   100000    
8.435439e+02      0.13            0.03            1.25199     0.01393       1.11  %   100000    
8.462063e+02      0.12            0.01            1.12111     0.01012       0.90  %   100000    
8.495324e+02      0.10            0.01            1.08199     0.00859       0.79  %   100000    
8.519711e+02      0.10            0.01            1.06570     0.00779       0.73  %   100000    
8.548950e+02      0.09            0.00            1.04652     0.00651       0.62  %   100000    
8.566118e+02      0.10            0.00            1.03708     0.00565       0.55  %   100000    
8.572555e+02      0.10            0.00            1.03034     0.00499       0.48  %   100000    
8.575774e+02      0.10            0.00            1.02845     0.00495       0.48  %   90000     
8.577920e+02      0.11            0.00            1.02555     0.00511       0.50  %   70000     
8.579530e+02      0.13            0.00            1.02955     0.00486       0.47  %   80000     
8.580871e+02      0.15            0.00            1.00000     0.00000       0.00  %   10000     
8.581944e+02      0.17            0.00            1.01661     0.00444       0.44  %   40000     
8.583151e+02      0.21            0.00            1.01935     0.00433       0.42  %   40000     
8.584424e+02      0.27            0.00            1.00610     0.00431       0.43  %   10000     
8.585941e+02      0.36            0.00            1.00918     0.00459       0.45  %   10000     
8.589913e+02      0.64            0.00            1.00131     0.00131       0.13  %   10000     
8.591545e+02      0.72            0.00            1.00592     0.00265       0.26  %   10000     
8.592757e+02      0.74            0.01            1.00809     0.00305       0.30  %   10000     
8.594163e+02      0.71            0.01            1.00713     0.00291       0.29  %   10000     
8.595868e+02      0.63            0.00            1.00266     0.00188       0.19  %   10000     
8.599804e+02      0.35            0.00            1.00455     0.00321       0.32  %   10000     
8.601072e+02      0.28            0.00            1.00842     0.00486       0.48  %   10000     
8.602199e+02      0.24            0.00            1.01508     0.00502       0.49  %   20000     
8.603326e+02      0.20            0.00            1.01853     0.00425       0.42  %   40000     
8.604365e+02      0.18            0.00            1.01306     0.00435       0.43  %   30000     
8.604614e+02      0.18            0.00            1.01880     0.00456       0.45  %   40000     
8.605791e+02      0.16            0.00            1.00718     0.00414       0.41  %   20000     
8.607218e+02      0.15            0.00            1.02493     0.00498       0.49  %   50000     
8.608288e+02      0.15            0.00            1.02004     0.00501       0.49  %   40000     
8.610547e+02      0.16            0.00            1.01451     0.00484       0.48  %   30000     
8.613400e+02      0.17            0.00            1.02094     0.00480       0.47  %   40000     
8.616253e+02      0.19            0.00            1.01744     0.00411       0.40  %   40000     
8.619106e+02      0.23            0.00            1.01310     0.00378       0.37  %   30000     
8.621100e+02      0.26            0.00            1.00564     0.00398       0.40  %   10000     
8.622567e+02      0.30            0.00            1.00490     0.00347       0.34  %   10000     
8.622695e+02      0.30            0.00            1.00727     0.00419       0.42  %   10000     
8.624090e+02      0.36            0.00            1.00815     0.00408       0.40  %   10000     
8.625286e+02      0.43            0.00            1.01016     0.00415       0.41  %   10000     
8.626253e+02      0.52            0.00            1.00706     0.00316       0.31  %   10000     
8.627147e+02      0.64            0.01            1.01161     0.00367       0.36  %   10000     
8.627914e+02      0.78            0.00            1.00288     0.00166       0.17  %   10000     
8.628681e+02      0.98            0.00            1.00471     0.00192       0.19  %   10000     
8.629448e+02      1.25            0.00            1.00380     0.00155       0.15  %   10000     
8.630192e+02      1.60            0.00            1.00308     0.00126       0.13  %   10000     
8.630985e+02      2.09            0.00            1.00124     0.00072       0.07  %   10000     
8.631777e+02      2.75            0.00            1.00067     0.00048       0.05  %   10000     
8.632093e+02      3.09            0.00            1.00062     0.00044       0.04  %   10000     
8.632654e+02      3.69            0.00            1.00055     0.00039       0.04  %   10000     
8.633567e+02      4.97            0.01            1.00140     0.00057       0.06  %   10000     
8.633990e+02      5.71            0.00            1.00022     0.00022       0.02  %   10000     
8.634568e+02      6.73            0.01            1.00080     0.00040       0.04  %   10000     
8.635721e+02      9.24            0.00            1.00018     0.00018       0.02  %   10000     
8.636041e+02      10.09           0.01            1.00085     0.00038       0.04  %   10000     
8.637907e+02      14.98           0.01            1.00092     0.00038       0.04  %   10000     
8.638063e+02      15.38           0.01            1.00046     0.00027       0.03  %   10000     
8.639859e+02      19.97           0.02            1.00118     0.00042       0.04  %   10000     
8.641364e+02      22.60           0.02            1.00088     0.00036       0.04  %   10000     
8.642780e+02      23.47           0.02            1.00104     0.00039       0.04  %   10000     
8.642953e+02      23.36           0.02            1.00090     0.00037       0.04  %   10000     
8.644217e+02      22.56           0.04            1.00199     0.00055       0.05  %   10000     
8.645210e+02      20.80           0.05            1.00238     0.00062       0.06  %   10000     
8.645721e+02      19.89           0.03            1.00146     0.00049       0.05  %   10000     
8.645778e+02      19.74           0.05            1.00243     0.00063       0.06  %   10000     
8.648141e+02      13.58           0.05            1.00338     0.00080       0.08  %   10000     
8.648602e+02      12.37           0.05            1.00429     0.00091       0.09  %   10000     
8.650199e+02      8.39            0.03            1.00326     0.00087       0.09  %   10000     
8.651264e+02      6.21            0.04            1.00601     0.00128       0.13  %   10000     
8.652264e+02      4.55            0.04            1.00819     0.00164       0.16  %   10000     
8.653187e+02      3.36            0.04            1.01313     0.00228       0.23  %   10000     
8.653998e+02      2.55            0.03            1.01297     0.00249       0.25  %   10000     
8.654112e+02      2.46            0.05            1.02115     0.00322       0.32  %   10000     
8.654816e+02      1.93            0.03            1.01721     0.00319       0.31  %   10000     
8.655543e+02      1.50            0.03            1.02308     0.00407       0.40  %   10000     
8.656271e+02      1.18            0.04            1.03109     0.00368       0.36  %   20000     
8.657013e+02      0.94            0.04            1.03976     0.00458       0.44  %   20000     
8.657378e+02      0.85            0.04            1.04546     0.00510       0.49  %   20000     
8.657770e+02      0.76            0.04            1.05328     0.00476       0.45  %   30000     
8.658527e+02      0.62            0.04            1.06705     0.00504       0.47  %   40000     
8.659410e+02      0.51            0.03            1.06018     0.00523       0.49  %   40000     
8.660420e+02      0.42            0.03            1.08293     0.00506       0.47  %   70000     
8.661493e+02      0.36            0.04            1.10855     0.00549       0.50  %   90000     
8.662723e+02      0.31            0.03            1.11437     0.00572       0.51  %   100000    
8.664364e+02      0.26            0.04            1.14426     0.00689       0.60  %   100000    
8.664463e+02      0.26            0.04            1.13646     0.00672       0.59  %   100000    
8.666416e+02      0.22            0.04            1.16197     0.00784       0.67  %   100000    
8.668771e+02      0.19            0.03            1.17316     0.00865       0.74  %   100000    
8.671842e+02      0.17            0.03            1.20391     0.01003       0.83  %   100000    
8.675382e+02      0.15            0.03            1.23803     0.01145       0.93  %   100000    
8.675680e+02      0.14            0.03            1.23617     0.01147       0.93  %   100000    
8.680657e+02      0.13            0.03            1.27267     0.01311       1.03  %   100000    
8.686354e+02      0.11            0.03            1.29928     0.01440       1.11  %   100000    
8.693189e+02      0.10            0.03            1.31117     0.01522       1.16  %   100000    
8.702302e+02      0.10            0.03            1.34740     0.01649       1.22  %   100000    
8.715973e+02      0.09            0.03            1.34639     0.01652       1.23  %   100000    
8.728733e+02      0.10            0.03            1.32941     0.01567       1.18  %   100000    
8.737240e+02      0.10            0.03            1.28454     0.01404       1.09  %   100000    
8.745747e+02      0.11            0.03            1.25811     0.01263       1.00  %   100000    
8.751925e+02      0.13            0.03            1.22131     0.01102       0.90  %   100000    
8.757698e+02      0.15            0.03            1.18440     0.00932       0.79  %   100000    
8.758160e+02      0.15            0.03            1.18400     0.00923       0.78  %   100000    
8.762509e+02      0.17            0.03            1.16948     0.00816       0.70  %   100000    
8.766420e+02      0.20            0.03            1.13200     0.00655       0.58  %   100000    
8.769492e+02      0.24            0.03            1.10667     0.00536       0.48  %   100000    
8.772053e+02      0.29            0.03            1.09327     0.00510       0.47  %   80000     
8.773896e+02      0.34            0.03            1.08038     0.00503       0.47  %   60000     
8.774304e+02      0.36            0.03            1.06990     0.00502       0.47  %   50000     
8.775431e+02      0.41            0.02            1.05006     0.00515       0.49  %   30000     
8.776660e+02      0.48            0.02            1.04949     0.00471       0.45  %   30000     
8.777735e+02      0.58            0.02            1.04020     0.00476       0.46  %   20000     
8.778740e+02      0.71            0.03            1.03735     0.00417       0.40  %   20000     
8.779572e+02      0.86            0.02            1.02726     0.00460       0.45  %   10000     
8.780404e+02      1.07            0.02            1.02044     0.00361       0.35  %   10000     
8.781118e+02      1.32            0.03            1.02081     0.00333       0.33  %   10000     
8.781831e+02      1.65            0.02            1.01376     0.00247       0.24  %   10000     
8.782578e+02      2.11            0.02            1.00881     0.00180       0.18  %   10000     
8.782708e+02      2.21            0.02            1.00885     0.00177       0.18  %   10000     
8.783217e+02      2.62            0.02            1.00817     0.00160       0.16  %   10000     
8.783301e+02      2.69            0.03            1.01205     0.00193       0.19  %   10000     
8.784115e+02      3.54            0.02            1.00521     0.00116       0.12  %   10000     
8.784869e+02      4.57            0.03            1.00586     0.00115       0.11  %   10000     
8.784928e+02      4.65            0.02            1.00470     0.00102       0.10  %   10000     
8.785833e+02      6.23            0.03            1.00450     0.00094       0.09  %   10000     
8.786137e+02      6.91            0.03            1.00412     0.00088       0.09  %   10000     
8.786847e+02      8.48            0.03            1.00315     0.00074       0.07  %   10000     
8.787531e+02      10.39           0.03            1.00246     0.00064       0.06  %   10000     
8.788082e+02      11.92           0.03            1.00287     0.00067       0.07  %   10000     
8.789050e+02      15.20           0.04            1.00287     0.00066       0.07  %   10000     
8.789943e+02      18.20           0.04            1.00236     0.00059       0.06  %   10000     
8.791010e+02      21.84           0.05            1.00217     0.00056       0.06  %   10000     
8.792347e+02      26.36           0.08            1.00286     0.00064       0.06  %   10000     
8.793927e+02      29.99           0.06            1.00216     0.00056       0.06  %   10000     
8.794626e+02      30.55           0.09            1.00306     0.00067       0.07  %   10000     
8.795351e+02      31.13           0.07            1.00234     0.00059       0.06  %   10000     
8.796434e+02      30.30           0.10            1.00315     0.00069       0.07  %   10000     
8.796677e+02      30.11           0.11            1.00377     0.00075       0.07  %   10000     
8.797649e+02      28.00           0.13            1.00481     0.00086       0.09  %   10000     
8.798135e+02      26.94           0.13            1.00487     0.00087       0.09  %   10000     
8.799776e+02      21.50           0.13            1.00626     0.00103       0.10  %   10000     
8.800503e+02      19.08           0.15            1.00772     0.00116       0.12  %   10000     
8.802533e+02      12.16           0.12            1.00971     0.00141       0.14  %   10000     
8.803807e+02      8.59            0.11            1.01249     0.00173       0.17  %   10000     
8.804749e+02      6.47            0.09            1.01461     0.00200       0.20  %   10000     
8.805691e+02      4.78            0.07            1.01520     0.00221       0.22  %   10000     
8.805805e+02      4.62            0.10            1.02206     0.00269       0.26  %   10000     
8.806571e+02      3.56            0.09            1.02445     0.00307       0.30  %   10000     
8.807317e+02      2.77            0.09            1.03213     0.00383       0.37  %   10000     
8.808063e+02      2.15            0.09            1.04151     0.00474       0.46  %   10000     
8.808646e+02      1.79            0.08            1.04736     0.00383       0.37  %   20000     
8.808809e+02      1.68            0.07            1.04309     0.00374       0.36  %   20000     
8.809544e+02      1.34            0.07            1.05453     0.00461       0.44  %   20000     
8.810280e+02      1.08            0.08            1.07356     0.00477       0.44  %   30000     
8.811138e+02      0.86            0.08            1.08859     0.00498       0.46  %   40000     
8.811996e+02      0.70            0.08            1.11563     0.00553       0.50  %   50000     
8.812142e+02      0.68            0.08            1.11574     0.00510       0.46  %   60000     
8.812890e+02      0.58            0.08            1.13289     0.00542       0.48  %   70000     
8.813998e+02      0.48            0.07            1.14970     0.00551       0.48  %   90000     
8.815265e+02      0.40            0.08            1.18562     0.00629       0.53  %   100000    
8.816848e+02      0.34            0.07            1.20448     0.00712       0.59  %   100000    
8.818560e+02      0.29            0.07            1.23688     0.00817       0.66  %   100000    
8.818738e+02      0.29            0.06            1.20891     0.00774       0.64  %   100000    
8.821091e+02      0.24            0.06            1.23872     0.00893       0.72  %   100000    
8.823913e+02      0.20            0.05            1.24426     0.00974       0.78  %   100000    
8.827211e+02      0.17            0.05            1.28637     0.01130       0.88  %   100000    
8.827293e+02      0.17            0.05            1.26275     0.01084       0.86  %   100000    
8.831929e+02      0.15            0.04            1.27113     0.01194       0.94  %   100000    
8.836646e+02      0.13            0.04            1.30490     0.01347       1.03  %   100000    
8.842840e+02      0.11            0.04            1.33338     0.01495       1.12  %   100000    
8.850101e+02      0.10            0.04            1.40078     0.01720       1.23  %   100000    
8.850274e+02      0.10            0.04            1.42214     0.01766       1.24  %   100000    
8.859783e+02      0.09            0.04            1.41959     0.01848       1.30  %   100000    
8.874305e+02      0.08            0.04            1.46344     0.02027       1.39  %   100000    
8.889547e+02      0.07            0.03            1.46809     0.02086       1.42  %   100000    
8.920751e+02      0.07            0.03            1.49428     0.02172       1.45  %   100000    
8.939034e+02      0.07            0.04            1.52033     0.02215       1.46  %   100000    
8.957318e+02      0.07            0.03            1.47820     0.02114       1.43  %   100000    
9.004535e+02      0.07            0.00            1.01401     0.00495       0.49  %   50000     
9.059616e+02      0.08            0.00            1.02031     0.00508       0.50  %   60000     
9.100793e+02      0.08            0.00            1.02392     0.00510       0.50  %   60000     
9.103582e+02      0.09            0.00            1.00645     0.00372       0.37  %   30000     
9.138553e+02      0.10            0.00            1.00788     0.00455       0.45  %   20000     
9.165740e+02      0.11            0.00            1.00995     0.00376       0.37  %   30000     
9.180330e+02      0.13            0.00            1.00556     0.00321       0.32  %   20000     
9.185838e+02      0.13            0.00            1.00000     0.00000       0.00  %   10000     
9.204283e+02      0.16            0.00            1.00549     0.00388       0.39  %   10000     
9.218879e+02      0.19            0.00            1.00655     0.00378       0.38  %   10000     
9.225567e+02      0.21            0.00            1.00385     0.00272       0.27  %   10000     
9.231417e+02      0.23            0.00            1.00343     0.00243       0.24  %   10000     
9.242164e+02      0.28            0.00            1.00267     0.00189       0.19  %   10000     
9.251156e+02      0.34            0.00            1.00422     0.00211       0.21  %   10000     
9.255278e+02      0.38            0.00            1.00466     0.00208       0.21  %   10000     
9.259025e+02      0.42            0.00            1.00167     0.00118       0.12  %   10000     
9.265623e+02      0.50            0.00            1.00067     0.00067       0.07  %   10000     
9.272010e+02      0.62            0.00            1.00106     0.00075       0.07  %   10000     
9.277236e+02      0.75            0.00            1.00129     0.00075       0.07  %   10000     
9.281716e+02      0.92            0.00            1.00143     0.00072       0.07  %   10000     
9.282213e+02      0.93            0.00            1.00106     0.00061       0.06  %   10000     
9.286759e+02      1.17            0.00            1.00208     0.00079       0.08  %   10000     
9.286848e+02      1.17            0.00            1.00059     0.00042       0.04  %   10000     
9.290011e+02      1.40            0.00            1.00080     0.00046       0.05  %   10000     
9.290360e+02      1.42            0.00            1.00053     0.00038       0.04  %   10000     
9.293463e+02      1.73            0.00            1.00171     0.00065       0.06  %   10000     
9.293637e+02      1.75            0.00            1.00122     0.00055       0.05  %   10000     
9.295895e+02      2.06            0.00            1.00140     0.00057       0.06  %   10000     
9.296459e+02      2.14            0.00            1.00093     0.00047       0.05  %   10000     
9.298012e+02      2.43            0.00            1.00091     0.00046       0.05  %   10000     
9.298894e+02      2.60            0.00            1.00092     0.00046       0.05  %   10000     
9.299776e+02      2.83            0.00            1.00068     0.00039       0.04  %   10000     
9.301116e+02      3.18            0.00            1.00069     0.00040       0.04  %   10000     
9.301399e+02      3.28            0.00            1.00115     0.00051       0.05  %   10000     
9.302810e+02      3.79            0.01            1.00140     0.00057       0.06  %   10000     
9.303022e+02      3.87            0.01            1.00189     0.00067       0.07  %   10000     
9.304221e+02      4.47            0.01            1.00216     0.00072       0.07  %   10000     
9.304687e+02      4.70            0.00            1.00098     0.00049       0.05  %   10000     
9.305350e+02      5.15            0.01            1.00221     0.00074       0.07  %   10000     
9.306232e+02      5.76            0.01            1.00255     0.00081       0.08  %   10000     
9.306514e+02      6.02            0.01            1.00230     0.00077       0.08  %   10000     
9.307485e+02      6.93            0.02            1.00318     0.00092       0.09  %   10000     
9.307520e+02      6.97            0.02            1.00292     0.00088       0.09  %   10000     
9.308455e+02      8.17            0.02            1.00273     0.00086       0.09  %   10000     
9.308906e+02      8.74            0.03            1.00337     0.00097       0.10  %   10000     
9.309443e+02      9.69            0.02            1.00227     0.00080       0.08  %   10000     
9.310177e+02      10.98           0.05            1.00414     0.00111       0.11  %   10000     
9.310430e+02      11.59           0.03            1.00237     0.00084       0.08  %   10000     
9.311418e+02      13.93           0.07            1.00495     0.00124       0.12  %   10000     
9.311447e+02      14.00           0.03            1.00248     0.00088       0.09  %   10000     
9.312406e+02      17.03           0.10            1.00576     0.00136       0.13  %   10000     
9.312717e+02      18.00           0.10            1.00556     0.00135       0.13  %   10000     
9.313479e+02      21.11           0.15            1.00697     0.00152       0.15  %   10000     
9.313987e+02      23.15           0.17            1.00752     0.00160       0.16  %   10000     
9.314622e+02      26.41           0.12            1.00448     0.00124       0.12  %   10000     
9.315398e+02      30.30           0.23            1.00749     0.00163       0.16  %   10000     
9.315906e+02      33.51           0.19            1.00572     0.00143       0.14  %   10000     
9.317261e+02      41.73           0.39            1.00932     0.00186       0.18  %   10000     
9.317600e+02      44.03           0.44            1.01010     0.00194       0.19  %   10000     
9.321212e+02      66.67           0.85            1.01273     0.00225       0.22  %   10000     
9.322002e+02      69.79           1.14            1.01629     0.00257       0.25  %   10000     
9.322906e+02      73.54           1.59            1.02161     0.00296       0.29  %   10000     
9.323900e+02      74.89           1.41            1.01888     0.00281       0.28  %   10000     
9.324622e+02      76.15           1.27            1.01674     0.00264       0.26  %   10000     
9.324835e+02      76.15           1.50            1.01974     0.00287       0.28  %   10000     
9.325481e+02      74.95           1.74            1.02318     0.00315       0.31  %   10000     
9.326575e+02      73.33           1.59            1.02162     0.00305       0.30  %   10000     
9.326801e+02      72.31           1.77            1.02443     0.00326       0.32  %   10000     
9.328607e+02      64.70           1.71            1.02637     0.00342       0.33  %   10000     
9.328776e+02      63.67           1.69            1.02654     0.00345       0.34  %   10000     
9.333179e+02      35.86           1.31            1.03641     0.00425       0.41  %   10000     
9.333970e+02      31.53           1.40            1.04435     0.00471       0.45  %   10000     
9.334845e+02      26.56           1.17            1.04419     0.00480       0.46  %   10000     
9.335663e+02      22.92           0.96            1.04168     0.00470       0.45  %   10000     
9.336256e+02      20.21           1.08            1.05348     0.00383       0.36  %   20000     
9.337074e+02      17.33           0.68            1.03907     0.00469       0.45  %   10000     
9.337526e+02      15.72           0.79            1.05057     0.00383       0.36  %   20000     
9.338486e+02      13.13           0.77            1.05827     0.00417       0.39  %   20000     
9.338796e+02      12.28           0.67            1.05447     0.00409       0.39  %   20000     
9.339897e+02      10.06           0.60            1.05925     0.00436       0.41  %   20000     
9.340066e+02      9.71            0.64            1.06605     0.00464       0.43  %   20000     
9.341336e+02      7.81            0.53            1.06790     0.00485       0.45  %   20000     
9.341594e+02      7.53            0.58            1.07763     0.00519       0.48  %   20000     
9.342756e+02      6.25            0.51            1.08123     0.00449       0.42  %   30000     
9.343582e+02      5.61            0.41            1.07301     0.00527       0.49  %   20000     
9.344291e+02      5.06            0.41            1.08150     0.00465       0.43  %   30000     
9.345570e+02      4.34            0.34            1.07848     0.00467       0.43  %   30000     
9.345888e+02      4.16            0.35            1.08302     0.00485       0.45  %   30000     
9.347793e+02      3.39            0.34            1.10024     0.00480       0.44  %   40000     
9.348392e+02      3.21            0.29            1.09037     0.00529       0.49  %   30000     
9.350015e+02      2.75            0.28            1.10121     0.00503       0.46  %   40000     
9.351850e+02      2.37            0.25            1.10730     0.00531       0.48  %   40000     
9.352556e+02      2.23            0.23            1.10534     0.00535       0.48  %   40000     
9.355096e+02      1.85            0.24            1.13166     0.00557       0.49  %   50000     
9.356295e+02      1.72            0.23            1.13275     0.00566       0.50  %   50000     
9.358231e+02      1.51            0.21            1.14065     0.00551       0.48  %   60000     
9.361550e+02      1.25            0.20            1.16232     0.00572       0.49  %   70000     
9.361730e+02      1.23            0.18            1.14812     0.00548       0.48  %   70000     
9.365809e+02      1.00            0.18            1.18010     0.00564       0.48  %   90000     
9.368868e+02      0.88            0.17            1.19713     0.00576       0.48  %   100000    
9.370658e+02      0.81            0.17            1.20563     0.00604       0.50  %   100000    
9.375681e+02      0.67            0.15            1.22488     0.00667       0.54  %   100000    
9.377119e+02      0.64            0.15            1.23602     0.00690       0.56  %   100000    
9.381745e+02      0.54            0.14            1.26302     0.00767       0.61  %   100000    
9.388676e+02      0.44            0.13            1.30011     0.00867       0.67  %   100000    
9.388826e+02      0.44            0.13            1.29878     0.00866       0.67  %   100000    
9.396003e+02      0.37            0.12            1.33166     0.00968       0.73  %   100000    
9.403330e+02      0.31            0.11            1.36443     0.01062       0.78  %   100000    
9.405382e+02      0.30            0.12            1.38361     0.01099       0.79  %   100000    
9.412336e+02      0.27            0.12            1.43568     0.01223       0.85  %   100000    
9.423285e+02      0.23            0.10            1.44569     0.01296       0.90  %   100000    
9.424701e+02      0.22            0.10            1.44243     0.01302       0.90  %   100000    
9.437066e+02      0.19            0.10            1.51065     0.01465       0.97  %   100000    
9.450036e+02      0.17            0.09            1.52382     0.01529       1.00  %   100000    
9.458885e+02      0.16            0.09            1.53988     0.01562       1.01  %   100000    
9.467734e+02      0.15            0.09            1.55511     0.01606       1.03  %   100000    
9.486006e+02      0.14            0.08            1.53301     0.01574       1.03  %   100000    
9.495429e+02      0.14            0.07            1.51087     0.01523       1.01  %   100000    
9.509348e+02      0.15            0.06            1.39343     0.01292       0.93  %   100000    
9.523266e+02      0.16            0.02            1.13268     0.00707       0.62  %   100000    
9.532545e+02      0.18            0.01            1.06029     0.00499       0.47  %   80000     
9.538854e+02      0.20            0.01            1.03591     0.00508       0.49  %   40000     
9.540194e+02      0.21            0.01            1.03915     0.00518       0.50  %   40000     
9.542008e+02      0.22            0.00            1.01805     0.00482       0.47  %   20000     
9.544111e+02      0.24            0.01            1.02787     0.00464       0.45  %   30000     
9.545688e+02      0.27            0.00            1.01765     0.00428       0.42  %   20000     
9.547003e+02      0.30            0.01            1.02094     0.00436       0.43  %   20000     
9.548054e+02      0.35            0.01            1.01743     0.00371       0.37  %   20000     
9.549105e+02      0.42            0.01            1.01330     0.00420       0.41  %   10000     
9.550023e+02      0.50            0.01            1.01442     0.00400       0.39  %   10000     
9.550842e+02      0.61            0.00            1.00648     0.00245       0.24  %   10000     
9.551662e+02      0.76            0.01            1.00992     0.00275       0.27  %   10000     
9.552481e+02      0.95            0.00            1.00251     0.00125       0.12  %   10000     
9.553463e+02      1.25            0.00            1.00198     0.00099       0.10  %   10000     
9.554446e+02      1.65            0.00            1.00279     0.00105       0.11  %   10000     
9.555509e+02      2.19            0.00            1.00097     0.00056       0.06  %   10000     
9.555883e+02      2.42            0.00            1.00120     0.00060       0.06  %   10000     
9.556859e+02      3.04            0.00            1.00156     0.00064       0.06  %   10000     
9.557136e+02      3.24            0.00            1.00125     0.00056       0.06  %   10000     
9.560913e+02      6.01            0.01            1.00110     0.00045       0.05  %   10000     
9.561218e+02      6.16            0.01            1.00182     0.00058       0.06  %   10000     
9.562567e+02      6.82            0.01            1.00106     0.00043       0.04  %   10000     
9.563948e+02      7.05            0.00            1.00053     0.00030       0.03  %   10000     
9.565403e+02      6.80            0.01            1.00108     0.00044       0.04  %   10000     
9.566827e+02      6.10            0.01            1.00153     0.00054       0.05  %   10000     
9.567081e+02      5.98            0.00            1.00077     0.00039       0.04  %   10000     
9.567978e+02      5.33            0.00            1.00061     0.00036       0.04  %   10000     
9.571326e+02      2.92            0.02            1.00630     0.00134       0.13  %   10000     
9.572359e+02      2.32            0.01            1.00466     0.00124       0.12  %   10000     
9.572680e+02      2.13            0.01            1.00564     0.00141       0.14  %   10000     
9.573805e+02      1.62            0.01            1.00726     0.00176       0.17  %   10000     
9.574768e+02      1.28            0.02            1.01320     0.00259       0.26  %   10000     
9.575732e+02      1.03            0.01            1.01140     0.00261       0.26  %   10000     
9.576696e+02      0.85            0.01            1.01046     0.00270       0.27  %   10000     
9.577681e+02      0.73            0.01            1.01736     0.00370       0.36  %   10000     
9.578593e+02      0.65            0.01            1.01801     0.00393       0.39  %   10000     
9.579688e+02      0.60            0.01            1.01181     0.00327       0.32  %   10000     
9.581148e+02      0.57            0.01            1.01388     0.00358       0.35  %   10000     
9.581806e+02      0.57            0.01            1.01558     0.00378       0.37  %   10000     
9.581878e+02      0.57            0.01            1.02015     0.00429       0.42  %   10000     
9.584067e+02      0.61            0.01            1.01785     0.00389       0.38  %   10000     
9.586256e+02      0.68            0.00            1.00452     0.00184       0.18  %   10000     
9.588811e+02      0.81            0.01            1.00755     0.00218       0.22  %   10000     
9.590649e+02      0.95            0.01            1.00863     0.00216       0.21  %   10000     
9.591821e+02      1.08            0.01            1.00719     0.00186       0.18  %   10000     
9.592490e+02      1.15            0.01            1.00498     0.00150       0.15  %   10000     
9.593964e+02      1.39            0.01            1.00503     0.00139       0.14  %   10000     
9.594109e+02      1.43            0.00            1.00304     0.00107       0.11  %   10000     
9.595254e+02      1.71            0.01            1.00572     0.00139       0.14  %   10000     
9.596366e+02      2.09            0.01            1.00324     0.00098       0.10  %   10000     
9.596377e+02      2.10            0.01            1.00382     0.00106       0.11  %   10000     
9.597293e+02      2.53            0.01            1.00267     0.00084       0.08  %   10000     
9.597738e+02      2.82            0.01            1.00303     0.00087       0.09  %   10000     
9.598220e+02      3.13            0.01            1.00389     0.00097       0.10  %   10000     
9.598850e+02      3.67            0.01            1.00319     0.00085       0.08  %   10000     
9.599146e+02      3.92            0.01            1.00157     0.00059       0.06  %   10000     
9.599962e+02      4.84            0.01            1.00168     0.00059       0.06  %   10000     
9.600073e+02      4.97            0.01            1.00293     0.00078       0.08  %   10000     
9.600944e+02      6.26            0.01            1.00239     0.00069       0.07  %   10000     
9.601000e+02      6.35            0.02            1.00259     0.00072       0.07  %   10000     
9.601979e+02      8.24            0.02            1.00268     0.00072       0.07  %   10000     
9.602038e+02      8.35            0.03            1.00307     0.00077       0.08  %   10000     
9.603076e+02      10.92           0.02            1.00168     0.00056       0.06  %   10000     
9.603076e+02      10.92           0.02            1.00168     0.00056       0.06  %   10000     
9.604173e+02      14.37           0.03            1.00185     0.00058       0.06  %   10000     
9.604392e+02      15.05           0.03            1.00185     0.00059       0.06  %   10000     
9.605508e+02      19.41           0.03            1.00147     0.00052       0.05  %   10000     
9.606042e+02      21.48           0.06            1.00279     0.00072       0.07  %   10000     
9.607287e+02      26.87           0.07            1.00261     0.00070       0.07  %   10000     
9.609511e+02      36.34           0.17            1.00474     0.00095       0.09  %   10000     
9.610461e+02      39.29           0.20            1.00502     0.00098       0.10  %   10000     
9.611054e+02      41.14           0.16            1.00387     0.00086       0.09  %   10000     
9.612121e+02      42.61           0.30            1.00712     0.00118       0.12  %   10000     
9.612719e+02      43.46           0.16            1.00376     0.00086       0.09  %   10000     
9.613012e+02      43.50           0.20            1.00457     0.00095       0.09  %   10000     
9.613684e+02      42.77           0.23            1.00527     0.00103       0.10  %   10000     
9.614168e+02      42.26           0.38            1.00898     0.00135       0.13  %   10000     
9.614642e+02      41.76           0.33            1.00797     0.00127       0.13  %   10000     
9.615472e+02      39.42           0.29            1.00732     0.00123       0.12  %   10000     
9.616125e+02      37.59           0.26            1.00694     0.00121       0.12  %   10000     
9.617430e+02      32.18           0.28            1.00879     0.00139       0.14  %   10000     
9.618972e+02      25.74           0.21            1.00826     0.00138       0.14  %   10000     
9.621048e+02      17.08           0.15            1.00863     0.00148       0.15  %   10000     
9.622061e+02      13.62           0.15            1.01096     0.00171       0.17  %   10000     
9.622409e+02      12.43           0.20            1.01600     0.00210       0.21  %   10000     
9.623613e+02      9.16            0.13            1.01366     0.00203       0.20  %   10000     
9.623887e+02      8.59            0.15            1.01697     0.00228       0.22  %   10000     
9.624651e+02      6.97            0.14            1.01979     0.00257       0.25  %   10000     
9.625541e+02      5.53            0.12            1.02193     0.00282       0.28  %   10000     
9.625652e+02      5.35            0.12            1.02156     0.00282       0.28  %   10000     
9.626579e+02      4.21            0.11            1.02625     0.00330       0.32  %   10000     
9.627395e+02      3.44            0.10            1.03006     0.00369       0.36  %   10000     
9.627506e+02      3.34            0.12            1.03617     0.00408       0.39  %   10000     
9.628433e+02      2.69            0.10            1.03657     0.00436       0.42  %   10000     
9.629248e+02      2.26            0.10            1.04230     0.00490       0.47  %   10000     
9.629359e+02      2.21            0.09            1.04186     0.00492       0.47  %   10000     
9.630472e+02      1.78            0.07            1.03913     0.00508       0.49  %   10000     
9.631576e+02      1.48            0.08            1.05200     0.00436       0.41  %   20000     
9.631629e+02      1.47            0.08            1.05310     0.00442       0.42  %   20000     
9.632832e+02      1.24            0.08            1.06660     0.00524       0.49  %   20000     
9.634111e+02      1.06            0.08            1.07202     0.00467       0.44  %   30000     
9.634336e+02      1.03            0.07            1.06736     0.00457       0.43  %   30000     
9.636277e+02      0.85            0.07            1.08243     0.00540       0.50  %   30000     
9.637490e+02      0.77            0.07            1.08906     0.00501       0.46  %   40000     
9.638466e+02      0.70            0.06            1.08965     0.00520       0.48  %   40000     
9.641093e+02      0.58            0.07            1.11299     0.00509       0.46  %   60000     
9.644219e+02      0.48            0.05            1.11061     0.00537       0.48  %   60000     
9.644572e+02      0.48            0.06            1.12904     0.00539       0.48  %   70000     
9.647657e+02      0.41            0.06            1.13610     0.00548       0.48  %   80000     
9.651783e+02      0.35            0.05            1.15761     0.00560       0.48  %   100000    
9.655430e+02      0.31            0.06            1.18006     0.00621       0.53  %   100000    
9.656775e+02      0.30            0.05            1.17745     0.00627       0.53  %   100000    
9.662634e+02      0.26            0.05            1.19479     0.00692       0.58  %   100000    
9.668493e+02      0.23            0.05            1.22529     0.00770       0.63  %   100000    
9.674706e+02      0.21            0.04            1.19338     0.00727       0.61  %   100000    
9.677281e+02      0.21            0.05            1.22787     0.00797       0.65  %   100000    
9.689132e+02      0.19            0.04            1.22316     0.00801       0.65  %   100000    
9.700983e+02      0.18            0.04            1.22933     0.00801       0.65  %   100000    
9.714588e+02      0.19            0.04            1.19762     0.00713       0.60  %   100000    
9.728194e+02      0.20            0.04            1.18288     0.00642       0.54  %   100000    
9.741816e+02      0.22            0.03            1.14811     0.00557       0.49  %   90000     
9.755470e+02      0.26            0.03            1.12317     0.00556       0.49  %   60000     
9.766012e+02      0.30            0.03            1.08798     0.00517       0.48  %   40000     
9.766848e+02      0.30            0.02            1.07687     0.00480       0.45  %   40000     
9.775849e+02      0.36            0.02            1.05613     0.00520       0.49  %   20000     
9.784548e+02      0.43            0.02            1.04396     0.00407       0.39  %   20000     
9.791893e+02      0.53            0.02            1.03476     0.00455       0.44  %   10000     
9.797638e+02      0.64            0.02            1.03421     0.00408       0.39  %   10000     
9.797939e+02      0.65            0.02            1.02365     0.00337       0.33  %   10000     
9.802563e+02      0.78            0.02            1.02271     0.00305       0.30  %   10000     
9.805035e+02      0.87            0.02            1.02588     0.00310       0.30  %   10000     
9.806936e+02      0.94            0.01            1.01211     0.00207       0.20  %   10000     
9.809932e+02      1.11            0.01            1.01157     0.00193       0.19  %   10000     
9.810761e+02      1.15            0.01            1.00918     0.00170       0.17  %   10000     
9.813540e+02      1.37            0.01            1.00965     0.00168       0.17  %   10000     
9.814150e+02      1.42            0.01            1.00581     0.00130       0.13  %   10000     
9.816547e+02      1.69            0.01            1.00525     0.00120       0.12  %   10000     
9.816961e+02      1.73            0.00            1.00276     0.00087       0.09  %   10000     
9.818814e+02      2.03            0.01            1.00376     0.00100       0.10  %   10000     
9.819369e+02      2.11            0.01            1.00350     0.00097       0.10  %   10000     
9.820757e+02      2.42            0.01            1.00319     0.00092       0.09  %   10000     
9.821312e+02      2.54            0.00            1.00188     0.00071       0.07  %   10000     
9.822422e+02      2.89            0.00            1.00107     0.00053       0.05  %   10000     
9.822977e+02      3.06            0.01            1.00271     0.00086       0.09  %   10000     
9.823810e+02      3.42            0.01            1.00297     0.00089       0.09  %   10000     
9.824559e+02      3.75            0.01            1.00221     0.00078       0.08  %   10000     
9.825059e+02      4.06            0.01            1.00220     0.00078       0.08  %   10000     
9.825808e+02      4.51            0.02            1.00367     0.00102       0.10  %   10000     
9.826225e+02      4.86            0.01            1.00226     0.00080       0.08  %   10000     
9.827057e+02      5.55            0.02            1.00377     0.00104       0.10  %   10000     
9.827196e+02      5.71            0.02            1.00290     0.00092       0.09  %   10000     
9.828168e+02      6.83            0.01            1.00208     0.00079       0.08  %   10000     
9.828212e+02      6.88            0.02            1.00358     0.00103       0.10  %   10000     
9.829139e+02      8.29            0.02            1.00244     0.00086       0.09  %   10000     
9.829225e+02      8.42            0.02            1.00277     0.00092       0.09  %   10000     
9.830055e+02      10.06           0.03            1.00250     0.00089       0.09  %   10000     
9.830238e+02      10.42           0.06            1.00601     0.00138       0.14  %   10000     
9.830971e+02      12.31           0.03            1.00224     0.00085       0.08  %   10000     
9.831382e+02      13.36           0.05            1.00392     0.00113       0.11  %   10000     
9.832026e+02      15.52           0.10            1.00656     0.00147       0.15  %   10000     
9.832603e+02      17.44           0.06            1.00336     0.00106       0.11  %   10000     
9.833136e+02      19.73           0.08            1.00403     0.00116       0.12  %   10000     
9.833935e+02      23.10           0.08            1.00345     0.00109       0.11  %   10000     
9.834357e+02      25.35           0.06            1.00241     0.00091       0.09  %   10000     
9.835490e+02      31.23           0.19            1.00602     0.00146       0.15  %   10000     
9.835934e+02      33.98           0.17            1.00495     0.00132       0.13  %   10000     
9.840286e+02      58.93           0.79            1.01338     0.00223       0.22  %   10000     
9.840463e+02      59.56           0.82            1.01383     0.00227       0.22  %   10000     
9.841884e+02      64.77           0.80            1.01241     0.00216       0.21  %   10000     
9.842240e+02      65.15           0.92            1.01407     0.00231       0.23  %   10000     
9.843633e+02      66.97           1.15            1.01720     0.00256       0.25  %   10000     
9.843742e+02      66.84           1.05            1.01572     0.00245       0.24  %   10000     
9.844860e+02      65.73           1.16            1.01772     0.00261       0.26  %   10000     
9.845126e+02      64.85           1.08            1.01670     0.00254       0.25  %   10000     
9.846547e+02      60.45           1.25            1.02071     0.00284       0.28  %   10000     
9.846725e+02      59.51           0.84            1.01415     0.00235       0.23  %   10000     
9.849034e+02      47.39           0.99            1.02081     0.00288       0.28  %   10000     
9.849101e+02      47.01           0.94            1.02003     0.00283       0.28  %   10000     
9.851832e+02      30.74           0.98            1.03190     0.00362       0.35  %   10000     
9.852098e+02      29.41           0.89            1.03015     0.00352       0.34  %   10000     
9.853386e+02      22.82           0.59            1.02581     0.00329       0.32  %   10000     
9.853653e+02      21.73           0.71            1.03245     0.00368       0.36  %   10000     
9.854630e+02      17.66           0.50            1.02848     0.00349       0.34  %   10000     
9.855052e+02      16.29           0.43            1.02660     0.00337       0.33  %   10000     
9.855850e+02      13.67           0.43            1.03120     0.00369       0.36  %   10000     
9.856362e+02      12.39           0.48            1.03888     0.00410       0.39  %   10000     
9.856971e+02      10.85           0.33            1.03029     0.00366       0.36  %   10000     
9.857497e+02      9.86            0.29            1.02964     0.00361       0.35  %   10000     
9.858171e+02      8.59            0.35            1.04058     0.00426       0.41  %   10000     
9.858670e+02      7.91            0.26            1.03304     0.00383       0.37  %   10000     
9.859420e+02      6.90            0.25            1.03589     0.00402       0.39  %   10000     
9.860077e+02      6.27            0.25            1.03937     0.00418       0.40  %   10000     
9.860670e+02      5.71            0.20            1.03480     0.00395       0.38  %   10000     
9.861530e+02      5.15            0.15            1.02830     0.00353       0.34  %   10000     
9.861946e+02      4.87            0.15            1.03060     0.00367       0.36  %   10000     
9.863029e+02      4.41            0.16            1.03683     0.00395       0.38  %   10000     
9.863334e+02      4.27            0.13            1.03035     0.00359       0.35  %   10000     
9.864777e+02      3.92            0.11            1.02885     0.00339       0.33  %   10000     
9.864999e+02      3.86            0.11            1.02789     0.00332       0.32  %   10000     
9.866776e+02      3.72            0.08            1.02172     0.00277       0.27  %   10000     
9.867886e+02      3.79            0.09            1.02294     0.00273       0.27  %   10000     
9.868774e+02      3.96            0.09            1.02216     0.00257       0.25  %   10000     
9.868930e+02      3.99            0.08            1.02042     0.00245       0.24  %   10000     
9.870191e+02      4.49            0.07            1.01531     0.00199       0.20  %   10000     
9.870235e+02      4.51            0.07            1.01656     0.00206       0.20  %   10000     
9.871278e+02      5.21            0.09            1.01658     0.00196       0.19  %   10000     
9.871609e+02      5.55            0.06            1.01009     0.00150       0.15  %   10000     
9.872369e+02      6.32            0.09            1.01501     0.00177       0.17  %   10000     
9.872554e+02      6.59            0.06            1.00933     0.00139       0.14  %   10000     
9.873292e+02      7.66            0.07            1.00952     0.00137       0.14  %   10000     
9.873477e+02      8.02            0.06            1.00801     0.00125       0.12  %   10000     
9.874215e+02      9.46            0.06            1.00683     0.00114       0.11  %   10000     
9.874400e+02      9.94            0.08            1.00788     0.00121       0.12  %   10000     
9.875292e+02      12.26           0.10            1.00792     0.00120       0.12  %   10000     
9.875323e+02      12.36           0.11            1.00864     0.00126       0.12  %   10000     
9.876246e+02      15.49           0.13            1.00838     0.00123       0.12  %   10000     
9.876369e+02      15.91           0.16            1.01023     0.00136       0.13  %   10000     
9.877169e+02      19.35           0.20            1.01020     0.00136       0.13  %   10000     
9.877608e+02      21.23           0.19            1.00902     0.00129       0.13  %   10000     
9.878335e+02      25.11           0.22            1.00865     0.00126       0.12  %   10000     
9.879225e+02      29.79           0.34            1.01145     0.00146       0.14  %   10000     
9.879779e+02      33.06           0.32            1.00980     0.00136       0.13  %   10000     
9.882819e+02      50.50           0.69            1.01360     0.00163       0.16  %   10000     
9.884025e+02      55.23           0.88            1.01601     0.00179       0.18  %   10000     
9.884493e+02      57.07           0.75            1.01319     0.00163       0.16  %   10000     
9.885576e+02      58.70           0.75            1.01270     0.00162       0.16  %   10000     
9.886031e+02      59.42           0.89            1.01501     0.00176       0.17  %   10000     
9.886203e+02      59.44           0.83            1.01400     0.00170       0.17  %   10000     
9.886824e+02      58.54           0.89            1.01512     0.00179       0.18  %   10000     
9.887274e+02      57.91           1.01            1.01738     0.00192       0.19  %   10000     
9.887767e+02      57.25           1.18            1.02063     0.00210       0.21  %   10000     
9.888752e+02      53.39           1.02            1.01902     0.00204       0.20  %   10000     
9.889564e+02      50.24           1.01            1.02008     0.00211       0.21  %   10000     
9.890229e+02      46.49           1.04            1.02236     0.00225       0.22  %   10000     
9.893577e+02      27.28           0.72            1.02639     0.00256       0.25  %   10000     
9.893927e+02      25.22           0.65            1.02564     0.00255       0.25  %   10000     
9.895386e+02      18.12           0.56            1.03102     0.00290       0.28  %   10000     
9.895698e+02      16.92           0.54            1.03184     0.00295       0.29  %   10000     
9.896617e+02      13.37           0.37            1.02799     0.00286       0.28  %   10000     
9.897232e+02      11.53           0.38            1.03269     0.00313       0.30  %   10000     
9.897694e+02      10.14           0.39            1.03853     0.00347       0.33  %   10000     
9.898617e+02      8.00            0.33            1.04133     0.00370       0.36  %   10000     
9.898771e+02      7.73            0.32            1.04189     0.00374       0.36  %   10000     
9.899540e+02      6.36            0.28            1.04475     0.00399       0.38  %   10000     
9.900309e+02      5.35            0.25            1.04597     0.00414       0.40  %   10000     
9.900553e+02      5.02            0.28            1.05567     0.00461       0.44  %   10000     
9.901585e+02      4.05            0.22            1.05423     0.00471       0.45  %   10000     
9.901870e+02      3.86            0.21            1.05342     0.00469       0.45  %   10000     
9.902616e+02      3.36            0.18            1.05495     0.00488       0.46  %   10000     
9.903761e+02      2.84            0.17            1.06033     0.00522       0.49  %   10000     
9.903819e+02      2.81            0.17            1.06057     0.00524       0.49  %   10000     
9.905194e+02      2.40            0.15            1.06299     0.00385       0.36  %   20000     
9.906125e+02      2.23            0.16            1.07220     0.00411       0.38  %   20000     
9.906805e+02      2.11            0.14            1.06538     0.00394       0.37  %   20000     
9.908953e+02      1.88            0.11            1.05615     0.00510       0.48  %   10000     
9.908985e+02      1.88            0.10            1.05562     0.00507       0.48  %   10000     
9.911637e+02      1.75            0.11            1.06070     0.00513       0.48  %   10000     
9.912959e+02      1.72            0.11            1.06245     0.00506       0.48  %   10000     
9.913785e+02      1.71            0.08            1.04909     0.00444       0.42  %   10000     
9.917227e+02      1.75            0.08            1.04480     0.00390       0.37  %   10000     
9.917651e+02      1.75            0.08            1.04370     0.00382       0.37  %   10000     
9.921185e+02      1.91            0.07            1.03688     0.00319       0.31  %   10000     
9.921517e+02      1.93            0.06            1.03111     0.00291       0.28  %   10000     
9.924334e+02      2.16            0.06            1.02601     0.00247       0.24  %   10000     
9.924647e+02      2.18            0.05            1.02219     0.00227       0.22  %   10000     
9.926681e+02      2.44            0.05            1.02182     0.00214       0.21  %   10000     
9.927777e+02      2.58            0.05            1.02087     0.00206       0.20  %   10000     
9.927855e+02      2.60            0.05            1.02039     0.00203       0.20  %   10000     
9.929498e+02      2.91            0.05            1.01657     0.00179       0.18  %   10000     
9.930241e+02      3.06            0.05            1.01514     0.00171       0.17  %   10000     
9.930907e+02      3.24            0.05            1.01476     0.00168       0.17  %   10000     
9.931998e+02      3.54            0.06            1.01826     0.00186       0.18  %   10000     
9.932354e+02      3.63            0.05            1.01435     0.00166       0.16  %   10000     
9.933272e+02      3.99            0.08            1.02033     0.00198       0.19  %   10000     
9.934221e+02      4.35            0.09            1.01996     0.00200       0.20  %   10000     
9.934363e+02      4.43            0.09            1.01979     0.00199       0.20  %   10000     
9.935455e+02      5.01            0.10            1.01980     0.00203       0.20  %   10000     
9.935840e+02      5.22            0.11            1.02137     0.00214       0.21  %   10000     
9.936365e+02      5.61            0.10            1.01760     0.00196       0.19  %   10000     
9.937355e+02      6.35            0.18            1.02850     0.00256       0.25  %   10000     
9.937460e+02      6.43            0.14            1.02171     0.00225       0.22  %   10000     
9.938293e+02      7.31            0.25            1.03383     0.00287       0.28  %   10000     
9.938982e+02      8.03            0.26            1.03291     0.00291       0.28  %   10000     
9.939233e+02      8.40            0.29            1.03481     0.00301       0.29  %   10000     
9.940109e+02      9.69            0.42            1.04314     0.00345       0.33  %   10000     
9.940391e+02      10.10           0.36            1.03543     0.00317       0.31  %   10000     
9.940985e+02      11.27           0.37            1.03238     0.00308       0.30  %   10000     
9.941643e+02      12.56           0.44            1.03479     0.00328       0.32  %   10000     
9.941893e+02      13.21           0.56            1.04234     0.00363       0.35  %   10000     
9.942879e+02      15.76           0.76            1.04849     0.00401       0.38  %   10000     
9.943020e+02      16.12           0.79            1.04884     0.00405       0.39  %   10000     
9.943975e+02      19.34           0.88            1.04576     0.00402       0.38  %   10000     
9.944428e+02      20.83           1.12            1.05374     0.00443       0.42  %   10000     
9.945117e+02      23.77           1.25            1.05264     0.00443       0.42  %   10000     
9.945978e+02      27.32           1.59            1.05824     0.00478       0.45  %   10000     
9.946432e+02      29.67           1.86            1.06273     0.00498       0.47  %   10000     
9.947997e+02      37.43           2.41            1.06438     0.00522       0.49  %   10000     
9.948059e+02      37.76           2.39            1.06317     0.00517       0.49  %   10000     
9.951784e+02      56.20           4.26            1.07579     0.00421       0.39  %   20000     
9.952817e+02      59.39           5.04            1.08493     0.00453       0.42  %   20000     
9.953506e+02      61.62           5.38            1.08732     0.00461       0.42  %   20000     
9.954583e+02      63.03           6.06            1.09609     0.00491       0.45  %   20000     
9.954933e+02      63.60           6.11            1.09603     0.00491       0.45  %   20000     
9.955571e+02      63.72           6.50            1.10197     0.00508       0.46  %   20000     
9.956414e+02      62.43           6.26            1.10034     0.00513       0.47  %   20000     
9.956884e+02      61.83           6.54            1.10577     0.00528       0.48  %   20000     
9.957337e+02      61.36           5.97            1.09732     0.00507       0.46  %   20000     
9.958701e+02      56.75           6.34            1.11167     0.00554       0.50  %   20000     
9.959328e+02      54.80           5.79            1.10569     0.00540       0.49  %   20000     
9.961080e+02      46.39           5.48            1.11805     0.00479       0.43  %   30000     
9.964335e+02      29.98           4.18            1.13957     0.00549       0.48  %   30000     
9.965337e+02      25.65           3.91            1.15256     0.00503       0.44  %   40000     
9.965995e+02      22.69           3.74            1.16459     0.00533       0.46  %   40000     
9.967215e+02      18.32           3.18            1.17374     0.00561       0.48  %   40000     
9.967403e+02      17.63           3.14            1.17834     0.00573       0.49  %   40000     
9.968812e+02      13.64           2.62            1.19244     0.00552       0.46  %   50000     
9.969093e+02      13.03           2.53            1.19382     0.00555       0.47  %   50000     
9.970063e+02      10.90           2.26            1.20707     0.00592       0.49  %   50000     
9.970658e+02      9.93            2.03            1.20448     0.00594       0.49  %   50000     
9.971472e+02      8.58            2.09            1.24384     0.00610       0.49  %   60000     
9.972536e+02      7.27            1.72            1.23665     0.00615       0.50  %   60000     
9.972724e+02      7.04            1.74            1.24699     0.00586       0.47  %   70000     
9.974289e+02      5.62            1.55            1.27576     0.00604       0.47  %   80000     
9.974747e+02      5.33            1.47            1.27577     0.00608       0.48  %   80000     
9.975768e+02      4.66            1.35            1.29023     0.00643       0.50  %   80000     
9.977329e+02      3.91            1.24            1.31671     0.00652       0.50  %   90000     
9.977517e+02      3.82            1.23            1.32221     0.00628       0.47  %   100000    
9.979657e+02      3.09            1.05            1.34001     0.00674       0.50  %   100000    
9.980048e+02      3.00            1.07            1.35548     0.00692       0.51  %   100000    
9.982005e+02      2.52            0.99            1.39108     0.00756       0.54  %   100000    
9.983961e+02      2.19            0.92            1.41925     0.00803       0.57  %   100000    
9.984743e+02      2.05            0.90            1.43964     0.00837       0.58  %   100000    
9.987873e+02      1.67            0.80            1.48047     0.00918       0.62  %   100000    
9.988656e+02      1.60            0.77            1.48382     0.00928       0.63  %   100000    
9.991004e+02      1.39            0.72            1.51754     0.00998       0.66  %   100000    
9.995037e+02      1.13            0.67            1.58984     0.01117       0.70  %   100000    
9.995240e+02      1.12            0.66            1.58407     0.01113       0.70  %   100000    
9.999589e+02      0.92            0.59            1.63604     0.01228       0.75  %   100000    
1.000387e+03      0.78            0.55            1.70035     0.01338       0.79  %   100000    
1.000456e+03      0.76            0.55            1.72258     0.01373       0.80  %   100000    
1.001089e+03      0.61            0.51            1.82959     0.01565       0.86  %   100000    
1.001520e+03      0.54            0.48            1.88208     0.01658       0.88  %   100000    
1.001808e+03      0.50            0.47            1.93747     0.01761       0.91  %   100000    
1.002563e+03      0.41            0.43            2.02916     0.01947       0.96  %   100000    
1.002811e+03      0.39            0.40            2.02572     0.01965       0.97  %   100000    
1.003528e+03      0.34            0.39            2.15928     0.02197       1.02  %   100000    
1.004464e+03      0.29            0.33            2.16341     0.02302       1.06  %   100000    
1.004641e+03      0.28            0.31            2.12773     0.02296       1.08  %   100000    
1.005753e+03      0.23            0.24            2.03750     0.02325       1.14  %   100000    
1.007173e+03      0.20            0.23            2.13536     0.02544       1.19  %   100000    
1.007324e+03      0.19            0.22            2.12184     0.02548       1.20  %   100000    
1.008894e+03      0.17            0.17            2.02856     0.02564       1.26  %   100000    
1.010989e+03      0.14            0.11            1.77411     0.02320       1.31  %   100000    
1.011153e+03      0.14            0.11            1.76864     0.02314       1.31  %   100000    
1.013609e+03      0.12            0.09            1.76773     0.02403       1.36  %   100000    
1.016202e+03      0.11            0.05            1.46082     0.01895       1.30  %   100000    
1.016998e+03      0.11            0.03            1.23336     0.01348       1.09  %   100000    
1.019299e+03      0.10            0.01            1.09119     0.00846       0.78  %   100000    
1.022380e+03      0.10            0.01            1.05124     0.00621       0.59  %   100000    
1.025500e+03      0.11            0.00            1.03893     0.00516       0.50  %   100000    
1.027574e+03      0.11            0.00            1.00000     0.00000       0.00  %   10000     
1.029642e+03      0.13            0.00            1.00798     0.00461       0.46  %   20000     
1.031131e+03      0.14            0.00            1.01621     0.00433       0.43  %   40000     
1.032653e+03      0.16            0.00            1.00770     0.00385       0.38  %   20000     
1.032726e+03      0.16            0.00            1.01336     0.00505       0.50  %   20000     
1.033866e+03      0.19            0.00            1.00630     0.00446       0.44  %   10000     
1.034810e+03      0.22            0.00            1.00520     0.00368       0.37  %   10000     
1.035663e+03      0.27            0.00            1.00633     0.00258       0.26  %   20000     
1.035753e+03      0.27            0.00            1.00615     0.00355       0.35  %   10000     
1.036352e+03      0.32            0.00            1.00338     0.00239       0.24  %   10000     
1.036902e+03      0.39            0.00            1.00273     0.00193       0.19  %   10000     
1.037223e+03      0.45            0.00            1.00235     0.00166       0.17  %   10000     
1.037296e+03      0.46            0.01            1.01132     0.00358       0.35  %   10000     
1.037577e+03      0.54            0.00            1.00569     0.00232       0.23  %   10000     
1.037759e+03      0.62            0.00            1.00164     0.00116       0.12  %   10000     
1.037919e+03      0.72            0.00            1.00281     0.00140       0.14  %   10000     
1.038033e+03      0.84            0.00            1.00244     0.00122       0.12  %   10000     
1.038088e+03      0.92            0.00            1.00393     0.00149       0.15  %   10000     
1.038147e+03      1.01            0.00            1.00259     0.00116       0.12  %   10000     
1.038238e+03      1.20            0.00            1.00267     0.00109       0.11  %   10000     
1.038334e+03      1.49            0.00            1.00112     0.00065       0.06  %   10000     
1.038422e+03      1.85            0.00            1.00000     0.00000       0.00  %   10000     
1.038511e+03      2.34            0.00            1.00081     0.00047       0.05  %   10000     
1.038595e+03      2.94            0.00            1.00023     0.00023       0.02  %   10000     
1.038599e+03      2.97            0.00            1.00070     0.00040       0.04  %   10000     
1.038625e+03      3.21            0.00            1.00089     0.00044       0.04  %   10000     
1.038702e+03      3.93            0.00            1.00060     0.00035       0.03  %   10000     
1.038810e+03      5.24            0.00            1.00071     0.00035       0.04  %   10000     
1.038812e+03      5.27            0.01            1.00123     0.00047       0.05  %   10000     
1.038935e+03      7.16            0.01            1.00095     0.00039       0.04  %   10000     
1.038967e+03      7.77            0.00            1.00016     0.00016       0.02  %   10000     
1.039096e+03      10.23           0.00            1.00044     0.00025       0.03  %   10000     
1.039118e+03      10.70           0.00            1.00014     0.00014       0.01  %   10000     
1.039298e+03      14.44           0.01            1.00056     0.00028       0.03  %   10000     
1.039460e+03      17.81           0.00            1.00014     0.00014       0.01  %   10000     
1.039627e+03      20.15           0.01            1.00028     0.00020       0.02  %   10000     
1.039786e+03      20.93           0.01            1.00071     0.00032       0.03  %   10000     
1.039799e+03      20.87           0.01            1.00043     0.00025       0.02  %   10000     
1.039932e+03      20.26           0.01            1.00058     0.00029       0.03  %   10000     
1.040020e+03      19.12           0.01            1.00060     0.00030       0.03  %   10000     
1.040090e+03      18.21           0.03            1.00153     0.00048       0.05  %   10000     
1.040185e+03      16.39           0.03            1.00159     0.00050       0.05  %   10000     
1.040550e+03      9.32            0.03            1.00281     0.00075       0.07  %   10000     
1.040686e+03      7.19            0.03            1.00434     0.00099       0.10  %   10000     
1.040806e+03      5.78            0.03            1.00464     0.00109       0.11  %   10000     
1.040810e+03      5.74            0.04            1.00672     0.00132       0.13  %   10000     
1.040907e+03      4.91            0.04            1.00719     0.00144       0.14  %   10000     
1.040992e+03      4.43            0.04            1.00870     0.00164       0.16  %   10000     
1.041007e+03      4.35            0.03            1.00759     0.00155       0.15  %   10000     
1.041107e+03      4.03            0.05            1.01272     0.00209       0.21  %   10000     
1.041174e+03      3.97            0.03            1.00745     0.00162       0.16  %   10000     
1.041207e+03      3.94            0.02            1.00546     0.00141       0.14  %   10000     
1.041307e+03      4.04            0.05            1.01323     0.00223       0.22  %   10000     
1.041329e+03      4.11            0.03            1.00755     0.00169       0.17  %   10000     
1.041428e+03      4.42            0.05            1.01166     0.00213       0.21  %   10000     
1.041465e+03      4.63            0.07            1.01546     0.00244       0.24  %   10000     
1.041564e+03      5.19            0.05            1.00987     0.00197       0.20  %   10000     
1.041598e+03      5.48            0.08            1.01450     0.00238       0.23  %   10000     
1.041698e+03      6.34            0.07            1.01116     0.00211       0.21  %   10000     
1.041719e+03      6.60            0.08            1.01149     0.00213       0.21  %   10000     
1.041834e+03      7.99            0.11            1.01369     0.00234       0.23  %   10000     
1.041837e+03      8.04            0.13            1.01569     0.00251       0.25  %   10000     
1.041960e+03      10.05           0.11            1.01142     0.00216       0.21  %   10000     
1.041970e+03      10.22           0.09            1.00861     0.00188       0.19  %   10000     
1.042089e+03      12.75           0.13            1.01036     0.00207       0.20  %   10000     
1.042113e+03      13.26           0.23            1.01718     0.00268       0.26  %   10000     
1.042225e+03      16.30           0.24            1.01476     0.00249       0.25  %   10000     
1.042279e+03      17.76           0.29            1.01635     0.00265       0.26  %   10000     
1.042391e+03      21.49           0.32            1.01510     0.00255       0.25  %   10000     
1.042531e+03      26.00           0.51            1.01960     0.00295       0.29  %   10000     
1.042840e+03      35.89           0.78            1.02163     0.00315       0.31  %   10000     
1.042900e+03      37.14           0.80            1.02155     0.00317       0.31  %   10000     
1.043021e+03      39.70           1.04            1.02631     0.00351       0.34  %   10000     
1.043104e+03      40.23           1.03            1.02555     0.00350       0.34  %   10000     
1.043204e+03      41.00           0.79            1.01928     0.00304       0.30  %   10000     
1.043273e+03      40.58           1.20            1.02947     0.00379       0.37  %   10000     
1.043321e+03      40.35           1.09            1.02701     0.00363       0.35  %   10000     
1.043415e+03      38.74           1.03            1.02664     0.00365       0.36  %   10000     
1.043488e+03      37.58           1.19            1.03163     0.00397       0.39  %   10000     
1.043627e+03      33.59           1.05            1.03130     0.00403       0.39  %   10000     
1.043727e+03      30.76           1.07            1.03467     0.00425       0.41  %   10000     
1.044084e+03      18.80           0.73            1.03903     0.00475       0.46  %   10000     
1.044184e+03      16.03           0.64            1.03974     0.00484       0.47  %   10000     
1.044266e+03      13.71           0.66            1.04810     0.00385       0.37  %   20000     
1.044366e+03      11.50           0.45            1.03954     0.00501       0.48  %   10000     
1.044418e+03      10.35           0.54            1.05227     0.00414       0.39  %   20000     
1.044548e+03      8.12            0.42            1.05137     0.00422       0.40  %   20000     
1.044554e+03      8.02            0.41            1.05164     0.00424       0.40  %   20000     
1.044690e+03      6.25            0.42            1.06684     0.00500       0.47  %   20000     
1.044699e+03      6.16            0.40            1.06430     0.00491       0.46  %   20000     
1.044826e+03      4.93            0.35            1.07067     0.00437       0.41  %   30000     
1.044881e+03      4.54            0.31            1.06789     0.00530       0.50  %   20000     
1.044947e+03      4.06            0.29            1.07233     0.00457       0.43  %   30000     
1.045063e+03      3.44            0.29            1.08478     0.00508       0.47  %   30000     
1.045095e+03      3.27            0.26            1.07948     0.00499       0.46  %   30000     
1.045264e+03      2.63            0.23            1.08619     0.00543       0.50  %   30000     
1.045307e+03      2.51            0.22            1.08654     0.00474       0.44  %   40000     
1.045433e+03      2.17            0.21            1.09869     0.00524       0.48  %   40000     
1.045565e+03      1.91            0.19            1.09849     0.00537       0.49  %   40000     
1.045626e+03      1.79            0.20            1.11141     0.00520       0.47  %   50000     
1.045864e+03      1.46            0.18            1.12112     0.00520       0.46  %   60000     
1.045906e+03      1.42            0.17            1.11974     0.00519       0.46  %   60000     
1.046148e+03      1.18            0.15            1.12998     0.00527       0.47  %   70000     
1.046277e+03      1.08            0.15            1.14207     0.00561       0.49  %   70000     
1.046413e+03      0.99            0.15            1.15512     0.00565       0.49  %   80000     
1.046753e+03      0.81            0.14            1.17165     0.00561       0.48  %   100000    
1.046862e+03      0.77            0.13            1.17535     0.00574       0.49  %   100000    
1.047148e+03      0.66            0.12            1.18744     0.00623       0.52  %   100000    
1.047618e+03      0.54            0.12            1.21909     0.00715       0.59  %   100000    
1.047708e+03      0.52            0.11            1.21271     0.00710       0.59  %   100000    
1.048146e+03      0.44            0.11            1.25458     0.00822       0.66  %   100000    
1.048593e+03      0.38            0.11            1.27866     0.00896       0.70  %   100000    
1.048749e+03      0.36            0.11            1.28996     0.00933       0.72  %   100000    
1.049462e+03      0.30            0.10            1.34539     0.01088       0.81  %   100000    
1.050172e+03      0.26            0.09            1.36152     0.01170       0.86  %   100000    
1.050175e+03      0.26            0.10            1.37814     0.01197       0.87  %   100000    
1.051065e+03      0.22            0.09            1.40155     0.01309       0.93  %   100000    
1.052104e+03      0.19            0.08            1.45027     0.01456       1.00  %   100000    
1.052254e+03      0.18            0.08            1.44783     0.01458       1.01  %   100000    
1.053143e+03      0.16            0.09            1.52225     0.01635       1.07  %   100000    
1.054493e+03      0.15            0.08            1.56275     0.01760       1.13  %   100000    
1.056047e+03      0.13            0.07            1.54892     0.01772       1.14  %   100000    
1.056283e+03      0.13            0.08            1.58576     0.01828       1.15  %   100000    
1.057601e+03      0.13            0.07            1.55514     0.01786       1.15  %   100000    
1.058398e+03      0.13            0.07            1.54868     0.01762       1.14  %   100000    
1.059758e+03      0.13            0.06            1.48340     0.01600       1.08  %   100000    
1.060603e+03      0.14            0.06            1.46652     0.01506       1.03  %   100000    
1.061236e+03      0.15            0.05            1.31744     0.01174       0.89  %   100000    
1.061404e+03      0.16            0.05            1.34103     0.01186       0.88  %   100000    
1.061553e+03      0.17            0.05            1.32616     0.01134       0.86  %   100000    
1.061816e+03      0.19            0.05            1.25558     0.00945       0.75  %   100000    
1.062001e+03      0.21            0.05            1.22299     0.00826       0.68  %   100000    
1.062132e+03      0.24            0.04            1.17041     0.00675       0.58  %   100000    
1.062238e+03      0.28            0.04            1.15606     0.00601       0.52  %   100000    
1.062343e+03      0.33            0.04            1.11779     0.00534       0.48  %   80000     
1.062435e+03      0.41            0.04            1.10506     0.00531       0.48  %   60000     
1.062527e+03      0.51            0.04            1.07857     0.00507       0.47  %   40000     
1.062620e+03      0.64            0.04            1.06054     0.00459       0.43  %   30000     
1.062712e+03      0.83            0.04            1.04950     0.00452       0.43  %   20000     
1.062808e+03      1.09            0.03            1.03010     0.00443       0.43  %   10000     
1.062904e+03      1.44            0.04            1.02968     0.00392       0.38  %   10000     
1.063010e+03      1.92            0.03            1.01816     0.00273       0.27  %   10000     
1.063023e+03      1.99            0.05            1.02327     0.00305       0.30  %   10000     
1.063140e+03      2.67            0.03            1.01211     0.00199       0.20  %   10000     
1.063315e+03      3.92            0.04            1.00976     0.00158       0.16  %   10000     
1.063426e+03      4.77            0.04            1.00783     0.00134       0.13  %   10000     
1.063640e+03      6.41            0.04            1.00584     0.00108       0.11  %   10000     
1.063805e+03      7.29            0.05            1.00692     0.00115       0.11  %   10000     
1.063959e+03      7.62            0.06            1.00821     0.00125       0.12  %   10000     
1.063973e+03      7.62            0.05            1.00650     0.00111       0.11  %   10000     
1.064117e+03      7.38            0.05            1.00650     0.00113       0.11  %   10000     
1.064171e+03      7.12            0.06            1.00806     0.00127       0.13  %   10000     
1.064267e+03      6.65            0.04            1.00585     0.00110       0.11  %   10000     
1.064341e+03      6.11            0.03            1.00548     0.00109       0.11  %   10000     
1.064504e+03      4.92            0.04            1.00836     0.00143       0.14  %   10000     
1.064751e+03      3.04            0.03            1.00996     0.00182       0.18  %   10000     
1.064808e+03      2.68            0.03            1.01193     0.00207       0.20  %   10000     
1.064893e+03      2.15            0.03            1.01353     0.00239       0.24  %   10000     
1.065005e+03      1.60            0.03            1.01743     0.00303       0.30  %   10000     
1.065106e+03      1.21            0.03            1.02114     0.00373       0.37  %   10000     
1.065199e+03      0.93            0.03            1.03366     0.00371       0.36  %   20000     
1.065294e+03      0.71            0.02            1.03079     0.00397       0.39  %   20000     
1.065389e+03      0.56            0.02            1.04206     0.00422       0.40  %   30000     
1.065483e+03      0.44            0.02            1.04824     0.00500       0.48  %   30000     
1.065549e+03      0.39            0.02            1.05223     0.00478       0.45  %   40000     
1.065567e+03      0.37            0.02            1.06529     0.00487       0.46  %   50000     
1.065673e+03      0.31            0.02            1.06825     0.00496       0.46  %   60000     
1.065778e+03      0.27            0.02            1.07232     0.00506       0.47  %   70000     
1.065920e+03      0.23            0.02            1.08652     0.00521       0.48  %   90000     
1.066071e+03      0.21            0.02            1.07651     0.00513       0.48  %   90000     
1.066322e+03      0.19            0.01            1.07553     0.00532       0.49  %   90000     
1.066623e+03      0.18            0.01            1.08106     0.00536       0.50  %   100000    
1.067225e+03      0.17            0.01            1.06277     0.00504       0.47  %   90000     
1.067425e+03      0.17            0.01            1.06572     0.00514       0.48  %   90000     
1.067493e+03      0.17            0.01            1.07618     0.00524       0.49  %   100000    
1.068411e+03      0.17            0.01            1.04302     0.00493       0.47  %   60000     
1.069643e+03      0.19            0.01            1.04579     0.00515       0.49  %   50000     
1.070629e+03      0.21            0.01            1.04010     0.00493       0.47  %   40000     
1.071580e+03      0.26            0.01            1.03401     0.00471       0.46  %   30000     
1.071764e+03      0.27            0.01            1.03162     0.00442       0.43  %   30000     
1.072319e+03      0.30            0.01            1.02526     0.00446       0.44  %   20000     
1.072953e+03      0.36            0.01            1.02339     0.00384       0.38  %   20000     
1.073485e+03      0.44            0.01            1.02348     0.00489       0.48  %   10000     
1.073983e+03      0.54            0.01            1.01627     0.00363       0.36  %   10000     
1.074297e+03      0.63            0.00            1.00690     0.00218       0.22  %   10000     
1.074398e+03      0.66            0.01            1.01185     0.00279       0.28  %   10000     
1.074752e+03      0.81            0.00            1.00596     0.00179       0.18  %   10000     
1.075063e+03      1.00            0.00            1.00492     0.00148       0.15  %   10000     
1.075177e+03      1.10            0.01            1.00784     0.00180       0.18  %   10000     
1.075236e+03      1.15            0.01            1.00677     0.00164       0.16  %   10000     
1.075332e+03      1.23            0.01            1.00608     0.00152       0.15  %   10000     
1.075505e+03      1.45            0.00            1.00341     0.00108       0.11  %   10000     
1.075534e+03      1.49            0.01            1.00405     0.00117       0.12  %   10000     
1.075722e+03      1.82            0.01            1.00336     0.00101       0.10  %   10000     
1.075731e+03      1.84            0.01            1.00394     0.00109       0.11  %   10000     
1.075883e+03      2.22            0.01            1.00342     0.00099       0.10  %   10000     
1.075892e+03      2.25            0.01            1.00312     0.00094       0.09  %   10000     
1.076017e+03      2.68            0.01            1.00382     0.00102       0.10  %   10000     
1.076026e+03      2.73            0.01            1.00353     0.00098       0.10  %   10000     
1.076135e+03      3.24            0.01            1.00346     0.00096       0.10  %   10000     
1.076152e+03      3.33            0.01            1.00374     0.00100       0.10  %   10000     
1.076243e+03      3.93            0.02            1.00448     0.00109       0.11  %   10000     
1.076273e+03      4.12            0.01            1.00266     0.00084       0.08  %   10000     
1.076352e+03      4.83            0.01            1.00290     0.00088       0.09  %   10000     
1.076389e+03      5.16            0.02            1.00374     0.00100       0.10  %   10000     
1.076447e+03      5.84            0.02            1.00267     0.00084       0.08  %   10000     
1.076504e+03      6.51            0.01            1.00217     0.00077       0.08  %   10000     
1.076547e+03      7.19            0.03            1.00406     0.00105       0.10  %   10000     
1.076626e+03      8.41            0.03            1.00334     0.00096       0.10  %   10000     
1.076654e+03      9.00            0.02            1.00194     0.00073       0.07  %   10000     
1.076757e+03      11.08           0.08            1.00685     0.00140       0.14  %   10000     
1.076762e+03      11.21           0.06            1.00514     0.00121       0.12  %   10000     
1.076881e+03      14.28           0.05            1.00352     0.00102       0.10  %   10000     
1.076888e+03      14.47           0.06            1.00383     0.00106       0.11  %   10000     
1.077024e+03      18.79           0.12            1.00635     0.00138       0.14  %   10000     
1.077055e+03      19.77           0.09            1.00460     0.00119       0.12  %   10000     
1.077213e+03      25.55           0.20            1.00787     0.00157       0.16  %   10000     
1.077518e+03      36.37           0.30            1.00828     0.00165       0.16  %   10000     
1.077604e+03      38.46           0.21            1.00543     0.00136       0.13  %   10000     
1.077690e+03      40.57           0.47            1.01161     0.00199       0.20  %   10000     
1.077747e+03      41.18           0.47            1.01147     0.00199       0.20  %   10000     
1.077844e+03      42.28           0.47            1.01119     0.00197       0.20  %   10000     
1.077889e+03      42.35           0.37            1.00883     0.00176       0.17  %   10000     
1.077914e+03      42.10           0.50            1.01178     0.00205       0.20  %   10000     
1.077985e+03      41.42           0.56            1.01343     0.00220       0.22  %   10000     
1.078076e+03      40.60           0.52            1.01277     0.00215       0.21  %   10000     
1.078124e+03      39.38           0.63            1.01597     0.00243       0.24  %   10000     
1.078276e+03      35.56           0.51            1.01439     0.00233       0.23  %   10000     
1.078343e+03      33.21           0.63            1.01902     0.00271       0.27  %   10000     
1.078758e+03      18.35           0.39            1.02123     0.00306       0.30  %   10000     
1.078868e+03      15.07           0.34            1.02239     0.00319       0.31  %   10000     
1.078923e+03      13.40           0.38            1.02848     0.00367       0.36  %   10000     
1.079044e+03      10.50           0.28            1.02710     0.00368       0.36  %   10000     
1.079058e+03      10.18           0.31            1.02996     0.00389       0.38  %   10000     
1.079180e+03      7.87            0.27            1.03398     0.00430       0.42  %   10000     
1.079207e+03      7.49            0.27            1.03537     0.00441       0.43  %   10000     
1.079300e+03      6.15            0.25            1.04051     0.00346       0.33  %   20000     
1.079381e+03      5.26            0.21            1.03912     0.00491       0.47  %   10000     
1.079424e+03      4.79            0.20            1.04086     0.00513       0.49  %   10000     
1.079535e+03      3.89            0.14            1.03646     0.00357       0.34  %   20000     
1.079562e+03      3.74            0.18            1.04921     0.00416       0.40  %   20000     
1.079669e+03      3.10            0.15            1.04941     0.00435       0.41  %   20000     
1.079751e+03      2.75            0.16            1.05828     0.00482       0.46  %   20000     
1.079810e+03      2.50            0.13            1.05295     0.00472       0.45  %   20000     
1.079959e+03      2.05            0.12            1.05691     0.00512       0.48  %   20000     
1.079989e+03      1.99            0.13            1.06474     0.00447       0.42  %   30000     
1.080138e+03      1.67            0.12            1.06995     0.00487       0.46  %   30000     
1.080287e+03      1.46            0.11            1.07411     0.00516       0.48  %   30000     
1.080347e+03      1.37            0.11            1.08107     0.00476       0.44  %   40000     
1.080585e+03      1.13            0.09            1.08262     0.00505       0.47  %   40000     
1.080645e+03      1.09            0.09            1.08626     0.00519       0.48  %   40000     
1.080876e+03      0.93            0.10            1.11067     0.00551       0.50  %   50000     
1.081171e+03      0.78            0.09            1.11615     0.00536       0.48  %   60000     
1.081222e+03      0.76            0.09            1.11321     0.00535       0.48  %   60000     
1.081568e+03      0.65            0.07            1.10393     0.00536       0.49  %   60000     
1.081869e+03      0.58            0.08            1.13196     0.00536       0.47  %   80000     
1.082011e+03      0.54            0.07            1.12496     0.00531       0.47  %   80000     
1.082565e+03      0.46            0.07            1.14501     0.00560       0.49  %   90000     
1.082724e+03      0.45            0.06            1.14274     0.00558       0.49  %   90000     
1.083119e+03      0.41            0.06            1.15342     0.00560       0.49  %   100000    
1.083677e+03      0.38            0.06            1.16078     0.00577       0.50  %   100000    
1.084091e+03      0.37            0.06            1.15298     0.00557       0.48  %   100000    
1.084350e+03      0.36            0.05            1.14352     0.00568       0.50  %   90000     
1.084686e+03      0.36            0.06            1.15317     0.00550       0.48  %   100000    
1.085358e+03      0.37            0.05            1.13618     0.00558       0.49  %   80000     
1.086198e+03      0.40            0.04            1.10014     0.00510       0.46  %   60000     
1.086870e+03      0.45            0.04            1.08084     0.00514       0.48  %   40000     
1.087537e+03      0.53            0.04            1.07029     0.00495       0.46  %   30000     
1.088107e+03      0.64            0.03            1.04497     0.00434       0.41  %   20000     
1.088595e+03      0.77            0.03            1.03963     0.00364       0.35  %   20000     
1.088847e+03      0.88            0.03            1.03583     0.00457       0.44  %   10000     
1.089002e+03      0.94            0.02            1.02466     0.00367       0.36  %   10000     
1.089382e+03      1.16            0.03            1.02559     0.00338       0.33  %   10000     
1.089518e+03      1.28            0.02            1.01612     0.00258       0.25  %   10000     
1.089680e+03      1.41            0.03            1.02182     0.00288       0.28  %   10000     
1.089743e+03      1.49            0.03            1.01842     0.00260       0.26  %   10000     
1.089950e+03      1.73            0.03            1.01483     0.00223       0.22  %   10000     
1.090086e+03      1.96            0.03            1.01472     0.00214       0.21  %   10000     
1.090178e+03      2.12            0.04            1.01739     0.00230       0.23  %   10000     
1.090282e+03      2.36            0.04            1.01514     0.00209       0.21  %   10000     
1.090361e+03      2.55            0.04            1.01521     0.00208       0.21  %   10000     
1.090441e+03      2.81            0.04            1.01255     0.00187       0.18  %   10000     
1.090514e+03      3.05            0.03            1.01112     0.00176       0.17  %   10000     
1.090594e+03      3.42            0.04            1.01033     0.00167       0.17  %   10000     
1.090674e+03      3.78            0.05            1.01423     0.00197       0.19  %   10000     
1.090717e+03      4.05            0.05            1.01194     0.00180       0.18  %   10000     
1.090796e+03      4.55            0.05            1.01072     0.00171       0.17  %   10000     
1.090824e+03      4.78            0.07            1.01559     0.00206       0.20  %   10000     
1.090915e+03      5.55            0.06            1.01113     0.00176       0.17  %   10000     
1.090919e+03      5.59            0.08            1.01506     0.00204       0.20  %   10000     
1.091015e+03      6.70            0.09            1.01277     0.00190       0.19  %   10000     
1.091043e+03      7.01            0.10            1.01412     0.00201       0.20  %   10000     
1.091116e+03      8.14            0.11            1.01312     0.00195       0.19  %   10000     
1.091155e+03      8.73            0.16            1.01848     0.00234       0.23  %   10000     
1.091216e+03      9.98            0.16            1.01591     0.00218       0.21  %   10000     
1.091279e+03      11.25           0.19            1.01703     0.00229       0.23  %   10000     
1.091313e+03      12.16           0.16            1.01333     0.00203       0.20  %   10000     
1.091402e+03      14.48           0.23            1.01608     0.00227       0.22  %   10000     
1.091424e+03      15.23           0.25            1.01639     0.00229       0.23  %   10000     
1.091534e+03      18.93           0.35            1.01866     0.00249       0.24  %   10000     
1.091536e+03      19.01           0.34            1.01769     0.00242       0.24  %   10000     
1.091664e+03      24.33           0.63            1.02584     0.00297       0.29  %   10000     
1.091684e+03      25.13           0.38            1.01497     0.00228       0.22  %   10000     
1.091813e+03      31.64           0.66            1.02101     0.00273       0.27  %   10000     
1.091894e+03      35.55           0.73            1.02054     0.00274       0.27  %   10000     
1.092081e+03      44.85           1.35            1.03002     0.00336       0.33  %   10000     
1.092237e+03      52.37           1.62            1.03092     0.00344       0.33  %   10000     
1.092316e+03      54.72           1.50            1.02733     0.00328       0.32  %   10000     
1.092443e+03      58.63           1.76            1.03004     0.00346       0.34  %   10000     
1.092463e+03      58.78           1.99            1.03390     0.00368       0.36  %   10000     
1.092610e+03      60.17           2.10            1.03491     0.00377       0.36  %   10000     
1.092634e+03      59.80           2.09            1.03487     0.00379       0.37  %   10000     
1.092718e+03      58.68           2.06            1.03508     0.00383       0.37  %   10000     
1.092801e+03      57.68           2.59            1.04485     0.00433       0.41  %   10000     
1.092870e+03      55.26           2.20            1.03986     0.00414       0.40  %   10000     
1.093007e+03      50.60           2.18            1.04303     0.00433       0.41  %   10000     
1.093076e+03      47.29           1.49            1.03146     0.00375       0.36  %   10000     
1.093478e+03      27.30           1.53            1.05589     0.00528       0.50  %   10000     
1.093571e+03      23.35           1.40            1.05986     0.00390       0.37  %   20000     
1.093649e+03      19.92           1.23            1.06171     0.00405       0.38  %   20000     
1.093767e+03      15.85           0.99            1.06225     0.00416       0.39  %   20000     
1.093784e+03      15.24           1.00            1.06575     0.00431       0.40  %   20000     
1.093907e+03      11.86           0.85            1.07198     0.00467       0.44  %   20000     
1.093938e+03      11.18           0.78            1.07008     0.00462       0.43  %   20000     
1.094027e+03      9.27            0.72            1.07779     0.00503       0.47  %   20000     
1.094089e+03      8.26            0.71            1.08618     0.00536       0.49  %   20000     
1.094151e+03      7.26            0.63            1.08658     0.00451       0.42  %   30000     
1.094248e+03      6.07            0.55            1.09042     0.00474       0.43  %   30000     
1.094264e+03      5.88            0.55            1.09446     0.00488       0.45  %   30000     
1.094387e+03      4.76            0.53            1.11049     0.00550       0.50  %   30000     
1.094434e+03      4.44            0.42            1.09528     0.00516       0.47  %   30000     
1.094509e+03      3.93            0.48            1.12298     0.00523       0.47  %   40000     
1.094644e+03      3.25            0.40            1.12424     0.00545       0.48  %   40000     
1.094650e+03      3.22            0.42            1.13051     0.00560       0.50  %   40000     
1.094803e+03      2.67            0.42            1.15624     0.00573       0.50  %   50000     
1.094889e+03      2.45            0.34            1.14063     0.00552       0.48  %   50000     
1.094987e+03      2.19            0.35            1.15797     0.00551       0.48  %   60000     
1.095196e+03      1.81            0.30            1.16869     0.00551       0.47  %   70000     
1.095202e+03      1.79            0.31            1.17248     0.00558       0.48  %   70000     
1.095416e+03      1.51            0.29            1.18931     0.00574       0.48  %   80000     
1.095557e+03      1.37            0.26            1.18982     0.00586       0.49  %   80000     
1.095719e+03      1.21            0.28            1.22828     0.00597       0.49  %   100000    
1.096035e+03      1.00            0.25            1.24923     0.00658       0.53  %   100000    
1.096140e+03      0.94            0.24            1.25309     0.00671       0.54  %   100000    
1.096384e+03      0.82            0.23            1.27940     0.00738       0.58  %   100000    
1.096815e+03      0.67            0.21            1.31806     0.00835       0.63  %   100000    
1.096922e+03      0.64            0.20            1.31338     0.00837       0.64  %   100000    
1.097330e+03      0.54            0.19            1.34971     0.00937       0.69  %   100000    
1.097836e+03      0.46            0.18            1.39970     0.01055       0.75  %   100000    
1.097922e+03      0.44            0.17            1.39419     0.01061       0.76  %   100000    
1.098597e+03      0.36            0.16            1.45556     0.01222       0.84  %   100000    
1.099344e+03      0.30            0.15            1.51338     0.01375       0.91  %   100000    
1.099347e+03      0.30            0.15            1.49001     0.01344       0.90  %   100000    
1.100091e+03      0.26            0.13            1.50365     0.01443       0.96  %   100000    
1.100999e+03      0.22            0.10            1.48259     0.01490       1.01  %   100000    
1.101357e+03      0.21            0.10            1.45899     0.01473       1.01  %   100000    
1.102228e+03      0.18            0.09            1.47920     0.01579       1.07  %   100000    
1.103458e+03      0.16            0.08            1.48858     0.01670       1.12  %   100000    
1.104936e+03      0.14            0.08            1.54199     0.01821       1.18  %   100000    
1.107073e+03      0.12            0.07            1.56624     0.01935       1.24  %   100000    
1.109007e+03      0.11            0.07            1.57757     0.01978       1.25  %   100000    
1.111458e+03      0.11            0.06            1.55128     0.01907       1.23  %   100000    
1.111606e+03      0.11            0.06            1.56313     0.01926       1.23  %   100000    
1.113591e+03      0.11            0.05            1.48474     0.01724       1.16  %   100000    
1.115081e+03      0.12            0.03            1.28224     0.01253       0.98  %   100000    
1.116148e+03      0.13            0.01            1.09058     0.00669       0.61  %   100000    
1.116862e+03      0.15            0.01            1.05075     0.00495       0.47  %   90000     
1.117361e+03      0.17            0.01            1.03661     0.00481       0.46  %   60000     
1.117384e+03      0.17            0.00            1.02851     0.00462       0.45  %   50000     
1.117647e+03      0.19            0.01            1.03353     0.00474       0.46  %   50000     
1.117861e+03      0.21            0.00            1.01477     0.00467       0.46  %   20000     
1.118004e+03      0.24            0.00            1.02020     0.00421       0.41  %   30000     
1.118146e+03      0.28            0.01            1.02149     0.00493       0.48  %   20000     
1.118265e+03      0.33            0.00            1.01340     0.00506       0.50  %   10000     
1.118360e+03      0.39            0.01            1.01949     0.00398       0.39  %   20000     
1.118455e+03      0.47            0.01            1.01208     0.00402       0.40  %   10000     
1.118550e+03      0.59            0.01            1.01300     0.00375       0.37  %   10000     
1.118635e+03      0.74            0.00            1.00441     0.00197       0.20  %   10000     
1.118716e+03      0.93            0.00            1.00505     0.00191       0.19  %   10000     
1.118810e+03      1.22            0.01            1.00513     0.00171       0.17  %   10000     
1.118904e+03      1.61            0.00            1.00228     0.00102       0.10  %   10000     
1.118998e+03      2.10            0.01            1.00296     0.00105       0.10  %   10000     
1.119068e+03      2.57            0.00            1.00160     0.00072       0.07  %   10000     
1.119111e+03      2.86            0.00            1.00060     0.00042       0.04  %   10000     
1.119244e+03      3.99            0.00            1.00049     0.00035       0.03  %   10000     
1.119402e+03      5.63            0.01            1.00224     0.00067       0.07  %   10000     
1.119430e+03      5.93            0.01            1.00179     0.00060       0.06  %   10000     
1.119734e+03      9.31            0.00            1.00000     0.00000       0.00  %   10000     
1.119785e+03      9.72            0.01            1.00100     0.00041       0.04  %   10000     
1.119898e+03      10.63           0.01            1.00082     0.00036       0.04  %   10000     
1.120064e+03      11.20           0.01            1.00081     0.00036       0.04  %   10000     
1.120088e+03      11.21           0.01            1.00065     0.00033       0.03  %   10000     
1.120251e+03      10.78           0.02            1.00169     0.00053       0.05  %   10000     
1.120256e+03      10.73           0.02            1.00203     0.00059       0.06  %   10000     
1.120409e+03      9.61            0.02            1.00196     0.00059       0.06  %   10000     
1.120511e+03      8.51            0.01            1.00133     0.00050       0.05  %   10000     
1.120682e+03      6.66            0.01            1.00170     0.00060       0.06  %   10000     
1.120895e+03      4.35            0.03            1.00589     0.00125       0.12  %   10000     
1.120933e+03      4.01            0.01            1.00197     0.00074       0.07  %   10000     
1.121034e+03      3.11            0.02            1.00528     0.00132       0.13  %   10000     
1.121150e+03      2.29            0.01            1.00529     0.00147       0.15  %   10000     
1.121256e+03      1.70            0.02            1.01010     0.00226       0.22  %   10000     
1.121352e+03      1.29            0.02            1.01247     0.00279       0.28  %   10000     
1.121440e+03      1.01            0.01            1.00912     0.00263       0.26  %   10000     
1.121486e+03      0.89            0.02            1.02013     0.00410       0.40  %   10000     
1.121519e+03      0.81            0.01            1.01363     0.00352       0.35  %   10000     
1.121606e+03      0.65            0.01            1.01766     0.00441       0.43  %   10000     
1.121694e+03      0.53            0.01            1.02573     0.00412       0.40  %   20000     
1.121781e+03      0.44            0.01            1.03168     0.00494       0.48  %   20000     
1.121880e+03      0.38            0.01            1.03525     0.00458       0.44  %   30000     
1.121986e+03      0.33            0.02            1.04772     0.00492       0.47  %   40000     
1.122113e+03      0.29            0.01            1.04638     0.00512       0.49  %   40000     
1.122178e+03      0.28            0.01            1.04445     0.00509       0.49  %   40000     
1.122283e+03      0.26            0.01            1.04931     0.00495       0.47  %   50000     
1.122495e+03      0.24            0.01            1.06011     0.00517       0.49  %   60000     
1.122835e+03      0.22            0.01            1.06132     0.00495       0.47  %   70000     
1.123331e+03      0.21            0.01            1.05246     0.00495       0.47  %   60000     
1.123801e+03      0.22            0.01            1.05829     0.00511       0.48  %   60000     
1.124428e+03      0.23            0.01            1.05462     0.00513       0.49  %   50000     
1.125054e+03      0.26            0.01            1.04020     0.00455       0.44  %   40000     
1.125524e+03      0.30            0.01            1.03744     0.00468       0.45  %   30000     
1.125871e+03      0.35            0.01            1.02707     0.00451       0.44  %   20000     
1.125909e+03      0.35            0.01            1.03474     0.00506       0.49  %   20000     
1.126194e+03      0.41            0.01            1.02484     0.00392       0.38  %   20000     
1.126393e+03      0.48            0.01            1.02443     0.00509       0.50  %   10000     
1.126536e+03      0.55            0.01            1.01384     0.00357       0.35  %   10000     
1.126662e+03      0.64            0.01            1.02058     0.00403       0.39  %   10000     
1.126784e+03      0.78            0.01            1.01191     0.00281       0.28  %   10000     
1.126888e+03      0.95            0.01            1.00831     0.00214       0.21  %   10000     
1.126974e+03      1.16            0.01            1.00847     0.00199       0.20  %   10000     
1.127050e+03      1.39            0.01            1.00445     0.00134       0.13  %   10000     
1.127061e+03      1.43            0.01            1.00634     0.00158       0.16  %   10000     
1.127141e+03      1.77            0.01            1.00305     0.00102       0.10  %   10000     
1.127148e+03      1.80            0.01            1.00737     0.00157       0.16  %   10000     
1.127236e+03      2.29            0.01            1.00400     0.00107       0.11  %   10000     
1.127323e+03      2.94            0.01            1.00344     0.00092       0.09  %   10000     
1.127324e+03      2.95            0.01            1.00319     0.00088       0.09  %   10000     
1.127421e+03      3.89            0.01            1.00150     0.00057       0.06  %   10000     
1.127525e+03      5.18            0.01            1.00227     0.00065       0.07  %   10000     
1.127529e+03      5.24            0.01            1.00150     0.00053       0.05  %   10000     
1.127635e+03      6.91            0.01            1.00138     0.00049       0.05  %   10000     
1.127693e+03      8.06            0.01            1.00131     0.00046       0.05  %   10000     
1.127779e+03      9.76            0.01            1.00110     0.00042       0.04  %   10000     
1.127857e+03      11.66           0.01            1.00091     0.00037       0.04  %   10000     
1.128012e+03      15.38           0.02            1.00162     0.00049       0.05  %   10000     
1.128086e+03      17.16           0.01            1.00073     0.00032       0.03  %   10000     
1.128272e+03      21.60           0.04            1.00200     0.00053       0.05  %   10000     
1.128443e+03      24.32           0.05            1.00187     0.00052       0.05  %   10000     
1.128457e+03      24.39           0.04            1.00159     0.00048       0.05  %   10000     
1.128598e+03      25.18           0.05            1.00218     0.00056       0.06  %   10000     
1.128649e+03      24.90           0.05            1.00191     0.00053       0.05  %   10000     
1.128751e+03      24.34           0.03            1.00119     0.00042       0.04  %   10000     
1.128781e+03      23.88           0.08            1.00315     0.00069       0.07  %   10000     
1.128919e+03      21.72           0.06            1.00277     0.00065       0.07  %   10000     
1.128978e+03      20.32           0.06            1.00314     0.00070       0.07  %   10000     
1.129185e+03      15.42           0.06            1.00385     0.00080       0.08  %   10000     
1.129260e+03      13.61           0.08            1.00573     0.00100       0.10  %   10000     
1.129402e+03      10.18           0.06            1.00568     0.00104       0.10  %   10000     
1.129545e+03      7.32            0.06            1.00761     0.00127       0.13  %   10000     
1.129638e+03      5.84            0.04            1.00711     0.00127       0.13  %   10000     
1.129665e+03      5.41            0.03            1.00545     0.00114       0.11  %   10000     
1.129771e+03      4.09            0.04            1.00996     0.00163       0.16  %   10000     
1.129863e+03      3.20            0.04            1.01211     0.00191       0.19  %   10000     
1.129903e+03      2.90            0.04            1.01362     0.00207       0.20  %   10000     
1.129956e+03      2.51            0.03            1.01308     0.00212       0.21  %   10000     
1.130048e+03      2.01            0.04            1.01923     0.00274       0.27  %   10000     
1.130140e+03      1.64            0.04            1.02255     0.00315       0.31  %   10000     
1.130188e+03      1.50            0.03            1.02225     0.00320       0.31  %   10000     
1.130246e+03      1.34            0.04            1.03101     0.00393       0.38  %   10000     
1.130351e+03      1.14            0.02            1.02160     0.00345       0.34  %   10000     
1.130482e+03      0.99            0.02            1.02528     0.00389       0.38  %   10000     
1.130575e+03      0.93            0.02            1.02219     0.00369       0.36  %   10000     
1.130640e+03      0.89            0.03            1.02845     0.00423       0.41  %   10000     
1.130798e+03      0.84            0.03            1.03013     0.00438       0.43  %   10000     
1.130979e+03      0.83            0.03            1.03638     0.00476       0.46  %   10000     
1.131159e+03      0.84            0.03            1.03229     0.00438       0.42  %   10000     
1.131373e+03      0.88            0.03            1.02908     0.00398       0.39  %   10000     
1.131521e+03      0.91            0.02            1.02186     0.00337       0.33  %   10000     
1.131882e+03      1.04            0.02            1.02320     0.00318       0.31  %   10000     
1.132198e+03      1.22            0.02            1.01466     0.00231       0.23  %   10000     
1.132445e+03      1.43            0.02            1.01129     0.00188       0.19  %   10000     
1.132507e+03      1.48            0.02            1.01064     0.00180       0.18  %   10000     
1.132771e+03      1.80            0.02            1.00938     0.00156       0.15  %   10000     
1.132855e+03      1.95            0.02            1.00911     0.00150       0.15  %   10000     
1.132913e+03      2.05            0.02            1.00955     0.00151       0.15  %   10000     
1.133005e+03      2.22            0.02            1.00988     0.00150       0.15  %   10000     
1.133086e+03      2.42            0.01            1.00571     0.00112       0.11  %   10000     
1.133178e+03      2.66            0.02            1.00683     0.00121       0.12  %   10000     
1.133259e+03      2.95            0.02            1.00761     0.00125       0.12  %   10000     
1.133352e+03      3.28            0.03            1.00790     0.00126       0.13  %   10000     
1.133389e+03      3.47            0.02            1.00580     0.00108       0.11  %   10000     
1.133487e+03      3.96            0.03            1.00755     0.00122       0.12  %   10000     
1.133493e+03      4.00            0.03            1.00714     0.00119       0.12  %   10000     
1.133597e+03      4.72            0.03            1.00695     0.00117       0.12  %   10000     
1.133618e+03      4.86            0.04            1.00799     0.00126       0.13  %   10000     
1.133688e+03      5.54            0.04            1.00761     0.00123       0.12  %   10000     
1.133747e+03      6.11            0.04            1.00695     0.00119       0.12  %   10000     
1.133779e+03      6.53            0.03            1.00532     0.00104       0.10  %   10000     
1.133864e+03      7.64            0.05            1.00695     0.00121       0.12  %   10000     
1.133874e+03      7.81            0.05            1.00653     0.00117       0.12  %   10000     
1.133969e+03      9.47            0.07            1.00739     0.00127       0.13  %   10000     
1.133980e+03      9.66            0.09            1.00898     0.00140       0.14  %   10000     
1.134064e+03      11.58           0.08            1.00718     0.00127       0.13  %   10000     
1.134096e+03      12.32           0.11            1.00916     0.00145       0.14  %   10000     
1.134163e+03      14.31           0.12            1.00836     0.00139       0.14  %   10000     
1.134228e+03      16.23           0.17            1.01032     0.00157       0.16  %   10000     
1.134267e+03      17.74           0.16            1.00891     0.00146       0.14  %   10000     
1.134366e+03      21.53           0.17            1.00777     0.00139       0.14  %   10000     
1.134385e+03      22.42           0.22            1.00978     0.00156       0.15  %   10000     
1.134505e+03      28.13           0.36            1.01273     0.00181       0.18  %   10000     
1.134528e+03      29.21           0.35            1.01209     0.00178       0.18  %   10000     
1.134664e+03      36.98           0.42            1.01133     0.00174       0.17  %   10000     
1.134794e+03      44.13           0.59            1.01343     0.00193       0.19  %   10000     
1.135069e+03      58.50           1.10            1.01878     0.00234       0.23  %   10000     
1.135143e+03      60.92           1.34            1.02192     0.00256       0.25  %   10000     
1.135249e+03      64.47           1.07            1.01666     0.00224       0.22  %   10000     
1.135318e+03      65.14           1.37            1.02106     0.00255       0.25  %   10000     
1.135419e+03      66.28           1.34            1.02028     0.00251       0.25  %   10000     
1.135482e+03      65.33           1.71            1.02615     0.00288       0.28  %   10000     
1.135522e+03      64.78           1.67            1.02571     0.00286       0.28  %   10000     
1.135600e+03      63.77           1.34            1.02097     0.00259       0.25  %   10000     
1.135665e+03      61.44           1.68            1.02734     0.00299       0.29  %   10000     
1.135767e+03      57.91           1.66            1.02860     0.00307       0.30  %   10000     
1.135878e+03      52.06           1.44            1.02765     0.00308       0.30  %   10000     
1.136081e+03      41.26           1.10            1.02674     0.00310       0.30  %   10000     
1.136331e+03      27.62           1.01            1.03660     0.00380       0.37  %   10000     
1.136432e+03      23.05           1.13            1.04920     0.00446       0.43  %   10000     
1.136492e+03      20.29           0.78            1.03846     0.00404       0.39  %   10000     
1.136617e+03      15.79           0.76            1.04806     0.00464       0.44  %   10000     
1.136631e+03      15.28           0.90            1.05878     0.00516       0.49  %   10000     
1.136756e+03      11.75           0.74            1.06290     0.00393       0.37  %   20000     
1.136779e+03      11.27           0.54            1.04811     0.00489       0.47  %   10000     
1.136873e+03      9.22            0.62            1.06731     0.00424       0.40  %   20000     
1.136944e+03      8.03            0.53            1.06551     0.00427       0.40  %   20000     
1.136980e+03      7.43            0.54            1.07316     0.00459       0.43  %   20000     
1.137095e+03      5.96            0.45            1.07517     0.00485       0.45  %   20000     
1.137115e+03      5.78            0.47            1.08154     0.00507       0.47  %   20000     
1.137211e+03      4.86            0.42            1.08651     0.00445       0.41  %   30000     
1.137315e+03      4.13            0.36            1.08807     0.00463       0.43  %   30000     
1.137344e+03      3.93            0.34            1.08732     0.00467       0.43  %   30000     
1.137488e+03      3.20            0.33            1.10440     0.00536       0.49  %   30000     
1.137546e+03      3.00            0.32            1.10542     0.00545       0.49  %   30000     
1.137662e+03      2.59            0.30            1.11662     0.00518       0.46  %   40000     
1.137835e+03      2.16            0.28            1.13053     0.00511       0.45  %   50000     
1.137864e+03      2.09            0.29            1.13788     0.00530       0.47  %   50000     
1.138095e+03      1.70            0.26            1.15412     0.00542       0.47  %   60000     
1.138182e+03      1.59            0.25            1.15547     0.00552       0.48  %   60000     
1.138351e+03      1.39            0.23            1.16510     0.00550       0.47  %   70000     
1.138625e+03      1.15            0.22            1.19308     0.00585       0.49  %   80000     
1.138646e+03      1.13            0.22            1.19692     0.00594       0.50  %   80000     
1.138969e+03      0.93            0.22            1.23847     0.00622       0.50  %   100000    
1.139359e+03      0.76            0.19            1.24976     0.00676       0.54  %   100000    
1.139363e+03      0.76            0.19            1.25257     0.00680       0.54  %   100000    
1.139832e+03      0.61            0.17            1.28564     0.00777       0.60  %   100000    
1.140125e+03      0.55            0.17            1.30997     0.00836       0.64  %   100000    
1.140325e+03      0.50            0.17            1.34593     0.00911       0.68  %   100000    
1.140901e+03      0.41            0.16            1.38812     0.01034       0.74  %   100000    
1.141400e+03      0.36            0.16            1.43227     0.01141       0.80  %   100000    
1.141580e+03      0.34            0.15            1.45620     0.01198       0.82  %   100000    
1.142300e+03      0.28            0.14            1.50783     0.01349       0.89  %   100000    
1.142943e+03      0.25            0.14            1.56304     0.01482       0.95  %   100000    
1.143222e+03      0.23            0.13            1.56590     0.01523       0.97  %   100000    
1.144244e+03      0.20            0.12            1.59394     0.01666       1.05  %   100000    
1.145262e+03      0.17            0.11            1.63466     0.01804       1.10  %   100000    
1.145436e+03      0.17            0.12            1.69162     0.01903       1.12  %   100000    
1.146903e+03      0.14            0.11            1.77375     0.02136       1.20  %   100000    
1.148369e+03      0.13            0.11            1.84569     0.02327       1.26  %   100000    
1.149106e+03      0.12            0.10            1.85865     0.02370       1.27  %   100000    
1.150727e+03      0.11            0.10            1.88623     0.02498       1.32  %   100000    
1.153715e+03      0.10            0.07            1.71916     0.02323       1.35  %   100000    
1.157472e+03      0.09            0.06            1.67479     0.02252       1.34  %   100000    
1.160034e+03      0.09            0.01            1.11906     0.00935       0.84  %   100000    
1.163999e+03      0.09            0.00            1.03450     0.00503       0.49  %   90000     
1.167194e+03      0.10            0.00            1.02184     0.00455       0.45  %   60000     
1.169284e+03      0.11            0.00            1.02183     0.00465       0.46  %   50000     
1.170821e+03      0.12            0.00            1.01423     0.00450       0.44  %   30000     
1.172358e+03      0.14            0.00            1.01059     0.00432       0.43  %   20000     
1.173350e+03      0.16            0.00            1.00303     0.00303       0.30  %   10000     
1.173846e+03      0.18            0.00            1.00824     0.00476       0.47  %   10000     
1.174176e+03      0.19            0.00            1.00768     0.00314       0.31  %   20000     
1.174838e+03      0.22            0.00            1.00856     0.00428       0.42  %   10000     
1.175217e+03      0.24            0.00            1.00562     0.00324       0.32  %   10000     
1.175502e+03      0.28            0.00            1.00488     0.00282       0.28  %   10000     
1.175680e+03      0.31            0.00            1.00571     0.00285       0.28  %   10000     
1.175823e+03      0.36            0.00            1.00123     0.00123       0.12  %   10000     
1.175865e+03      0.39            0.00            1.00582     0.00260       0.26  %   10000     
1.175947e+03      0.43            0.00            1.00209     0.00148       0.15  %   10000     
1.176054e+03      0.52            0.00            1.00352     0.00176       0.18  %   10000     
1.176160e+03      0.64            0.00            1.00072     0.00072       0.07  %   10000     
1.176257e+03      0.79            0.00            1.00119     0.00084       0.08  %   10000     
1.176355e+03      1.00            0.00            1.00098     0.00069       0.07  %   10000     
1.176453e+03      1.27            0.00            1.00081     0.00057       0.06  %   10000     
1.176567e+03      1.68            0.00            1.00131     0.00066       0.07  %   10000     
1.176615e+03      1.89            0.00            1.00060     0.00043       0.04  %   10000     
1.176693e+03      2.24            0.00            1.00081     0.00047       0.05  %   10000     
1.176834e+03      3.04            0.00            1.00045     0.00032       0.03  %   10000     
1.176861e+03      3.19            0.00            1.00022     0.00022       0.02  %   10000     
1.177263e+03      5.73            0.01            1.00118     0.00045       0.04  %   10000     
1.177323e+03      5.99            0.00            1.00083     0.00037       0.04  %   10000     
1.177448e+03      6.52            0.00            1.00065     0.00032       0.03  %   10000     
1.177604e+03      6.75            0.00            1.00064     0.00032       0.03  %   10000     
1.177765e+03      6.53            0.00            1.00049     0.00028       0.03  %   10000     
1.177860e+03      6.13            0.01            1.00101     0.00041       0.04  %   10000     
1.177874e+03      6.08            0.00            1.00051     0.00029       0.03  %   10000     
1.177945e+03      5.79            0.00            1.00052     0.00030       0.03  %   10000     
1.178266e+03      3.84            0.00            1.00082     0.00041       0.04  %   10000     
1.178433e+03      2.83            0.00            1.00119     0.00053       0.05  %   10000     
1.178578e+03      2.13            0.00            1.00083     0.00048       0.05  %   10000     
1.178695e+03      1.69            0.00            1.00223     0.00084       0.08  %   10000     
1.178812e+03      1.35            0.00            1.00109     0.00063       0.06  %   10000     
1.178932e+03      1.11            0.01            1.00580     0.00155       0.15  %   10000     
1.179058e+03      0.94            0.00            1.00368     0.00130       0.13  %   10000     
1.179184e+03      0.84            0.00            1.00587     0.00169       0.17  %   10000     
1.179310e+03      0.79            0.00            1.00600     0.00173       0.17  %   10000     
1.179436e+03      0.78            0.01            1.00691     0.00184       0.18  %   10000     
1.179449e+03      0.78            0.00            1.00638     0.00177       0.18  %   10000     
1.179646e+03      0.80            0.00            1.00509     0.00154       0.15  %   10000     
1.179898e+03      0.89            0.00            1.00287     0.00109       0.11  %   10000     
1.180192e+03      1.04            0.00            1.00450     0.00125       0.12  %   10000     
1.180468e+03      1.25            0.00            1.00261     0.00087       0.09  %   10000     
1.180481e+03      1.27            0.01            1.00431     0.00111       0.11  %   10000     
1.180703e+03      1.51            0.00            1.00101     0.00051       0.05  %   10000     
1.180821e+03      1.70            0.00            1.00117     0.00052       0.05  %   10000     
1.180911e+03      1.84            0.00            1.00203     0.00068       0.07  %   10000     
1.181026e+03      2.10            0.00            1.00212     0.00067       0.07  %   10000     
1.181093e+03      2.25            0.00            1.00166     0.00059       0.06  %   10000     
1.181151e+03      2.43            0.00            1.00101     0.00045       0.05  %   10000     
1.181250e+03      2.75            0.00            1.00179     0.00060       0.06  %   10000     
1.181276e+03      2.87            0.00            1.00138     0.00052       0.05  %   10000     
1.181383e+03      3.37            0.01            1.00215     0.00065       0.06  %   10000     
1.181393e+03      3.41            0.00            1.00137     0.00052       0.05  %   10000     
1.181477e+03      3.95            0.01            1.00254     0.00070       0.07  %   10000     
1.181511e+03      4.16            0.01            1.00237     0.00068       0.07  %   10000     
1.181571e+03      4.68            0.01            1.00119     0.00048       0.05  %   10000     
1.181628e+03      5.18            0.01            1.00141     0.00053       0.05  %   10000     
1.181664e+03      5.60            0.01            1.00202     0.00064       0.06  %   10000     
1.181735e+03      6.41            0.01            1.00228     0.00069       0.07  %   10000     
1.181755e+03      6.72            0.02            1.00229     0.00069       0.07  %   10000     
1.181839e+03      7.99            0.02            1.00279     0.00077       0.08  %   10000     
1.181845e+03      8.11            0.02            1.00257     0.00074       0.07  %   10000     
1.181936e+03      9.86            0.02            1.00221     0.00070       0.07  %   10000     
1.181943e+03      10.01           0.02            1.00156     0.00059       0.06  %   10000     
1.182036e+03      12.31           0.01            1.00115     0.00051       0.05  %   10000     
1.182062e+03      12.95           0.04            1.00279     0.00081       0.08  %   10000     
1.182139e+03      15.43           0.07            1.00426     0.00100       0.10  %   10000     
1.182189e+03      17.00           0.05            1.00316     0.00088       0.09  %   10000     
1.182254e+03      19.58           0.09            1.00466     0.00107       0.11  %   10000     
1.182335e+03      22.78           0.08            1.00330     0.00091       0.09  %   10000     
1.182390e+03      25.44           0.12            1.00458     0.00108       0.11  %   10000     
1.182544e+03      32.85           0.12            1.00372     0.00099       0.10  %   10000     
1.182552e+03      33.28           0.27            1.00825     0.00148       0.15  %   10000     
1.182911e+03      51.23           0.44            1.00852     0.00155       0.15  %   10000     
1.182982e+03      53.67           0.37            1.00695     0.00142       0.14  %   10000     
1.183082e+03      57.16           0.43            1.00758     0.00148       0.15  %   10000     
1.183174e+03      58.52           0.44            1.00748     0.00149       0.15  %   10000     
1.183259e+03      59.88           0.72            1.01199     0.00189       0.19  %   10000     
1.183299e+03      59.95           0.63            1.01058     0.00178       0.18  %   10000     
1.183351e+03      59.25           0.80            1.01354     0.00204       0.20  %   10000     
1.183406e+03      58.57           1.00            1.01710     0.00230       0.23  %   10000     
1.183478e+03      57.74           0.83            1.01433     0.00211       0.21  %   10000     
1.183562e+03      54.91           0.67            1.01215     0.00197       0.19  %   10000     
1.183679e+03      51.05           0.69            1.01358     0.00209       0.21  %   10000     
1.183754e+03      47.39           0.83            1.01757     0.00241       0.24  %   10000     
1.184179e+03      26.20           0.63            1.02404     0.00300       0.29  %   10000     
1.184309e+03      20.69           0.47            1.02270     0.00297       0.29  %   10000     
1.184346e+03      19.06           0.36            1.01889     0.00275       0.27  %   10000     
1.184488e+03      14.18           0.35            1.02503     0.00328       0.32  %   10000     
1.184496e+03      13.97           0.39            1.02810     0.00347       0.34  %   10000     
1.184606e+03      10.99           0.33            1.02982     0.00372       0.36  %   10000     
1.184664e+03      9.78            0.28            1.02864     0.00369       0.36  %   10000     
1.184728e+03      8.45            0.25            1.02936     0.00384       0.37  %   10000     
1.184832e+03      6.77            0.23            1.03419     0.00429       0.42  %   10000     
1.184936e+03      5.48            0.24            1.04376     0.00507       0.49  %   10000     
1.184996e+03      4.92            0.19            1.03790     0.00480       0.46  %   10000     
1.185051e+03      4.40            0.23            1.05130     0.00405       0.39  %   20000     
1.185160e+03      3.65            0.18            1.04966     0.00414       0.39  %   20000     
1.185181e+03      3.51            0.20            1.05788     0.00452       0.43  %   20000     
1.185312e+03      2.87            0.15            1.05311     0.00454       0.43  %   20000     
1.185364e+03      2.69            0.16            1.05993     0.00487       0.46  %   20000     
1.185468e+03      2.32            0.15            1.06409     0.00525       0.49  %   20000     
1.185625e+03      1.95            0.15            1.07539     0.00484       0.45  %   30000     
1.185651e+03      1.88            0.14            1.07666     0.00493       0.46  %   30000     
1.185833e+03      1.57            0.13            1.08120     0.00533       0.49  %   30000     
1.186013e+03      1.35            0.14            1.10463     0.00543       0.49  %   40000     
1.186046e+03      1.31            0.12            1.08851     0.00505       0.46  %   40000     
1.186302e+03      1.08            0.12            1.11478     0.00544       0.49  %   50000     
1.186554e+03      0.92            0.11            1.11784     0.00523       0.47  %   60000     
1.186622e+03      0.88            0.11            1.12662     0.00551       0.49  %   60000     
1.186996e+03      0.72            0.10            1.14153     0.00538       0.47  %   80000     
1.187316e+03      0.62            0.09            1.14407     0.00565       0.49  %   80000     
1.187370e+03      0.60            0.09            1.15638     0.00561       0.48  %   90000     
1.187815e+03      0.50            0.09            1.18439     0.00613       0.52  %   100000    
1.188260e+03      0.43            0.08            1.19234     0.00655       0.55  %   100000    
1.188313e+03      0.42            0.08            1.19797     0.00667       0.56  %   100000    
1.188826e+03      0.36            0.08            1.21563     0.00733       0.60  %   100000    
1.189467e+03      0.31            0.07            1.24187     0.00812       0.65  %   100000    
1.189502e+03      0.30            0.08            1.25626     0.00839       0.67  %   100000    
1.190177e+03      0.27            0.07            1.27510     0.00908       0.71  %   100000    
1.191220e+03      0.23            0.07            1.28804     0.00968       0.75  %   100000    
1.191638e+03      0.22            0.06            1.28947     0.00977       0.76  %   100000    
1.192226e+03      0.20            0.06            1.30898     0.01026       0.78  %   100000    
1.193735e+03      0.19            0.06            1.32910     0.01064       0.80  %   100000    
1.194741e+03      0.18            0.06            1.31358     0.01022       0.78  %   100000    
1.196409e+03      0.19            0.05            1.27230     0.00896       0.70  %   100000    
1.197521e+03      0.20            0.05            1.22592     0.00764       0.62  %   100000    
1.198633e+03      0.22            0.04            1.18636     0.00637       0.54  %   100000    
1.199335e+03      0.25            0.04            1.16666     0.00561       0.48  %   100000    
1.199776e+03      0.26            0.04            1.13903     0.00546       0.48  %   80000     
1.200656e+03      0.30            0.04            1.11679     0.00512       0.46  %   60000     
1.201315e+03      0.35            0.03            1.09129     0.00499       0.46  %   40000     
1.201389e+03      0.36            0.03            1.09169     0.00494       0.45  %   40000     
1.202070e+03      0.43            0.02            1.05595     0.00475       0.45  %   20000     
1.202604e+03      0.52            0.02            1.04114     0.00509       0.49  %   10000     
1.202803e+03      0.57            0.02            1.03927     0.00471       0.45  %   10000     
1.203082e+03      0.63            0.02            1.03249     0.00399       0.39  %   10000     
1.203511e+03      0.77            0.01            1.01882     0.00268       0.26  %   10000     
1.203879e+03      0.94            0.01            1.01471     0.00212       0.21  %   10000     
1.204085e+03      1.07            0.01            1.01339     0.00189       0.19  %   10000     
1.204192e+03      1.14            0.02            1.01344     0.00184       0.18  %   10000     
1.204359e+03      1.30            0.01            1.01033     0.00154       0.15  %   10000     
1.204486e+03      1.42            0.01            1.00890     0.00139       0.14  %   10000     
1.204492e+03      1.43            0.01            1.00844     0.00135       0.13  %   10000     
1.204690e+03      1.70            0.02            1.00901     0.00134       0.13  %   10000     
1.204732e+03      1.75            0.01            1.00817     0.00127       0.13  %   10000     
1.204853e+03      1.99            0.01            1.00617     0.00109       0.11  %   10000     
1.204944e+03      2.17            0.02            1.00791     0.00123       0.12  %   10000     
1.204980e+03      2.28            0.02            1.00766     0.00121       0.12  %   10000     
1.205085e+03      2.58            0.02            1.00812     0.00125       0.12  %   10000     
1.205122e+03      2.68            0.02            1.00843     0.00128       0.13  %   10000     
1.205191e+03      2.96            0.02            1.00732     0.00120       0.12  %   10000     
1.205257e+03      3.23            0.03            1.00916     0.00136       0.14  %   10000     
1.205282e+03      3.36            0.03            1.01022     0.00144       0.14  %   10000     
1.205372e+03      3.86            0.04            1.00936     0.00141       0.14  %   10000     
1.205393e+03      3.97            0.03            1.00844     0.00135       0.13  %   10000     
1.205460e+03      4.48            0.05            1.01110     0.00157       0.15  %   10000     
1.205529e+03      5.01            0.07            1.01468     0.00184       0.18  %   10000     
1.205550e+03      5.23            0.06            1.01078     0.00159       0.16  %   10000     
1.205641e+03      6.18            0.05            1.00842     0.00144       0.14  %   10000     
1.205654e+03      6.31            0.09            1.01404     0.00187       0.18  %   10000     
1.205735e+03      7.44            0.11            1.01435     0.00193       0.19  %   10000     
1.205779e+03      8.06            0.11            1.01352     0.00191       0.19  %   10000     
1.205821e+03      8.85            0.16            1.01753     0.00218       0.21  %   10000     
1.205910e+03      10.51           0.17            1.01622     0.00216       0.21  %   10000     
1.205920e+03      10.75           0.20            1.01856     0.00231       0.23  %   10000     
1.206029e+03      13.38           0.28            1.02079     0.00251       0.25  %   10000     
1.206043e+03      13.73           0.28            1.02072     0.00252       0.25  %   10000     
1.206142e+03      16.75           0.33            1.01955     0.00250       0.24  %   10000     
1.206176e+03      17.77           0.37            1.02097     0.00261       0.26  %   10000     
1.206265e+03      21.11           0.55            1.02613     0.00295       0.29  %   10000     
1.206345e+03      24.03           0.45            1.01879     0.00255       0.25  %   10000     
1.206417e+03      27.19           0.37            1.01373     0.00220       0.22  %   10000     
1.206664e+03      37.48           0.96            1.02573     0.00311       0.30  %   10000     
1.206866e+03      45.56           1.34            1.02935     0.00338       0.33  %   10000     
1.206934e+03      47.37           1.19            1.02518     0.00316       0.31  %   10000     
1.207026e+03      49.89           1.25            1.02497     0.00316       0.31  %   10000     
1.207118e+03      50.80           1.71            1.03362     0.00372       0.36  %   10000     
1.207226e+03      52.03           1.89            1.03626     0.00387       0.37  %   10000     
1.207242e+03      52.03           1.41            1.02718     0.00336       0.33  %   10000     
1.207308e+03      51.38           1.76            1.03425     0.00381       0.37  %   10000     
1.207349e+03      51.02           1.63            1.03189     0.00369       0.36  %   10000     
1.207393e+03      50.69           1.51            1.02975     0.00357       0.35  %   10000     
1.207499e+03      48.11           1.62            1.03374     0.00386       0.37  %   10000     
1.207566e+03      46.56           1.55            1.03335     0.00384       0.37  %   10000     
1.207721e+03      40.69           1.42            1.03497     0.00402       0.39  %   10000     
1.207837e+03      36.30           1.24            1.03414     0.00401       0.39  %   10000     
1.208136e+03      23.62           0.99            1.04198     0.00468       0.45  %   10000     
1.208252e+03      19.44           0.76            1.03905     0.00459       0.44  %   10000     
1.208305e+03      17.49           0.61            1.03480     0.00441       0.43  %   10000     
1.208445e+03      13.37           0.52            1.03877     0.00479       0.46  %   10000     
1.208450e+03      13.22           0.55            1.04193     0.00499       0.48  %   10000     
1.208583e+03      10.14           0.48            1.04754     0.00391       0.37  %   20000     
1.208614e+03      9.58            0.47            1.04958     0.00401       0.38  %   20000     
1.208711e+03      7.84            0.37            1.04669     0.00403       0.39  %   20000     
1.208793e+03      6.71            0.32            1.04748     0.00415       0.40  %   20000     
1.208820e+03      6.34            0.33            1.05175     0.00439       0.42  %   20000     
1.208952e+03      4.98            0.27            1.05523     0.00474       0.45  %   20000     
1.208980e+03      4.76            0.27            1.05576     0.00478       0.45  %   20000     
1.209072e+03      4.06            0.23            1.05636     0.00499       0.47  %   20000     
1.209174e+03      3.48            0.24            1.06787     0.00458       0.43  %   30000     
1.209207e+03      3.29            0.21            1.06352     0.00450       0.42  %   30000     
1.209343e+03      2.73            0.18            1.06545     0.00476       0.45  %   30000     
1.209416e+03      2.52            0.18            1.07274     0.00508       0.47  %   30000     
1.209512e+03      2.23            0.19            1.08389     0.00487       0.45  %   40000     
1.209693e+03      1.86            0.16            1.08460     0.00509       0.47  %   40000     
1.209717e+03      1.82            0.15            1.08007     0.00497       0.46  %   40000     
1.209905e+03      1.54            0.14            1.09364     0.00502       0.46  %   50000     
1.210080e+03      1.35            0.14            1.10012     0.00532       0.48  %   50000     
1.210162e+03      1.27            0.13            1.10411     0.00505       0.46  %   60000     
1.210479e+03      1.03            0.12            1.11267     0.00552       0.50  %   60000     
1.210612e+03      0.97            0.11            1.11517     0.00523       0.47  %   70000     
1.210804e+03      0.87            0.11            1.12654     0.00530       0.47  %   80000     
1.211235e+03      0.71            0.10            1.14129     0.00552       0.48  %   90000     
1.211283e+03      0.70            0.10            1.13884     0.00549       0.48  %   90000     
1.211737e+03      0.59            0.09            1.15275     0.00571       0.50  %   100000    
1.212246e+03      0.51            0.08            1.15779     0.00596       0.51  %   100000    
1.212305e+03      0.50            0.08            1.15559     0.00595       0.51  %   100000    
1.212967e+03      0.44            0.07            1.16845     0.00635       0.54  %   100000    
1.213346e+03      0.42            0.07            1.16734     0.00633       0.54  %   100000    
1.213464e+03      0.41            0.07            1.16981     0.00639       0.55  %   100000    
1.214125e+03      0.39            0.06            1.16062     0.00615       0.53  %   100000    
1.214456e+03      0.39            0.07            1.16632     0.00616       0.53  %   100000    
1.215010e+03      0.40            0.06            1.15477     0.00570       0.49  %   100000    
1.215564e+03      0.44            0.06            1.12732     0.00539       0.48  %   80000     
1.215979e+03      0.49            0.06            1.11463     0.00546       0.49  %   60000     
1.216187e+03      0.54            0.05            1.09296     0.00509       0.47  %   50000     
1.216360e+03      0.60            0.05            1.07810     0.00490       0.45  %   40000     
1.216498e+03      0.68            0.04            1.06445     0.00482       0.45  %   30000     
1.216550e+03      0.72            0.05            1.06780     0.00478       0.45  %   30000     
1.216619e+03      0.78            0.05            1.05898     0.00524       0.49  %   20000     
1.216726e+03      0.92            0.05            1.05264     0.00457       0.43  %   20000     
1.216836e+03      1.13            0.05            1.04610     0.00388       0.37  %   20000     
1.216928e+03      1.37            0.04            1.03202     0.00419       0.41  %   10000     
1.217020e+03      1.70            0.05            1.02845     0.00360       0.35  %   10000     
1.217111e+03      2.14            0.06            1.02780     0.00324       0.32  %   10000     
1.217196e+03      2.66            0.06            1.02125     0.00261       0.26  %   10000     
1.217203e+03      2.71            0.04            1.01623     0.00227       0.22  %   10000     
1.217310e+03      3.57            0.06            1.01588     0.00204       0.20  %   10000     
1.217325e+03      3.72            0.05            1.01236     0.00178       0.18  %   10000     
1.217424e+03      4.75            0.05            1.01013     0.00151       0.15  %   10000     
1.217547e+03      6.37            0.05            1.00721     0.00118       0.12  %   10000     
1.217548e+03      6.38            0.04            1.00604     0.00108       0.11  %   10000     
1.217700e+03      8.84            0.05            1.00552     0.00097       0.10  %   10000     
1.217707e+03      8.97            0.05            1.00585     0.00100       0.10  %   10000     
1.217897e+03      12.46           0.05            1.00364     0.00076       0.08  %   10000     
1.218125e+03      16.61           0.07            1.00427     0.00081       0.08  %   10000     
1.218264e+03      18.39           0.08            1.00457     0.00083       0.08  %   10000     
1.218302e+03      18.87           0.09            1.00472     0.00085       0.08  %   10000     
1.218466e+03      19.71           0.09            1.00480     0.00086       0.09  %   10000     
1.218484e+03      19.72           0.11            1.00544     0.00092       0.09  %   10000     
1.218569e+03      19.34           0.12            1.00637     0.00100       0.10  %   10000     
1.218651e+03      18.99           0.13            1.00710     0.00107       0.11  %   10000     
1.218790e+03      17.30           0.11            1.00645     0.00104       0.10  %   10000     
1.218828e+03      16.84           0.13            1.00755     0.00114       0.11  %   10000     
1.218853e+03      16.39           0.13            1.00782     0.00116       0.12  %   10000     
1.219094e+03      12.11           0.09            1.00768     0.00123       0.12  %   10000     
1.219312e+03      8.23            0.10            1.01258     0.00171       0.17  %   10000     
1.219471e+03      5.89            0.10            1.01765     0.00220       0.22  %   10000     
1.219592e+03      4.51            0.09            1.01952     0.00249       0.24  %   10000     
1.219697e+03      3.57            0.08            1.02203     0.00284       0.28  %   10000     
1.219773e+03      3.06            0.11            1.03502     0.00374       0.36  %   10000     
1.219803e+03      2.85            0.08            1.02868     0.00347       0.34  %   10000     
1.219910e+03      2.33            0.08            1.03577     0.00414       0.40  %   10000     
1.220025e+03      1.95            0.09            1.04686     0.00503       0.48  %   10000     
1.220042e+03      1.91            0.09            1.04848     0.00364       0.35  %   20000     
1.220136e+03      1.71            0.10            1.05911     0.00418       0.39  %   20000     
1.220247e+03      1.58            0.09            1.05682     0.00422       0.40  %   20000     
1.220338e+03      1.54            0.09            1.05594     0.00421       0.40  %   20000     
1.220396e+03      1.51            0.08            1.05215     0.00409       0.39  %   20000     
1.220470e+03      1.51            0.09            1.05788     0.00431       0.41  %   20000     
1.220486e+03      1.52            0.08            1.05279     0.00411       0.39  %   20000     
1.220692e+03      1.61            0.09            1.05574     0.00415       0.39  %   20000     
1.220849e+03      1.76            0.08            1.04729     0.00523       0.50  %   10000     
1.220915e+03      1.82            0.08            1.04350     0.00353       0.34  %   20000     
1.221137e+03      2.17            0.10            1.04735     0.00497       0.47  %   10000     
1.221145e+03      2.19            0.10            1.04606     0.00489       0.47  %   10000     
1.221315e+03      2.59            0.10            1.03708     0.00427       0.41  %   10000     
1.221372e+03      2.78            0.11            1.03826     0.00426       0.41  %   10000     
1.221496e+03      3.19            0.14            1.04418     0.00451       0.43  %   10000     
1.221543e+03      3.41            0.10            1.02858     0.00359       0.35  %   10000     
1.221659e+03      3.97            0.14            1.03654     0.00402       0.39  %   10000     
1.221699e+03      4.23            0.16            1.03805     0.00406       0.39  %   10000     
1.221807e+03      4.95            0.21            1.04158     0.00422       0.41  %   10000     
1.221830e+03      5.16            0.15            1.02916     0.00352       0.34  %   10000     
1.221949e+03      6.22            0.20            1.03247     0.00371       0.36  %   10000     
1.221972e+03      6.51            0.17            1.02625     0.00332       0.32  %   10000     
1.222097e+03      8.01            0.36            1.04548     0.00437       0.42  %   10000     
1.222112e+03      8.24            0.31            1.03721     0.00395       0.38  %   10000     
1.222242e+03      10.27           0.41            1.04009     0.00412       0.40  %   10000     
1.222254e+03      10.51           0.31            1.02934     0.00352       0.34  %   10000     
1.222405e+03      13.51           0.51            1.03748     0.00400       0.39  %   10000     
1.222409e+03      13.59           0.47            1.03444     0.00383       0.37  %   10000     
1.222586e+03      17.99           0.60            1.03361     0.00382       0.37  %   10000     
1.222628e+03      18.99           0.67            1.03537     0.00394       0.38  %   10000     
1.222884e+03      25.90           1.17            1.04507     0.00451       0.43  %   10000     
1.223075e+03      30.87           1.28            1.04143     0.00435       0.42  %   10000     
1.223174e+03      32.51           1.43            1.04393     0.00453       0.43  %   10000     
1.223313e+03      34.84           1.52            1.04372     0.00454       0.43  %   10000     
1.223339e+03      34.95           1.76            1.05033     0.00489       0.47  %   10000     
1.223486e+03      35.73           1.50            1.04210     0.00449       0.43  %   10000     
1.223545e+03      35.30           1.76            1.04988     0.00494       0.47  %   10000     
1.223573e+03      35.11           1.79            1.05112     0.00501       0.48  %   10000     
1.223685e+03      34.40           1.78            1.05183     0.00506       0.48  %   10000     
1.223741e+03      33.36           1.76            1.05279     0.00515       0.49  %   10000     
1.223899e+03      30.54           1.78            1.05815     0.00385       0.36  %   20000     
1.223978e+03      28.50           1.69            1.05940     0.00394       0.37  %   20000     
1.224453e+03      15.97           1.16            1.07238     0.00462       0.43  %   20000     
1.224532e+03      14.22           1.09            1.07649     0.00478       0.44  %   20000     
1.224634e+03      11.92           0.99            1.08277     0.00510       0.47  %   20000     
1.224729e+03      10.23           0.80            1.07807     0.00502       0.47  %   20000     
1.224798e+03      8.99            0.66            1.07288     0.00497       0.46  %   20000     
1.224927e+03      7.23            0.64            1.08841     0.00458       0.42  %   30000     
1.224947e+03      6.96            0.66            1.09431     0.00477       0.44  %   30000     
1.225095e+03      5.42            0.51            1.09352     0.00495       0.45  %   30000     
1.225124e+03      5.19            0.53            1.10137     0.00517       0.47  %   30000     
1.225243e+03      4.28            0.49            1.11469     0.00495       0.44  %   40000     
1.225322e+03      3.84            0.49            1.12708     0.00528       0.47  %   40000     
1.225389e+03      3.46            0.44            1.12826     0.00545       0.48  %   40000     
1.225535e+03      2.86            0.37            1.12919     0.00507       0.45  %   50000     
1.225555e+03      2.78            0.39            1.14155     0.00534       0.47  %   50000     
1.225741e+03      2.24            0.32            1.14464     0.00567       0.50  %   50000     
1.225778e+03      2.16            0.33            1.15386     0.00537       0.47  %   60000     
1.225938e+03      1.83            0.31            1.16880     0.00544       0.47  %   70000     
1.226103e+03      1.59            0.28            1.17824     0.00576       0.49  %   70000     
1.226144e+03      1.53            0.29            1.19067     0.00564       0.47  %   80000     
1.226391e+03      1.26            0.27            1.21636     0.00595       0.49  %   90000     
1.226432e+03      1.23            0.26            1.21199     0.00592       0.49  %   90000     
1.226679e+03      1.04            0.25            1.24080     0.00629       0.51  %   100000    
1.226926e+03      0.90            0.24            1.26320     0.00681       0.54  %   100000    
1.227009e+03      0.86            0.23            1.26532     0.00697       0.55  %   100000    
1.227420e+03      0.69            0.23            1.32585     0.00822       0.62  %   100000    
1.227633e+03      0.64            0.21            1.32441     0.00838       0.63  %   100000    
1.227903e+03      0.56            0.21            1.36627     0.00930       0.68  %   100000    
1.228466e+03      0.46            0.18            1.38622     0.01019       0.74  %   100000    
1.228695e+03      0.43            0.18            1.41997     0.01082       0.76  %   100000    
1.229044e+03      0.38            0.18            1.46187     0.01182       0.81  %   100000    
1.229720e+03      0.32            0.16            1.51161     0.01319       0.87  %   100000    
1.230186e+03      0.29            0.16            1.55291     0.01409       0.91  %   100000    
1.230508e+03      0.27            0.16            1.58255     0.01486       0.94  %   100000    
1.231526e+03      0.23            0.13            1.57732     0.01568       0.99  %   100000    
1.231961e+03      0.21            0.12            1.54956     0.01553       1.00  %   100000    
1.232545e+03      0.20            0.09            1.47287     0.01484       1.01  %   100000    
1.233768e+03      0.18            0.08            1.45761     0.01513       1.04  %   100000    
1.235185e+03      0.16            0.07            1.43370     0.01495       1.04  %   100000    
1.235278e+03      0.16            0.07            1.44585     0.01517       1.05  %   100000    
1.236788e+03      0.16            0.07            1.43115     0.01478       1.03  %   100000    
1.238293e+03      0.16            0.06            1.38546     0.01336       0.96  %   100000    
1.239296e+03      0.17            0.06            1.35489     0.01211       0.89  %   100000    
1.240048e+03      0.19            0.06            1.31061     0.01065       0.81  %   100000    
1.240529e+03      0.21            0.06            1.27744     0.00952       0.75  %   100000    
1.240801e+03      0.22            0.05            1.24699     0.00870       0.70  %   100000    
1.241386e+03      0.26            0.05            1.19957     0.00710       0.59  %   100000    
1.241805e+03      0.30            0.05            1.17288     0.00607       0.52  %   100000    
1.241895e+03      0.32            0.05            1.16424     0.00578       0.50  %   100000    
1.242190e+03      0.36            0.05            1.14366     0.00558       0.49  %   80000     
1.242496e+03      0.43            0.05            1.12029     0.00534       0.48  %   60000     
1.242751e+03      0.51            0.05            1.09257     0.00520       0.48  %   40000     
1.242955e+03      0.62            0.05            1.07428     0.00490       0.46  %   30000     
1.243011e+03      0.66            0.04            1.05727     0.00511       0.48  %   20000     
1.243120e+03      0.74            0.05            1.06138     0.00498       0.47  %   20000     
1.243252e+03      0.88            0.04            1.04272     0.00381       0.37  %   20000     
1.243367e+03      1.06            0.04            1.03566     0.00451       0.44  %   10000     
1.243483e+03      1.32            0.03            1.02422     0.00338       0.33  %   10000     
1.243585e+03      1.64            0.04            1.02495     0.00313       0.31  %   10000     
1.243656e+03      1.95            0.03            1.01706     0.00243       0.24  %   10000     
1.243687e+03      2.09            0.04            1.01928     0.00252       0.25  %   10000     
1.243777e+03      2.61            0.04            1.01578     0.00212       0.21  %   10000     
1.243797e+03      2.77            0.04            1.01271     0.00187       0.18  %   10000     
1.243866e+03      3.30            0.04            1.01158     0.00170       0.17  %   10000     
1.243959e+03      4.22            0.04            1.01023     0.00151       0.15  %   10000     
1.243960e+03      4.24            0.04            1.00845     0.00137       0.14  %   10000     
1.244062e+03      5.56            0.05            1.00901     0.00134       0.13  %   10000     
1.244080e+03      5.85            0.04            1.00746     0.00121       0.12  %   10000     
1.244165e+03      7.26            0.05            1.00630     0.00108       0.11  %   10000     
1.244204e+03      8.08            0.04            1.00557     0.00100       0.10  %   10000     
1.244290e+03      9.91            0.06            1.00607     0.00102       0.10  %   10000     
1.244343e+03      11.32           0.07            1.00608     0.00101       0.10  %   10000     
1.244438e+03      13.85           0.06            1.00464     0.00088       0.09  %   10000     
1.244483e+03      15.32           0.05            1.00327     0.00073       0.07  %   10000     
1.244641e+03      20.50           0.08            1.00404     0.00081       0.08  %   10000     
1.244657e+03      21.00           0.12            1.00567     0.00096       0.10  %   10000     
1.244948e+03      30.86           0.12            1.00377     0.00078       0.08  %   10000     
1.244957e+03      31.07           0.13            1.00410     0.00082       0.08  %   10000     
1.245149e+03      35.64           0.22            1.00618     0.00101       0.10  %   10000     
1.245220e+03      36.26           0.18            1.00510     0.00093       0.09  %   10000     
1.245327e+03      37.20           0.26            1.00704     0.00110       0.11  %   10000     
1.245336e+03      37.20           0.29            1.00774     0.00115       0.11  %   10000     
1.245405e+03      36.64           0.33            1.00913     0.00126       0.13  %   10000     
1.245503e+03      35.87           0.22            1.00606     0.00104       0.10  %   10000     
1.245530e+03      35.26           0.22            1.00612     0.00105       0.10  %   10000     
1.245700e+03      31.43           0.31            1.00976     0.00135       0.13  %   10000     
1.245709e+03      31.14           0.23            1.00735     0.00117       0.12  %   10000     
1.245932e+03      23.75           0.27            1.01126     0.00151       0.15  %   10000     
1.246196e+03      14.89           0.27            1.01809     0.00207       0.20  %   10000     
1.246348e+03      10.66           0.19            1.01777     0.00218       0.21  %   10000     
1.246435e+03      8.74            0.14            1.01566     0.00213       0.21  %   10000     
1.246474e+03      7.86            0.17            1.02135     0.00254       0.25  %   10000     
1.246586e+03      5.89            0.15            1.02487     0.00294       0.29  %   10000     
1.246655e+03      4.97            0.12            1.02507     0.00308       0.30  %   10000     
1.246692e+03      4.46            0.12            1.02752     0.00333       0.32  %   10000     
1.246788e+03      3.46            0.14            1.04081     0.00436       0.42  %   10000     
1.246864e+03      2.85            0.12            1.04044     0.00459       0.44  %   10000     
1.246879e+03      2.73            0.11            1.03947     0.00460       0.44  %   10000     
1.246976e+03      2.14            0.13            1.05869     0.00431       0.41  %   20000     
1.247074e+03      1.70            0.11            1.06666     0.00496       0.46  %   20000     
1.247126e+03      1.53            0.11            1.07101     0.00530       0.49  %   20000     
1.247172e+03      1.38            0.10            1.07280     0.00456       0.42  %   30000     
1.247284e+03      1.12            0.11            1.09451     0.00486       0.44  %   40000     
1.247399e+03      0.93            0.11            1.11416     0.00512       0.46  %   50000     
1.247442e+03      0.88            0.10            1.11459     0.00522       0.47  %   50000     
1.247530e+03      0.78            0.10            1.12148     0.00516       0.46  %   60000     
1.247661e+03      0.68            0.09            1.13799     0.00538       0.47  %   70000     
1.247836e+03      0.58            0.09            1.14836     0.00554       0.48  %   80000     
1.248058e+03      0.50            0.08            1.15769     0.00568       0.49  %   90000     
1.248071e+03      0.50            0.08            1.16781     0.00557       0.48  %   100000    
1.248295e+03      0.44            0.08            1.18804     0.00617       0.52  %   100000    
1.248581e+03      0.39            0.07            1.17965     0.00629       0.53  %   100000    
1.248961e+03      0.35            0.07            1.18375     0.00655       0.55  %   100000    
1.249114e+03      0.35            0.06            1.17585     0.00642       0.55  %   100000    
1.249341e+03      0.34            0.05            1.15622     0.00609       0.53  %   100000    
1.249531e+03      0.33            0.05            1.15563     0.00605       0.52  %   100000    
1.249919e+03      0.34            0.04            1.12665     0.00560       0.50  %   90000     
1.250308e+03      0.38            0.04            1.11175     0.00527       0.47  %   80000     
1.250600e+03      0.42            0.04            1.09265     0.00517       0.47  %   60000     
1.250842e+03      0.49            0.04            1.08681     0.00507       0.47  %   50000     
1.251013e+03      0.57            0.04            1.06623     0.00531       0.50  %   30000     
1.251158e+03      0.67            0.04            1.05713     0.00455       0.43  %   30000     
1.251286e+03      0.80            0.04            1.04920     0.00474       0.45  %   20000     
1.251365e+03      0.91            0.04            1.04413     0.00422       0.40  %   20000     
1.251395e+03      0.96            0.04            1.04077     0.00397       0.38  %   20000     
1.251504e+03      1.19            0.04            1.03747     0.00491       0.47  %   10000     
1.251514e+03      1.22            0.03            1.02848     0.00424       0.41  %   10000     
1.251595e+03      1.45            0.04            1.02598     0.00378       0.37  %   10000     
1.251688e+03      1.80            0.03            1.01830     0.00293       0.29  %   10000     
1.251739e+03      2.06            0.05            1.02295     0.00311       0.30  %   10000     
1.251784e+03      2.29            0.04            1.01674     0.00258       0.25  %   10000     
1.251890e+03      3.00            0.04            1.01251     0.00205       0.20  %   10000     
1.251930e+03      3.35            0.04            1.01204     0.00195       0.19  %   10000     
1.251992e+03      3.90            0.04            1.00977     0.00170       0.17  %   10000     
1.252103e+03      5.17            0.05            1.00887     0.00152       0.15  %   10000     
1.252106e+03      5.21            0.04            1.00807     0.00145       0.14  %   10000     
1.252235e+03      7.09            0.06            1.00800     0.00137       0.14  %   10000     
1.252247e+03      7.30            0.07            1.00954     0.00149       0.15  %   10000     
1.252393e+03      9.98            0.05            1.00477     0.00102       0.10  %   10000     
1.252419e+03      10.56           0.07            1.00684     0.00121       0.12  %   10000     
1.252640e+03      15.49           0.08            1.00488     0.00099       0.10  %   10000     
1.252696e+03      16.71           0.10            1.00586     0.00109       0.11  %   10000     
1.252920e+03      21.38           0.14            1.00661     0.00115       0.11  %   10000     
1.253040e+03      22.96           0.19            1.00834     0.00130       0.13  %   10000     
1.253109e+03      23.87           0.16            1.00669     0.00116       0.12  %   10000     
1.253251e+03      24.47           0.17            1.00704     0.00121       0.12  %   10000     
1.253252e+03      24.47           0.18            1.00746     0.00124       0.12  %   10000     
1.253396e+03      23.79           0.18            1.00744     0.00125       0.12  %   10000     
1.253405e+03      23.74           0.20            1.00850     0.00134       0.13  %   10000     
1.253570e+03      21.42           0.21            1.00998     0.00148       0.15  %   10000     
1.253598e+03      21.03           0.21            1.00979     0.00147       0.15  %   10000     
1.253790e+03      16.88           0.18            1.01078     0.00160       0.16  %   10000     
1.253893e+03      14.66           0.24            1.01648     0.00202       0.20  %   10000     
1.254129e+03      9.53            0.19            1.01954     0.00238       0.23  %   10000     
1.254278e+03      6.87            0.15            1.02257     0.00273       0.27  %   10000     
1.254284e+03      6.78            0.12            1.01833     0.00247       0.24  %   10000     
1.254407e+03      5.03            0.11            1.02125     0.00286       0.28  %   10000     
1.254522e+03      3.75            0.11            1.02911     0.00360       0.35  %   10000     
1.254528e+03      3.70            0.11            1.03021     0.00368       0.36  %   10000     
1.254622e+03      2.89            0.10            1.03511     0.00428       0.41  %   10000     
1.254722e+03      2.23            0.10            1.04395     0.00366       0.35  %   20000     
1.254746e+03      2.11            0.10            1.04636     0.00382       0.37  %   20000     
1.254821e+03      1.74            0.10            1.05591     0.00450       0.43  %   20000     
1.254921e+03      1.37            0.08            1.05724     0.00497       0.47  %   20000     
1.254997e+03      1.16            0.09            1.07470     0.00491       0.46  %   30000     
1.255020e+03      1.09            0.09            1.08020     0.00520       0.48  %   30000     
1.255121e+03      0.89            0.08            1.09497     0.00531       0.49  %   40000     
1.255239e+03      0.72            0.09            1.11802     0.00525       0.47  %   60000     
1.255326e+03      0.64            0.08            1.11854     0.00552       0.49  %   60000     
1.255357e+03      0.61            0.08            1.13130     0.00549       0.49  %   70000     
1.255492e+03      0.51            0.08            1.15923     0.00572       0.49  %   90000     
1.255666e+03      0.43            0.08            1.18203     0.00624       0.53  %   100000    
1.255879e+03      0.36            0.08            1.21282     0.00722       0.60  %   100000    
1.255951e+03      0.35            0.07            1.20690     0.00724       0.60  %   100000    
1.256145e+03      0.31            0.07            1.24131     0.00825       0.66  %   100000    
1.256506e+03      0.26            0.08            1.30196     0.00995       0.76  %   100000    
1.256885e+03      0.22            0.07            1.30730     0.01067       0.82  %   100000    
1.257030e+03      0.21            0.07            1.31607     0.01099       0.84  %   100000    
1.257359e+03      0.19            0.07            1.36238     0.01231       0.90  %   100000    
1.257927e+03      0.17            0.07            1.41762     0.01398       0.99  %   100000    
1.258699e+03      0.14            0.06            1.44375     0.01517       1.05  %   100000    
1.258887e+03      0.14            0.06            1.44079     0.01523       1.06  %   100000    
1.259728e+03      0.13            0.06            1.47788     0.01652       1.12  %   100000    
1.261015e+03      0.12            0.06            1.54748     0.01826       1.18  %   100000    
1.262685e+03      0.11            0.06            1.52767     0.01816       1.19  %   100000    
1.264474e+03      0.11            0.06            1.52122     0.01783       1.17  %   100000    
1.264608e+03      0.11            0.06            1.51736     0.01775       1.17  %   100000    
1.266663e+03      0.11            0.06            1.50799     0.01697       1.13  %   100000    
1.268719e+03      0.12            0.05            1.42173     0.01456       1.02  %   100000    
1.270353e+03      0.13            0.05            1.34582     0.01232       0.92  %   100000    
1.271987e+03      0.15            0.03            1.17401     0.00799       0.68  %   100000    
1.272195e+03      0.16            0.02            1.13798     0.00701       0.62  %   100000    
1.273076e+03      0.17            0.02            1.12508     0.00623       0.55  %   100000    
1.274139e+03      0.20            0.02            1.08903     0.00532       0.49  %   80000     
1.275050e+03      0.24            0.02            1.08205     0.00532       0.49  %   60000     
1.275804e+03      0.29            0.02            1.06456     0.00523       0.49  %   40000     
1.276379e+03      0.34            0.02            1.04913     0.00481       0.46  %   30000     
1.276501e+03      0.35            0.02            1.05834     0.00515       0.49  %   30000     
1.277098e+03      0.43            0.01            1.03465     0.00436       0.42  %   20000     
1.277611e+03      0.53            0.01            1.02401     0.00461       0.45  %   10000     
1.277780e+03      0.58            0.02            1.02615     0.00462       0.45  %   10000     
1.278061e+03      0.65            0.01            1.02107     0.00391       0.38  %   10000     
1.278307e+03      0.75            0.02            1.02626     0.00409       0.40  %   10000     
1.278429e+03      0.80            0.01            1.01709     0.00323       0.32  %   10000     
1.278732e+03      0.97            0.01            1.01263     0.00258       0.25  %   10000     
1.278793e+03      1.02            0.02            1.01522     0.00277       0.27  %   10000     
1.278998e+03      1.18            0.01            1.01025     0.00218       0.22  %   10000     
1.279157e+03      1.36            0.01            1.00857     0.00191       0.19  %   10000     
1.279226e+03      1.43            0.01            1.00588     0.00157       0.16  %   10000     
1.279385e+03      1.68            0.01            1.00469     0.00135       0.13  %   10000     
1.279430e+03      1.75            0.01            1.00582     0.00150       0.15  %   10000     
1.279574e+03      2.06            0.01            1.00477     0.00132       0.13  %   10000     
1.279612e+03      2.14            0.01            1.00513     0.00137       0.14  %   10000     
1.279726e+03      2.48            0.01            1.00460     0.00127       0.13  %   10000     
1.279764e+03      2.59            0.01            1.00461     0.00128       0.13  %   10000     
1.279872e+03      3.04            0.01            1.00276     0.00098       0.10  %   10000     
1.279922e+03      3.24            0.01            1.00348     0.00110       0.11  %   10000     
1.280002e+03      3.69            0.01            1.00343     0.00108       0.11  %   10000     
1.280057e+03      4.00            0.01            1.00243     0.00092       0.09  %   10000     
1.280126e+03      4.52            0.02            1.00377     0.00114       0.11  %   10000     
1.280195e+03      5.04            0.01            1.00105     0.00060       0.06  %   10000     
1.280247e+03      5.56            0.01            1.00208     0.00085       0.08  %   10000     
1.280332e+03      6.42            0.03            1.00425     0.00123       0.12  %   10000     
1.280368e+03      6.90            0.02            1.00352     0.00111       0.11  %   10000     
1.280484e+03      8.43            0.02            1.00217     0.00088       0.09  %   10000     
1.280490e+03      8.54            0.02            1.00216     0.00088       0.09  %   10000     
1.280626e+03      10.88           0.04            1.00332     0.00111       0.11  %   10000     
1.280635e+03      11.03           0.02            1.00148     0.00074       0.07  %   10000     
1.280778e+03      14.11           0.05            1.00341     0.00114       0.11  %   10000     
1.280818e+03      14.94           0.07            1.00461     0.00133       0.13  %   10000     
1.280960e+03      18.69           0.09            1.00506     0.00140       0.14  %   10000     
1.281121e+03      22.80           0.20            1.00888     0.00189       0.19  %   10000     
1.281409e+03      29.90           0.28            1.00923     0.00197       0.19  %   10000     
1.281446e+03      30.49           0.30            1.00975     0.00203       0.20  %   10000     
1.281592e+03      32.92           0.33            1.00989     0.00206       0.20  %   10000     
1.281640e+03      33.19           0.36            1.01093     0.00218       0.22  %   10000     
1.281799e+03      34.14           0.26            1.00754     0.00183       0.18  %   10000     
1.281828e+03      33.95           0.46            1.01345     0.00245       0.24  %   10000     
1.281907e+03      33.46           0.30            1.00910     0.00203       0.20  %   10000     
1.281986e+03      33.01           0.42            1.01276     0.00241       0.24  %   10000     
1.282071e+03      31.55           0.52            1.01637     0.00276       0.27  %   10000     
1.282205e+03      29.31           0.35            1.01182     0.00236       0.23  %   10000     
1.282284e+03      27.34           0.33            1.01213     0.00242       0.24  %   10000     
1.282775e+03      14.88           0.31            1.02101     0.00340       0.33  %   10000     
1.282879e+03      12.70           0.32            1.02489     0.00374       0.37  %   10000     
1.282957e+03      11.01           0.30            1.02721     0.00400       0.39  %   10000     
1.283085e+03      8.87            0.29            1.03212     0.00444       0.43  %   10000     
1.283121e+03      8.26            0.20            1.02476     0.00396       0.39  %   10000     
1.283265e+03      6.39            0.15            1.02383     0.00402       0.39  %   10000     
1.283279e+03      6.26            0.15            1.02389     0.00403       0.39  %   10000     
1.283405e+03      5.02            0.12            1.02432     0.00423       0.41  %   10000     
1.283461e+03      4.61            0.12            1.02698     0.00449       0.44  %   10000     
1.283553e+03      3.94            0.14            1.03560     0.00377       0.36  %   20000     
1.283641e+03      3.47            0.13            1.03682     0.00389       0.38  %   20000     
1.283706e+03      3.13            0.14            1.04344     0.00433       0.42  %   20000     
1.283841e+03      2.63            0.11            1.04055     0.00431       0.41  %   20000     
1.283862e+03      2.55            0.13            1.04917     0.00479       0.46  %   20000     
1.284033e+03      2.10            0.10            1.04855     0.00494       0.47  %   20000     
1.284093e+03      2.00            0.10            1.05109     0.00416       0.40  %   30000     
1.284204e+03      1.80            0.09            1.04962     0.00420       0.40  %   30000     
1.284340e+03      1.65            0.07            1.04435     0.00492       0.47  %   20000     
1.284430e+03      1.59            0.07            1.04337     0.00484       0.46  %   20000     
1.284477e+03      1.56            0.09            1.05506     0.00445       0.42  %   30000     
1.284545e+03      1.55            0.08            1.05396     0.00438       0.42  %   30000     
1.284682e+03      1.58            0.07            1.04658     0.00482       0.46  %   20000     
1.284812e+03      1.73            0.06            1.03721     0.00405       0.39  %   20000     
1.284818e+03      1.73            0.08            1.04364     0.00438       0.42  %   20000     
1.284940e+03      1.99            0.06            1.02811     0.00461       0.45  %   10000     
1.285061e+03      2.38            0.09            1.03604     0.00476       0.46  %   10000     
1.285180e+03      2.92            0.06            1.01972     0.00319       0.31  %   10000     
1.285182e+03      2.94            0.08            1.02838     0.00382       0.37  %   10000     
1.285322e+03      3.78            0.07            1.01830     0.00275       0.27  %   10000     
1.285505e+03      5.23            0.06            1.01224     0.00198       0.20  %   10000     
1.285612e+03      6.20            0.06            1.00909     0.00160       0.16  %   10000     
1.285791e+03      7.81            0.05            1.00637     0.00125       0.12  %   10000     
1.285908e+03      8.87            0.05            1.00525     0.00109       0.11  %   10000     
1.286102e+03      10.08           0.07            1.00684     0.00121       0.12  %   10000     
1.286273e+03      10.44           0.07            1.00632     0.00115       0.11  %   10000     
1.286436e+03      10.08           0.07            1.00711     0.00124       0.12  %   10000     
1.286476e+03      9.83            0.07            1.00743     0.00127       0.13  %   10000     
1.286625e+03      8.91            0.08            1.00849     0.00139       0.14  %   10000     
1.286917e+03      6.17            0.06            1.01046     0.00172       0.17  %   10000     
1.286953e+03      5.84            0.08            1.01344     0.00198       0.20  %   10000     
1.287170e+03      3.88            0.06            1.01594     0.00245       0.24  %   10000     
1.287312e+03      2.84            0.06            1.02032     0.00309       0.30  %   10000     
1.287441e+03      2.09            0.07            1.03207     0.00435       0.42  %   10000     
1.287555e+03      1.59            0.06            1.03469     0.00505       0.49  %   10000     
1.287665e+03      1.22            0.07            1.05669     0.00508       0.48  %   20000     
1.287716e+03      1.09            0.06            1.05513     0.00524       0.50  %   20000     
1.287763e+03      0.97            0.06            1.05906     0.00466       0.44  %   30000     
1.287873e+03      0.77            0.07            1.08543     0.00536       0.49  %   40000     
1.287983e+03      0.63            0.07            1.10765     0.00538       0.49  %   60000     
1.288093e+03      0.53            0.06            1.12060     0.00532       0.47  %   80000     
1.288225e+03      0.45            0.06            1.13662     0.00544       0.48  %   100000    
1.288392e+03      0.38            0.05            1.14366     0.00595       0.52  %   100000    
1.288399e+03      0.38            0.06            1.15083     0.00611       0.53  %   100000    
1.288587e+03      0.33            0.06            1.17458     0.00693       0.59  %   100000    
1.288830e+03      0.30            0.06            1.19895     0.00774       0.65  %   100000    
1.289218e+03      0.26            0.06            1.21355     0.00843       0.69  %   100000    
1.289751e+03      0.23            0.05            1.21684     0.00888       0.73  %   100000    
1.289802e+03      0.23            0.05            1.23731     0.00934       0.75  %   100000    
1.290468e+03      0.20            0.05            1.25729     0.01018       0.81  %   100000    
1.291578e+03      0.17            0.05            1.29214     0.01138       0.88  %   100000    
1.291757e+03      0.17            0.05            1.27740     0.01112       0.87  %   100000    
1.292911e+03      0.15            0.05            1.32858     0.01253       0.94  %   100000    
1.294252e+03      0.14            0.05            1.33497     0.01287       0.96  %   100000    
1.296046e+03      0.13            0.04            1.32267     0.01256       0.95  %   100000    
1.296638e+03      0.13            0.04            1.29254     0.01186       0.92  %   100000    
1.296943e+03      0.13            0.04            1.29506     0.01186       0.92  %   100000    
1.298662e+03      0.13            0.04            1.29199     0.01133       0.88  %   100000    
1.300381e+03      0.14            0.04            1.26383     0.01007       0.80  %   100000    
1.301921e+03      0.16            0.03            1.20593     0.00815       0.68  %   100000    
1.302477e+03      0.17            0.03            1.18496     0.00740       0.62  %   100000    
1.303107e+03      0.19            0.03            1.15969     0.00652       0.56  %   100000    
1.304094e+03      0.22            0.03            1.14551     0.00559       0.49  %   100000    
1.304854e+03      0.25            0.03            1.11011     0.00526       0.47  %   70000     
1.304886e+03      0.26            0.03            1.10478     0.00552       0.50  %   60000     
1.305583e+03      0.31            0.03            1.08157     0.00528       0.49  %   40000     
1.306181e+03      0.37            0.02            1.06251     0.00473       0.44  %   30000     
1.306501e+03      0.42            0.02            1.04805     0.00470       0.45  %   20000     
1.306646e+03      0.45            0.02            1.05079     0.00466       0.44  %   20000     
1.307073e+03      0.55            0.02            1.03303     0.00471       0.46  %   10000     
1.307397e+03      0.66            0.02            1.02469     0.00367       0.36  %   10000     
1.307678e+03      0.79            0.02            1.02663     0.00346       0.34  %   10000     
1.307913e+03      0.95            0.01            1.01021     0.00196       0.19  %   10000     
1.307940e+03      0.97            0.01            1.01071     0.00199       0.20  %   10000     
1.308111e+03      1.13            0.01            1.01013     0.00182       0.18  %   10000     
1.308216e+03      1.27            0.01            1.00838     0.00158       0.16  %   10000     
1.308285e+03      1.36            0.01            1.00806     0.00152       0.15  %   10000     
1.308400e+03      1.58            0.01            1.00714     0.00137       0.14  %   10000     
1.308441e+03      1.66            0.01            1.00728     0.00137       0.14  %   10000     
1.308536e+03      1.91            0.01            1.00613     0.00122       0.12  %   10000     
1.308585e+03      2.04            0.01            1.00582     0.00119       0.12  %   10000     
1.308669e+03      2.37            0.01            1.00536     0.00112       0.11  %   10000     
1.308718e+03      2.56            0.01            1.00465     0.00104       0.10  %   10000     
1.308780e+03      2.89            0.02            1.00592     0.00116       0.12  %   10000     
1.308829e+03      3.15            0.02            1.00481     0.00105       0.10  %   10000     
1.308882e+03      3.53            0.02            1.00476     0.00104       0.10  %   10000     
1.308940e+03      3.94            0.02            1.00481     0.00105       0.10  %   10000     
1.308973e+03      4.26            0.02            1.00524     0.00109       0.11  %   10000     
1.309051e+03      5.00            0.02            1.00325     0.00087       0.09  %   10000     
1.309062e+03      5.14            0.03            1.00487     0.00106       0.11  %   10000     
1.309150e+03      6.26            0.02            1.00307     0.00085       0.08  %   10000     
1.309161e+03      6.40            0.03            1.00523     0.00111       0.11  %   10000     
1.309250e+03      7.85            0.02            1.00315     0.00087       0.09  %   10000     
1.309272e+03      8.21            0.03            1.00368     0.00095       0.09  %   10000     
1.309353e+03      9.92            0.05            1.00497     0.00111       0.11  %   10000     
1.309402e+03      10.94           0.04            1.00381     0.00098       0.10  %   10000     
1.309452e+03      12.30           0.06            1.00459     0.00108       0.11  %   10000     
1.309549e+03      14.91           0.07            1.00475     0.00112       0.11  %   10000     
1.309577e+03      15.87           0.05            1.00316     0.00091       0.09  %   10000     
1.309719e+03      20.63           0.13            1.00628     0.00131       0.13  %   10000     
1.309726e+03      20.86           0.14            1.00658     0.00134       0.13  %   10000     
1.309914e+03      28.14           0.22            1.00797     0.00150       0.15  %   10000     
1.310212e+03      39.27           0.36            1.00926     0.00166       0.16  %   10000     
1.310276e+03      40.92           0.34            1.00821     0.00158       0.16  %   10000     
1.310389e+03      43.87           0.32            1.00735     0.00150       0.15  %   10000     
1.310478e+03      44.76           0.35            1.00787     0.00157       0.16  %   10000     
1.310583e+03      45.90           0.38            1.00822     0.00161       0.16  %   10000     
1.310602e+03      45.90           0.48            1.01047     0.00182       0.18  %   10000     
1.310650e+03      45.50           0.47            1.01032     0.00182       0.18  %   10000     
1.310710e+03      45.03           0.43            1.00944     0.00175       0.17  %   10000     
1.310755e+03      44.72           0.58            1.01302     0.00205       0.20  %   10000     
1.310896e+03      41.57           0.62            1.01481     0.00223       0.22  %   10000     
1.310932e+03      40.80           0.55            1.01346     0.00212       0.21  %   10000     
1.311095e+03      35.12           0.41            1.01160     0.00202       0.20  %   10000     
1.311191e+03      31.77           0.65            1.02033     0.00269       0.26  %   10000     
1.311506e+03      19.63           0.27            1.01355     0.00232       0.23  %   10000     
1.311627e+03      15.77           0.27            1.01740     0.00268       0.26  %   10000     
1.311680e+03      14.03           0.25            1.01765     0.00275       0.27  %   10000     
1.311815e+03      10.59           0.26            1.02489     0.00338       0.33  %   10000     
1.311825e+03      10.33           0.25            1.02467     0.00338       0.33  %   10000     
1.311945e+03      7.92            0.28            1.03548     0.00423       0.41  %   10000     
1.311990e+03      7.23            0.23            1.03155     0.00403       0.39  %   10000     
1.312065e+03      6.06            0.24            1.03999     0.00470       0.45  %   10000     
1.312145e+03      5.12            0.15            1.02984     0.00417       0.40  %   10000     
1.312185e+03      4.66            0.15            1.03189     0.00441       0.43  %   10000     
1.312291e+03      3.72            0.18            1.04743     0.00398       0.38  %   20000     
1.312322e+03      3.51            0.14            1.04107     0.00374       0.36  %   20000     
1.312402e+03      2.99            0.15            1.04945     0.00427       0.41  %   20000     
1.312499e+03      2.51            0.12            1.04611     0.00429       0.41  %   20000     
1.312513e+03      2.44            0.12            1.04888     0.00445       0.42  %   20000     
1.312632e+03      2.01            0.11            1.05238     0.00485       0.46  %   20000     
1.312721e+03      1.78            0.10            1.05523     0.00511       0.48  %   20000     
1.312773e+03      1.64            0.10            1.05830     0.00439       0.42  %   30000     
1.312931e+03      1.35            0.09            1.06524     0.00489       0.46  %   30000     
1.312950e+03      1.33            0.09            1.06532     0.00491       0.46  %   30000     
1.313107e+03      1.13            0.08            1.07210     0.00469       0.44  %   40000     
1.313293e+03      0.96            0.07            1.06798     0.00475       0.44  %   40000     
1.313295e+03      0.96            0.08            1.08110     0.00519       0.48  %   40000     
1.313549e+03      0.80            0.07            1.08426     0.00500       0.46  %   50000     
1.313801e+03      0.68            0.07            1.10215     0.00522       0.47  %   60000     
1.313854e+03      0.66            0.06            1.09307     0.00505       0.46  %   60000     
1.314193e+03      0.56            0.05            1.09800     0.00546       0.50  %   60000     
1.314463e+03      0.50            0.06            1.11576     0.00527       0.47  %   80000     
1.314589e+03      0.47            0.05            1.11194     0.00529       0.48  %   80000     
1.315064e+03      0.40            0.05            1.12700     0.00556       0.49  %   90000     
1.315432e+03      0.37            0.05            1.13177     0.00548       0.48  %   100000    
1.315620e+03      0.35            0.05            1.13852     0.00571       0.50  %   100000    
1.316218e+03      0.31            0.04            1.13370     0.00577       0.51  %   100000    
1.316816e+03      0.28            0.04            1.14861     0.00614       0.53  %   100000    
1.316853e+03      0.28            0.04            1.14719     0.00611       0.53  %   100000    
1.317613e+03      0.27            0.04            1.14955     0.00618       0.54  %   100000    
1.318410e+03      0.26            0.04            1.14387     0.00596       0.52  %   100000    
1.319241e+03      0.26            0.03            1.12265     0.00557       0.50  %   90000     
1.319318e+03      0.27            0.03            1.13087     0.00544       0.48  %   100000    
1.320454e+03      0.29            0.03            1.11529     0.00529       0.47  %   80000     
1.321362e+03      0.32            0.03            1.09447     0.00508       0.46  %   60000     
1.322256e+03      0.38            0.03            1.07290     0.00491       0.46  %   40000     
1.323003e+03      0.45            0.02            1.05222     0.00431       0.41  %   30000     
1.323432e+03      0.51            0.03            1.05506     0.00503       0.48  %   20000     
1.323643e+03      0.54            0.03            1.05187     0.00474       0.45  %   20000     
1.324215e+03      0.66            0.02            1.03290     0.00484       0.47  %   10000     
1.324536e+03      0.76            0.03            1.03766     0.00485       0.47  %   10000     
1.324577e+03      0.77            0.02            1.02848     0.00419       0.41  %   10000     
1.324701e+03      0.81            0.02            1.03045     0.00425       0.41  %   10000     
1.325032e+03      0.95            0.03            1.03268     0.00414       0.40  %   10000     
1.325114e+03      0.99            0.02            1.02377     0.00350       0.34  %   10000     
1.325445e+03      1.19            0.03            1.02544     0.00342       0.33  %   10000     
1.325461e+03      1.20            0.03            1.02399     0.00332       0.32  %   10000     
1.325740e+03      1.45            0.03            1.01833     0.00279       0.27  %   10000     
1.325786e+03      1.49            0.03            1.02251     0.00308       0.30  %   10000     
1.326004e+03      1.76            0.04            1.02220     0.00298       0.29  %   10000     
1.326065e+03      1.84            0.03            1.01777     0.00267       0.26  %   10000     
1.326223e+03      2.12            0.03            1.01296     0.00225       0.22  %   10000     
1.326293e+03      2.24            0.04            1.01817     0.00267       0.26  %   10000     
1.326396e+03      2.50            0.05            1.02180     0.00290       0.28  %   10000     
1.326492e+03      2.73            0.05            1.02011     0.00281       0.28  %   10000     
1.326562e+03      2.97            0.06            1.01993     0.00278       0.27  %   10000     
1.326686e+03      3.40            0.06            1.01834     0.00270       0.26  %   10000     
1.326706e+03      3.50            0.06            1.01630     0.00254       0.25  %   10000     
1.326851e+03      4.19            0.09            1.02118     0.00293       0.29  %   10000     
1.326996e+03      5.11            0.11            1.02132     0.00298       0.29  %   10000     
1.327016e+03      5.25            0.12            1.02283     0.00310       0.30  %   10000     
1.327140e+03      6.32            0.16            1.02458     0.00325       0.32  %   10000     
1.327182e+03      6.67            0.12            1.01850     0.00285       0.28  %   10000     
1.327285e+03      7.85            0.20            1.02544     0.00336       0.33  %   10000     
1.327347e+03      8.55            0.23            1.02664     0.00349       0.34  %   10000     
1.327430e+03      9.77            0.18            1.01803     0.00288       0.28  %   10000     
1.327529e+03      11.21           0.29            1.02546     0.00349       0.34  %   10000     
1.327595e+03      12.45           0.30            1.02406     0.00339       0.33  %   10000     
1.327744e+03      15.17           0.45            1.02968     0.00385       0.37  %   10000     
1.327785e+03      16.07           0.42            1.02619     0.00362       0.35  %   10000     
1.328083e+03      22.35           0.54            1.02416     0.00359       0.35  %   10000     
1.328306e+03      26.89           0.91            1.03369     0.00430       0.42  %   10000     
1.328414e+03      28.40           0.97            1.03407     0.00439       0.42  %   10000     
1.328505e+03      29.72           1.07            1.03586     0.00450       0.43  %   10000     
1.328637e+03      30.61           1.24            1.04046     0.00485       0.47  %   10000     
1.328673e+03      30.89           1.30            1.04216     0.00495       0.48  %   10000     
1.328752e+03      31.00           1.06            1.03430     0.00449       0.43  %   10000     
1.328829e+03      30.58           1.15            1.03755     0.00475       0.46  %   10000     
1.328864e+03      30.41           1.44            1.04721     0.00378       0.36  %   20000     
1.328948e+03      30.03           1.26            1.04203     0.00504       0.48  %   10000     
1.329075e+03      28.28           1.48            1.05235     0.00405       0.38  %   20000     
1.329175e+03      26.98           1.36            1.05058     0.00398       0.38  %   20000     
1.329340e+03      23.64           1.15            1.04859     0.00399       0.38  %   20000     
1.329803e+03      14.08           0.95            1.06726     0.00496       0.47  %   20000     
1.329911e+03      12.24           0.75            1.06124     0.00478       0.45  %   20000     
1.330010e+03      10.50           0.71            1.06738     0.00513       0.48  %   20000     
1.330159e+03      8.48            0.65            1.07634     0.00454       0.42  %   30000     
1.330196e+03      7.97            0.59            1.07453     0.00454       0.42  %   30000     
1.330361e+03      6.25            0.49            1.07901     0.00481       0.45  %   30000     
1.330366e+03      6.22            0.50            1.08022     0.00485       0.45  %   30000     
1.330527e+03      4.95            0.47            1.09413     0.00543       0.50  %   30000     
1.330572e+03      4.69            0.44            1.09313     0.00542       0.50  %   30000     
1.330692e+03      3.99            0.39            1.09711     0.00494       0.45  %   40000     
1.330779e+03      3.62            0.33            1.09235     0.00486       0.44  %   40000     
1.330878e+03      3.20            0.32            1.09959     0.00517       0.47  %   40000     
1.331011e+03      2.80            0.32            1.11445     0.00504       0.45  %   50000     
1.331072e+03      2.62            0.29            1.11145     0.00505       0.45  %   50000     
1.331259e+03      2.21            0.27            1.12118     0.00541       0.48  %   50000     
1.331293e+03      2.16            0.26            1.12123     0.00542       0.48  %   50000     
1.331503e+03      1.83            0.23            1.12537     0.00519       0.46  %   60000     
1.331606e+03      1.72            0.21            1.12168     0.00513       0.46  %   60000     
1.331796e+03      1.52            0.21            1.13822     0.00561       0.49  %   60000     
1.332061e+03      1.33            0.20            1.14893     0.00545       0.47  %   70000     
1.332133e+03      1.28            0.18            1.13669     0.00527       0.46  %   70000     
1.332412e+03      1.15            0.17            1.14414     0.00546       0.48  %   70000     
1.332619e+03      1.10            0.16            1.14843     0.00549       0.48  %   70000     
1.332784e+03      1.05            0.16            1.15068     0.00554       0.48  %   70000     
1.333094e+03      1.03            0.14            1.13522     0.00553       0.49  %   60000     
1.333363e+03      1.06            0.12            1.11618     0.00534       0.48  %   50000     
1.333418e+03      1.07            0.14            1.12861     0.00557       0.49  %   50000     
1.333638e+03      1.17            0.12            1.10579     0.00531       0.48  %   40000     
1.333803e+03      1.31            0.13            1.09859     0.00479       0.44  %   40000     
1.333933e+03      1.49            0.10            1.06947     0.00529       0.49  %   20000     
1.333940e+03      1.50            0.12            1.07749     0.00454       0.42  %   30000     
1.334050e+03      1.74            0.11            1.06205     0.00466       0.44  %   20000     
1.334161e+03      2.08            0.12            1.05645     0.00410       0.39  %   20000     
1.334261e+03      2.51            0.11            1.04543     0.00479       0.46  %   10000     
1.334275e+03      2.60            0.11            1.04076     0.00448       0.43  %   10000     
1.334361e+03      3.10            0.09            1.02796     0.00348       0.34  %   10000     
1.334443e+03      3.76            0.13            1.03553     0.00367       0.35  %   10000     
1.334461e+03      3.89            0.11            1.02846     0.00325       0.32  %   10000     
1.334561e+03      4.93            0.10            1.02092     0.00261       0.26  %   10000     
1.334612e+03      5.63            0.11            1.02002     0.00246       0.24  %   10000     
1.334668e+03      6.37            0.13            1.02104     0.00245       0.24  %   10000     
1.334782e+03      8.35            0.12            1.01466     0.00194       0.19  %   10000     
1.334911e+03      11.17           0.15            1.01343     0.00177       0.17  %   10000     
1.334925e+03      11.56           0.16            1.01397     0.00180       0.18  %   10000     
1.335068e+03      15.43           0.23            1.01517     0.00182       0.18  %   10000     
1.335096e+03      16.37           0.19            1.01170     0.00159       0.16  %   10000     
1.335331e+03      24.03           0.36            1.01517     0.00177       0.17  %   10000     
1.335395e+03      26.10           0.29            1.01096     0.00150       0.15  %   10000     
1.335614e+03      32.62           0.36            1.01092     0.00150       0.15  %   10000     
1.335719e+03      34.59           0.43            1.01255     0.00162       0.16  %   10000     
1.335806e+03      36.23           0.44            1.01211     0.00159       0.16  %   10000     
1.335934e+03      36.96           0.56            1.01513     0.00179       0.18  %   10000     
1.335948e+03      37.04           0.47            1.01257     0.00163       0.16  %   10000     
1.336074e+03      36.10           0.55            1.01528     0.00182       0.18  %   10000     
1.336120e+03      35.76           0.54            1.01508     0.00181       0.18  %   10000     
1.336284e+03      32.24           0.52            1.01619     0.00191       0.19  %   10000     
1.336321e+03      31.47           0.42            1.01327     0.00174       0.17  %   10000     
1.336513e+03      25.40           0.45            1.01785     0.00208       0.20  %   10000     
1.336842e+03      14.85           0.33            1.02255     0.00254       0.25  %   10000     
1.336988e+03      10.97           0.28            1.02532     0.00284       0.28  %   10000     
1.337000e+03      10.67           0.33            1.03052     0.00313       0.30  %   10000     
1.337128e+03      7.92            0.32            1.04096     0.00387       0.37  %   10000     
1.337198e+03      6.75            0.27            1.03981     0.00394       0.38  %   10000     
1.337248e+03      5.91            0.22            1.03724     0.00395       0.38  %   10000     
1.337357e+03      4.51            0.20            1.04391     0.00461       0.44  %   10000     
1.337399e+03      4.09            0.24            1.05911     0.00387       0.37  %   20000     
1.337465e+03      3.44            0.21            1.06081     0.00414       0.39  %   20000     
1.337562e+03      2.72            0.23            1.08320     0.00521       0.48  %   20000     
1.337640e+03      2.29            0.20            1.08672     0.00458       0.42  %   30000     
1.337668e+03      2.14            0.19            1.09095     0.00481       0.44  %   30000     
1.337766e+03      1.74            0.17            1.09604     0.00532       0.48  %   30000     
1.337881e+03      1.40            0.16            1.11693     0.00547       0.49  %   40000     
1.337996e+03      1.16            0.15            1.13005     0.00554       0.49  %   50000     
1.338136e+03      0.96            0.13            1.13516     0.00553       0.49  %   60000     
1.338227e+03      0.87            0.14            1.15624     0.00569       0.49  %   70000     
1.338287e+03      0.81            0.13            1.15472     0.00545       0.47  %   80000     
1.338464e+03      0.69            0.12            1.17930     0.00586       0.50  %   90000     
1.338716e+03      0.58            0.12            1.20939     0.00639       0.53  %   100000    
1.338786e+03      0.56            0.11            1.19982     0.00631       0.53  %   100000    
1.339005e+03      0.50            0.11            1.21358     0.00683       0.56  %   100000    
1.339353e+03      0.43            0.10            1.22999     0.00747       0.61  %   100000    
1.339788e+03      0.37            0.10            1.26325     0.00837       0.66  %   100000    
1.339930e+03      0.36            0.09            1.26047     0.00840       0.67  %   100000    
1.340310e+03      0.33            0.09            1.27636     0.00896       0.70  %   100000    
1.340921e+03      0.29            0.08            1.28671     0.00945       0.73  %   100000    
1.341533e+03      0.27            0.08            1.29357     0.00973       0.75  %   100000    
1.341930e+03      0.26            0.08            1.31119     0.01003       0.77  %   100000    
1.342347e+03      0.25            0.08            1.33001     0.01040       0.78  %   100000    
1.343570e+03      0.24            0.08            1.32227     0.01014       0.77  %   100000    
1.344583e+03      0.24            0.07            1.28354     0.00916       0.71  %   100000    
1.345850e+03      0.26            0.06            1.24089     0.00780       0.63  %   100000    
1.346864e+03      0.30            0.06            1.20125     0.00651       0.54  %   100000    
1.347624e+03      0.34            0.06            1.16474     0.00569       0.49  %   90000     
1.348406e+03      0.40            0.06            1.13979     0.00533       0.47  %   70000     
1.348696e+03      0.43            0.05            1.12120     0.00510       0.46  %   60000     
1.349076e+03      0.48            0.05            1.09557     0.00521       0.48  %   40000     
1.349627e+03      0.58            0.04            1.07377     0.00473       0.44  %   30000     
1.350129e+03      0.70            0.05            1.06727     0.00494       0.46  %   20000     
1.350559e+03      0.86            0.05            1.05350     0.00395       0.37  %   20000     
1.350908e+03      1.05            0.04            1.03583     0.00415       0.40  %   10000     
1.351003e+03      1.12            0.04            1.03689     0.00408       0.39  %   10000     
1.351207e+03      1.27            0.03            1.02741     0.00334       0.32  %   10000     
1.351308e+03      1.37            0.03            1.02339     0.00299       0.29  %   10000     
1.351485e+03      1.56            0.05            1.02888     0.00318       0.31  %   10000     
1.351613e+03      1.75            0.03            1.01956     0.00252       0.25  %   10000     
1.351709e+03      1.90            0.03            1.01823     0.00239       0.23  %   10000     
1.351819e+03      2.13            0.05            1.02490     0.00271       0.26  %   10000     
1.351902e+03      2.31            0.04            1.01679     0.00220       0.22  %   10000     
1.351973e+03      2.52            0.04            1.01764     0.00222       0.22  %   10000     
1.352063e+03      2.79            0.06            1.02012     0.00235       0.23  %   10000     
1.352127e+03      3.06            0.04            1.01451     0.00197       0.19  %   10000     
1.352223e+03      3.46            0.06            1.01631     0.00208       0.20  %   10000     
1.352261e+03      3.68            0.05            1.01478     0.00197       0.19  %   10000     
1.352368e+03      4.31            0.08            1.01855     0.00221       0.22  %   10000     
1.352385e+03      4.45            0.08            1.01820     0.00218       0.21  %   10000     
1.352494e+03      5.32            0.07            1.01332     0.00188       0.19  %   10000     
1.352498e+03      5.35            0.10            1.01841     0.00221       0.22  %   10000     
1.352603e+03      6.50            0.12            1.01888     0.00225       0.22  %   10000     
1.352635e+03      6.84            0.13            1.01889     0.00227       0.22  %   10000     
1.352713e+03      7.97            0.16            1.02039     0.00236       0.23  %   10000     
1.352761e+03      8.67            0.15            1.01689     0.00217       0.21  %   10000     
1.352818e+03      9.75            0.17            1.01778     0.00223       0.22  %   10000     
1.352903e+03      11.35           0.20            1.01718     0.00223       0.22  %   10000     
1.352934e+03      12.12           0.22            1.01804     0.00228       0.22  %   10000     
1.353057e+03      15.17           0.32            1.02141     0.00253       0.25  %   10000     
1.353062e+03      15.33           0.39            1.02563     0.00277       0.27  %   10000     
1.353197e+03      19.52           0.42            1.02146     0.00258       0.25  %   10000     
1.353211e+03      19.95           0.39            1.01974     0.00248       0.24  %   10000     
1.353365e+03      25.78           0.65            1.02508     0.00283       0.28  %   10000     
1.353434e+03      28.34           0.70            1.02473     0.00285       0.28  %   10000     
1.353632e+03      36.12           0.81            1.02256     0.00277       0.27  %   10000     
1.353858e+03      44.70           1.52            1.03401     0.00344       0.33  %   10000     
1.353961e+03      47.28           1.50            1.03169     0.00336       0.33  %   10000     
1.354043e+03      49.40           1.69            1.03428     0.00350       0.34  %   10000     
1.354167e+03      50.50           1.82            1.03614     0.00365       0.35  %   10000     
1.354251e+03      51.36           2.14            1.04167     0.00392       0.38  %   10000     
1.354260e+03      51.36           1.63            1.03166     0.00342       0.33  %   10000     
1.354368e+03      50.22           1.68            1.03343     0.00357       0.35  %   10000     
1.354459e+03      49.39           1.60            1.03233     0.00351       0.34  %   10000     
1.354562e+03      46.65           1.93            1.04127     0.00403       0.39  %   10000     
1.354675e+03      43.74           1.87            1.04277     0.00411       0.39  %   10000     
1.354798e+03      39.08           1.82            1.04645     0.00436       0.42  %   10000     
1.355225e+03      22.55           1.33            1.05883     0.00521       0.49  %   10000     
1.355325e+03      19.24           0.88            1.04547     0.00464       0.44  %   10000     
1.355394e+03      16.91           0.88            1.05184     0.00506       0.48  %   10000     
1.355538e+03      13.04           0.88            1.06731     0.00419       0.39  %   20000     
1.355551e+03      12.69           0.88            1.06963     0.00428       0.40  %   20000     
1.355692e+03      9.72            0.59            1.06078     0.00416       0.39  %   20000     
1.355714e+03      9.36            0.54            1.05794     0.00408       0.39  %   20000     
1.355824e+03      7.58            0.53            1.06936     0.00463       0.43  %   20000     
1.355890e+03      6.78            0.53            1.07827     0.00498       0.46  %   20000     
1.355956e+03      5.97            0.43            1.07154     0.00490       0.46  %   20000     
1.356073e+03      4.90            0.40            1.08138     0.00540       0.50  %   20000     
1.356088e+03      4.77            0.40            1.08437     0.00452       0.42  %   30000     
1.356218e+03      3.89            0.37            1.09581     0.00502       0.46  %   30000     
1.356275e+03      3.60            0.32            1.09002     0.00492       0.45  %   30000     
1.356362e+03      3.17            0.33            1.10374     0.00545       0.49  %   30000     
1.356507e+03      2.66            0.26            1.09888     0.00478       0.43  %   40000     
1.356699e+03      2.17            0.25            1.11725     0.00546       0.49  %   40000     
1.356828e+03      1.95            0.24            1.12302     0.00509       0.45  %   50000     
1.356924e+03      1.78            0.22            1.12096     0.00517       0.46  %   50000     
1.357145e+03      1.53            0.21            1.13466     0.00563       0.50  %   50000     
1.357270e+03      1.43            0.20            1.13995     0.00527       0.46  %   60000     
1.357353e+03      1.37            0.19            1.14218     0.00537       0.47  %   60000     
1.357519e+03      1.30            0.18            1.13817     0.00531       0.47  %   60000     
1.357685e+03      1.28            0.16            1.12785     0.00550       0.49  %   50000     
1.357816e+03      1.33            0.16            1.12269     0.00519       0.46  %   50000     
1.357850e+03      1.34            0.15            1.11126     0.00549       0.49  %   40000     
1.357988e+03      1.49            0.16            1.10608     0.00504       0.46  %   40000     
1.358098e+03      1.69            0.15            1.09009     0.00500       0.46  %   30000     
1.358206e+03      1.99            0.13            1.06678     0.00486       0.46  %   20000     
1.358326e+03      2.46            0.15            1.06008     0.00415       0.39  %   20000     
1.358342e+03      2.55            0.16            1.06204     0.00415       0.39  %   20000     
1.358446e+03      3.11            0.14            1.04347     0.00451       0.43  %   10000     
1.358567e+03      3.97            0.14            1.03600     0.00372       0.36  %   10000     
1.358727e+03      5.43            0.12            1.02285     0.00263       0.26  %   10000     
1.358737e+03      5.55            0.12            1.02251     0.00259       0.25  %   10000     
1.358813e+03      6.41            0.12            1.01855     0.00224       0.22  %   10000     
1.358956e+03      8.05            0.13            1.01653     0.00198       0.20  %   10000     
1.359112e+03      9.89            0.11            1.01120     0.00155       0.15  %   10000     
1.359258e+03      11.60           0.17            1.01493     0.00173       0.17  %   10000     
1.359458e+03      13.21           0.17            1.01277     0.00157       0.15  %   10000     
1.359632e+03      13.69           0.16            1.01162     0.00150       0.15  %   10000     
1.359801e+03      13.23           0.17            1.01284     0.00160       0.16  %   10000     
1.359828e+03      13.01           0.16            1.01237     0.00158       0.16  %   10000     
1.359997e+03      11.66           0.17            1.01447     0.00176       0.17  %   10000     
1.360013e+03      11.47           0.17            1.01482     0.00179       0.18  %   10000     
1.360354e+03      7.39            0.16            1.02132     0.00242       0.24  %   10000     
1.360403e+03      6.83            0.15            1.02236     0.00254       0.25  %   10000     
1.360563e+03      5.00            0.15            1.03058     0.00326       0.32  %   10000     
1.360713e+03      3.62            0.14            1.03931     0.00412       0.40  %   10000     
1.360837e+03      2.71            0.15            1.05502     0.00382       0.36  %   20000     
1.360944e+03      2.10            0.15            1.07137     0.00479       0.45  %   20000     
1.361051e+03      1.64            0.16            1.09950     0.00508       0.46  %   30000     
1.361158e+03      1.29            0.16            1.12757     0.00547       0.49  %   40000     
1.361247e+03      1.07            0.15            1.13883     0.00549       0.48  %   50000     
1.361259e+03      1.04            0.15            1.14124     0.00561       0.49  %   50000     
1.361350e+03      0.88            0.14            1.15972     0.00542       0.47  %   70000     
1.361454e+03      0.74            0.14            1.19076     0.00560       0.47  %   90000     
1.361584e+03      0.63            0.14            1.22538     0.00619       0.50  %   100000    
1.361713e+03      0.55            0.14            1.24772     0.00682       0.55  %   100000    
1.361869e+03      0.50            0.13            1.26050     0.00726       0.58  %   100000    
1.361944e+03      0.48            0.13            1.26572     0.00740       0.58  %   100000    
1.362076e+03      0.46            0.12            1.26580     0.00756       0.60  %   100000    
1.362387e+03      0.42            0.12            1.29193     0.00807       0.62  %   100000    
1.362906e+03      0.41            0.11            1.26575     0.00763       0.60  %   100000    
1.363317e+03      0.42            0.09            1.22814     0.00685       0.56  %   100000    
1.363831e+03      0.45            0.09            1.19039     0.00584       0.49  %   100000    
1.364242e+03      0.50            0.07            1.14790     0.00569       0.50  %   70000     
1.364605e+03      0.58            0.07            1.12199     0.00558       0.50  %   50000     
1.364724e+03      0.62            0.06            1.09885     0.00541       0.49  %   40000     
1.364878e+03      0.67            0.06            1.08690     0.00483       0.44  %   40000     
1.365096e+03      0.78            0.06            1.07646     0.00481       0.45  %   30000     
1.365287e+03      0.91            0.05            1.05868     0.00473       0.45  %   20000     
1.365456e+03      1.09            0.05            1.04797     0.00390       0.37  %   20000     
1.365583e+03      1.28            0.05            1.04040     0.00331       0.32  %   20000     
1.365709e+03      1.55            0.05            1.03393     0.00393       0.38  %   10000     
1.365711e+03      1.55            0.05            1.03524     0.00400       0.39  %   10000     
1.365817e+03      1.87            0.05            1.02448     0.00310       0.30  %   10000     
1.365823e+03      1.88            0.05            1.02511     0.00313       0.31  %   10000     
1.365935e+03      2.35            0.05            1.02128     0.00267       0.26  %   10000     
1.365968e+03      2.53            0.06            1.02408     0.00277       0.27  %   10000     
1.366041e+03      2.94            0.05            1.01572     0.00215       0.21  %   10000     
1.366118e+03      3.53            0.06            1.01699     0.00213       0.21  %   10000     
1.366147e+03      3.75            0.04            1.01109     0.00171       0.17  %   10000     
1.366253e+03      4.82            0.06            1.01153     0.00166       0.16  %   10000     
1.366253e+03      4.83            0.05            1.01128     0.00164       0.16  %   10000     
1.366361e+03      6.24            0.07            1.01124     0.00159       0.16  %   10000     
1.366375e+03      6.48            0.08            1.01289     0.00169       0.17  %   10000     
1.366483e+03      8.32            0.10            1.01177     0.00158       0.16  %   10000     
1.366496e+03      8.63            0.10            1.01168     0.00157       0.16  %   10000     
1.366614e+03      11.23           0.11            1.00956     0.00141       0.14  %   10000     
1.366618e+03      11.33           0.09            1.00810     0.00129       0.13  %   10000     
1.366739e+03      14.70           0.16            1.01089     0.00149       0.15  %   10000     
1.366771e+03      15.57           0.20            1.01281     0.00162       0.16  %   10000     
1.366889e+03      19.60           0.19            1.00988     0.00142       0.14  %   10000     
1.366999e+03      23.34           0.27            1.01152     0.00155       0.15  %   10000     
1.367077e+03      26.08           0.29            1.01117     0.00153       0.15  %   10000     
1.367343e+03      35.35           0.41            1.01172     0.00159       0.16  %   10000     
1.367499e+03      39.03           0.55            1.01413     0.00177       0.18  %   10000     
1.367532e+03      39.82           0.54            1.01346     0.00173       0.17  %   10000     
1.367705e+03      41.37           0.46            1.01117     0.00161       0.16  %   10000     
1.367719e+03      41.50           0.61            1.01466     0.00184       0.18  %   10000     
1.367731e+03      41.50           0.75            1.01817     0.00205       0.20  %   10000     
1.367885e+03      40.29           0.68            1.01691     0.00201       0.20  %   10000     
1.367896e+03      40.21           0.68            1.01693     0.00202       0.20  %   10000     
1.367907e+03      39.97           0.69            1.01724     0.00204       0.20  %   10000     
1.368073e+03      36.38           0.72            1.01992     0.00223       0.22  %   10000     
1.368112e+03      35.09           0.72            1.02054     0.00229       0.22  %   10000     
1.368329e+03      27.93           0.58            1.02094     0.00239       0.23  %   10000     
1.368340e+03      27.56           0.66            1.02377     0.00255       0.25  %   10000     
1.368626e+03      17.46           0.53            1.03039     0.00310       0.30  %   10000     
1.368791e+03      12.55           0.47            1.03719     0.00363       0.35  %   10000     
1.368808e+03      12.14           0.43            1.03538     0.00356       0.34  %   10000     
1.368931e+03      9.19            0.46            1.04991     0.00447       0.43  %   10000     
1.369016e+03      7.60            0.31            1.04065     0.00420       0.40  %   10000     
1.369051e+03      6.95            0.26            1.03712     0.00411       0.40  %   10000     
1.369155e+03      5.41            0.34            1.06358     0.00404       0.38  %   20000     
1.369225e+03      4.62            0.29            1.06231     0.00415       0.39  %   20000     
1.369264e+03      4.17            0.30            1.07111     0.00457       0.43  %   20000     
1.369369e+03      3.25            0.30            1.09095     0.00453       0.42  %   30000     
1.369435e+03      2.83            0.25            1.08885     0.00466       0.43  %   30000     
1.369475e+03      2.57            0.26            1.10115     0.00514       0.47  %   30000     
1.369580e+03      2.06            0.24            1.11574     0.00511       0.46  %   40000     
1.369646e+03      1.83            0.23            1.12519     0.00551       0.49  %   40000     
1.369697e+03      1.65            0.21            1.12854     0.00519       0.46  %   50000     
1.369816e+03      1.35            0.21            1.15678     0.00562       0.49  %   60000     
1.369944e+03      1.12            0.19            1.17228     0.00580       0.50  %   70000     
1.369952e+03      1.11            0.20            1.18227     0.00561       0.47  %   80000     
1.370089e+03      0.93            0.20            1.21194     0.00577       0.48  %   100000    
1.370281e+03      0.77            0.19            1.24227     0.00663       0.53  %   100000    
1.370442e+03      0.67            0.18            1.26686     0.00726       0.57  %   100000    
1.370505e+03      0.64            0.17            1.26551     0.00741       0.59  %   100000    
1.370774e+03      0.53            0.17            1.31392     0.00866       0.66  %   100000    
1.371108e+03      0.44            0.17            1.38523     0.01027       0.74  %   100000    
1.371196e+03      0.42            0.17            1.39867     0.01058       0.76  %   100000    
1.371507e+03      0.36            0.16            1.43263     0.01171       0.82  %   100000    
1.371973e+03      0.30            0.15            1.49708     0.01344       0.90  %   100000    
1.372238e+03      0.28            0.14            1.52144     0.01415       0.93  %   100000    
1.372528e+03      0.25            0.14            1.57452     0.01546       0.98  %   100000    
1.373194e+03      0.21            0.14            1.64554     0.01750       1.06  %   100000    
1.373915e+03      0.18            0.13            1.71013     0.01934       1.13  %   100000    
1.373963e+03      0.18            0.13            1.70142     0.01930       1.13  %   100000    
1.375032e+03      0.15            0.13            1.84259     0.02257       1.22  %   100000    
1.376314e+03      0.13            0.11            1.86134     0.02403       1.29  %   100000    
1.376569e+03      0.13            0.12            1.93568     0.02517       1.30  %   100000    
1.377707e+03      0.12            0.12            2.01332     0.02716       1.35  %   100000    
1.379321e+03      0.11            0.11            2.06193     0.02868       1.39  %   100000    
1.381472e+03      0.10            0.10            2.04352     0.02900       1.42  %   100000    
1.384636e+03      0.09            0.06            1.63282     0.02272       1.39  %   100000    
1.385690e+03      0.09            0.05            1.57161     0.02144       1.36  %   100000    
1.387917e+03      0.09            0.04            1.46991     0.01877       1.28  %   100000    
1.389587e+03      0.10            0.04            1.37612     0.01589       1.15  %   100000    
1.390426e+03      0.11            0.03            1.29605     0.01347       1.04  %   100000    
1.391228e+03      0.13            0.04            1.28411     0.01234       0.96  %   100000    
1.391273e+03      0.13            0.04            1.27866     0.01218       0.95  %   100000    
1.391838e+03      0.14            0.04            1.25563     0.01083       0.86  %   100000    
1.392261e+03      0.16            0.04            1.21708     0.00927       0.76  %   100000    
1.392638e+03      0.19            0.03            1.17973     0.00774       0.66  %   100000    
1.392873e+03      0.22            0.03            1.14136     0.00640       0.56  %   100000    
1.393034e+03      0.25            0.03            1.12695     0.00570       0.51  %   100000    
1.393079e+03      0.26            0.04            1.14040     0.00589       0.52  %   100000    
1.393226e+03      0.30            0.03            1.10249     0.00522       0.47  %   80000     
1.393361e+03      0.35            0.03            1.08728     0.00511       0.47  %   60000     
1.393483e+03      0.42            0.03            1.07567     0.00531       0.49  %   40000     
1.393587e+03      0.51            0.03            1.06008     0.00498       0.47  %   30000     
1.393692e+03      0.64            0.04            1.05544     0.00527       0.50  %   20000     
1.393779e+03      0.79            0.03            1.04090     0.00412       0.40  %   20000     
1.393866e+03      0.98            0.03            1.03224     0.00469       0.45  %   10000     
1.393958e+03      1.26            0.03            1.02442     0.00367       0.36  %   10000     
1.394051e+03      1.62            0.04            1.02164     0.00312       0.31  %   10000     
1.394099e+03      1.86            0.03            1.01415     0.00239       0.24  %   10000     
1.394144e+03      2.09            0.04            1.01752     0.00255       0.25  %   10000     
1.394248e+03      2.76            0.04            1.01326     0.00202       0.20  %   10000     
1.394358e+03      3.68            0.03            1.00905     0.00153       0.15  %   10000     
1.394396e+03      4.07            0.03            1.00854     0.00144       0.14  %   10000     
1.394480e+03      4.96            0.04            1.00779     0.00131       0.13  %   10000     
1.394632e+03      6.95            0.04            1.00540     0.00102       0.10  %   10000     
1.394648e+03      7.21            0.04            1.00494     0.00097       0.10  %   10000     
1.394878e+03      10.89           0.04            1.00339     0.00076       0.08  %   10000     
1.394895e+03      11.16           0.05            1.00438     0.00086       0.09  %   10000     
1.395166e+03      15.53           0.06            1.00400     0.00080       0.08  %   10000     
1.395350e+03      17.60           0.06            1.00335     0.00073       0.07  %   10000     
1.395498e+03      18.29           0.07            1.00357     0.00076       0.08  %   10000     
1.395519e+03      18.38           0.06            1.00341     0.00074       0.07  %   10000     
1.395544e+03      18.40           0.04            1.00244     0.00063       0.06  %   10000     
1.395717e+03      17.74           0.05            1.00303     0.00071       0.07  %   10000     
1.395753e+03      17.37           0.08            1.00460     0.00088       0.09  %   10000     
1.395864e+03      16.20           0.05            1.00281     0.00070       0.07  %   10000     
1.395891e+03      15.92           0.07            1.00442     0.00088       0.09  %   10000     
1.396148e+03      11.87           0.06            1.00519     0.00102       0.10  %   10000     
1.396181e+03      11.35           0.04            1.00386     0.00088       0.09  %   10000     
1.396440e+03      7.17            0.06            1.00773     0.00139       0.14  %   10000     
1.396593e+03      5.12            0.04            1.00773     0.00151       0.15  %   10000     
1.396710e+03      3.86            0.04            1.00981     0.00185       0.18  %   10000     
1.396811e+03      2.99            0.03            1.00902     0.00192       0.19  %   10000     
1.396823e+03      2.88            0.03            1.01050     0.00210       0.21  %   10000     
1.396932e+03      2.15            0.03            1.01391     0.00267       0.26  %   10000     
1.397028e+03      1.65            0.03            1.01876     0.00342       0.34  %   10000     
1.397125e+03      1.27            0.03            1.02519     0.00438       0.43  %   10000     
1.397175e+03      1.12            0.03            1.02774     0.00482       0.47  %   10000     
1.397215e+03      1.00            0.03            1.02677     0.00496       0.48  %   10000     
1.397300e+03      0.81            0.03            1.03434     0.00435       0.42  %   20000     
1.397385e+03      0.66            0.03            1.04128     0.00425       0.41  %   30000     
1.397487e+03      0.53            0.02            1.04567     0.00492       0.47  %   30000     
1.397590e+03      0.44            0.02            1.05126     0.00490       0.47  %   40000     
1.397634e+03      0.41            0.02            1.05890     0.00483       0.46  %   50000     
1.397709e+03      0.36            0.02            1.06798     0.00502       0.47  %   60000     
1.397835e+03      0.31            0.02            1.07687     0.00532       0.49  %   70000     
1.397988e+03      0.26            0.02            1.08806     0.00539       0.50  %   90000     
1.398172e+03      0.23            0.02            1.09411     0.00564       0.52  %   100000    
1.398417e+03      0.20            0.02            1.11774     0.00671       0.60  %   100000    
1.398646e+03      0.18            0.02            1.13117     0.00738       0.65  %   100000    
1.398723e+03      0.17            0.02            1.12104     0.00721       0.64  %   100000    
1.399175e+03      0.15            0.02            1.14186     0.00835       0.73  %   100000    
1.399776e+03      0.13            0.02            1.13599     0.00868       0.76  %   100000    
1.400529e+03      0.11            0.02            1.17444     0.01028       0.88  %   100000    
1.401498e+03      0.10            0.02            1.19141     0.01107       0.93  %   100000    
1.401680e+03      0.10            0.02            1.16923     0.01048       0.90  %   100000    
1.403327e+03      0.10            0.02            1.20524     0.01175       0.98  %   100000    
1.405524e+03      0.09            0.02            1.19496     0.01133       0.95  %   100000    
1.408776e+03      0.10            0.02            1.15591     0.00958       0.83  %   100000    
1.410983e+03      0.10            0.01            1.14129     0.00860       0.75  %   100000    
1.413229e+03      0.12            0.01            1.11212     0.00708       0.64  %   100000    
1.413623e+03      0.12            0.01            1.11398     0.00701       0.63  %   100000    
1.415462e+03      0.14            0.01            1.09870     0.00592       0.54  %   100000    
1.417128e+03      0.16            0.01            1.08004     0.00534       0.49  %   80000     
1.418176e+03      0.18            0.02            1.08531     0.00541       0.50  %   70000     
1.418515e+03      0.19            0.01            1.06081     0.00525       0.49  %   50000     
1.419702e+03      0.23            0.01            1.03279     0.00438       0.42  %   30000     
1.420610e+03      0.27            0.01            1.03565     0.00499       0.48  %   20000     
1.420710e+03      0.28            0.01            1.03458     0.00484       0.47  %   20000     
1.421399e+03      0.33            0.01            1.02191     0.00489       0.48  %   10000     
1.422130e+03      0.40            0.01            1.02282     0.00439       0.43  %   10000     
1.422745e+03      0.49            0.01            1.01254     0.00287       0.28  %   10000     
1.423214e+03      0.59            0.01            1.01605     0.00293       0.29  %   10000     
1.423547e+03      0.69            0.01            1.00859     0.00197       0.20  %   10000     
1.423616e+03      0.72            0.01            1.00879     0.00196       0.19  %   10000     
1.423905e+03      0.85            0.00            1.00418     0.00126       0.13  %   10000     
1.424111e+03      0.98            0.00            1.00236     0.00089       0.09  %   10000     
1.424111e+03      0.98            0.00            1.00472     0.00126       0.13  %   10000     
1.424292e+03      1.15            0.00            1.00275     0.00092       0.09  %   10000     
1.424393e+03      1.30            0.00            1.00371     0.00103       0.10  %   10000     
1.424447e+03      1.37            0.00            1.00251     0.00084       0.08  %   10000     
1.424576e+03      1.63            0.00            1.00232     0.00077       0.08  %   10000     
1.424604e+03      1.71            0.00            1.00277     0.00084       0.08  %   10000     
1.424699e+03      1.98            0.00            1.00193     0.00068       0.07  %   10000     
1.424752e+03      2.20            0.00            1.00209     0.00070       0.07  %   10000     
1.424821e+03      2.48            0.00            1.00158     0.00060       0.06  %   10000     
1.424868e+03      2.74            0.00            1.00153     0.00058       0.06  %   10000     
1.424927e+03      3.06            0.01            1.00172     0.00061       0.06  %   10000     
1.425003e+03      3.63            0.00            1.00124     0.00051       0.05  %   10000     
1.425032e+03      3.84            0.00            1.00062     0.00036       0.04  %   10000     
1.425138e+03      4.88            0.01            1.00158     0.00056       0.06  %   10000     
1.425154e+03      5.03            0.00            1.00059     0.00034       0.03  %   10000     
1.425269e+03      6.51            0.01            1.00115     0.00047       0.05  %   10000     
1.425274e+03      6.58            0.01            1.00096     0.00043       0.04  %   10000     
1.425401e+03      8.67            0.01            1.00131     0.00049       0.05  %   10000     
1.425428e+03      9.23            0.01            1.00093     0.00041       0.04  %   10000     
1.425549e+03      11.74           0.01            1.00110     0.00045       0.04  %   10000     
1.425616e+03      13.47           0.01            1.00090     0.00040       0.04  %   10000     
1.425751e+03      16.90           0.02            1.00090     0.00040       0.04  %   10000     
1.426122e+03      27.13           0.05            1.00192     0.00058       0.06  %   10000     
1.426165e+03      28.31           0.03            1.00122     0.00046       0.05  %   10000     
1.426350e+03      31.79           0.08            1.00242     0.00065       0.06  %   10000     
1.426372e+03      32.20           0.07            1.00207     0.00060       0.06  %   10000     
1.426563e+03      33.56           0.08            1.00241     0.00064       0.06  %   10000     
1.426572e+03      33.63           0.09            1.00275     0.00069       0.07  %   10000     
1.426592e+03      33.53           0.09            1.00258     0.00067       0.07  %   10000     
1.426770e+03      32.65           0.07            1.00225     0.00062       0.06  %   10000     
1.426975e+03      29.69           0.07            1.00232     0.00064       0.06  %   10000     
1.427123e+03      27.52           0.09            1.00318     0.00077       0.08  %   10000     
1.427262e+03      25.46           0.13            1.00507     0.00101       0.10  %   10000     
1.427308e+03      24.77           0.10            1.00423     0.00094       0.09  %   10000     
1.427375e+03      24.33           0.15            1.00599     0.00115       0.11  %   10000     
1.427473e+03      23.65           0.10            1.00440     0.00104       0.10  %   10000     
1.427484e+03      23.69           0.15            1.00615     0.00123       0.12  %   10000     
1.427618e+03      24.05           0.24            1.00981     0.00166       0.16  %   10000     
1.427636e+03      24.09           0.16            1.00659     0.00137       0.14  %   10000     
1.427760e+03      25.68           0.29            1.01143     0.00190       0.19  %   10000     
1.427807e+03      26.25           0.24            1.00898     0.00173       0.17  %   10000     
1.427943e+03      29.28           0.38            1.01296     0.00216       0.21  %   10000     
1.428039e+03      31.33           0.46            1.01455     0.00236       0.23  %   10000     
1.428444e+03      41.01           0.88            1.02156     0.00307       0.30  %   10000     
1.428641e+03      43.42           0.70            1.01616     0.00273       0.27  %   10000     
1.428651e+03      43.55           1.05            1.02400     0.00332       0.32  %   10000     
1.428754e+03      43.82           1.17            1.02676     0.00353       0.34  %   10000     
1.428841e+03      43.25           1.04            1.02416     0.00341       0.33  %   10000     
1.428885e+03      43.00           1.57            1.03650     0.00420       0.41  %   10000     
1.428901e+03      42.92           1.38            1.03213     0.00394       0.38  %   10000     
1.429053e+03      40.48           1.53            1.03782     0.00435       0.42  %   10000     
1.429065e+03      40.31           1.12            1.02774     0.00373       0.36  %   10000     
1.429273e+03      34.85           1.26            1.03615     0.00437       0.42  %   10000     
1.429314e+03      33.81           1.14            1.03359     0.00422       0.41  %   10000     
1.429737e+03      20.34           0.91            1.04452     0.00519       0.50  %   10000     
1.429928e+03      15.13           0.59            1.03909     0.00503       0.48  %   10000     
1.429940e+03      14.80           0.84            1.05650     0.00429       0.41  %   20000     
1.430099e+03      11.29           0.58            1.05172     0.00426       0.41  %   20000     
1.430131e+03      10.74           0.57            1.05281     0.00432       0.41  %   20000     
1.430244e+03      8.76            0.53            1.06092     0.00481       0.45  %   20000     
1.430334e+03      7.56            0.46            1.06020     0.00486       0.46  %   20000     
1.430390e+03      6.81            0.44            1.06501     0.00517       0.49  %   20000     
1.430513e+03      5.57            0.36            1.06465     0.00531       0.50  %   20000     
1.430536e+03      5.33            0.41            1.07700     0.00478       0.44  %   30000     
1.430668e+03      4.34            0.34            1.07906     0.00504       0.47  %   30000     
1.430714e+03      4.08            0.31            1.07628     0.00499       0.46  %   30000     
1.430812e+03      3.52            0.30            1.08484     0.00472       0.43  %   40000     
1.430948e+03      2.95            0.26            1.08695     0.00493       0.45  %   40000     
1.430957e+03      2.92            0.25            1.08560     0.00491       0.45  %   40000     
1.431139e+03      2.37            0.24            1.10132     0.00500       0.45  %   50000     
1.431211e+03      2.21            0.22            1.10107     0.00505       0.46  %   50000     
1.431334e+03      1.95            0.21            1.10808     0.00540       0.49  %   50000     
1.431537e+03      1.64            0.20            1.12372     0.00546       0.49  %   60000     
1.431562e+03      1.60            0.20            1.12552     0.00553       0.49  %   60000     
1.431849e+03      1.29            0.18            1.14128     0.00536       0.47  %   80000     
1.431972e+03      1.20            0.16            1.12951     0.00555       0.49  %   70000     
1.432175e+03      1.05            0.17            1.16544     0.00574       0.49  %   90000     
1.432437e+03      0.92            0.15            1.15838     0.00579       0.50  %   90000     
1.432571e+03      0.85            0.15            1.17175     0.00586       0.50  %   100000    
1.433024e+03      0.69            0.14            1.20443     0.00673       0.56  %   100000    
1.433076e+03      0.68            0.13            1.19796     0.00665       0.56  %   100000    
1.433479e+03      0.57            0.13            1.22763     0.00748       0.61  %   100000    
1.433953e+03      0.49            0.12            1.24495     0.00806       0.65  %   100000    
1.434037e+03      0.47            0.11            1.24027     0.00807       0.65  %   100000    
1.434721e+03      0.39            0.10            1.26520     0.00896       0.71  %   100000    
1.435068e+03      0.36            0.10            1.26839     0.00916       0.72  %   100000    
1.435450e+03      0.33            0.10            1.30881     0.01012       0.77  %   100000    
1.436301e+03      0.28            0.09            1.33383     0.01098       0.82  %   100000    
1.436821e+03      0.26            0.09            1.33909     0.01121       0.84  %   100000    
1.437149e+03      0.25            0.09            1.34750     0.01152       0.86  %   100000    
1.438281e+03      0.22            0.08            1.35246     0.01190       0.88  %   100000    
1.439213e+03      0.21            0.08            1.38279     0.01236       0.89  %   100000    
1.439696e+03      0.20            0.08            1.39063     0.01251       0.90  %   100000    
1.440828e+03      0.19            0.07            1.34680     0.01155       0.86  %   100000    
1.441972e+03      0.20            0.07            1.33495     0.01084       0.81  %   100000    
1.443116e+03      0.21            0.06            1.27567     0.00913       0.72  %   100000    
1.443974e+03      0.24            0.06            1.23594     0.00780       0.63  %   100000    
1.444776e+03      0.27            0.05            1.19347     0.00640       0.54  %   100000    
1.444832e+03      0.28            0.05            1.18642     0.00624       0.53  %   100000    
1.445490e+03      0.33            0.05            1.15057     0.00560       0.49  %   80000     
1.446007e+03      0.38            0.04            1.11613     0.00511       0.46  %   60000     
1.446265e+03      0.42            0.04            1.09336     0.00526       0.48  %   40000     
1.446437e+03      0.45            0.04            1.09150     0.00499       0.46  %   40000     
1.446832e+03      0.54            0.03            1.06219     0.00516       0.49  %   20000     
1.447186e+03      0.66            0.04            1.05667     0.00437       0.41  %   20000     
1.447324e+03      0.73            0.04            1.04930     0.00386       0.37  %   20000     
1.447438e+03      0.78            0.03            1.03854     0.00462       0.45  %   10000     
1.447665e+03      0.94            0.03            1.03719     0.00412       0.40  %   10000     
1.447854e+03      1.12            0.03            1.02841     0.00329       0.32  %   10000     
1.447892e+03      1.17            0.03            1.02505     0.00303       0.30  %   10000     
1.448005e+03      1.32            0.03            1.02201     0.00270       0.26  %   10000     
1.448150e+03      1.59            0.03            1.01679     0.00220       0.22  %   10000     
1.448156e+03      1.60            0.03            1.01874     0.00232       0.23  %   10000     
1.448279e+03      1.93            0.03            1.01456     0.00194       0.19  %   10000     
1.448284e+03      1.94            0.03            1.01739     0.00212       0.21  %   10000     
1.448409e+03      2.39            0.03            1.01238     0.00171       0.17  %   10000     
1.448418e+03      2.43            0.04            1.01663     0.00198       0.19  %   10000     
1.448520e+03      2.94            0.03            1.01039     0.00153       0.15  %   10000     
1.448529e+03      2.99            0.04            1.01174     0.00162       0.16  %   10000     
1.448632e+03      3.67            0.04            1.01205     0.00162       0.16  %   10000     
1.448641e+03      3.73            0.04            1.01009     0.00148       0.15  %   10000     
1.448722e+03      4.45            0.04            1.00994     0.00146       0.14  %   10000     
1.448764e+03      4.83            0.06            1.01176     0.00160       0.16  %   10000     
1.448806e+03      5.35            0.06            1.01038     0.00149       0.15  %   10000     
1.448887e+03      6.31            0.08            1.01274     0.00167       0.16  %   10000     
1.448907e+03      6.63            0.06            1.00854     0.00136       0.14  %   10000     
1.449007e+03      8.21            0.10            1.01161     0.00161       0.16  %   10000     
1.449016e+03      8.35            0.11            1.01301     0.00170       0.17  %   10000     
1.449104e+03      10.15           0.11            1.01068     0.00155       0.15  %   10000     
1.449159e+03      11.28           0.17            1.01511     0.00187       0.18  %   10000     
1.449218e+03      12.82           0.15            1.01143     0.00163       0.16  %   10000     
1.449318e+03      15.40           0.22            1.01422     0.00185       0.18  %   10000     
1.449349e+03      16.39           0.26            1.01568     0.00194       0.19  %   10000     
1.449508e+03      21.46           0.34            1.01604     0.00200       0.20  %   10000     
1.449535e+03      22.30           0.35            1.01571     0.00199       0.20  %   10000     
1.449764e+03      30.09           0.54            1.01784     0.00217       0.21  %   10000     
1.449935e+03      35.79           0.56            1.01555     0.00205       0.20  %   10000     
1.450067e+03      38.80           0.67            1.01724     0.00220       0.22  %   10000     
1.450150e+03      40.69           0.88            1.02157     0.00246       0.24  %   10000     
1.450278e+03      41.70           0.78            1.01882     0.00235       0.23  %   10000     
1.450349e+03      42.29           1.12            1.02655     0.00279       0.27  %   10000     
1.450356e+03      42.29           0.82            1.01950     0.00239       0.23  %   10000     
1.450445e+03      41.55           1.24            1.02977     0.00299       0.29  %   10000     
1.450511e+03      41.04           0.88            1.02149     0.00256       0.25  %   10000     
1.450539e+03      40.83           0.87            1.02120     0.00254       0.25  %   10000     
1.450675e+03      37.96           0.92            1.02421     0.00277       0.27  %   10000     
1.450718e+03      37.07           0.98            1.02651     0.00290       0.28  %   10000     
1.450918e+03      30.68           1.02            1.03336     0.00335       0.32  %   10000     
1.451025e+03      27.25           0.78            1.02865     0.00315       0.31  %   10000     
1.451312e+03      17.61           0.84            1.04752     0.00431       0.41  %   10000     
1.451469e+03      13.20           0.49            1.03716     0.00397       0.38  %   10000     
1.451492e+03      12.57           0.56            1.04445     0.00438       0.42  %   10000     
1.451635e+03      9.38            0.52            1.05549     0.00514       0.49  %   10000     
1.451693e+03      8.36            0.43            1.05105     0.00355       0.34  %   20000     
1.451760e+03      7.17            0.35            1.04853     0.00506       0.48  %   10000     
1.451879e+03      5.55            0.38            1.06818     0.00446       0.42  %   20000     
1.451894e+03      5.39            0.37            1.06790     0.00447       0.42  %   20000     
1.452002e+03      4.27            0.33            1.07843     0.00509       0.47  %   20000     
1.452073e+03      3.71            0.31            1.08430     0.00444       0.41  %   30000     
1.452113e+03      3.39            0.34            1.09970     0.00495       0.45  %   30000     
1.452225e+03      2.73            0.26            1.09610     0.00514       0.47  %   30000     
1.452259e+03      2.57            0.28            1.10831     0.00553       0.50  %   30000     
1.452337e+03      2.23            0.27            1.11901     0.00525       0.47  %   40000     
1.452471e+03      1.79            0.24            1.13630     0.00534       0.47  %   50000     
1.452521e+03      1.68            0.23            1.13482     0.00540       0.48  %   50000     
1.452609e+03      1.48            0.22            1.15234     0.00547       0.47  %   60000     
1.452764e+03      1.22            0.22            1.18311     0.00588       0.50  %   70000     
1.452860e+03      1.11            0.21            1.18814     0.00571       0.48  %   80000     
1.452958e+03      1.00            0.19            1.19395     0.00568       0.48  %   90000     
1.453168e+03      0.84            0.19            1.22902     0.00620       0.50  %   100000    
1.453328e+03      0.75            0.18            1.24453     0.00660       0.53  %   100000    
1.453440e+03      0.69            0.18            1.26824     0.00713       0.56  %   100000    
1.453767e+03      0.56            0.17            1.29891     0.00803       0.62  %   100000    
1.453922e+03      0.52            0.17            1.31607     0.00843       0.64  %   100000    
1.454147e+03      0.47            0.16            1.33929     0.00912       0.68  %   100000    
1.454551e+03      0.39            0.15            1.38843     0.01035       0.75  %   100000    
1.455002e+03      0.33            0.13            1.40150     0.01105       0.79  %   100000    
1.455037e+03      0.33            0.14            1.41071     0.01123       0.80  %   100000    
1.455692e+03      0.27            0.12            1.44347     0.01247       0.86  %   100000    
1.456380e+03      0.23            0.10            1.42796     0.01286       0.90  %   100000    
1.456513e+03      0.23            0.10            1.44527     0.01318       0.91  %   100000    
1.457206e+03      0.20            0.09            1.43009     0.01352       0.95  %   100000    
1.458320e+03      0.18            0.07            1.38092     0.01324       0.96  %   100000    
1.459292e+03      0.16            0.05            1.31703     0.01221       0.93  %   100000    
1.459717e+03      0.16            0.05            1.29892     0.01196       0.92  %   100000    
1.461394e+03      0.15            0.04            1.26405     0.01119       0.89  %   100000    
1.461953e+03      0.15            0.04            1.27478     0.01130       0.89  %   100000    
1.463593e+03      0.15            0.04            1.22762     0.00974       0.79  %   100000    
1.464685e+03      0.17            0.03            1.19733     0.00852       0.71  %   100000    
1.465505e+03      0.19            0.03            1.18613     0.00771       0.65  %   100000    
1.465800e+03      0.20            0.03            1.16955     0.00709       0.61  %   100000    
1.466051e+03      0.21            0.03            1.15006     0.00646       0.56  %   100000    
1.466468e+03      0.23            0.03            1.12470     0.00547       0.49  %   100000    
1.466755e+03      0.26            0.03            1.11209     0.00542       0.49  %   80000     
1.467006e+03      0.30            0.03            1.10150     0.00509       0.46  %   70000     
1.467007e+03      0.30            0.03            1.08449     0.00502       0.46  %   60000     
1.467186e+03      0.35            0.02            1.07108     0.00520       0.49  %   40000     
1.467329e+03      0.41            0.03            1.07350     0.00485       0.45  %   40000     
1.467455e+03      0.50            0.03            1.05898     0.00458       0.43  %   30000     
1.467562e+03      0.61            0.03            1.04813     0.00462       0.44  %   20000     
1.467670e+03      0.76            0.03            1.03336     0.00491       0.47  %   10000     
1.467759e+03      0.93            0.03            1.03684     0.00470       0.45  %   10000     
1.467849e+03      1.15            0.02            1.01852     0.00304       0.30  %   10000     
1.467939e+03      1.45            0.02            1.01621     0.00259       0.25  %   10000     
1.467988e+03      1.66            0.02            1.01493     0.00236       0.23  %   10000     
1.468046e+03      1.91            0.03            1.01315     0.00210       0.21  %   10000     
1.468053e+03      1.95            0.02            1.01165     0.00197       0.19  %   10000     
1.468158e+03      2.54            0.03            1.01148     0.00179       0.18  %   10000     
1.468282e+03      3.45            0.03            1.00726     0.00130       0.13  %   10000     
1.468309e+03      3.71            0.02            1.00630     0.00119       0.12  %   10000     
1.468419e+03      4.75            0.02            1.00505     0.00101       0.10  %   10000     
1.468541e+03      6.19            0.03            1.00455     0.00091       0.09  %   10000     
1.468587e+03      6.73            0.03            1.00426     0.00087       0.09  %   10000     
1.468761e+03      9.15            0.03            1.00344     0.00075       0.07  %   10000     
1.469098e+03      13.81           0.02            1.00170     0.00051       0.05  %   10000     
1.469111e+03      13.92           0.05            1.00387     0.00077       0.08  %   10000     
1.469300e+03      15.65           0.07            1.00417     0.00080       0.08  %   10000     
1.469456e+03      16.14           0.04            1.00237     0.00061       0.06  %   10000     
1.469474e+03      16.19           0.07            1.00410     0.00080       0.08  %   10000     
1.469651e+03      15.62           0.07            1.00439     0.00084       0.08  %   10000     
1.469701e+03      15.16           0.07            1.00430     0.00084       0.08  %   10000     
1.469794e+03      14.29           0.09            1.00628     0.00103       0.10  %   10000     
1.469856e+03      13.71           0.07            1.00499     0.00093       0.09  %   10000     
1.470042e+03      11.16           0.06            1.00522     0.00099       0.10  %   10000     
1.470398e+03      6.28            0.05            1.00818     0.00138       0.14  %   10000     
1.470553e+03      4.54            0.05            1.01146     0.00177       0.17  %   10000     
1.470685e+03      3.36            0.06            1.01696     0.00232       0.23  %   10000     
1.470805e+03      2.53            0.06            1.02405     0.00300       0.29  %   10000     
1.470870e+03      2.18            0.06            1.02785     0.00337       0.33  %   10000     
1.470911e+03      1.95            0.04            1.02155     0.00307       0.30  %   10000     
1.471018e+03      1.52            0.05            1.03170     0.00405       0.39  %   10000     
1.471125e+03      1.20            0.04            1.03536     0.00463       0.45  %   10000     
1.471232e+03      0.98            0.04            1.04354     0.00390       0.37  %   20000     
1.471238e+03      0.97            0.04            1.04343     0.00390       0.37  %   20000     
1.471339e+03      0.82            0.04            1.05347     0.00460       0.44  %   20000     
1.471445e+03      0.71            0.04            1.05581     0.00494       0.47  %   20000     
1.471552e+03      0.64            0.04            1.06548     0.00450       0.42  %   30000     
1.471680e+03      0.60            0.04            1.06533     0.00457       0.43  %   30000     
1.471762e+03      0.59            0.03            1.05777     0.00428       0.40  %   30000     
1.471830e+03      0.58            0.04            1.07001     0.00470       0.44  %   30000     
1.471979e+03      0.60            0.03            1.05341     0.00490       0.47  %   20000     
1.472128e+03      0.64            0.03            1.05434     0.00471       0.45  %   20000     
1.472277e+03      0.72            0.04            1.04881     0.00417       0.40  %   20000     
1.472389e+03      0.82            0.03            1.03460     0.00465       0.45  %   10000     
1.472502e+03      0.96            0.03            1.03228     0.00416       0.40  %   10000     
1.472544e+03      1.04            0.03            1.02704     0.00367       0.36  %   10000     
1.472613e+03      1.16            0.04            1.03087     0.00373       0.36  %   10000     
1.472726e+03      1.45            0.03            1.02386     0.00300       0.29  %   10000     
1.472828e+03      1.82            0.03            1.01564     0.00223       0.22  %   10000     
1.472857e+03      1.96            0.04            1.01816     0.00234       0.23  %   10000     
1.472924e+03      2.28            0.03            1.01518     0.00204       0.20  %   10000     
1.473034e+03      2.98            0.03            1.01114     0.00162       0.16  %   10000     
1.473042e+03      3.04            0.03            1.00937     0.00148       0.15  %   10000     
1.473143e+03      3.90            0.03            1.00861     0.00134       0.13  %   10000     
1.473165e+03      4.14            0.03            1.00717     0.00121       0.12  %   10000     
1.473254e+03      5.11            0.03            1.00575     0.00105       0.10  %   10000     
1.473319e+03      6.00            0.04            1.00638     0.00108       0.11  %   10000     
1.473384e+03      6.90            0.04            1.00550     0.00099       0.10  %   10000     
1.473450e+03      8.06            0.04            1.00515     0.00094       0.09  %   10000     
1.473533e+03      9.50            0.05            1.00573     0.00098       0.10  %   10000     
1.473600e+03      10.96           0.05            1.00495     0.00090       0.09  %   10000     
1.473738e+03      13.91           0.08            1.00588     0.00098       0.10  %   10000     
1.473773e+03      14.71           0.10            1.00667     0.00104       0.10  %   10000     
1.474042e+03      20.86           0.12            1.00574     0.00097       0.10  %   10000     
1.474126e+03      22.77           0.11            1.00477     0.00088       0.09  %   10000     
1.474318e+03      25.82           0.16            1.00639     0.00103       0.10  %   10000     
1.474364e+03      26.14           0.23            1.00867     0.00121       0.12  %   10000     
1.474485e+03      26.97           0.16            1.00602     0.00102       0.10  %   10000     
1.474522e+03      27.01           0.23            1.00849     0.00121       0.12  %   10000     
1.474585e+03      26.69           0.19            1.00723     0.00113       0.11  %   10000     
1.474689e+03      26.18           0.19            1.00735     0.00114       0.11  %   10000     
1.474758e+03      25.18           0.20            1.00787     0.00120       0.12  %   10000     
1.474890e+03      23.27           0.25            1.01072     0.00142       0.14  %   10000     
1.474978e+03      21.30           0.24            1.01129     0.00148       0.15  %   10000     
1.475206e+03      16.24           0.22            1.01349     0.00168       0.17  %   10000     
1.475260e+03      15.01           0.16            1.01082     0.00153       0.15  %   10000     
1.475456e+03      10.60           0.15            1.01440     0.00187       0.18  %   10000     
1.475619e+03      7.56            0.11            1.01442     0.00199       0.20  %   10000     
1.475712e+03      6.17            0.12            1.01888     0.00237       0.23  %   10000     
1.475754e+03      5.55            0.11            1.02052     0.00254       0.25  %   10000     
1.475869e+03      4.21            0.11            1.02601     0.00305       0.30  %   10000     
1.475967e+03      3.32            0.09            1.02844     0.00339       0.33  %   10000     
1.475983e+03      3.17            0.11            1.03507     0.00381       0.37  %   10000     
1.476080e+03      2.50            0.10            1.04095     0.00442       0.42  %   10000     
1.476179e+03      1.97            0.08            1.04006     0.00470       0.45  %   10000     
1.476239e+03      1.73            0.09            1.05470     0.00404       0.38  %   20000     
1.476278e+03      1.57            0.09            1.05820     0.00431       0.41  %   20000     
1.476376e+03      1.27            0.09            1.07184     0.00515       0.48  %   20000     
1.476491e+03      1.02            0.09            1.09025     0.00507       0.47  %   30000     
1.476521e+03      0.97            0.09            1.09320     0.00523       0.48  %   30000     
1.476604e+03      0.84            0.09            1.10151     0.00499       0.45  %   40000     
1.476729e+03      0.71            0.08            1.11019     0.00495       0.45  %   50000     
1.476887e+03      0.60            0.07            1.12450     0.00558       0.50  %   50000     
1.476973e+03      0.56            0.08            1.14005     0.00551       0.48  %   60000     
1.477044e+03      0.53            0.07            1.13755     0.00559       0.49  %   60000     
1.477296e+03      0.46            0.07            1.15372     0.00574       0.50  %   70000     
1.477647e+03      0.40            0.07            1.16383     0.00574       0.49  %   80000     
1.477656e+03      0.40            0.06            1.16023     0.00568       0.49  %   80000     
1.478141e+03      0.36            0.06            1.17122     0.00569       0.49  %   90000     
1.478734e+03      0.34            0.06            1.16606     0.00559       0.48  %   90000     
1.479022e+03      0.33            0.05            1.15948     0.00575       0.50  %   80000     
1.479130e+03      0.33            0.05            1.15663     0.00568       0.49  %   80000     
1.480090e+03      0.34            0.04            1.13043     0.00526       0.47  %   70000     
1.481051e+03      0.37            0.03            1.08479     0.00516       0.48  %   40000     
1.481556e+03      0.40            0.03            1.06865     0.00506       0.47  %   30000     
1.482011e+03      0.42            0.02            1.05094     0.00416       0.40  %   30000     
1.482971e+03      0.51            0.02            1.04552     0.00427       0.41  %   20000     
1.483408e+03      0.57            0.02            1.03680     0.00509       0.49  %   10000     
1.483747e+03      0.61            0.02            1.03918     0.00504       0.49  %   10000     
1.484412e+03      0.73            0.03            1.03530     0.00436       0.42  %   10000     
1.484521e+03      0.76            0.02            1.02409     0.00354       0.35  %   10000     
1.484707e+03      0.81            0.02            1.02140     0.00326       0.32  %   10000     
1.485065e+03      0.90            0.02            1.02446     0.00335       0.33  %   10000     
1.485241e+03      0.97            0.02            1.02417     0.00325       0.32  %   10000     
1.485625e+03      1.11            0.02            1.01733     0.00267       0.26  %   10000     
1.485764e+03      1.18            0.02            1.01597     0.00252       0.25  %   10000     
1.486087e+03      1.35            0.03            1.02285     0.00297       0.29  %   10000     
1.486200e+03      1.43            0.02            1.01138     0.00207       0.21  %   10000     
1.486518e+03      1.66            0.03            1.01879     0.00265       0.26  %   10000     
1.486565e+03      1.71            0.03            1.01717     0.00253       0.25  %   10000     
1.486843e+03      1.99            0.03            1.01384     0.00227       0.22  %   10000     
1.486888e+03      2.03            0.03            1.01471     0.00235       0.23  %   10000     
1.487121e+03      2.36            0.04            1.01782     0.00259       0.25  %   10000     
1.487225e+03      2.51            0.04            1.01704     0.00256       0.25  %   10000     
1.487353e+03      2.76            0.04            1.01474     0.00239       0.24  %   10000     
1.487525e+03      3.10            0.05            1.01644     0.00256       0.25  %   10000     
1.487566e+03      3.22            0.07            1.02082     0.00288       0.28  %   10000     
1.487772e+03      3.80            0.09            1.02366     0.00312       0.31  %   10000     
1.487783e+03      3.84            0.10            1.02544     0.00325       0.32  %   10000     
1.487946e+03      4.48            0.10            1.02262     0.00310       0.30  %   10000     
1.487986e+03      4.64            0.11            1.02473     0.00327       0.32  %   10000     
1.488120e+03      5.39            0.14            1.02591     0.00336       0.33  %   10000     
1.488189e+03      5.78            0.13            1.02298     0.00321       0.31  %   10000     
1.488276e+03      6.46            0.13            1.02031     0.00302       0.30  %   10000     
1.488363e+03      7.15            0.20            1.02742     0.00356       0.35  %   10000     
1.488438e+03      7.95            0.25            1.03204     0.00384       0.37  %   10000     
1.488508e+03      8.68            0.21            1.02472     0.00342       0.33  %   10000     
1.488597e+03      9.94            0.31            1.03084     0.00381       0.37  %   10000     
1.488666e+03      10.91           0.26            1.02429     0.00343       0.33  %   10000     
1.488752e+03      12.51           0.29            1.02325     0.00335       0.33  %   10000     
1.488814e+03      13.64           0.37            1.02720     0.00366       0.36  %   10000     
1.488911e+03      15.97           0.49            1.03053     0.00387       0.38  %   10000     
1.488986e+03      17.71           0.52            1.02920     0.00382       0.37  %   10000     
1.489074e+03      20.40           0.64            1.03155     0.00396       0.38  %   10000     
1.489171e+03      23.29           0.75            1.03233     0.00406       0.39  %   10000     
1.489259e+03      26.56           0.89            1.03369     0.00413       0.40  %   10000     
1.489403e+03      31.67           1.07            1.03363     0.00419       0.41  %   10000     
1.489491e+03      35.09           1.26            1.03588     0.00434       0.42  %   10000     
1.489871e+03      48.70           1.97            1.04041     0.00471       0.45  %   10000     
1.490029e+03      52.34           2.22            1.04251     0.00492       0.47  %   10000     
1.490066e+03      53.23           2.54            1.04772     0.00522       0.50  %   10000     
1.490275e+03      55.05           2.40            1.04354     0.00511       0.49  %   10000     
1.490289e+03      55.21           2.80            1.05079     0.00390       0.37  %   20000     
1.490304e+03      55.23           2.58            1.04666     0.00375       0.36  %   20000     
1.490493e+03      53.59           2.56            1.04772     0.00389       0.37  %   20000     
1.490525e+03      53.36           3.02            1.05662     0.00425       0.40  %   20000     
1.490556e+03      52.65           2.80            1.05310     0.00414       0.39  %   20000     
1.490746e+03      48.53           3.14            1.06464     0.00468       0.44  %   20000     
1.490815e+03      46.23           2.72            1.05877     0.00454       0.43  %   20000     
1.491129e+03      35.99           2.78            1.07718     0.00449       0.42  %   30000     
1.491418e+03      26.14           2.29            1.08745     0.00509       0.47  %   30000     
1.491630e+03      20.07           1.90            1.09464     0.00481       0.44  %   40000     
1.491728e+03      17.82           1.85            1.10388     0.00510       0.46  %   40000     
1.491820e+03      15.66           1.82            1.11602     0.00554       0.50  %   40000     
1.492010e+03      12.23           1.59            1.12988     0.00543       0.48  %   50000     
1.492179e+03      9.87            1.34            1.13616     0.00527       0.46  %   60000     
1.492282e+03      8.81            1.26            1.14291     0.00545       0.48  %   60000     
1.492377e+03      7.80            1.14            1.14641     0.00566       0.49  %   60000     
1.492535e+03      6.56            1.01            1.15392     0.00549       0.48  %   70000     
1.492557e+03      6.39            1.03            1.16152     0.00565       0.49  %   70000     
1.492772e+03      5.14            0.86            1.16816     0.00557       0.48  %   80000     
1.492779e+03      5.10            0.88            1.17162     0.00563       0.48  %   80000     
1.493004e+03      4.15            0.71            1.17184     0.00583       0.50  %   80000     
1.493054e+03      4.00            0.80            1.19913     0.00593       0.49  %   90000     
1.493251e+03      3.39            0.70            1.20552     0.00590       0.49  %   100000    
1.493406e+03      3.04            0.63            1.20698     0.00599       0.50  %   100000    
1.493533e+03      2.75            0.59            1.21412     0.00623       0.51  %   100000    
1.493815e+03      2.29            0.55            1.24134     0.00681       0.55  %   100000    
1.493829e+03      2.27            0.57            1.25090     0.00695       0.56  %   100000    
1.494160e+03      1.87            0.46            1.24863     0.00720       0.58  %   100000    
1.494322e+03      1.73            0.44            1.25495     0.00736       0.59  %   100000    
1.494541e+03      1.53            0.43            1.28294     0.00798       0.62  %   100000    
1.494830e+03      1.35            0.41            1.30456     0.00846       0.65  %   100000    
1.494959e+03      1.26            0.38            1.30376     0.00860       0.66  %   100000    
1.495456e+03      1.03            0.36            1.34457     0.00955       0.71  %   100000    
1.495496e+03      1.02            0.34            1.33536     0.00944       0.71  %   100000    
1.496057e+03      0.83            0.29            1.35207     0.01016       0.75  %   100000    
1.496321e+03      0.77            0.30            1.38250     0.01072       0.78  %   100000    
1.496691e+03      0.69            0.29            1.42201     0.01163       0.82  %   100000    
1.497326e+03      0.58            0.25            1.42945     0.01217       0.85  %   100000    
1.497431e+03      0.57            0.25            1.44745     0.01245       0.86  %   100000    
1.498119e+03      0.49            0.23            1.47554     0.01331       0.90  %   100000    
1.498558e+03      0.46            0.22            1.48755     0.01360       0.91  %   100000    
1.498979e+03      0.44            0.21            1.46648     0.01322       0.90  %   100000    
1.499119e+03      0.44            0.21            1.47383     0.01322       0.90  %   100000    
1.499124e+03      0.44            0.21            1.48297     0.01334       0.90  %   100000    
1.499399e+03      0.46            0.19            1.41950     0.01208       0.85  %   100000    
1.499610e+03      0.50            0.19            1.38587     0.01101       0.79  %   100000    
1.499736e+03      0.55            0.19            1.34336     0.00988       0.74  %   100000    
1.499862e+03      0.62            0.19            1.29801     0.00859       0.66  %   100000    
1.499988e+03      0.74            0.17            1.23238     0.00695       0.56  %   100000    
1.500094e+03      0.88            0.17            1.19623     0.00585       0.49  %   100000    
1.500199e+03      1.07            0.16            1.14925     0.00553       0.48  %   70000     
1.500304e+03      1.32            0.17            1.12747     0.00546       0.48  %   50000     
1.500430e+03      1.73            0.17            1.09848     0.00546       0.50  %   30000     
1.500556e+03      2.25            0.19            1.08436     0.00447       0.41  %   30000     
1.500609e+03      2.52            0.14            1.05740     0.00430       0.41  %   20000     
1.500704e+03      3.02            0.11            1.03793     0.00458       0.44  %   10000     
1.500824e+03      3.80            0.14            1.03752     0.00415       0.40  %   10000     
1.500921e+03      4.43            0.19            1.04227     0.00416       0.40  %   10000     
1.501281e+03      6.92            0.16            1.02311     0.00266       0.26  %   10000     
1.501312e+03      7.07            0.17            1.02374     0.00268       0.26  %   10000     
1.501493e+03      7.94            0.14            1.01806     0.00227       0.22  %   10000     
1.501686e+03      8.28            0.16            1.01962     0.00235       0.23  %   10000     
1.501868e+03      7.98            0.19            1.02400     0.00266       0.26  %   10000     
1.501968e+03      7.51            0.19            1.02554     0.00281       0.27  %   10000     
1.502074e+03      7.01            0.17            1.02389     0.00279       0.27  %   10000     
1.502155e+03      6.46            0.19            1.02953     0.00319       0.31  %   10000     
1.502617e+03      3.29            0.21            1.06302     0.00422       0.40  %   20000     
1.502620e+03      3.27            0.18            1.05476     0.00394       0.37  %   20000     
1.502785e+03      2.34            0.18            1.07711     0.00535       0.50  %   20000     
1.502921e+03      1.74            0.17            1.09863     0.00484       0.44  %   40000     
1.503043e+03      1.32            0.18            1.13754     0.00526       0.46  %   60000     
1.503156e+03      1.02            0.17            1.17044     0.00568       0.49  %   80000     
1.503271e+03      0.79            0.16            1.20612     0.00626       0.52  %   100000    
1.503387e+03      0.62            0.18            1.28187     0.00813       0.63  %   100000    
1.503502e+03      0.50            0.17            1.33133     0.00969       0.73  %   100000    
1.503609e+03      0.43            0.17            1.38815     0.01129       0.81  %   100000    
1.503617e+03      0.42            0.16            1.38535     0.01132       0.82  %   100000    
1.503761e+03      0.35            0.16            1.44830     0.01327       0.92  %   100000    
1.503877e+03      0.31            0.16            1.51676     0.01499       0.99  %   100000    
1.504064e+03      0.28            0.16            1.57137     0.01671       1.06  %   100000    
1.504282e+03      0.25            0.15            1.61015     0.01805       1.12  %   100000    
1.504663e+03      0.22            0.13            1.60519     0.01879       1.17  %   100000    
1.504717e+03      0.22            0.14            1.62219     0.01919       1.18  %   100000    
1.505443e+03      0.19            0.12            1.65398     0.02081       1.26  %   100000    
1.506313e+03      0.17            0.10            1.62163     0.02117       1.31  %   100000    
1.507565e+03      0.15            0.09            1.60948     0.02177       1.35  %   100000    
1.507648e+03      0.15            0.10            1.70123     0.02341       1.38  %   100000    
1.509650e+03      0.13            0.10            1.76584     0.02570       1.46  %   100000    
1.512273e+03      0.11            0.09            1.76926     0.02670       1.51  %   100000    
1.512344e+03      0.11            0.09            1.78280     0.02694       1.51  %   100000    
1.515377e+03      0.10            0.08            1.80078     0.02811       1.56  %   100000    
1.518738e+03      0.09            0.07            1.78523     0.02806       1.57  %   100000    
1.520732e+03      0.09            0.06            1.65043     0.02531       1.53  %   100000    
1.520857e+03      0.09            0.05            1.55559     0.02339       1.50  %   100000    
1.523211e+03      0.09            0.02            1.22697     0.01448       1.18  %   100000    
1.524682e+03      0.10            0.02            1.18767     0.01258       1.06  %   100000    
1.525564e+03      0.11            0.02            1.14213     0.01044       0.91  %   100000    
1.526315e+03      0.12            0.01            1.10534     0.00843       0.76  %   100000    
1.526813e+03      0.14            0.01            1.07719     0.00677       0.63  %   100000    
1.526816e+03      0.14            0.01            1.09374     0.00745       0.68  %   100000    
1.527192e+03      0.16            0.01            1.09025     0.00680       0.62  %   100000    
1.527442e+03      0.18            0.01            1.07774     0.00591       0.55  %   100000    
1.527664e+03      0.21            0.01            1.06894     0.00513       0.48  %   100000    
1.527833e+03      0.24            0.01            1.05561     0.00507       0.48  %   70000     
1.527955e+03      0.28            0.01            1.03904     0.00466       0.45  %   50000     
1.528076e+03      0.34            0.01            1.02942     0.00477       0.46  %   30000     
1.528173e+03      0.40            0.01            1.02449     0.00490       0.48  %   20000     
1.528282e+03      0.50            0.01            1.02372     0.00433       0.42  %   20000     
1.528385e+03      0.64            0.01            1.01965     0.00353       0.35  %   20000     
1.528485e+03      0.81            0.01            1.01620     0.00405       0.40  %   10000     
1.528586e+03      1.04            0.01            1.00726     0.00242       0.24  %   10000     
1.528652e+03      1.24            0.01            1.00966     0.00258       0.26  %   10000     
1.528686e+03      1.35            0.01            1.00842     0.00233       0.23  %   10000     
1.528801e+03      1.80            0.01            1.00616     0.00178       0.18  %   10000     
1.528911e+03      2.36            0.01            1.00502     0.00145       0.14  %   10000     
1.528958e+03      2.65            0.01            1.00384     0.00121       0.12  %   10000     
1.529041e+03      3.18            0.01            1.00274     0.00097       0.10  %   10000     
1.529206e+03      4.49            0.02            1.00474     0.00115       0.11  %   10000     
1.529254e+03      4.96            0.01            1.00237     0.00079       0.08  %   10000     
1.529468e+03      7.04            0.02            1.00227     0.00072       0.07  %   10000     
1.529586e+03      8.19            0.03            1.00323     0.00083       0.08  %   10000     
1.529752e+03      9.81            0.01            1.00122     0.00050       0.05  %   10000     
1.529948e+03      11.16           0.01            1.00120     0.00049       0.05  %   10000     
1.530137e+03      11.68           0.03            1.00243     0.00070       0.07  %   10000     
1.530154e+03      11.68           0.04            1.00305     0.00079       0.08  %   10000     
1.530338e+03      11.25           0.04            1.00316     0.00081       0.08  %   10000     
1.530418e+03      10.74           0.04            1.00413     0.00095       0.09  %   10000     
1.530488e+03      10.29           0.04            1.00379     0.00092       0.09  %   10000     
1.530523e+03      10.06           0.02            1.00248     0.00075       0.07  %   10000     
1.530796e+03      7.44            0.03            1.00423     0.00106       0.11  %   10000     
1.530831e+03      7.11            0.05            1.00676     0.00135       0.13  %   10000     
1.531089e+03      4.59            0.03            1.00694     0.00155       0.15  %   10000     
1.531255e+03      3.25            0.03            1.01040     0.00212       0.21  %   10000     
1.531388e+03      2.40            0.02            1.00696     0.00193       0.19  %   10000     
1.531502e+03      1.82            0.03            1.01900     0.00352       0.35  %   10000     
1.531618e+03      1.36            0.02            1.01573     0.00361       0.36  %   10000     
1.531719e+03      1.05            0.03            1.02460     0.00355       0.35  %   20000     
1.531820e+03      0.81            0.03            1.03493     0.00470       0.45  %   20000     
1.531922e+03      0.64            0.03            1.04229     0.00469       0.45  %   30000     
1.532018e+03      0.51            0.03            1.05842     0.00524       0.49  %   40000     
1.532025e+03      0.50            0.02            1.04412     0.00459       0.44  %   40000     
1.532134e+03      0.40            0.02            1.05504     0.00508       0.48  %   50000     
1.532254e+03      0.33            0.03            1.07700     0.00524       0.49  %   80000     
1.532375e+03      0.27            0.02            1.09116     0.00554       0.51  %   100000    
1.532520e+03      0.23            0.02            1.08680     0.00585       0.54  %   100000    
1.532688e+03      0.20            0.02            1.11339     0.00715       0.64  %   100000    
1.532898e+03      0.17            0.02            1.11559     0.00766       0.69  %   100000    
1.532912e+03      0.17            0.02            1.12844     0.00810       0.72  %   100000    
1.533168e+03      0.15            0.02            1.11578     0.00814       0.73  %   100000    
1.533599e+03      0.13            0.02            1.14163     0.00960       0.84  %   100000    
1.534030e+03      0.12            0.02            1.15031     0.01034       0.90  %   100000    
1.534703e+03      0.11            0.02            1.15299     0.01089       0.94  %   100000    
1.535425e+03      0.10            0.02            1.16349     0.01155       0.99  %   100000    
1.535540e+03      0.10            0.02            1.16076     0.01147       0.99  %   100000    
1.536389e+03      0.09            0.01            1.15703     0.01153       1.00  %   100000    
1.538316e+03      0.09            0.01            1.14230     0.01100       0.96  %   100000    
1.540217e+03      0.09            0.01            1.15063     0.01101       0.96  %   100000    
1.542117e+03      0.10            0.01            1.11664     0.00918       0.82  %   100000    
1.543788e+03      0.11            0.01            1.10890     0.00825       0.74  %   100000    
1.544999e+03      0.13            0.01            1.09249     0.00705       0.64  %   100000    
1.545006e+03      0.13            0.01            1.09721     0.00722       0.66  %   100000    
1.546008e+03      0.15            0.01            1.08196     0.00604       0.56  %   100000    
1.546807e+03      0.17            0.01            1.06384     0.00511       0.48  %   90000     
1.547463e+03      0.21            0.01            1.05406     0.00522       0.50  %   60000     
1.547483e+03      0.21            0.01            1.05552     0.00488       0.46  %   70000     
1.547966e+03      0.24            0.01            1.03738     0.00482       0.46  %   40000     
1.548406e+03      0.29            0.01            1.03922     0.00447       0.43  %   40000     
1.548776e+03      0.35            0.01            1.02344     0.00443       0.43  %   20000     
1.549008e+03      0.40            0.01            1.02537     0.00428       0.42  %   20000     
1.549084e+03      0.41            0.01            1.01521     0.00458       0.45  %   10000     
1.549355e+03      0.50            0.01            1.01469     0.00407       0.40  %   10000     
1.549564e+03      0.59            0.01            1.02078     0.00443       0.43  %   10000     
1.549732e+03      0.69            0.01            1.01444     0.00340       0.34  %   10000     
1.549885e+03      0.82            0.01            1.01287     0.00295       0.29  %   10000     
1.550023e+03      0.98            0.01            1.00513     0.00171       0.17  %   10000     
1.550161e+03      1.22            0.01            1.00895     0.00205       0.20  %   10000     
1.550190e+03      1.29            0.01            1.00404     0.00135       0.13  %   10000     
1.550235e+03      1.40            0.01            1.00506     0.00146       0.15  %   10000     
1.550281e+03      1.51            0.01            1.00359     0.00120       0.12  %   10000     
1.550393e+03      1.88            0.01            1.00617     0.00145       0.14  %   10000     
1.550418e+03      2.00            0.01            1.00428     0.00119       0.12  %   10000     
1.550506e+03      2.40            0.01            1.00328     0.00099       0.10  %   10000     
1.550570e+03      2.79            0.01            1.00385     0.00103       0.10  %   10000     
1.550620e+03      3.10            0.01            1.00449     0.00109       0.11  %   10000     
1.550721e+03      3.92            0.01            1.00240     0.00076       0.08  %   10000     
1.550734e+03      4.03            0.01            1.00167     0.00063       0.06  %   10000     
1.550842e+03      5.17            0.03            1.00513     0.00107       0.11  %   10000     
1.550859e+03      5.41            0.01            1.00264     0.00076       0.08  %   10000     
1.550964e+03      6.83            0.01            1.00148     0.00056       0.06  %   10000     
1.550981e+03      7.14            0.02            1.00251     0.00073       0.07  %   10000     
1.551098e+03      9.17            0.02            1.00204     0.00065       0.06  %   10000     
1.551104e+03      9.29            0.02            1.00265     0.00073       0.07  %   10000     
1.551243e+03      12.33           0.01            1.00100     0.00045       0.04  %   10000     
1.551256e+03      12.60           0.03            1.00241     0.00070       0.07  %   10000     
1.551396e+03      16.37           0.07            1.00400     0.00089       0.09  %   10000     
1.551472e+03      18.37           0.04            1.00223     0.00067       0.07  %   10000     
1.551619e+03      22.57           0.09            1.00388     0.00089       0.09  %   10000     
1.551881e+03      29.98           0.09            1.00313     0.00081       0.08  %   10000     
1.552035e+03      32.86           0.06            1.00194     0.00065       0.06  %   10000     
1.552105e+03      34.18           0.16            1.00475     0.00101       0.10  %   10000     
1.552256e+03      35.11           0.15            1.00424     0.00097       0.10  %   10000     
1.552295e+03      35.36           0.19            1.00535     0.00109       0.11  %   10000     
1.552449e+03      34.26           0.22            1.00648     0.00122       0.12  %   10000     
1.552471e+03      34.11           0.15            1.00441     0.00101       0.10  %   10000     
1.552493e+03      33.95           0.22            1.00650     0.00123       0.12  %   10000     
1.552684e+03      30.39           0.23            1.00754     0.00135       0.13  %   10000     
1.552907e+03      24.23           0.25            1.01047     0.00165       0.16  %   10000     
1.553008e+03      21.44           0.21            1.01000     0.00164       0.16  %   10000     
1.553280e+03      13.82           0.19            1.01341     0.00204       0.20  %   10000     
1.553441e+03      10.12           0.16            1.01559     0.00232       0.23  %   10000     
1.553448e+03      9.96            0.14            1.01361     0.00217       0.21  %   10000     
1.553584e+03      7.44            0.13            1.01698     0.00258       0.25  %   10000     
1.553686e+03      5.96            0.10            1.01601     0.00263       0.26  %   10000     
1.553706e+03      5.65            0.09            1.01558     0.00263       0.26  %   10000     
1.553823e+03      4.31            0.11            1.02504     0.00357       0.35  %   10000     
1.553884e+03      3.77            0.10            1.02673     0.00381       0.37  %   10000     
1.553926e+03      3.40            0.10            1.02906     0.00410       0.40  %   10000     
1.554028e+03      2.70            0.09            1.03409     0.00476       0.46  %   10000     
1.554120e+03      2.22            0.07            1.03296     0.00496       0.48  %   10000     
1.554140e+03      2.11            0.09            1.04033     0.00394       0.38  %   20000     
1.554255e+03      1.67            0.07            1.04370     0.00445       0.43  %   20000     
1.554369e+03      1.35            0.07            1.05496     0.00437       0.41  %   30000     
1.554399e+03      1.29            0.07            1.05292     0.00435       0.41  %   30000     
1.554497e+03      1.09            0.06            1.05803     0.00486       0.46  %   30000     
1.554630e+03      0.90            0.07            1.08065     0.00531       0.49  %   40000     
1.554702e+03      0.83            0.07            1.08028     0.00488       0.45  %   50000     
1.554775e+03      0.75            0.06            1.08395     0.00518       0.48  %   50000     
1.554941e+03      0.63            0.06            1.09412     0.00535       0.49  %   60000     
1.555107e+03      0.55            0.06            1.11705     0.00543       0.49  %   80000     
1.555149e+03      0.53            0.06            1.11780     0.00554       0.50  %   80000     
1.555402e+03      0.44            0.06            1.13269     0.00565       0.50  %   100000    
1.555718e+03      0.37            0.06            1.15300     0.00651       0.56  %   100000    
1.555884e+03      0.34            0.05            1.15956     0.00683       0.59  %   100000    
1.556123e+03      0.30            0.05            1.17994     0.00762       0.65  %   100000    
1.556564e+03      0.25            0.05            1.21376     0.00890       0.73  %   100000    
1.556885e+03      0.23            0.05            1.22363     0.00945       0.77  %   100000    
1.557093e+03      0.21            0.05            1.23721     0.01003       0.81  %   100000    
1.557642e+03      0.18            0.05            1.27725     0.01150       0.90  %   100000    
1.558427e+03      0.16            0.04            1.27254     0.01212       0.95  %   100000    
1.559378e+03      0.14            0.05            1.34318     0.01425       1.06  %   100000    
1.559408e+03      0.14            0.05            1.36720     0.01476       1.08  %   100000    
1.560585e+03      0.12            0.04            1.36302     0.01530       1.12  %   100000    
1.562050e+03      0.11            0.04            1.32265     0.01472       1.11  %   100000    
1.563514e+03      0.11            0.03            1.30308     0.01418       1.09  %   100000    
1.564970e+03      0.11            0.03            1.28611     0.01334       1.04  %   100000    
1.565941e+03      0.12            0.03            1.26867     0.01242       0.98  %   100000    
1.566669e+03      0.13            0.03            1.21102     0.01049       0.87  %   100000    
1.567060e+03      0.14            0.03            1.21184     0.01007       0.83  %   100000    
1.567154e+03      0.14            0.03            1.19704     0.00961       0.80  %   100000    
1.567397e+03      0.16            0.03            1.17831     0.00872       0.74  %   100000    
1.567613e+03      0.18            0.03            1.15490     0.00762       0.66  %   100000    
1.567757e+03      0.20            0.03            1.14733     0.00696       0.61  %   100000    
1.567865e+03      0.23            0.03            1.12145     0.00594       0.53  %   100000    
1.567991e+03      0.27            0.03            1.09989     0.00518       0.47  %   90000     
1.568099e+03      0.33            0.03            1.07652     0.00507       0.47  %   60000     
1.568207e+03      0.41            0.03            1.07485     0.00496       0.46  %   50000     
1.568315e+03      0.51            0.03            1.05787     0.00505       0.48  %   30000     
1.568422e+03      0.65            0.03            1.04185     0.00470       0.45  %   20000     
1.568549e+03      0.86            0.03            1.03317     0.00368       0.36  %   20000     
1.568687e+03      1.17            0.04            1.03075     0.00438       0.43  %   10000     
1.568851e+03      1.63            0.02            1.01425     0.00260       0.26  %   10000     
1.568973e+03      2.06            0.03            1.01464     0.00240       0.24  %   10000     
1.569077e+03      2.42            0.03            1.01271     0.00212       0.21  %   10000     
1.569428e+03      3.71            0.03            1.00699     0.00137       0.14  %   10000     
1.569596e+03      4.14            0.03            1.00708     0.00134       0.13  %   10000     
1.569629e+03      4.22            0.03            1.00676     0.00130       0.13  %   10000     
1.569820e+03      4.42            0.03            1.00714     0.00132       0.13  %   10000     
1.569834e+03      4.42            0.02            1.00493     0.00110       0.11  %   10000     
1.570011e+03      4.27            0.03            1.00660     0.00129       0.13  %   10000     
1.570197e+03      3.84            0.03            1.00685     0.00137       0.14  %   10000     
1.570292e+03      3.51            0.04            1.01112     0.00180       0.18  %   10000     
1.570429e+03      3.03            0.02            1.00712     0.00152       0.15  %   10000     
1.570503e+03      2.76            0.03            1.01203     0.00203       0.20  %   10000     
1.570771e+03      1.80            0.03            1.01729     0.00284       0.28  %   10000     
1.570936e+03      1.31            0.02            1.01736     0.00322       0.32  %   10000     
1.571082e+03      0.97            0.03            1.03300     0.00502       0.49  %   10000     
1.571211e+03      0.74            0.03            1.04004     0.00439       0.42  %   20000     
1.571328e+03      0.59            0.03            1.05420     0.00462       0.44  %   30000     
1.571437e+03      0.48            0.03            1.07044     0.00499       0.47  %   40000     
1.571531e+03      0.41            0.03            1.06704     0.00522       0.49  %   40000     
1.571545e+03      0.40            0.03            1.08370     0.00528       0.49  %   50000     
1.571676e+03      0.33            0.03            1.08952     0.00541       0.50  %   60000     
1.571806e+03      0.29            0.03            1.10615     0.00541       0.49  %   80000     
1.571937e+03      0.27            0.03            1.11363     0.00549       0.49  %   90000     
1.572119e+03      0.25            0.03            1.12102     0.00553       0.49  %   100000    
1.572396e+03      0.24            0.03            1.12689     0.00570       0.51  %   100000    
1.572812e+03      0.25            0.03            1.12085     0.00540       0.48  %   100000    
1.573367e+03      0.28            0.03            1.09907     0.00546       0.50  %   70000     
1.573921e+03      0.32            0.03            1.07804     0.00524       0.49  %   50000     
1.574397e+03      0.38            0.03            1.06559     0.00489       0.46  %   40000     
1.574861e+03      0.47            0.02            1.05336     0.00458       0.44  %   30000     
1.574953e+03      0.49            0.02            1.04915     0.00428       0.41  %   30000     
1.575259e+03      0.57            0.03            1.05381     0.00509       0.48  %   20000     
1.575592e+03      0.70            0.02            1.03124     0.00499       0.48  %   10000     
1.575644e+03      0.73            0.03            1.03553     0.00370       0.36  %   20000     
1.575851e+03      0.84            0.02            1.02896     0.00446       0.43  %   10000     
1.576073e+03      1.00            0.04            1.03886     0.00480       0.46  %   10000     
1.576087e+03      1.02            0.03            1.02540     0.00387       0.38  %   10000     
1.576257e+03      1.20            0.03            1.02093     0.00334       0.33  %   10000     
1.576339e+03      1.31            0.03            1.01972     0.00315       0.31  %   10000     
1.576443e+03      1.46            0.03            1.01983     0.00309       0.30  %   10000     
1.576539e+03      1.66            0.03            1.01816     0.00287       0.28  %   10000     
1.576620e+03      1.82            0.04            1.01995     0.00297       0.29  %   10000     
1.576705e+03      2.06            0.04            1.01989     0.00289       0.28  %   10000     
1.576768e+03      2.24            0.04            1.01719     0.00268       0.26  %   10000     
1.576862e+03      2.61            0.03            1.01329     0.00231       0.23  %   10000     
1.576916e+03      2.81            0.05            1.01730     0.00263       0.26  %   10000     
1.576986e+03      3.18            0.07            1.02122     0.00288       0.28  %   10000     
1.577061e+03      3.56            0.05            1.01498     0.00242       0.24  %   10000     
1.577110e+03      3.90            0.07            1.01670     0.00254       0.25  %   10000     
1.577206e+03      4.56            0.08            1.01840     0.00268       0.26  %   10000     
1.577238e+03      4.85            0.07            1.01514     0.00242       0.24  %   10000     
1.577354e+03      5.89            0.10            1.01730     0.00260       0.26  %   10000     
1.577372e+03      6.09            0.10            1.01567     0.00247       0.24  %   10000     
1.577517e+03      7.75            0.13            1.01635     0.00255       0.25  %   10000     
1.577520e+03      7.79            0.13            1.01674     0.00258       0.25  %   10000     
1.577682e+03      10.13           0.14            1.01341     0.00233       0.23  %   10000     
1.577709e+03      10.51           0.15            1.01437     0.00243       0.24  %   10000     
1.577892e+03      13.72           0.21            1.01546     0.00254       0.25  %   10000     
1.578034e+03      16.17           0.37            1.02282     0.00313       0.31  %   10000     
1.578378e+03      21.84           0.53            1.02437     0.00331       0.32  %   10000     
1.578437e+03      22.49           0.44            1.01973     0.00300       0.29  %   10000     
1.578555e+03      23.79           0.58            1.02450     0.00336       0.33  %   10000     
1.578674e+03      24.25           0.64            1.02630     0.00354       0.34  %   10000     
1.578779e+03      24.70           0.60            1.02442     0.00341       0.33  %   10000     
1.578896e+03      24.18           0.60            1.02478     0.00350       0.34  %   10000     
1.578910e+03      24.12           0.69            1.02881     0.00377       0.37  %   10000     
1.578987e+03      23.82           0.69            1.02883     0.00377       0.37  %   10000     
1.579129e+03      22.13           0.68            1.03058     0.00397       0.39  %   10000     
1.579236e+03      20.89           0.53            1.02560     0.00365       0.36  %   10000     
1.579378e+03      18.48           0.61            1.03278     0.00422       0.41  %   10000     
1.579839e+03      10.54           0.42            1.03944     0.00499       0.48  %   10000     
1.579969e+03      8.68            0.38            1.04384     0.00380       0.36  %   20000     
1.580032e+03      7.79            0.35            1.04504     0.00394       0.38  %   20000     
1.580194e+03      5.92            0.22            1.03732     0.00374       0.36  %   20000     
1.580206e+03      5.82            0.29            1.05069     0.00436       0.42  %   20000     
1.580342e+03      4.59            0.27            1.05850     0.00491       0.46  %   20000     
1.580413e+03      4.10            0.27            1.06647     0.00532       0.50  %   20000     
1.580482e+03      3.62            0.21            1.05921     0.00518       0.49  %   20000     
1.580630e+03      2.85            0.20            1.07190     0.00489       0.46  %   30000     
1.580634e+03      2.83            0.19            1.06614     0.00470       0.44  %   30000     
1.580786e+03      2.24            0.17            1.07727     0.00537       0.50  %   30000     
1.580822e+03      2.14            0.20            1.09154     0.00510       0.47  %   40000     
1.580936e+03      1.81            0.15            1.08217     0.00506       0.47  %   40000     
1.581088e+03      1.50            0.16            1.10311     0.00530       0.48  %   50000     
1.581103e+03      1.47            0.15            1.10394     0.00535       0.49  %   50000     
1.581269e+03      1.23            0.13            1.10675     0.00522       0.47  %   60000     
1.581384e+03      1.10            0.13            1.11484     0.00555       0.50  %   60000     
1.581480e+03      1.00            0.13            1.12863     0.00561       0.50  %   70000     
1.581739e+03      0.81            0.12            1.14396     0.00556       0.49  %   90000     
1.581754e+03      0.80            0.12            1.15130     0.00571       0.50  %   90000     
1.582007e+03      0.67            0.11            1.16829     0.00606       0.52  %   100000    
1.582329e+03      0.56            0.10            1.18069     0.00664       0.56  %   100000    
1.582341e+03      0.55            0.11            1.19124     0.00684       0.57  %   100000    
1.582697e+03      0.46            0.10            1.21082     0.00764       0.63  %   100000    
1.583056e+03      0.40            0.09            1.22522     0.00826       0.67  %   100000    
1.583165e+03      0.38            0.09            1.22934     0.00850       0.69  %   100000    
1.583710e+03      0.31            0.08            1.26220     0.00972       0.77  %   100000    
1.584234e+03      0.27            0.07            1.24740     0.00991       0.79  %   100000    
1.584291e+03      0.26            0.06            1.24368     0.00987       0.79  %   100000    
1.584959e+03      0.23            0.05            1.21591     0.00983       0.81  %   100000    
1.585684e+03      0.20            0.04            1.21268     0.01015       0.84  %   100000    
1.585872e+03      0.19            0.04            1.20707     0.01006       0.83  %   100000    
1.586688e+03      0.18            0.04            1.21412     0.01054       0.87  %   100000    
1.587535e+03      0.17            0.04            1.21156     0.01052       0.87  %   100000    
1.587959e+03      0.17            0.03            1.20285     0.01021       0.85  %   100000    
1.588687e+03      0.17            0.03            1.19107     0.00957       0.80  %   100000    
1.589172e+03      0.19            0.03            1.18314     0.00898       0.76  %   100000    
1.589658e+03      0.21            0.03            1.16157     0.00791       0.68  %   100000    
1.590026e+03      0.23            0.03            1.13603     0.00677       0.60  %   100000    
1.590254e+03      0.26            0.03            1.12403     0.00609       0.54  %   100000    
1.590277e+03      0.26            0.03            1.11933     0.00594       0.53  %   100000    
1.590465e+03      0.30            0.03            1.10896     0.00531       0.48  %   100000    
1.590621e+03      0.34            0.03            1.08967     0.00537       0.49  %   70000     
1.590778e+03      0.41            0.03            1.07794     0.00494       0.46  %   60000     
1.590903e+03      0.49            0.03            1.06429     0.00503       0.47  %   40000     
1.591022e+03      0.60            0.03            1.05089     0.00468       0.44  %   30000     
1.591124e+03      0.73            0.03            1.03954     0.00459       0.44  %   20000     
1.591226e+03      0.91            0.03            1.03216     0.00373       0.36  %   20000     
1.591327e+03      1.16            0.03            1.02592     0.00425       0.41  %   10000     
1.591395e+03      1.38            0.04            1.02586     0.00394       0.38  %   10000     
1.591429e+03      1.49            0.03            1.02037     0.00339       0.33  %   10000     
1.591537e+03      1.96            0.03            1.01509     0.00262       0.26  %   10000     
1.591652e+03      2.61            0.03            1.01333     0.00222       0.22  %   10000     
1.591736e+03      3.24            0.04            1.01149     0.00191       0.19  %   10000     
1.591766e+03      3.46            0.04            1.01045     0.00179       0.18  %   10000     
1.591899e+03      4.72            0.04            1.00776     0.00141       0.14  %   10000     
1.591979e+03      5.68            0.03            1.00611     0.00120       0.12  %   10000     
1.592056e+03      6.60            0.05            1.00709     0.00125       0.12  %   10000     
1.592198e+03      8.72            0.03            1.00359     0.00085       0.08  %   10000     
1.592269e+03      9.78            0.04            1.00407     0.00089       0.09  %   10000     
1.592481e+03      13.17           0.06            1.00434     0.00088       0.09  %   10000     
1.592665e+03      16.11           0.06            1.00368     0.00080       0.08  %   10000     
1.592865e+03      18.39           0.07            1.00366     0.00080       0.08  %   10000     
1.592990e+03      19.02           0.06            1.00337     0.00077       0.08  %   10000     
1.593042e+03      19.28           0.09            1.00461     0.00090       0.09  %   10000     
1.593083e+03      19.31           0.10            1.00499     0.00094       0.09  %   10000     
1.593253e+03      18.67           0.08            1.00443     0.00090       0.09  %   10000     
1.593271e+03      18.60           0.09            1.00463     0.00092       0.09  %   10000     
1.593378e+03      17.48           0.09            1.00517     0.00099       0.10  %   10000     
1.593460e+03      16.63           0.11            1.00644     0.00112       0.11  %   10000     
1.593603e+03      14.41           0.10            1.00687     0.00119       0.12  %   10000     
1.593776e+03      11.73           0.10            1.00880     0.00141       0.14  %   10000     
1.594026e+03      7.76            0.09            1.01176     0.00179       0.18  %   10000     
1.594040e+03      7.55            0.08            1.00999     0.00166       0.16  %   10000     
1.594210e+03      5.33            0.08            1.01505     0.00224       0.22  %   10000     
1.594345e+03      3.92            0.08            1.02083     0.00288       0.28  %   10000     
1.594412e+03      3.37            0.09            1.02546     0.00333       0.33  %   10000     
1.594462e+03      2.96            0.09            1.02977     0.00377       0.37  %   10000     
1.594567e+03      2.28            0.07            1.03066     0.00420       0.41  %   10000     
1.594672e+03      1.74            0.06            1.03448     0.00491       0.48  %   10000     
1.594777e+03      1.34            0.06            1.04556     0.00441       0.42  %   20000     
1.594785e+03      1.31            0.06            1.04615     0.00447       0.43  %   20000     
1.594882e+03      1.03            0.06            1.05567     0.00443       0.42  %   30000     
1.594975e+03      0.83            0.07            1.07853     0.00499       0.46  %   40000     
1.595068e+03      0.68            0.06            1.09398     0.00532       0.49  %   50000     
1.595179e+03      0.55            0.07            1.11971     0.00557       0.50  %   70000     
1.595248e+03      0.49            0.06            1.12539     0.00527       0.47  %   90000     
1.595291e+03      0.45            0.06            1.13252     0.00561       0.50  %   90000     
1.595402e+03      0.38            0.06            1.14619     0.00602       0.52  %   100000    
1.595540e+03      0.32            0.05            1.16418     0.00686       0.59  %   100000    
1.595699e+03      0.28            0.06            1.21043     0.00830       0.69  %   100000    
1.595815e+03      0.26            0.06            1.22480     0.00887       0.72  %   100000    
1.595922e+03      0.24            0.06            1.24027     0.00952       0.77  %   100000    
1.596177e+03      0.21            0.06            1.28324     0.01101       0.86  %   100000    
1.596567e+03      0.18            0.05            1.31134     0.01238       0.94  %   100000    
1.597070e+03      0.15            0.06            1.37620     0.01451       1.05  %   100000    
1.597490e+03      0.14            0.05            1.39632     0.01542       1.10  %   100000    
1.597645e+03      0.13            0.05            1.40173     0.01578       1.13  %   100000    
1.598508e+03      0.12            0.06            1.48823     0.01838       1.23  %   100000    
1.599782e+03      0.10            0.05            1.47705     0.01896       1.28  %   100000    
1.600768e+03      0.10            0.05            1.46853     0.01905       1.30  %   100000    
1.602741e+03      0.10            0.05            1.48021     0.01919       1.30  %   100000    
1.603130e+03      0.10            0.04            1.41537     0.01773       1.25  %   100000    
1.604444e+03      0.10            0.04            1.41511     0.01729       1.22  %   100000    
1.606146e+03      0.11            0.04            1.37105     0.01540       1.12  %   100000    
1.607282e+03      0.12            0.04            1.33992     0.01388       1.04  %   100000    
1.608204e+03      0.13            0.04            1.28526     0.01190       0.93  %   100000    
1.608246e+03      0.13            0.04            1.30126     0.01219       0.94  %   100000    
1.609050e+03      0.15            0.04            1.23681     0.00995       0.80  %   100000    
1.609694e+03      0.17            0.03            1.19782     0.00838       0.70  %   100000    
1.610296e+03      0.21            0.03            1.15163     0.00668       0.58  %   100000    
1.610412e+03      0.21            0.03            1.15121     0.00652       0.57  %   100000    
1.610826e+03      0.25            0.03            1.11105     0.00542       0.49  %   90000     
1.611267e+03      0.30            0.03            1.08928     0.00534       0.49  %   60000     
1.611598e+03      0.35            0.02            1.06142     0.00494       0.47  %   40000     
1.611644e+03      0.36            0.02            1.06027     0.00482       0.45  %   40000     
1.611874e+03      0.42            0.02            1.05106     0.00473       0.45  %   30000     
1.612095e+03      0.49            0.02            1.03494     0.00440       0.42  %   20000     
1.612299e+03      0.59            0.02            1.03177     0.00382       0.37  %   20000     
1.612486e+03      0.72            0.02            1.02342     0.00420       0.41  %   10000     
1.612635e+03      0.87            0.01            1.01259     0.00281       0.28  %   10000     
1.612700e+03      0.96            0.02            1.01950     0.00334       0.33  %   10000     
1.612762e+03      1.05            0.02            1.01705     0.00301       0.30  %   10000     
1.612883e+03      1.30            0.01            1.00722     0.00180       0.18  %   10000     
1.612884e+03      1.30            0.02            1.01488     0.00259       0.25  %   10000     
1.613006e+03      1.64            0.01            1.00732     0.00168       0.17  %   10000     
1.613068e+03      1.87            0.02            1.00811     0.00169       0.17  %   10000     
1.613112e+03      2.04            0.01            1.00506     0.00130       0.13  %   10000     
1.613190e+03      2.44            0.01            1.00552     0.00130       0.13  %   10000     
1.613218e+03      2.58            0.02            1.00691     0.00144       0.14  %   10000     
1.613330e+03      3.32            0.02            1.00516     0.00118       0.12  %   10000     
1.613344e+03      3.45            0.02            1.00641     0.00131       0.13  %   10000     
1.613445e+03      4.33            0.02            1.00402     0.00101       0.10  %   10000     
1.613478e+03      4.71            0.02            1.00367     0.00095       0.09  %   10000     
1.613558e+03      5.60            0.02            1.00405     0.00098       0.10  %   10000     
1.613599e+03      6.20            0.02            1.00349     0.00090       0.09  %   10000     
1.613696e+03      7.59            0.03            1.00389     0.00094       0.09  %   10000     
1.613720e+03      8.03            0.03            1.00430     0.00099       0.10  %   10000     
1.613844e+03      10.30           0.04            1.00425     0.00097       0.10  %   10000     
1.613858e+03      10.61           0.04            1.00334     0.00086       0.09  %   10000     
1.614024e+03      14.36           0.08            1.00578     0.00113       0.11  %   10000     
1.614037e+03      14.68           0.04            1.00290     0.00080       0.08  %   10000     
1.614233e+03      19.75           0.05            1.00271     0.00078       0.08  %   10000     
1.614537e+03      27.48           0.10            1.00371     0.00093       0.09  %   10000     
1.614669e+03      29.84           0.17            1.00571     0.00116       0.12  %   10000     
1.614736e+03      31.03           0.12            1.00381     0.00095       0.09  %   10000     
1.614893e+03      32.27           0.25            1.00761     0.00137       0.14  %   10000     
1.614917e+03      32.47           0.21            1.00638     0.00125       0.12  %   10000     
1.614962e+03      32.52           0.17            1.00518     0.00113       0.11  %   10000     
1.615092e+03      31.79           0.17            1.00535     0.00117       0.12  %   10000     
1.615136e+03      31.55           0.29            1.00922     0.00153       0.15  %   10000     
1.615324e+03      28.65           0.29            1.01012     0.00164       0.16  %   10000     
1.615346e+03      28.12           0.29            1.01022     0.00165       0.16  %   10000     
1.615616e+03      21.62           0.19            1.00872     0.00159       0.16  %   10000     
1.615622e+03      21.48           0.27            1.01253     0.00191       0.19  %   10000     
1.615935e+03      13.39           0.19            1.01384     0.00216       0.21  %   10000     
1.616094e+03      9.98            0.17            1.01742     0.00253       0.25  %   10000     
1.616111e+03      9.61            0.20            1.02035     0.00276       0.27  %   10000     
1.616249e+03      7.20            0.13            1.01737     0.00271       0.27  %   10000     
1.616335e+03      6.00            0.15            1.02452     0.00333       0.32  %   10000     
1.616370e+03      5.52            0.13            1.02277     0.00328       0.32  %   10000     
1.616491e+03      4.19            0.12            1.02881     0.00395       0.38  %   10000     
1.616561e+03      3.61            0.11            1.03088     0.00423       0.41  %   10000     
1.616611e+03      3.18            0.08            1.02390     0.00387       0.38  %   10000     
1.616716e+03      2.51            0.11            1.04292     0.00392       0.38  %   20000     
1.616765e+03      2.27            0.08            1.03351     0.00356       0.34  %   20000     
1.616821e+03      2.00            0.09            1.04576     0.00435       0.42  %   20000     
1.616925e+03      1.61            0.10            1.06182     0.00444       0.42  %   30000     
1.617039e+03      1.30            0.09            1.06843     0.00500       0.47  %   30000     
1.617045e+03      1.28            0.08            1.06349     0.00484       0.46  %   30000     
1.617161e+03      1.05            0.07            1.07025     0.00475       0.44  %   40000     
1.617302e+03      0.85            0.08            1.09080     0.00520       0.48  %   50000     
1.617339e+03      0.81            0.07            1.08574     0.00513       0.47  %   50000     
1.617443e+03      0.71            0.07            1.10411     0.00544       0.49  %   60000     
1.617620e+03      0.59            0.07            1.11371     0.00529       0.47  %   80000     
1.617739e+03      0.53            0.07            1.12724     0.00546       0.48  %   90000     
1.617800e+03      0.50            0.07            1.13812     0.00553       0.49  %   100000    
1.618041e+03      0.42            0.06            1.15153     0.00621       0.54  %   100000    
1.618330e+03      0.35            0.06            1.16935     0.00702       0.60  %   100000    
1.618389e+03      0.34            0.06            1.18357     0.00738       0.62  %   100000    
1.618718e+03      0.29            0.06            1.20916     0.00844       0.70  %   100000    
1.619040e+03      0.25            0.06            1.24076     0.00951       0.77  %   100000    
1.619156e+03      0.24            0.06            1.24505     0.00981       0.79  %   100000    
1.619714e+03      0.20            0.06            1.28052     0.01134       0.89  %   100000    
1.620317e+03      0.17            0.05            1.32392     0.01298       0.98  %   100000    
1.620586e+03      0.16            0.05            1.31795     0.01311       0.99  %   100000    
1.621041e+03      0.14            0.05            1.36407     0.01462       1.07  %   100000    
1.621831e+03      0.13            0.05            1.40485     0.01624       1.16  %   100000    
1.623063e+03      0.11            0.05            1.44716     0.01798       1.24  %   100000    
1.623242e+03      0.11            0.05            1.44369     0.01797       1.24  %   100000    
1.624602e+03      0.10            0.04            1.43132     0.01843       1.29  %   100000    
1.626449e+03      0.09            0.03            1.37944     0.01765       1.28  %   100000    
1.628305e+03      0.09            0.03            1.34939     0.01687       1.25  %   100000    
1.630454e+03      0.09            0.03            1.28429     0.01467       1.14  %   100000    
1.631796e+03      0.10            0.03            1.30082     0.01431       1.10  %   100000    
1.632333e+03      0.11            0.03            1.25681     0.01270       1.01  %   100000    
1.632682e+03      0.12            0.03            1.22242     0.01126       0.92  %   100000    
1.632842e+03      0.13            0.03            1.19899     0.01024       0.85  %   100000    
1.633002e+03      0.14            0.03            1.17764     0.00914       0.78  %   100000    
1.633122e+03      0.16            0.03            1.16479     0.00831       0.71  %   100000    
1.633190e+03      0.17            0.03            1.15383     0.00768       0.67  %   100000    
1.633262e+03      0.19            0.02            1.13073     0.00677       0.60  %   100000    
1.633382e+03      0.23            0.03            1.11126     0.00570       0.51  %   100000    
1.633502e+03      0.29            0.03            1.08800     0.00510       0.47  %   80000     
1.633622e+03      0.36            0.03            1.07091     0.00516       0.48  %   50000     
1.633742e+03      0.46            0.02            1.05064     0.00501       0.48  %   30000     
1.633882e+03      0.62            0.03            1.04825     0.00522       0.50  %   20000     
1.634032e+03      0.83            0.02            1.02765     0.00488       0.47  %   10000     
1.634237e+03      1.20            0.02            1.02065     0.00359       0.35  %   10000     
1.634242e+03      1.21            0.02            1.01926     0.00345       0.34  %   10000     
1.634677e+03      2.10            0.03            1.01420     0.00240       0.24  %   10000     
1.634891e+03      2.41            0.02            1.00994     0.00191       0.19  %   10000     
1.635076e+03      2.52            0.02            1.00931     0.00182       0.18  %   10000     
1.635101e+03      2.53            0.03            1.01254     0.00212       0.21  %   10000     
1.635290e+03      2.44            0.03            1.01108     0.00202       0.20  %   10000     
1.635510e+03      2.14            0.03            1.01394     0.00239       0.24  %   10000     
1.635600e+03      1.96            0.02            1.01274     0.00236       0.23  %   10000     
1.636069e+03      1.03            0.02            1.01905     0.00373       0.37  %   10000     
1.636249e+03      0.74            0.03            1.03925     0.00435       0.42  %   20000     
1.636399e+03      0.56            0.03            1.05109     0.00460       0.44  %   30000     
1.636533e+03      0.43            0.03            1.06483     0.00502       0.47  %   40000     
1.636653e+03      0.35            0.03            1.07243     0.00522       0.49  %   50000     
1.636788e+03      0.29            0.03            1.08912     0.00536       0.49  %   70000     
1.636932e+03      0.24            0.03            1.10930     0.00537       0.48  %   100000    
1.637097e+03      0.22            0.03            1.12165     0.00600       0.53  %   100000    
1.637262e+03      0.20            0.03            1.13411     0.00648       0.57  %   100000    
1.637396e+03      0.20            0.03            1.14349     0.00673       0.59  %   100000    
1.637464e+03      0.20            0.02            1.12426     0.00627       0.56  %   100000    
1.637756e+03      0.20            0.03            1.12923     0.00623       0.55  %   100000    
1.638085e+03      0.22            0.02            1.09544     0.00535       0.49  %   90000     
1.638414e+03      0.25            0.03            1.09996     0.00539       0.49  %   80000     
1.638682e+03      0.29            0.02            1.07877     0.00512       0.47  %   60000     
1.638878e+03      0.33            0.02            1.06557     0.00533       0.50  %   40000     
1.638929e+03      0.35            0.03            1.07341     0.00492       0.46  %   50000     
1.639049e+03      0.39            0.02            1.05640     0.00527       0.50  %   30000     
1.639195e+03      0.46            0.02            1.05402     0.00475       0.45  %   30000     
1.639318e+03      0.54            0.02            1.03886     0.00454       0.44  %   20000     
1.639432e+03      0.66            0.01            1.01961     0.00418       0.41  %   10000     
1.639547e+03      0.81            0.02            1.02775     0.00449       0.44  %   10000     
1.639645e+03      1.00            0.02            1.02067     0.00354       0.35  %   10000     
1.639731e+03      1.22            0.02            1.01851     0.00308       0.30  %   10000     
1.639744e+03      1.25            0.03            1.02166     0.00330       0.32  %   10000     
1.639842e+03      1.57            0.02            1.01517     0.00252       0.25  %   10000     
1.639953e+03      2.06            0.03            1.01459     0.00225       0.22  %   10000     
1.639957e+03      2.09            0.02            1.01136     0.00197       0.20  %   10000     
1.640066e+03      2.72            0.02            1.00762     0.00149       0.15  %   10000     
1.640180e+03      3.58            0.03            1.00830     0.00144       0.14  %   10000     
1.640184e+03      3.61            0.03            1.00826     0.00144       0.14  %   10000     
1.640306e+03      4.78            0.02            1.00465     0.00101       0.10  %   10000     
1.640371e+03      5.57            0.03            1.00479     0.00100       0.10  %   10000     
1.640453e+03      6.57            0.04            1.00535     0.00103       0.10  %   10000     
1.640532e+03      7.76            0.03            1.00339     0.00080       0.08  %   10000     
1.640638e+03      9.36            0.04            1.00382     0.00083       0.08  %   10000     
1.640749e+03      11.28           0.05            1.00420     0.00086       0.09  %   10000     
1.641141e+03      18.03           0.05            1.00304     0.00071       0.07  %   10000     
1.641346e+03      20.46           0.07            1.00322     0.00074       0.07  %   10000     
1.641454e+03      20.94           0.07            1.00345     0.00077       0.08  %   10000     
1.641548e+03      21.36           0.11            1.00502     0.00093       0.09  %   10000     
1.641554e+03      21.36           0.10            1.00468     0.00090       0.09  %   10000     
1.641691e+03      20.83           0.06            1.00303     0.00073       0.07  %   10000     
1.641737e+03      20.66           0.09            1.00412     0.00086       0.09  %   10000     
1.641807e+03      19.89           0.09            1.00438     0.00089       0.09  %   10000     
1.641938e+03      18.45           0.08            1.00449     0.00092       0.09  %   10000     
1.642038e+03      16.77           0.07            1.00389     0.00087       0.09  %   10000     
1.642267e+03      12.93           0.09            1.00674     0.00119       0.12  %   10000     
1.642361e+03      11.34           0.10            1.00861     0.00138       0.14  %   10000     
1.642542e+03      8.28            0.09            1.01146     0.00169       0.17  %   10000     
1.642700e+03      6.08            0.07            1.01105     0.00177       0.17  %   10000     
1.642835e+03      4.59            0.05            1.01187     0.00195       0.19  %   10000     
1.642846e+03      4.46            0.08            1.01825     0.00243       0.24  %   10000     
1.642970e+03      3.39            0.06            1.01849     0.00264       0.26  %   10000     
1.643082e+03      2.64            0.05            1.01861     0.00283       0.28  %   10000     
1.643145e+03      2.32            0.06            1.02507     0.00340       0.33  %   10000     
1.643194e+03      2.08            0.04            1.01995     0.00315       0.31  %   10000     
1.643305e+03      1.66            0.05            1.03217     0.00429       0.42  %   10000     
1.643405e+03      1.39            0.05            1.03584     0.00478       0.46  %   10000     
1.643439e+03      1.33            0.05            1.03878     0.00503       0.48  %   10000     
1.643504e+03      1.20            0.04            1.03233     0.00476       0.46  %   10000     
1.643629e+03      1.05            0.04            1.03852     0.00382       0.37  %   20000     
1.643742e+03      0.98            0.05            1.04789     0.00432       0.41  %   20000     
1.643836e+03      0.96            0.04            1.04233     0.00404       0.39  %   20000     
1.643880e+03      0.97            0.04            1.04343     0.00406       0.39  %   20000     
1.643931e+03      0.98            0.04            1.04534     0.00411       0.39  %   20000     
1.644057e+03      1.05            0.04            1.03576     0.00495       0.48  %   10000     
1.644183e+03      1.19            0.05            1.04398     0.00513       0.49  %   10000     
1.644310e+03      1.42            0.04            1.02490     0.00355       0.35  %   10000     
1.644320e+03      1.45            0.04            1.02794     0.00372       0.36  %   10000     
1.644420e+03      1.72            0.05            1.02860     0.00351       0.34  %   10000     
1.644469e+03      1.91            0.04            1.02318     0.00303       0.30  %   10000     
1.644530e+03      2.14            0.04            1.01955     0.00268       0.26  %   10000     
1.644641e+03      2.71            0.04            1.01576     0.00222       0.22  %   10000     
1.644692e+03      3.05            0.04            1.01314     0.00195       0.19  %   10000     
1.644744e+03      3.40            0.05            1.01490     0.00202       0.20  %   10000     
1.644840e+03      4.24            0.04            1.00889     0.00148       0.15  %   10000     
1.644856e+03      4.38            0.05            1.01073     0.00161       0.16  %   10000     
1.644969e+03      5.65            0.04            1.00750     0.00128       0.13  %   10000     
1.644987e+03      5.85            0.05            1.00830     0.00134       0.13  %   10000     
1.645123e+03      7.82            0.05            1.00665     0.00115       0.11  %   10000     
1.645132e+03      7.98            0.05            1.00660     0.00115       0.11  %   10000     
1.645284e+03      10.72           0.05            1.00436     0.00091       0.09  %   10000     
1.645297e+03      10.96           0.06            1.00530     0.00100       0.10  %   10000     
1.645457e+03      14.51           0.08            1.00568     0.00102       0.10  %   10000     
1.645558e+03      16.72           0.08            1.00495     0.00095       0.09  %   10000     
1.645726e+03      20.51           0.11            1.00512     0.00097       0.10  %   10000     
1.645866e+03      23.65           0.14            1.00587     0.00104       0.10  %   10000     
1.646096e+03      27.27           0.23            1.00829     0.00125       0.12  %   10000     
1.646104e+03      27.31           0.14            1.00509     0.00098       0.10  %   10000     
1.646294e+03      28.42           0.31            1.01085     0.00145       0.14  %   10000     
1.646306e+03      28.42           0.27            1.00952     0.00136       0.13  %   10000     
1.646334e+03      28.28           0.18            1.00647     0.00112       0.11  %   10000     
1.646489e+03      27.50           0.22            1.00805     0.00127       0.13  %   10000     
1.646540e+03      26.76           0.24            1.00902     0.00136       0.13  %   10000     
1.646702e+03      24.40           0.26            1.01084     0.00151       0.15  %   10000     
1.646750e+03      23.34           0.26            1.01107     0.00155       0.15  %   10000     
1.647037e+03      17.01           0.21            1.01258     0.00174       0.17  %   10000     
1.647309e+03      10.98           0.21            1.01911     0.00233       0.23  %   10000     
1.647482e+03      7.84            0.19            1.02430     0.00281       0.27  %   10000     
1.647536e+03      7.04            0.17            1.02470     0.00290       0.28  %   10000     
1.647618e+03      5.85            0.16            1.02722     0.00320       0.31  %   10000     
1.647751e+03      4.33            0.12            1.02795     0.00351       0.34  %   10000     
1.647826e+03      3.66            0.13            1.03584     0.00415       0.40  %   10000     
1.647869e+03      3.28            0.14            1.04156     0.00463       0.44  %   10000     
1.647976e+03      2.55            0.11            1.04459     0.00368       0.35  %   20000     
1.648080e+03      2.01            0.11            1.05568     0.00444       0.42  %   20000     
1.648108e+03      1.90            0.09            1.04993     0.00428       0.41  %   20000     
1.648184e+03      1.59            0.10            1.06280     0.00513       0.48  %   20000     
1.648288e+03      1.28            0.10            1.07607     0.00500       0.46  %   30000     
1.648407e+03      1.02            0.09            1.08907     0.00510       0.47  %   40000     
1.648462e+03      0.93            0.09            1.10044     0.00500       0.45  %   50000     
1.648529e+03      0.83            0.08            1.09881     0.00521       0.47  %   50000     
1.648664e+03      0.68            0.08            1.12507     0.00538       0.48  %   70000     
1.648800e+03      0.57            0.08            1.13306     0.00555       0.49  %   80000     
1.648954e+03      0.49            0.08            1.15687     0.00574       0.50  %   100000    
1.649022e+03      0.46            0.07            1.14689     0.00567       0.49  %   100000    
1.649129e+03      0.42            0.07            1.17334     0.00641       0.55  %   100000    
1.649363e+03      0.35            0.07            1.18923     0.00718       0.60  %   100000    
1.649641e+03      0.30            0.06            1.20131     0.00789       0.66  %   100000    
1.649655e+03      0.30            0.06            1.21477     0.00818       0.67  %   100000    
1.650006e+03      0.25            0.06            1.23193     0.00914       0.74  %   100000    
1.650441e+03      0.21            0.06            1.28454     0.01086       0.85  %   100000    
1.650927e+03      0.18            0.06            1.31287     0.01209       0.92  %   100000    
1.650963e+03      0.18            0.06            1.31059     0.01211       0.92  %   100000    
1.651568e+03      0.15            0.05            1.35291     0.01379       1.02  %   100000    
1.652421e+03      0.13            0.05            1.36820     0.01506       1.10  %   100000    
1.653107e+03      0.12            0.05            1.40063     0.01627       1.16  %   100000    
1.653444e+03      0.11            0.05            1.43270     0.01727       1.21  %   100000    
1.654472e+03      0.10            0.05            1.48306     0.01900       1.28  %   100000    
1.655859e+03      0.09            0.05            1.49120     0.01971       1.32  %   100000    
1.656553e+03      0.09            0.05            1.50713     0.02005       1.33  %   100000    
1.657120e+03      0.09            0.05            1.50078     0.01967       1.31  %   100000    
1.657449e+03      0.10            0.05            1.49373     0.01910       1.28  %   100000    
1.657669e+03      0.10            0.05            1.44152     0.01749       1.21  %   100000    
1.657834e+03      0.11            0.04            1.37285     0.01542       1.12  %   100000    
1.657999e+03      0.13            0.05            1.36071     0.01421       1.04  %   100000    
1.658136e+03      0.15            0.04            1.29710     0.01195       0.92  %   100000    
1.658274e+03      0.18            0.05            1.25885     0.01012       0.80  %   100000    
1.658398e+03      0.22            0.05            1.20370     0.00810       0.67  %   100000    
1.658521e+03      0.28            0.04            1.15578     0.00632       0.55  %   100000    
1.658645e+03      0.36            0.05            1.13034     0.00541       0.48  %   90000     
1.658775e+03      0.47            0.04            1.08657     0.00523       0.48  %   50000     
1.658924e+03      0.63            0.05            1.07733     0.00482       0.45  %   40000     
1.659122e+03      0.90            0.04            1.04605     0.00448       0.43  %   20000     
1.659215e+03      1.04            0.05            1.05010     0.00438       0.42  %   20000     
1.659595e+03      1.61            0.04            1.02522     0.00367       0.36  %   10000     
1.659810e+03      1.82            0.05            1.02725     0.00363       0.35  %   10000     
1.660000e+03      1.89            0.06            1.03228     0.00390       0.38  %   10000     
1.660197e+03      1.82            0.04            1.02213     0.00329       0.32  %   10000     
1.660392e+03      1.62            0.05            1.03142     0.00411       0.40  %   10000     
1.660634e+03      1.26            0.05            1.03697     0.00497       0.48  %   10000     
1.660753e+03      1.08            0.06            1.05090     0.00440       0.42  %   20000     
1.661007e+03      0.71            0.05            1.07706     0.00531       0.49  %   30000     
1.661178e+03      0.51            0.05            1.08837     0.00512       0.47  %   50000     
1.661318e+03      0.39            0.05            1.12580     0.00551       0.49  %   80000     
1.661444e+03      0.30            0.05            1.15504     0.00619       0.54  %   100000    
1.661566e+03      0.23            0.05            1.20033     0.00789       0.66  %   100000    
1.661674e+03      0.19            0.05            1.24363     0.00958       0.77  %   100000    
1.661782e+03      0.16            0.05            1.28080     0.01122       0.88  %   100000    
1.661917e+03      0.13            0.05            1.36603     0.01404       1.03  %   100000    
1.662053e+03      0.11            0.05            1.42779     0.01630       1.14  %   100000    
1.662215e+03      0.10            0.05            1.46418     0.01805       1.23  %   100000    
1.662431e+03      0.09            0.05            1.56824     0.02098       1.34  %   100000    
1.662648e+03      0.09            0.04            1.51511     0.02056       1.36  %   100000    
1.663081e+03      0.08            0.04            1.54888     0.02182       1.41  %   100000    
1.664110e+03      0.08            0.05            1.62555     0.02385       1.47  %   100000    
1.664559e+03      0.07            0.04            1.55814     0.02259       1.45  %   100000    
1.665826e+03      0.07            0.04            1.58636     0.02338       1.47  %   100000    
1.669509e+03      0.07            0.04            1.56558     0.02283       1.46  %   100000    
1.672660e+03      0.07            0.04            1.53846     0.02181       1.42  %   100000    
1.676744e+03      0.08            0.02            1.32397     0.01617       1.22  %   100000    
1.680481e+03      0.08            0.01            1.14808     0.01021       0.89  %   100000    
1.682852e+03      0.09            0.00            1.03092     0.00483       0.47  %   80000     
1.684631e+03      0.11            0.00            1.02461     0.00502       0.49  %   50000     
1.685947e+03      0.12            0.00            1.01308     0.00436       0.43  %   30000     
1.686671e+03      0.14            0.00            1.02417     0.00483       0.47  %   40000     
1.687033e+03      0.14            0.00            1.01815     0.00468       0.46  %   30000     
1.687937e+03      0.17            0.00            1.00294     0.00294       0.29  %   10000     
1.688578e+03      0.20            0.00            1.00980     0.00490       0.49  %   10000     
1.688853e+03      0.22            0.00            1.00888     0.00444       0.44  %   10000     
1.689129e+03      0.24            0.00            1.00402     0.00284       0.28  %   10000     
1.689588e+03      0.28            0.00            1.00819     0.00366       0.36  %   10000     
1.689955e+03      0.34            0.00            1.01084     0.00383       0.38  %   10000     
1.690128e+03      0.37            0.00            1.00365     0.00211       0.21  %   10000     
1.690260e+03      0.40            0.00            1.00675     0.00275       0.27  %   10000     
1.690504e+03      0.47            0.00            1.00471     0.00211       0.21  %   10000     
1.690733e+03      0.57            0.00            1.00155     0.00110       0.11  %   10000     
1.690922e+03      0.69            0.00            1.00452     0.00171       0.17  %   10000     
1.691069e+03      0.82            0.00            1.00273     0.00122       0.12  %   10000     
1.691216e+03      1.02            0.00            1.00136     0.00079       0.08  %   10000     
1.691274e+03      1.13            0.00            1.00334     0.00118       0.12  %   10000     
1.691341e+03      1.25            0.00            1.00192     0.00086       0.09  %   10000     
1.691375e+03      1.34            0.00            1.00073     0.00052       0.05  %   10000     
1.691460e+03      1.56            0.00            1.00199     0.00081       0.08  %   10000     
1.691578e+03      1.98            0.00            1.00171     0.00070       0.07  %   10000     
1.691579e+03      1.99            0.00            1.00000     0.00000       0.00  %   10000     
1.691698e+03      2.56            0.00            1.00050     0.00035       0.04  %   10000     
1.691731e+03      2.78            0.00            1.00024     0.00024       0.02  %   10000     
1.691819e+03      3.35            0.00            1.00023     0.00023       0.02  %   10000     
1.691884e+03      3.92            0.00            1.00064     0.00037       0.04  %   10000     
1.691943e+03      4.43            0.00            1.00041     0.00029       0.03  %   10000     
1.692024e+03      5.34            0.01            1.00138     0.00052       0.05  %   10000     
1.692065e+03      5.81            0.00            1.00039     0.00028       0.03  %   10000     
1.692163e+03      7.21            0.00            1.00038     0.00027       0.03  %   10000     
1.692205e+03      7.81            0.01            1.00075     0.00037       0.04  %   10000     
1.692303e+03      9.59            0.01            1.00073     0.00036       0.04  %   10000     
1.692370e+03      10.79           0.01            1.00073     0.00037       0.04  %   10000     
1.692468e+03      13.00           0.02            1.00144     0.00051       0.05  %   10000     
1.692591e+03      15.75           0.02            1.00145     0.00051       0.05  %   10000     
1.692664e+03      17.53           0.01            1.00036     0.00026       0.03  %   10000     
1.693033e+03      26.44           0.01            1.00055     0.00032       0.03  %   10000     
1.693215e+03      29.50           0.08            1.00265     0.00071       0.07  %   10000     
1.693235e+03      29.83           0.06            1.00190     0.00060       0.06  %   10000     
1.693418e+03      31.22           0.09            1.00291     0.00075       0.07  %   10000     
1.693452e+03      31.26           0.07            1.00215     0.00065       0.06  %   10000     
1.693465e+03      31.28           0.10            1.00333     0.00081       0.08  %   10000     
1.693651e+03      30.27           0.10            1.00323     0.00081       0.08  %   10000     
1.693663e+03      30.09           0.06            1.00202     0.00064       0.06  %   10000     
1.693853e+03      27.21           0.13            1.00462     0.00098       0.10  %   10000     
1.693875e+03      26.69           0.08            1.00296     0.00079       0.08  %   10000     
1.694155e+03      20.20           0.11            1.00548     0.00112       0.11  %   10000     
1.694177e+03      19.68           0.10            1.00506     0.00108       0.11  %   10000     
1.694467e+03      12.70           0.07            1.00549     0.00120       0.12  %   10000     
1.694649e+03      9.05            0.05            1.00524     0.00123       0.12  %   10000     
1.694667e+03      8.77            0.03            1.00382     0.00106       0.11  %   10000     
1.694796e+03      6.70            0.05            1.00753     0.00157       0.16  %   10000     
1.694911e+03      5.23            0.05            1.00974     0.00187       0.19  %   10000     
1.694918e+03      5.14            0.05            1.00910     0.00182       0.18  %   10000     
1.695037e+03      3.95            0.03            1.00829     0.00185       0.18  %   10000     
1.695148e+03      3.09            0.06            1.01874     0.00296       0.29  %   10000     
1.695157e+03      3.03            0.05            1.01652     0.00279       0.27  %   10000     
1.695260e+03      2.42            0.04            1.01619     0.00295       0.29  %   10000     
1.695371e+03      1.92            0.04            1.02041     0.00355       0.35  %   10000     
1.695396e+03      1.83            0.05            1.02663     0.00410       0.40  %   10000     
1.695487e+03      1.53            0.04            1.02367     0.00411       0.40  %   10000     
1.695601e+03      1.24            0.04            1.02873     0.00485       0.47  %   10000     
1.695658e+03      1.14            0.03            1.02421     0.00457       0.45  %   10000     
1.695734e+03      1.01            0.03            1.03376     0.00400       0.39  %   20000     
1.695848e+03      0.86            0.04            1.04158     0.00470       0.45  %   20000     
1.696000e+03      0.72            0.03            1.04528     0.00522       0.50  %   20000     
1.696076e+03      0.67            0.03            1.04458     0.00432       0.41  %   30000     
1.696172e+03      0.61            0.02            1.03878     0.00513       0.49  %   20000     
1.696395e+03      0.51            0.03            1.05918     0.00478       0.45  %   40000     
1.696651e+03      0.44            0.03            1.06246     0.00518       0.49  %   40000     
1.696817e+03      0.40            0.02            1.05548     0.00499       0.47  %   40000     
1.696970e+03      0.37            0.02            1.06388     0.00494       0.46  %   50000     
1.697379e+03      0.32            0.03            1.08163     0.00536       0.50  %   60000     
1.697800e+03      0.29            0.02            1.07658     0.00537       0.50  %   60000     
1.697919e+03      0.28            0.02            1.08219     0.00517       0.48  %   70000     
1.698221e+03      0.27            0.02            1.09349     0.00524       0.48  %   80000     
1.698783e+03      0.25            0.02            1.08763     0.00512       0.47  %   80000     
1.699344e+03      0.25            0.02            1.09044     0.00514       0.47  %   80000     
1.700051e+03      0.25            0.02            1.07346     0.00512       0.48  %   60000     
1.700757e+03      0.28            0.02            1.06706     0.00499       0.47  %   50000     
1.701286e+03      0.31            0.02            1.05748     0.00480       0.45  %   40000     
1.701816e+03      0.35            0.02            1.05303     0.00485       0.46  %   30000     
1.701909e+03      0.37            0.02            1.04617     0.00443       0.42  %   30000     
1.702299e+03      0.42            0.01            1.03424     0.00427       0.41  %   20000     
1.702688e+03      0.50            0.01            1.02417     0.00456       0.45  %   10000     
1.703012e+03      0.59            0.01            1.02110     0.00385       0.38  %   10000     
1.703259e+03      0.70            0.01            1.01647     0.00311       0.31  %   10000     
1.703292e+03      0.71            0.01            1.02015     0.00340       0.33  %   10000     
1.703505e+03      0.85            0.02            1.01847     0.00299       0.29  %   10000     
1.703718e+03      1.04            0.01            1.00844     0.00184       0.18  %   10000     
1.703793e+03      1.14            0.01            1.01002     0.00193       0.19  %   10000     
1.703888e+03      1.26            0.01            1.01097     0.00194       0.19  %   10000     
1.703897e+03      1.28            0.01            1.01019     0.00186       0.18  %   10000     
1.704045e+03      1.56            0.02            1.01053     0.00178       0.18  %   10000     
1.704106e+03      1.73            0.01            1.00737     0.00144       0.14  %   10000     
1.704175e+03      1.91            0.01            1.00571     0.00124       0.12  %   10000     
1.704231e+03      2.12            0.01            1.00675     0.00132       0.13  %   10000     
1.704306e+03      2.39            0.01            1.00579     0.00121       0.12  %   10000     
1.704371e+03      2.72            0.02            1.00748     0.00134       0.13  %   10000     
1.704422e+03      2.97            0.02            1.00740     0.00133       0.13  %   10000     
1.704487e+03      3.39            0.02            1.00718     0.00129       0.13  %   10000     
1.704538e+03      3.73            0.03            1.00740     0.00131       0.13  %   10000     
1.704603e+03      4.28            0.03            1.00680     0.00124       0.12  %   10000     
1.704654e+03      4.71            0.02            1.00523     0.00109       0.11  %   10000     
1.704707e+03      5.29            0.04            1.00675     0.00123       0.12  %   10000     
1.704782e+03      6.10            0.04            1.00681     0.00124       0.12  %   10000     
1.704812e+03      6.53            0.03            1.00474     0.00103       0.10  %   10000     
1.704917e+03      8.02            0.06            1.00776     0.00133       0.13  %   10000     
1.704928e+03      8.18            0.04            1.00459     0.00102       0.10  %   10000     
1.705048e+03      10.36           0.06            1.00556     0.00113       0.11  %   10000     
1.705090e+03      11.12           0.05            1.00423     0.00100       0.10  %   10000     
1.705194e+03      13.52           0.08            1.00569     0.00116       0.12  %   10000     
1.705279e+03      15.44           0.11            1.00728     0.00133       0.13  %   10000     
1.705361e+03      17.66           0.11            1.00610     0.00122       0.12  %   10000     
1.705618e+03      24.49           0.20            1.00820     0.00145       0.14  %   10000     
1.705841e+03      30.32           0.26            1.00870     0.00151       0.15  %   10000     
1.705989e+03      33.01           0.38            1.01146     0.00176       0.17  %   10000     
1.706071e+03      34.51           0.35            1.01012     0.00166       0.16  %   10000     
1.706224e+03      35.49           0.37            1.01049     0.00172       0.17  %   10000     
1.706286e+03      35.91           0.39            1.01077     0.00174       0.17  %   10000     
1.706294e+03      35.91           0.49            1.01362     0.00196       0.19  %   10000     
1.706437e+03      35.04           0.37            1.01057     0.00176       0.17  %   10000     
1.706450e+03      34.96           0.45            1.01294     0.00195       0.19  %   10000     
1.706484e+03      34.77           0.47            1.01354     0.00199       0.20  %   10000     
1.706647e+03      31.94           0.43            1.01350     0.00203       0.20  %   10000     
1.706721e+03      30.68           0.35            1.01142     0.00187       0.19  %   10000     
1.706870e+03      26.83           0.43            1.01617     0.00228       0.22  %   10000     
1.707333e+03      14.68           0.28            1.01900     0.00268       0.26  %   10000     
1.707476e+03      11.53           0.35            1.03077     0.00352       0.34  %   10000     
1.707511e+03      10.75           0.23            1.02121     0.00296       0.29  %   10000     
1.707660e+03      8.10            0.23            1.02791     0.00356       0.35  %   10000     
1.707691e+03      7.66            0.21            1.02739     0.00356       0.35  %   10000     
1.707794e+03      6.19            0.20            1.03296     0.00407       0.39  %   10000     
1.707873e+03      5.31            0.16            1.02946     0.00396       0.38  %   10000     
1.707911e+03      4.89            0.14            1.02958     0.00405       0.39  %   10000     
1.708027e+03      3.87            0.15            1.03785     0.00483       0.47  %   10000     
1.708059e+03      3.65            0.16            1.04474     0.00375       0.36  %   20000     
1.708143e+03      3.08            0.14            1.04599     0.00399       0.38  %   20000     
1.708259e+03      2.47            0.13            1.05140     0.00446       0.42  %   20000     
1.708292e+03      2.34            0.13            1.05579     0.00470       0.45  %   20000     
1.708375e+03      2.02            0.12            1.05814     0.00502       0.47  %   20000     
1.708515e+03      1.61            0.12            1.07137     0.00484       0.45  %   30000     
1.708530e+03      1.58            0.11            1.07269     0.00491       0.46  %   30000     
1.708667e+03      1.30            0.10            1.07522     0.00531       0.49  %   30000     
1.708792e+03      1.12            0.10            1.08963     0.00524       0.48  %   40000     
1.708820e+03      1.08            0.10            1.09457     0.00546       0.50  %   40000     
1.709011e+03      0.89            0.09            1.09816     0.00531       0.48  %   50000     
1.709211e+03      0.75            0.09            1.11666     0.00557       0.50  %   60000     
1.709225e+03      0.74            0.09            1.11599     0.00516       0.46  %   70000     
1.709473e+03      0.62            0.09            1.14481     0.00542       0.47  %   90000     
1.709772e+03      0.51            0.09            1.16677     0.00585       0.50  %   100000    
1.709858e+03      0.49            0.08            1.16232     0.00583       0.50  %   100000    
1.710146e+03      0.42            0.07            1.16766     0.00627       0.54  %   100000    
1.710597e+03      0.35            0.07            1.20303     0.00736       0.61  %   100000    
1.710808e+03      0.33            0.07            1.21062     0.00765       0.63  %   100000    
1.711122e+03      0.29            0.07            1.23373     0.00841       0.68  %   100000    
1.711775e+03      0.24            0.07            1.27304     0.00968       0.76  %   100000    
1.712032e+03      0.23            0.06            1.26340     0.00965       0.76  %   100000    
1.712558e+03      0.21            0.06            1.30252     0.01079       0.83  %   100000    
1.713410e+03      0.18            0.06            1.32506     0.01168       0.88  %   100000    
1.713897e+03      0.17            0.05            1.29895     0.01133       0.87  %   100000    
1.714404e+03      0.16            0.05            1.33885     0.01228       0.92  %   100000    
1.715597e+03      0.15            0.05            1.32634     0.01217       0.92  %   100000    
1.716392e+03      0.15            0.05            1.33251     0.01212       0.91  %   100000    
1.717093e+03      0.15            0.05            1.30880     0.01136       0.87  %   100000    
1.717793e+03      0.16            0.05            1.29493     0.01053       0.81  %   100000    
1.718230e+03      0.18            0.05            1.26245     0.00942       0.75  %   100000    
1.718493e+03      0.19            0.05            1.24844     0.00873       0.70  %   100000    
1.718636e+03      0.21            0.05            1.22703     0.00802       0.65  %   100000    
1.718755e+03      0.22            0.05            1.20263     0.00734       0.61  %   100000    
1.718930e+03      0.26            0.05            1.18378     0.00650       0.55  %   100000    
1.719084e+03      0.30            0.04            1.13962     0.00549       0.48  %   90000     
1.719215e+03      0.36            0.04            1.12069     0.00527       0.47  %   70000     
1.719322e+03      0.44            0.04            1.09730     0.00512       0.47  %   50000     
1.719429e+03      0.54            0.05            1.08458     0.00483       0.45  %   40000     
1.719536e+03      0.68            0.04            1.05968     0.00516       0.49  %   20000     
1.719644e+03      0.87            0.04            1.05100     0.00426       0.41  %   20000     
1.719751e+03      1.12            0.05            1.04084     0.00483       0.46  %   10000     
1.719869e+03      1.49            0.04            1.02457     0.00333       0.33  %   10000     
1.719968e+03      1.89            0.04            1.02040     0.00277       0.27  %   10000     
1.719993e+03      2.00            0.03            1.01456     0.00230       0.23  %   10000     
1.720129e+03      2.71            0.04            1.01602     0.00217       0.21  %   10000     
1.720272e+03      3.65            0.05            1.01286     0.00178       0.18  %   10000     
1.720287e+03      3.75            0.03            1.00781     0.00138       0.14  %   10000     
1.720501e+03      5.50            0.04            1.00817     0.00129       0.13  %   10000     
1.720609e+03      6.46            0.05            1.00766     0.00121       0.12  %   10000     
1.720927e+03      9.25            0.04            1.00450     0.00088       0.09  %   10000     
1.721138e+03      10.53           0.06            1.00610     0.00102       0.10  %   10000     
1.721336e+03      10.98           0.06            1.00549     0.00097       0.10  %   10000     
1.721346e+03      10.98           0.07            1.00601     0.00101       0.10  %   10000     
1.721425e+03      10.82           0.06            1.00577     0.00100       0.10  %   10000     
1.721537e+03      10.59           0.08            1.00710     0.00112       0.11  %   10000     
1.721748e+03      9.36            0.06            1.00608     0.00107       0.11  %   10000     
1.721767e+03      9.20            0.08            1.00825     0.00126       0.12  %   10000     
1.722103e+03      6.28            0.07            1.01126     0.00160       0.16  %   10000     
1.722166e+03      5.75            0.07            1.01132     0.00165       0.16  %   10000     
1.722358e+03      4.11            0.07            1.01735     0.00223       0.22  %   10000     
1.722527e+03      2.93            0.07            1.02310     0.00286       0.28  %   10000     
1.722670e+03      2.14            0.06            1.03023     0.00363       0.35  %   10000     
1.722789e+03      1.62            0.07            1.04426     0.00484       0.46  %   10000     
1.722903e+03      1.24            0.07            1.05540     0.00423       0.40  %   20000     
1.722955e+03      1.10            0.05            1.04900     0.00416       0.40  %   20000     
1.723017e+03      0.94            0.06            1.06455     0.00508       0.48  %   20000     
1.723121e+03      0.74            0.06            1.08594     0.00529       0.49  %   30000     
1.723224e+03      0.59            0.06            1.10213     0.00549       0.50  %   40000     
1.723328e+03      0.48            0.06            1.11797     0.00526       0.47  %   60000     
1.723449e+03      0.39            0.06            1.14652     0.00556       0.49  %   80000     
1.723572e+03      0.33            0.06            1.17395     0.00584       0.50  %   100000    
1.723586e+03      0.32            0.06            1.18497     0.00606       0.51  %   100000    
1.723712e+03      0.28            0.06            1.19885     0.00671       0.56  %   100000    
1.723852e+03      0.25            0.05            1.22056     0.00745       0.61  %   100000    
1.724062e+03      0.22            0.06            1.25500     0.00843       0.67  %   100000    
1.724273e+03      0.20            0.05            1.26366     0.00884       0.70  %   100000    
1.724553e+03      0.19            0.05            1.26321     0.00903       0.72  %   100000    
1.724897e+03      0.18            0.05            1.29430     0.00962       0.74  %   100000    
1.725114e+03      0.18            0.05            1.27930     0.00943       0.74  %   100000    
1.725675e+03      0.17            0.05            1.26449     0.00911       0.72  %   100000    
1.726441e+03      0.18            0.05            1.26631     0.00883       0.70  %   100000    
1.727399e+03      0.19            0.04            1.20564     0.00721       0.60  %   100000    
1.728166e+03      0.22            0.04            1.16286     0.00592       0.51  %   100000    
1.728688e+03      0.24            0.03            1.14393     0.00547       0.48  %   90000     
1.728944e+03      0.25            0.03            1.10974     0.00522       0.47  %   70000     
1.729555e+03      0.30            0.02            1.08066     0.00530       0.49  %   40000     
1.730065e+03      0.35            0.02            1.04750     0.00517       0.49  %   20000     
1.730130e+03      0.36            0.02            1.06088     0.00470       0.44  %   30000     
1.730501e+03      0.42            0.02            1.04588     0.00453       0.43  %   20000     
1.730891e+03      0.50            0.02            1.03344     0.00487       0.47  %   10000     
1.731217e+03      0.61            0.01            1.02344     0.00365       0.36  %   10000     
1.731496e+03      0.73            0.01            1.01717     0.00282       0.28  %   10000     
1.731707e+03      0.87            0.01            1.01211     0.00217       0.21  %   10000     
1.731746e+03      0.91            0.01            1.01465     0.00234       0.23  %   10000     
1.731917e+03      1.07            0.02            1.01450     0.00218       0.21  %   10000     
1.731974e+03      1.15            0.01            1.01186     0.00192       0.19  %   10000     
1.732085e+03      1.30            0.02            1.01163     0.00184       0.18  %   10000     
1.732161e+03      1.45            0.02            1.01176     0.00179       0.18  %   10000     
1.732234e+03      1.59            0.02            1.01058     0.00167       0.17  %   10000     
1.732293e+03      1.75            0.01            1.00763     0.00139       0.14  %   10000     
1.732358e+03      1.92            0.01            1.00700     0.00132       0.13  %   10000     
1.732418e+03      2.13            0.02            1.00777     0.00137       0.14  %   10000     
1.732482e+03      2.36            0.02            1.00771     0.00136       0.13  %   10000     
1.732517e+03      2.53            0.02            1.00618     0.00121       0.12  %   10000     
1.732606e+03      2.95            0.03            1.00854     0.00142       0.14  %   10000     
1.732616e+03      3.02            0.02            1.00804     0.00138       0.14  %   10000     
1.732721e+03      3.69            0.03            1.00948     0.00150       0.15  %   10000     
1.732743e+03      3.83            0.03            1.00789     0.00137       0.14  %   10000     
1.732820e+03      4.50            0.04            1.00983     0.00153       0.15  %   10000     
1.732880e+03      5.01            0.04            1.00881     0.00147       0.15  %   10000     
1.732919e+03      5.46            0.05            1.00880     0.00146       0.15  %   10000     
1.733019e+03      6.59            0.06            1.00931     0.00153       0.15  %   10000     
1.733027e+03      6.71            0.06            1.00881     0.00149       0.15  %   10000     
1.733151e+03      8.51            0.11            1.01298     0.00183       0.18  %   10000     
1.733158e+03      8.60            0.09            1.01095     0.00169       0.17  %   10000     
1.733287e+03      10.97           0.12            1.01124     0.00173       0.17  %   10000     
1.733334e+03      11.83           0.14            1.01203     0.00181       0.18  %   10000     
1.733440e+03      14.23           0.17            1.01220     0.00184       0.18  %   10000     
1.733555e+03      16.82           0.18            1.01065     0.00175       0.17  %   10000     
1.733639e+03      18.91           0.21            1.01107     0.00179       0.18  %   10000     
1.734020e+03      28.23           0.47            1.01649     0.00226       0.22  %   10000     
1.734167e+03      30.68           0.54            1.01745     0.00237       0.23  %   10000     
1.734266e+03      32.34           0.63            1.01948     0.00251       0.25  %   10000     
1.734390e+03      33.02           0.62            1.01880     0.00251       0.25  %   10000     
1.734489e+03      33.59           0.61            1.01823     0.00247       0.24  %   10000     
1.734571e+03      33.10           0.62            1.01869     0.00254       0.25  %   10000     
1.734628e+03      32.77           0.78            1.02377     0.00287       0.28  %   10000     
1.734692e+03      32.42           0.48            1.01472     0.00227       0.22  %   10000     
1.734803e+03      30.69           0.74            1.02421     0.00295       0.29  %   10000     
1.734890e+03      29.36           0.55            1.01857     0.00259       0.25  %   10000     
1.735025e+03      26.21           0.55            1.02092     0.00281       0.28  %   10000     
1.735232e+03      21.39           0.57            1.02661     0.00324       0.32  %   10000     
1.735550e+03      13.66           0.41            1.02976     0.00365       0.35  %   10000     
1.735707e+03      10.50           0.43            1.04143     0.00445       0.43  %   10000     
1.735726e+03      10.12           0.33            1.03225     0.00396       0.38  %   10000     
1.735890e+03      7.46            0.27            1.03567     0.00438       0.42  %   10000     
1.735937e+03      6.86            0.30            1.04411     0.00491       0.47  %   10000     
1.736029e+03      5.69            0.26            1.04536     0.00367       0.35  %   20000     
1.736153e+03      4.48            0.27            1.05945     0.00437       0.41  %   20000     
1.736168e+03      4.33            0.23            1.05321     0.00418       0.40  %   20000     
1.736292e+03      3.41            0.23            1.06838     0.00499       0.47  %   20000     
1.736327e+03      3.21            0.20            1.06195     0.00480       0.45  %   20000     
1.736416e+03      2.71            0.19            1.06863     0.00529       0.49  %   20000     
1.736526e+03      2.24            0.18            1.07888     0.00483       0.45  %   30000     
1.736541e+03      2.18            0.16            1.07391     0.00472       0.44  %   30000     
1.736665e+03      1.78            0.15            1.08647     0.00468       0.43  %   40000     
1.736774e+03      1.53            0.14            1.09114     0.00498       0.46  %   40000     
1.736814e+03      1.44            0.16            1.10836     0.00554       0.50  %   40000     
1.736971e+03      1.18            0.13            1.10878     0.00526       0.47  %   50000     
1.737060e+03      1.08            0.13            1.11562     0.00554       0.50  %   50000     
1.737165e+03      0.96            0.11            1.11750     0.00530       0.47  %   60000     
1.737380e+03      0.80            0.11            1.14194     0.00569       0.50  %   70000     
1.737415e+03      0.78            0.10            1.12994     0.00547       0.48  %   70000     
1.737622e+03      0.67            0.10            1.15575     0.00555       0.48  %   90000     
1.737900e+03      0.56            0.10            1.17994     0.00594       0.50  %   100000    
1.737927e+03      0.56            0.11            1.18871     0.00610       0.51  %   100000    
1.738248e+03      0.47            0.09            1.19622     0.00657       0.55  %   100000    
1.738665e+03      0.40            0.09            1.22458     0.00738       0.60  %   100000    
1.738718e+03      0.39            0.09            1.22980     0.00749       0.61  %   100000    
1.739194e+03      0.33            0.08            1.24335     0.00813       0.65  %   100000    
1.739830e+03      0.28            0.07            1.24320     0.00849       0.68  %   100000    
1.740002e+03      0.27            0.07            1.26133     0.00885       0.70  %   100000    
1.740541e+03      0.25            0.06            1.24863     0.00890       0.71  %   100000    
1.741447e+03      0.22            0.05            1.23374     0.00882       0.71  %   100000    
1.741937e+03      0.21            0.05            1.22538     0.00862       0.70  %   100000    
1.742535e+03      0.20            0.04            1.20328     0.00820       0.68  %   100000    
1.743260e+03      0.20            0.04            1.18323     0.00767       0.65  %   100000    
1.744411e+03      0.21            0.03            1.14639     0.00652       0.57  %   100000    
1.745561e+03      0.22            0.03            1.13667     0.00583       0.51  %   100000    
1.746711e+03      0.25            0.03            1.10361     0.00545       0.49  %   70000     
1.747552e+03      0.29            0.03            1.08972     0.00542       0.50  %   50000     
1.747718e+03      0.29            0.02            1.08206     0.00507       0.47  %   50000     
1.748556e+03      0.35            0.02            1.06189     0.00494       0.47  %   30000     
1.749243e+03      0.42            0.02            1.04460     0.00449       0.43  %   20000     
1.749251e+03      0.42            0.02            1.04900     0.00470       0.45  %   20000     
1.749850e+03      0.52            0.02            1.03218     0.00463       0.45  %   10000     
1.750330e+03      0.63            0.02            1.02504     0.00357       0.35  %   10000     
1.750333e+03      0.63            0.01            1.01784     0.00301       0.30  %   10000     
1.750740e+03      0.76            0.01            1.01738     0.00258       0.25  %   10000     
1.751077e+03      0.92            0.01            1.01085     0.00180       0.18  %   10000     
1.751346e+03      1.10            0.01            1.00758     0.00136       0.13  %   10000     
1.751530e+03      1.27            0.01            1.00695     0.00121       0.12  %   10000     
1.751587e+03      1.33            0.01            1.00630     0.00113       0.11  %   10000     
1.751711e+03      1.50            0.01            1.00391     0.00085       0.08  %   10000     
1.751777e+03      1.59            0.01            1.00432     0.00088       0.09  %   10000     
1.751842e+03      1.71            0.01            1.00468     0.00090       0.09  %   10000     
1.751940e+03      1.90            0.01            1.00470     0.00089       0.09  %   10000     
1.751972e+03      1.99            0.00            1.00232     0.00062       0.06  %   10000     
1.752070e+03      2.25            0.01            1.00326     0.00073       0.07  %   10000     
1.752103e+03      2.34            0.01            1.00442     0.00085       0.08  %   10000     
1.752152e+03      2.52            0.01            1.00391     0.00080       0.08  %   10000     
1.752234e+03      2.83            0.01            1.00330     0.00074       0.07  %   10000     
1.752253e+03      2.90            0.01            1.00349     0.00076       0.08  %   10000     
1.752310e+03      3.20            0.01            1.00269     0.00067       0.07  %   10000     
1.752383e+03      3.58            0.01            1.00382     0.00081       0.08  %   10000     
1.752398e+03      3.68            0.02            1.00417     0.00085       0.08  %   10000     
1.752484e+03      4.27            0.02            1.00505     0.00095       0.09  %   10000     
1.752519e+03      4.52            0.03            1.00628     0.00108       0.11  %   10000     
1.752576e+03      5.04            0.02            1.00396     0.00086       0.09  %   10000     
1.752663e+03      5.84            0.03            1.00436     0.00093       0.09  %   10000     
1.752674e+03      5.98            0.02            1.00338     0.00082       0.08  %   10000     
1.752775e+03      7.21            0.03            1.00459     0.00098       0.10  %   10000     
1.752815e+03      7.71            0.07            1.00943     0.00142       0.14  %   10000     
1.752875e+03      8.66            0.07            1.00853     0.00136       0.14  %   10000     
1.752969e+03      10.15           0.09            1.00851     0.00140       0.14  %   10000     
1.752995e+03      10.66           0.08            1.00739     0.00131       0.13  %   10000     
1.753121e+03      13.17           0.12            1.00900     0.00148       0.15  %   10000     
1.753138e+03      13.51           0.12            1.00861     0.00145       0.14  %   10000     
1.753265e+03      16.60           0.14            1.00867     0.00148       0.15  %   10000     
1.753369e+03      19.12           0.20            1.01066     0.00168       0.17  %   10000     
1.753460e+03      21.55           0.28            1.01306     0.00188       0.19  %   10000     
1.753861e+03      31.91           0.40            1.01250     0.00192       0.19  %   10000     
1.754013e+03      34.55           0.49            1.01428     0.00210       0.21  %   10000     
1.754091e+03      35.92           0.55            1.01529     0.00218       0.21  %   10000     
1.754267e+03      37.05           0.81            1.02188     0.00266       0.26  %   10000     
1.754322e+03      37.41           0.59            1.01571     0.00226       0.22  %   10000     
1.754470e+03      36.64           0.82            1.02249     0.00276       0.27  %   10000     
1.754550e+03      36.24           0.76            1.02103     0.00268       0.26  %   10000     
1.754574e+03      35.88           0.94            1.02607     0.00300       0.29  %   10000     
1.754865e+03      31.53           0.83            1.02643     0.00313       0.30  %   10000     
1.754939e+03      30.24           0.84            1.02783     0.00325       0.32  %   10000     
1.755232e+03      25.18           0.80            1.03186     0.00367       0.36  %   10000     
1.755305e+03      24.38           0.78            1.03197     0.00370       0.36  %   10000     
1.755462e+03      22.63           0.65            1.02871     0.00364       0.35  %   10000     
1.755531e+03      22.35           0.76            1.03384     0.00397       0.38  %   10000     
1.755700e+03      21.62           0.78            1.03621     0.00425       0.41  %   10000     
1.755741e+03      21.60           0.81            1.03762     0.00436       0.42  %   10000     
1.755812e+03      21.72           0.79            1.03653     0.00432       0.42  %   10000     
1.756281e+03      22.47           0.85            1.03790     0.00462       0.44  %   10000     
1.756290e+03      22.45           1.08            1.04823     0.00368       0.35  %   20000     
1.756476e+03      22.15           1.09            1.04926     0.00377       0.36  %   20000     
1.756483e+03      22.10           1.18            1.05348     0.00394       0.37  %   20000     
1.756680e+03      20.78           1.03            1.04973     0.00387       0.37  %   20000     
1.756759e+03      20.27           1.15            1.05666     0.00412       0.39  %   20000     
1.756969e+03      17.70           0.88            1.04984     0.00397       0.38  %   20000     
1.757087e+03      16.26           0.80            1.04948     0.00399       0.38  %   20000     
1.757552e+03      9.69            0.61            1.06255     0.00482       0.45  %   20000     
1.757696e+03      8.03            0.48            1.06012     0.00483       0.46  %   20000     
1.757782e+03      7.03            0.54            1.07651     0.00456       0.42  %   30000     
1.757959e+03      5.41            0.44            1.08159     0.00490       0.45  %   30000     
1.757962e+03      5.38            0.41            1.07705     0.00477       0.44  %   30000     
1.758142e+03      4.11            0.37            1.09067     0.00544       0.50  %   30000     
1.758188e+03      3.87            0.34            1.08772     0.00540       0.50  %   30000     
1.758306e+03      3.24            0.31            1.09519     0.00507       0.46  %   40000     
1.758423e+03      2.78            0.28            1.10058     0.00536       0.49  %   40000     
1.758472e+03      2.59            0.30            1.11646     0.00526       0.47  %   50000     
1.758645e+03      2.09            0.26            1.12651     0.00526       0.47  %   60000     
1.758688e+03      1.99            0.24            1.12008     0.00517       0.46  %   60000     
1.758818e+03      1.72            0.23            1.13255     0.00524       0.46  %   70000     
1.758991e+03      1.46            0.24            1.16125     0.00561       0.48  %   80000     
1.759032e+03      1.40            0.21            1.14996     0.00549       0.48  %   80000     
1.759278e+03      1.14            0.20            1.17298     0.00556       0.47  %   100000    
1.759319e+03      1.11            0.19            1.16942     0.00584       0.50  %   90000     
1.759564e+03      0.94            0.18            1.19705     0.00629       0.53  %   100000    
1.759810e+03      0.81            0.17            1.21381     0.00679       0.56  %   100000    
1.759892e+03      0.77            0.17            1.22432     0.00708       0.58  %   100000    
1.760302e+03      0.63            0.16            1.24837     0.00793       0.64  %   100000    
1.760497e+03      0.58            0.15            1.24976     0.00811       0.65  %   100000    
1.760753e+03      0.52            0.15            1.29672     0.00919       0.71  %   100000    
1.761279e+03      0.43            0.14            1.31578     0.01007       0.77  %   100000    
1.761472e+03      0.41            0.14            1.34479     0.01067       0.79  %   100000    
1.761939e+03      0.35            0.13            1.35697     0.01145       0.84  %   100000    
1.762699e+03      0.29            0.12            1.42203     0.01325       0.93  %   100000    
1.762897e+03      0.28            0.12            1.43090     0.01353       0.95  %   100000    
1.763562e+03      0.24            0.11            1.46587     0.01484       1.01  %   100000    
1.764524e+03      0.20            0.11            1.51919     0.01657       1.09  %   100000    
1.764811e+03      0.19            0.11            1.58084     0.01770       1.12  %   100000    
1.765805e+03      0.17            0.10            1.59395     0.01890       1.19  %   100000    
1.767306e+03      0.14            0.10            1.70634     0.02177       1.28  %   100000    
1.767450e+03      0.14            0.10            1.69436     0.02165       1.28  %   100000    
1.768806e+03      0.12            0.09            1.75516     0.02359       1.34  %   100000    
1.771160e+03      0.11            0.06            1.56891     0.02154       1.37  %   100000    
1.771634e+03      0.10            0.06            1.53428     0.02097       1.37  %   100000    
1.773869e+03      0.09            0.05            1.57203     0.02250       1.43  %   100000    
1.777685e+03      0.08            0.05            1.59096     0.02356       1.48  %   100000    
1.778729e+03      0.08            0.05            1.56627     0.02309       1.47  %   100000    
1.783031e+03      0.08            0.05            1.64132     0.02503       1.53  %   100000    
1.788937e+03      0.07            0.04            1.59642     0.02405       1.51  %   100000    
1.791959e+03      0.07            0.02            1.25118     0.01547       1.24  %   100000    
1.794475e+03      0.07            0.00            1.05894     0.00736       0.70  %   100000    
1.798341e+03      0.07            0.00            1.03136     0.00523       0.51  %   100000    
1.801705e+03      0.08            0.00            1.01847     0.00494       0.48  %   60000     
1.803722e+03      0.08            0.00            1.02696     0.00492       0.48  %   80000     
1.805027e+03      0.09            0.00            1.02066     0.00474       0.46  %   60000     
1.805079e+03      0.09            0.00            1.02378     0.00507       0.50  %   60000     
1.806114e+03      0.10            0.00            1.01573     0.00474       0.47  %   40000     
1.806984e+03      0.12            0.00            1.01312     0.00464       0.46  %   30000     
1.807653e+03      0.14            0.00            1.01882     0.00443       0.44  %   40000     
1.808103e+03      0.16            0.00            1.00361     0.00361       0.36  %   10000     
1.808340e+03      0.17            0.00            1.00000     0.00000       0.00  %   10000     
1.808464e+03      0.18            0.00            1.00000     0.00000       0.00  %   10000     
1.808752e+03      0.21            0.00            1.00792     0.00323       0.32  %   20000     
1.808967e+03      0.25            0.00            1.00227     0.00227       0.23  %   10000     
1.809155e+03      0.29            0.00            1.00382     0.00270       0.27  %   10000     
1.809314e+03      0.35            0.00            1.00319     0.00225       0.22  %   10000     
1.809316e+03      0.35            0.00            1.00637     0.00318       0.32  %   10000     
1.809450e+03      0.43            0.00            1.00266     0.00188       0.19  %   10000     
1.809573e+03      0.52            0.00            1.00331     0.00191       0.19  %   10000     
1.809693e+03      0.65            0.00            1.00271     0.00156       0.16  %   10000     
1.809693e+03      0.65            0.00            1.00180     0.00127       0.13  %   10000     
1.809796e+03      0.81            0.00            1.00152     0.00107       0.11  %   10000     
1.809900e+03      1.01            0.00            1.00254     0.00127       0.13  %   10000     
1.810003e+03      1.27            0.00            1.00266     0.00119       0.12  %   10000     
1.810037e+03      1.39            0.00            1.00149     0.00086       0.09  %   10000     
1.810125e+03      1.68            0.00            1.00220     0.00098       0.10  %   10000     
1.810242e+03      2.19            0.00            1.00075     0.00053       0.05  %   10000     
1.810243e+03      2.20            0.00            1.00037     0.00037       0.04  %   10000     
1.810370e+03      2.91            0.00            1.00162     0.00072       0.07  %   10000     
1.810466e+03      3.59            0.00            1.00029     0.00029       0.03  %   10000     
1.810517e+03      3.95            0.00            1.00028     0.00028       0.03  %   10000     
1.810691e+03      5.50            0.00            1.00050     0.00036       0.04  %   10000     
1.810699e+03      5.58            0.01            1.00100     0.00050       0.05  %   10000     
1.810964e+03      8.46            0.00            1.00023     0.00023       0.02  %   10000     
1.811009e+03      8.94            0.00            1.00045     0.00032       0.03  %   10000     
1.811318e+03      12.25           0.01            1.00044     0.00031       0.03  %   10000     
1.811470e+03      13.32           0.02            1.00176     0.00062       0.06  %   10000     
1.811541e+03      13.83           0.02            1.00153     0.00058       0.06  %   10000     
1.811734e+03      14.29           0.02            1.00111     0.00050       0.05  %   10000     
1.811739e+03      14.28           0.03            1.00178     0.00063       0.06  %   10000     
1.811909e+03      13.88           0.04            1.00274     0.00079       0.08  %   10000     
1.811918e+03      13.86           0.02            1.00160     0.00060       0.06  %   10000     
1.812132e+03      12.39           0.03            1.00216     0.00072       0.07  %   10000     
1.812431e+03      9.22            0.03            1.00319     0.00092       0.09  %   10000     
1.812465e+03      8.86            0.01            1.00162     0.00066       0.07  %   10000     
1.812770e+03      5.56            0.02            1.00292     0.00097       0.10  %   10000     
1.812951e+03      3.95            0.02            1.00453     0.00131       0.13  %   10000     
1.812953e+03      3.93            0.03            1.00680     0.00160       0.16  %   10000     
1.813101e+03      2.89            0.02            1.00671     0.00173       0.17  %   10000     
1.813228e+03      2.19            0.02            1.00996     0.00228       0.23  %   10000     
1.813255e+03      2.07            0.02            1.00810     0.00209       0.21  %   10000     
1.813355e+03      1.64            0.02            1.01074     0.00260       0.26  %   10000     
1.813471e+03      1.26            0.01            1.00983     0.00272       0.27  %   10000     
1.813527e+03      1.12            0.02            1.01636     0.00366       0.36  %   10000     
1.813584e+03      0.98            0.01            1.01183     0.00328       0.32  %   10000     
1.813698e+03      0.77            0.01            1.01870     0.00453       0.44  %   10000     
1.813811e+03      0.61            0.01            1.02232     0.00382       0.37  %   20000     
1.813908e+03      0.52            0.02            1.02992     0.00473       0.46  %   20000     
1.813936e+03      0.49            0.02            1.03137     0.00496       0.48  %   20000     
1.814048e+03      0.41            0.02            1.03949     0.00489       0.47  %   30000     
1.814188e+03      0.34            0.01            1.03129     0.00471       0.46  %   30000     
1.814355e+03      0.29            0.01            1.04501     0.00471       0.45  %   50000     
1.814523e+03      0.25            0.01            1.05029     0.00483       0.46  %   60000     
1.814746e+03      0.22            0.01            1.05677     0.00505       0.48  %   70000     
1.814802e+03      0.21            0.01            1.05468     0.00501       0.47  %   70000     
1.815058e+03      0.19            0.01            1.06978     0.00527       0.49  %   90000     
1.815443e+03      0.16            0.01            1.06870     0.00525       0.49  %   100000    
1.815827e+03      0.15            0.01            1.08250     0.00598       0.55  %   100000    
1.816340e+03      0.14            0.01            1.09030     0.00646       0.59  %   100000    
1.816852e+03      0.13            0.01            1.09116     0.00656       0.60  %   100000    
1.817162e+03      0.13            0.01            1.09008     0.00656       0.60  %   100000    
1.817471e+03      0.13            0.01            1.09282     0.00664       0.61  %   100000    
1.818179e+03      0.13            0.01            1.08922     0.00630       0.58  %   100000    
1.818533e+03      0.14            0.01            1.08130     0.00580       0.54  %   100000    
1.818769e+03      0.15            0.01            1.07238     0.00526       0.49  %   100000    
1.818946e+03      0.16            0.01            1.06253     0.00522       0.49  %   80000     
1.819123e+03      0.18            0.01            1.04543     0.00481       0.46  %   60000     
1.819271e+03      0.22            0.01            1.04615     0.00491       0.47  %   50000     
1.819406e+03      0.26            0.01            1.03706     0.00518       0.50  %   30000     
1.819523e+03      0.32            0.01            1.03777     0.00475       0.46  %   30000     
1.819640e+03      0.40            0.01            1.02531     0.00428       0.42  %   20000     
1.819693e+03      0.45            0.01            1.01872     0.00347       0.34  %   20000     
1.819745e+03      0.50            0.01            1.02458     0.00379       0.37  %   20000     
1.819850e+03      0.63            0.01            1.01786     0.00409       0.40  %   10000     
1.819967e+03      0.83            0.01            1.01400     0.00321       0.32  %   10000     
1.820084e+03      1.08            0.01            1.00758     0.00210       0.21  %   10000     
1.820218e+03      1.47            0.01            1.00908     0.00203       0.20  %   10000     
1.820266e+03      1.64            0.01            1.00540     0.00150       0.15  %   10000     
1.820366e+03      2.01            0.01            1.00431     0.00124       0.12  %   10000     
1.820548e+03      2.86            0.01            1.00314     0.00095       0.09  %   10000     
1.820691e+03      3.66            0.02            1.00467     0.00107       0.11  %   10000     
1.820889e+03      4.78            0.01            1.00152     0.00057       0.06  %   10000     
1.821163e+03      6.25            0.01            1.00117     0.00048       0.05  %   10000     
1.821380e+03      7.00            0.02            1.00228     0.00066       0.07  %   10000     
1.821550e+03      7.19            0.02            1.00229     0.00066       0.07  %   10000     
1.821755e+03      6.91            0.02            1.00239     0.00069       0.07  %   10000     
1.821771e+03      6.84            0.01            1.00160     0.00057       0.06  %   10000     
1.821957e+03      6.15            0.01            1.00235     0.00071       0.07  %   10000     
1.822103e+03      5.34            0.02            1.00325     0.00087       0.09  %   10000     
1.822312e+03      4.18            0.01            1.00320     0.00092       0.09  %   10000     
1.822540e+03      2.92            0.03            1.00870     0.00170       0.17  %   10000     
1.822571e+03      2.76            0.02            1.00696     0.00155       0.15  %   10000     
1.822751e+03      1.94            0.02            1.01022     0.00213       0.21  %   10000     
1.822899e+03      1.41            0.01            1.00847     0.00218       0.22  %   10000     
1.823020e+03      1.07            0.01            1.01334     0.00306       0.30  %   10000     
1.823132e+03      0.83            0.02            1.02083     0.00425       0.42  %   10000     
1.823249e+03      0.63            0.02            1.02402     0.00512       0.50  %   10000     
1.823250e+03      0.63            0.01            1.02188     0.00489       0.48  %   10000     
1.823351e+03      0.50            0.02            1.03352     0.00473       0.46  %   20000     
1.823454e+03      0.40            0.02            1.04792     0.00510       0.49  %   30000     
1.823571e+03      0.32            0.02            1.05874     0.00485       0.46  %   50000     
1.823674e+03      0.27            0.02            1.05717     0.00519       0.49  %   50000     
1.823791e+03      0.23            0.02            1.08313     0.00535       0.49  %   80000     
1.823937e+03      0.19            0.02            1.09657     0.00556       0.51  %   100000    
1.823998e+03      0.18            0.02            1.08642     0.00537       0.49  %   100000    
1.824082e+03      0.17            0.02            1.09066     0.00569       0.52  %   100000    
1.824253e+03      0.15            0.02            1.10180     0.00632       0.57  %   100000    
1.824480e+03      0.14            0.02            1.11166     0.00688       0.62  %   100000    
1.824822e+03      0.13            0.02            1.12563     0.00752       0.67  %   100000    
1.825391e+03      0.12            0.02            1.12224     0.00757       0.67  %   100000    
1.825847e+03      0.12            0.02            1.12558     0.00768       0.68  %   100000    
1.826533e+03      0.12            0.01            1.11307     0.00716       0.64  %   100000    
1.827391e+03      0.13            0.01            1.10197     0.00647       0.59  %   100000    
1.828077e+03      0.15            0.01            1.09552     0.00585       0.53  %   100000    
1.828506e+03      0.17            0.01            1.08853     0.00529       0.49  %   100000    
1.828873e+03      0.19            0.02            1.08346     0.00503       0.46  %   90000     
1.829083e+03      0.21            0.01            1.06772     0.00525       0.49  %   60000     
1.829294e+03      0.25            0.01            1.04900     0.00508       0.48  %   40000     
1.829469e+03      0.29            0.01            1.04734     0.00459       0.44  %   40000     
1.829610e+03      0.35            0.01            1.04233     0.00461       0.44  %   30000     
1.829734e+03      0.42            0.01            1.03485     0.00469       0.45  %   20000     
1.829772e+03      0.45            0.01            1.03148     0.00432       0.42  %   20000     
1.829850e+03      0.51            0.01            1.01903     0.00448       0.44  %   10000     
1.829966e+03      0.64            0.01            1.01997     0.00416       0.41  %   10000     
1.830056e+03      0.78            0.01            1.01836     0.00367       0.36  %   10000     
1.830081e+03      0.82            0.01            1.01273     0.00300       0.30  %   10000     
1.830197e+03      1.06            0.02            1.01565     0.00301       0.30  %   10000     
1.830313e+03      1.38            0.02            1.01191     0.00238       0.24  %   10000     
1.830346e+03      1.50            0.01            1.00896     0.00200       0.20  %   10000     
1.830434e+03      1.82            0.02            1.00876     0.00187       0.18  %   10000     
1.830569e+03      2.45            0.03            1.01032     0.00185       0.18  %   10000     
1.830601e+03      2.65            0.01            1.00446     0.00119       0.12  %   10000     
1.830720e+03      3.37            0.02            1.00599     0.00131       0.13  %   10000     
1.830829e+03      4.20            0.02            1.00568     0.00121       0.12  %   10000     
1.830896e+03      4.71            0.02            1.00523     0.00114       0.11  %   10000     
1.831081e+03      6.44            0.02            1.00383     0.00093       0.09  %   10000     
1.831179e+03      7.36            0.01            1.00131     0.00054       0.05  %   10000     
1.831523e+03      10.60           0.03            1.00327     0.00082       0.08  %   10000     
1.831676e+03      11.58           0.03            1.00266     0.00074       0.07  %   10000     
1.831736e+03      11.97           0.02            1.00163     0.00057       0.06  %   10000     
1.831946e+03      12.45           0.06            1.00515     0.00103       0.10  %   10000     
1.831955e+03      12.43           0.04            1.00351     0.00085       0.08  %   10000     
1.832088e+03      12.13           0.06            1.00463     0.00099       0.10  %   10000     
1.832148e+03      12.00           0.05            1.00421     0.00094       0.09  %   10000     
1.832329e+03      10.86           0.05            1.00483     0.00103       0.10  %   10000     
1.832361e+03      10.66           0.04            1.00397     0.00093       0.09  %   10000     
1.832654e+03      7.91            0.06            1.00710     0.00132       0.13  %   10000     
1.832724e+03      7.25            0.04            1.00505     0.00113       0.11  %   10000     
1.832995e+03      4.72            0.04            1.00932     0.00167       0.17  %   10000     
1.833140e+03      3.61            0.04            1.00983     0.00182       0.18  %   10000     
1.833168e+03      3.40            0.04            1.01190     0.00204       0.20  %   10000     
1.833320e+03      2.47            0.03            1.01251     0.00228       0.23  %   10000     
1.833418e+03      2.01            0.02            1.01173     0.00234       0.23  %   10000     
1.833451e+03      1.85            0.03            1.01535     0.00275       0.27  %   10000     
1.833569e+03      1.42            0.02            1.01481     0.00296       0.29  %   10000     
1.833680e+03      1.10            0.02            1.02185     0.00392       0.38  %   10000     
1.833704e+03      1.05            0.04            1.03348     0.00492       0.48  %   10000     
1.833791e+03      0.86            0.02            1.02894     0.00495       0.48  %   10000     
1.833903e+03      0.68            0.03            1.04615     0.00485       0.46  %   20000     
1.834014e+03      0.55            0.03            1.04880     0.00445       0.42  %   30000     
1.834113e+03      0.46            0.02            1.04837     0.00473       0.45  %   30000     
1.834136e+03      0.44            0.03            1.05751     0.00526       0.50  %   30000     
1.834249e+03      0.37            0.03            1.07263     0.00493       0.46  %   50000     
1.834377e+03      0.32            0.02            1.07435     0.00536       0.50  %   50000     
1.834538e+03      0.27            0.03            1.09438     0.00511       0.47  %   80000     
1.834647e+03      0.25            0.02            1.09177     0.00520       0.48  %   80000     
1.834731e+03      0.23            0.02            1.10689     0.00545       0.49  %   90000     
1.834988e+03      0.20            0.02            1.11439     0.00568       0.51  %   100000    
1.835345e+03      0.18            0.02            1.13021     0.00639       0.57  %   100000    
1.835803e+03      0.16            0.02            1.14738     0.00709       0.62  %   100000    
1.835880e+03      0.16            0.02            1.12628     0.00659       0.58  %   100000    
1.836489e+03      0.14            0.02            1.15475     0.00756       0.65  %   100000    
1.837404e+03      0.13            0.02            1.14650     0.00752       0.66  %   100000    
1.838777e+03      0.13            0.02            1.16792     0.00801       0.69  %   100000    
1.840761e+03      0.14            0.02            1.15008     0.00720       0.63  %   100000    
1.841422e+03      0.14            0.02            1.13825     0.00672       0.59  %   100000    
1.842744e+03      0.15            0.02            1.12633     0.00610       0.54  %   100000    
1.844498e+03      0.18            0.02            1.09123     0.00528       0.48  %   80000     
1.845794e+03      0.21            0.02            1.08907     0.00511       0.47  %   70000     
1.846010e+03      0.21            0.02            1.08159     0.00522       0.48  %   60000     
1.847306e+03      0.25            0.02            1.06762     0.00529       0.50  %   40000     
1.848180e+03      0.30            0.02            1.05335     0.00501       0.48  %   30000     
1.848344e+03      0.31            0.02            1.05120     0.00485       0.46  %   30000     
1.849057e+03      0.36            0.01            1.03210     0.00440       0.43  %   20000     
1.849204e+03      0.37            0.01            1.03623     0.00463       0.45  %   20000     
1.850026e+03      0.45            0.01            1.02967     0.00389       0.38  %   20000     
1.850081e+03      0.46            0.02            1.03280     0.00406       0.39  %   20000     
1.850712e+03      0.55            0.01            1.02372     0.00465       0.45  %   10000     
1.850812e+03      0.57            0.01            1.02407     0.00463       0.45  %   10000     
1.851288e+03      0.67            0.01            1.01176     0.00314       0.31  %   10000     
1.851445e+03      0.71            0.01            1.01625     0.00363       0.36  %   10000     
1.851818e+03      0.82            0.02            1.02210     0.00417       0.41  %   10000     
1.851979e+03      0.88            0.02            1.01840     0.00375       0.37  %   10000     
1.852270e+03      1.00            0.02            1.01594     0.00348       0.34  %   10000     
1.852392e+03      1.07            0.02            1.01863     0.00372       0.37  %   10000     
1.852641e+03      1.20            0.02            1.02017     0.00388       0.38  %   10000     
1.852758e+03      1.29            0.02            1.01544     0.00337       0.33  %   10000     
1.853006e+03      1.48            0.03            1.02002     0.00385       0.38  %   10000     
1.853035e+03      1.51            0.02            1.01624     0.00346       0.34  %   10000     
1.853307e+03      1.81            0.03            1.01713     0.00357       0.35  %   10000     
1.853335e+03      1.84            0.04            1.02249     0.00410       0.40  %   10000     
1.853552e+03      2.16            0.04            1.01957     0.00383       0.38  %   10000     
1.853642e+03      2.30            0.06            1.02616     0.00448       0.44  %   10000     
1.853800e+03      2.63            0.05            1.01771     0.00369       0.36  %   10000     
1.853898e+03      2.83            0.06            1.02211     0.00417       0.41  %   10000     
1.854030e+03      3.20            0.08            1.02369     0.00432       0.42  %   10000     
1.854151e+03      3.54            0.08            1.02278     0.00430       0.42  %   10000     
1.854235e+03      3.86            0.08            1.02111     0.00414       0.40  %   10000     
1.854381e+03      4.41            0.09            1.01934     0.00403       0.40  %   10000     
1.854461e+03      4.81            0.09            1.01843     0.00393       0.39  %   10000     
1.854644e+03      5.72            0.14            1.02440     0.00461       0.45  %   10000     
1.854692e+03      6.03            0.18            1.02953     0.00358       0.35  %   20000     
1.854926e+03      7.53            0.16            1.02077     0.00433       0.42  %   10000     
1.854929e+03      7.56            0.24            1.03160     0.00377       0.37  %   20000     
1.855207e+03      9.79            0.26            1.02704     0.00501       0.49  %   10000     
1.855317e+03      10.65           0.21            1.02002     0.00437       0.43  %   10000     
1.855843e+03      14.84           0.28            1.01913     0.00439       0.43  %   10000     
1.855902e+03      15.14           0.54            1.03571     0.00426       0.41  %   20000     
1.856107e+03      16.20           0.54            1.03352     0.00415       0.40  %   20000     
1.856197e+03      16.35           0.62            1.03796     0.00447       0.43  %   20000     
1.856382e+03      16.70           0.63            1.03762     0.00446       0.43  %   20000     
1.856470e+03      16.52           0.64            1.03897     0.00458       0.44  %   20000     
1.856497e+03      16.47           0.69            1.04181     0.00476       0.46  %   20000     
1.856633e+03      16.24           0.59            1.03636     0.00444       0.43  %   20000     
1.856772e+03      15.50           0.62            1.03968     0.00470       0.45  %   20000     
1.856940e+03      14.64           0.65            1.04425     0.00497       0.48  %   20000     
1.857087e+03      13.51           0.69            1.05106     0.00442       0.42  %   30000     
1.857745e+03      8.35            0.47            1.05576     0.00479       0.45  %   30000     
1.857898e+03      7.38            0.39            1.05265     0.00464       0.44  %   30000     
1.858001e+03      6.72            0.33            1.04901     0.00452       0.43  %   30000     
1.858184e+03      5.85            0.36            1.06188     0.00506       0.48  %   30000     
1.858227e+03      5.71            0.33            1.05728     0.00483       0.46  %   30000     
1.858381e+03      5.23            0.26            1.05001     0.00446       0.43  %   30000     
1.858486e+03      5.08            0.24            1.04674     0.00515       0.49  %   20000     
1.858513e+03      5.04            0.24            1.04691     0.00514       0.49  %   20000     
1.858578e+03      5.02            0.25            1.05073     0.00525       0.50  %   20000     
1.858710e+03      5.15            0.21            1.04019     0.00443       0.43  %   20000     
1.858744e+03      5.26            0.23            1.04420     0.00455       0.44  %   20000     
1.858874e+03      5.68            0.18            1.03253     0.00365       0.35  %   20000     
1.858949e+03      6.13            0.15            1.02521     0.00432       0.42  %   10000     
1.859039e+03      6.67            0.19            1.02813     0.00433       0.42  %   10000     
1.859203e+03      8.16            0.17            1.02036     0.00330       0.32  %   10000     
1.859230e+03      8.49            0.20            1.02314     0.00344       0.34  %   10000     
1.859395e+03      10.53           0.16            1.01534     0.00255       0.25  %   10000     
1.859501e+03      12.19           0.15            1.01207     0.00213       0.21  %   10000     
1.859544e+03      12.87           0.13            1.01015     0.00191       0.19  %   10000     
1.859739e+03      15.92           0.17            1.01078     0.00185       0.18  %   10000     
1.859924e+03      18.64           0.19            1.01013     0.00171       0.17  %   10000     
1.860053e+03      20.54           0.23            1.01127     0.00176       0.17  %   10000     
1.860262e+03      22.38           0.15            1.00663     0.00132       0.13  %   10000     
1.860400e+03      22.74           0.17            1.00744     0.00140       0.14  %   10000     
1.860416e+03      22.78           0.12            1.00531     0.00119       0.12  %   10000     
1.860446e+03      22.67           0.25            1.01092     0.00170       0.17  %   10000     
1.860611e+03      22.03           0.22            1.01020     0.00165       0.16  %   10000     
1.860749e+03      20.52           0.21            1.01030     0.00169       0.17  %   10000     
1.860827e+03      19.68           0.25            1.01295     0.00191       0.19  %   10000     
1.861053e+03      15.98           0.18            1.01139     0.00187       0.18  %   10000     
1.861191e+03      13.70           0.18            1.01345     0.00210       0.21  %   10000     
1.861462e+03      9.19            0.14            1.01509     0.00244       0.24  %   10000     
1.861655e+03      6.54            0.17            1.02656     0.00354       0.34  %   10000     
1.861741e+03      5.61            0.16            1.02929     0.00387       0.38  %   10000     
1.861815e+03      4.80            0.13            1.02722     0.00392       0.38  %   10000     
1.861951e+03      3.66            0.09            1.02562     0.00415       0.40  %   10000     
1.862077e+03      2.85            0.15            1.05220     0.00453       0.43  %   20000     
1.862087e+03      2.78            0.11            1.04102     0.00405       0.39  %   20000     
1.862206e+03      2.21            0.14            1.06154     0.00440       0.41  %   30000     
1.862324e+03      1.77            0.11            1.06206     0.00479       0.45  %   30000     
1.862415e+03      1.53            0.10            1.06754     0.00526       0.49  %   30000     
1.862454e+03      1.42            0.12            1.08429     0.00523       0.48  %   40000     
1.862594e+03      1.15            0.10            1.08677     0.00514       0.47  %   50000     
1.862734e+03      0.97            0.09            1.09655     0.00528       0.48  %   60000     
1.862822e+03      0.89            0.11            1.12206     0.00529       0.47  %   80000     
1.862902e+03      0.82            0.10            1.12428     0.00552       0.49  %   80000     
1.863070e+03      0.71            0.10            1.13492     0.00541       0.48  %   100000    
1.863320e+03      0.61            0.09            1.14341     0.00587       0.51  %   100000    
1.863434e+03      0.58            0.09            1.15802     0.00625       0.54  %   100000    
1.863648e+03      0.53            0.09            1.17854     0.00689       0.58  %   100000    
1.864140e+03      0.44            0.08            1.17771     0.00726       0.62  %   100000    
1.864594e+03      0.39            0.08            1.19677     0.00788       0.66  %   100000    
1.864694e+03      0.38            0.08            1.21367     0.00830       0.68  %   100000    
1.865413e+03      0.32            0.07            1.22604     0.00898       0.73  %   100000    
1.866099e+03      0.28            0.06            1.22267     0.00918       0.75  %   100000    
1.866276e+03      0.27            0.07            1.24482     0.00974       0.78  %   100000    
1.867389e+03      0.23            0.06            1.28218     0.01094       0.85  %   100000    
1.868216e+03      0.21            0.06            1.28268     0.01113       0.87  %   100000    
1.868731e+03      0.20            0.06            1.28576     0.01140       0.89  %   100000    
1.870073e+03      0.17            0.05            1.27647     0.01150       0.90  %   100000    
1.871626e+03      0.16            0.04            1.25640     0.01111       0.88  %   100000    
1.871999e+03      0.16            0.04            1.25731     0.01117       0.89  %   100000    
1.873703e+03      0.15            0.03            1.22704     0.01038       0.85  %   100000    
1.874555e+03      0.15            0.04            1.25015     0.01073       0.86  %   100000    
1.875964e+03      0.15            0.03            1.21852     0.00960       0.79  %   100000    
1.877373e+03      0.17            0.03            1.19489     0.00840       0.70  %   100000    
1.878205e+03      0.18            0.03            1.15758     0.00705       0.61  %   100000    
1.878313e+03      0.19            0.03            1.15358     0.00689       0.60  %   100000    
1.879007e+03      0.21            0.03            1.13240     0.00586       0.52  %   100000    
1.879586e+03      0.25            0.03            1.10397     0.00527       0.48  %   80000     
1.879839e+03      0.27            0.03            1.10074     0.00525       0.48  %   70000     
1.879992e+03      0.29            0.03            1.09057     0.00520       0.48  %   60000     
1.880340e+03      0.34            0.02            1.06674     0.00495       0.46  %   40000     
1.880572e+03      0.39            0.02            1.05803     0.00491       0.46  %   30000     
1.880776e+03      0.46            0.02            1.04734     0.00498       0.48  %   20000     
1.880950e+03      0.55            0.03            1.04562     0.00446       0.43  %   20000     
1.881096e+03      0.66            0.02            1.02789     0.00452       0.44  %   10000     
1.881232e+03      0.81            0.02            1.02912     0.00419       0.41  %   10000     
1.881321e+03      0.94            0.02            1.02320     0.00349       0.34  %   10000     
1.881351e+03      0.99            0.02            1.01826     0.00304       0.30  %   10000     
1.881400e+03      1.09            0.02            1.01498     0.00264       0.26  %   10000     
1.881470e+03      1.24            0.02            1.01837     0.00280       0.27  %   10000     
1.881590e+03      1.59            0.03            1.01622     0.00241       0.24  %   10000     
1.881636e+03      1.77            0.02            1.01173     0.00198       0.20  %   10000     
1.881704e+03      2.03            0.02            1.01213     0.00194       0.19  %   10000     
1.881794e+03      2.49            0.03            1.01006     0.00167       0.17  %   10000     
1.881819e+03      2.62            0.02            1.00876     0.00155       0.15  %   10000     
1.881935e+03      3.39            0.03            1.00863     0.00146       0.14  %   10000     
1.881947e+03      3.47            0.04            1.01078     0.00162       0.16  %   10000     
1.882076e+03      4.59            0.04            1.00902     0.00142       0.14  %   10000     
1.882079e+03      4.62            0.03            1.00654     0.00121       0.12  %   10000     
1.882230e+03      6.30            0.03            1.00467     0.00099       0.10  %   10000     
1.882381e+03      8.43            0.04            1.00450     0.00096       0.10  %   10000     
1.882411e+03      8.85            0.05            1.00532     0.00104       0.10  %   10000     
1.882562e+03      11.47           0.05            1.00402     0.00090       0.09  %   10000     
1.882676e+03      13.46           0.09            1.00668     0.00116       0.12  %   10000     
1.882806e+03      15.80           0.12            1.00772     0.00125       0.12  %   10000     
1.883051e+03      20.16           0.08            1.00411     0.00092       0.09  %   10000     
1.883256e+03      22.69           0.14            1.00636     0.00116       0.12  %   10000     
1.883292e+03      23.13           0.13            1.00573     0.00110       0.11  %   10000     
1.883508e+03      24.05           0.21            1.00879     0.00139       0.14  %   10000     
1.883509e+03      24.05           0.22            1.00923     0.00142       0.14  %   10000     
1.883709e+03      23.23           0.19            1.00820     0.00136       0.14  %   10000     
1.883724e+03      23.06           0.24            1.01053     0.00155       0.15  %   10000     
1.883902e+03      21.06           0.22            1.01045     0.00157       0.16  %   10000     
1.883960e+03      20.07           0.24            1.01214     0.00171       0.17  %   10000     
1.884206e+03      15.91           0.16            1.01018     0.00163       0.16  %   10000     
1.884240e+03      15.30           0.17            1.01138     0.00173       0.17  %   10000     
1.884541e+03      9.87            0.18            1.01784     0.00234       0.23  %   10000     
1.884737e+03      6.93            0.11            1.01649     0.00240       0.24  %   10000     
1.884794e+03      6.24            0.12            1.01928     0.00264       0.26  %   10000     
1.884888e+03      5.12            0.11            1.02080     0.00288       0.28  %   10000     
1.885028e+03      3.80            0.12            1.03131     0.00378       0.37  %   10000     
1.885059e+03      3.58            0.09            1.02507     0.00343       0.34  %   10000     
1.885153e+03      2.89            0.11            1.03959     0.00459       0.44  %   10000     
1.885279e+03      2.19            0.08            1.03446     0.00463       0.45  %   10000     
1.885311e+03      2.05            0.08            1.03889     0.00501       0.48  %   10000     
1.885391e+03      1.71            0.08            1.04463     0.00403       0.39  %   20000     
1.885514e+03      1.33            0.06            1.04892     0.00459       0.44  %   20000     
1.885562e+03      1.22            0.08            1.06521     0.00444       0.42  %   30000     
1.885636e+03      1.05            0.06            1.06103     0.00455       0.43  %   30000     
1.885759e+03      0.84            0.07            1.08672     0.00507       0.47  %   40000     
1.885856e+03      0.73            0.07            1.09056     0.00545       0.50  %   40000     
1.885894e+03      0.68            0.07            1.10270     0.00533       0.48  %   50000     
1.886045e+03      0.56            0.07            1.12099     0.00527       0.47  %   70000     
1.886197e+03      0.48            0.06            1.11930     0.00556       0.50  %   70000     
1.886275e+03      0.45            0.07            1.14611     0.00553       0.48  %   90000     
1.886408e+03      0.40            0.06            1.15647     0.00569       0.49  %   100000    
1.886650e+03      0.34            0.06            1.17254     0.00634       0.54  %   100000    
1.886951e+03      0.30            0.06            1.20382     0.00726       0.60  %   100000    
1.886973e+03      0.29            0.06            1.19324     0.00708       0.59  %   100000    
1.887310e+03      0.26            0.06            1.22219     0.00799       0.65  %   100000    
1.887788e+03      0.22            0.06            1.24864     0.00888       0.71  %   100000    
1.888266e+03      0.20            0.05            1.24615     0.00913       0.73  %   100000    
1.888437e+03      0.20            0.05            1.25944     0.00942       0.75  %   100000    
1.889054e+03      0.18            0.05            1.28484     0.01020       0.79  %   100000    
1.889983e+03      0.16            0.05            1.29177     0.01053       0.82  %   100000    
1.890795e+03      0.16            0.04            1.25974     0.00989       0.79  %   100000    
1.890928e+03      0.16            0.04            1.26874     0.00999       0.79  %   100000    
1.891221e+03      0.16            0.04            1.25896     0.00970       0.77  %   100000    
1.891528e+03      0.17            0.04            1.24691     0.00911       0.73  %   100000    
1.891733e+03      0.19            0.04            1.21895     0.00816       0.67  %   100000    
1.891887e+03      0.21            0.04            1.19459     0.00728       0.61  %   100000    
1.892066e+03      0.25            0.04            1.16569     0.00617       0.53  %   100000    
1.892245e+03      0.31            0.04            1.14217     0.00544       0.48  %   90000     
1.892424e+03      0.39            0.04            1.09583     0.00537       0.49  %   50000     
1.892655e+03      0.53            0.04            1.07456     0.00531       0.49  %   30000     
1.893169e+03      0.88            0.04            1.04940     0.00419       0.40  %   20000     
1.893403e+03      0.98            0.04            1.03931     0.00502       0.48  %   10000     
1.893488e+03      1.00            0.03            1.03305     0.00457       0.44  %   10000     
1.893601e+03      1.02            0.04            1.03999     0.00498       0.48  %   10000     
1.893813e+03      0.98            0.04            1.03972     0.00503       0.48  %   10000     
1.894070e+03      0.85            0.04            1.05114     0.00426       0.41  %   20000     
1.894639e+03      0.47            0.04            1.07695     0.00478       0.44  %   40000     
1.894838e+03      0.37            0.03            1.08549     0.00507       0.47  %   50000     
1.895017e+03      0.29            0.03            1.11103     0.00540       0.49  %   70000     
1.895177e+03      0.25            0.03            1.13855     0.00547       0.48  %   100000    
1.895336e+03      0.21            0.03            1.14719     0.00602       0.52  %   100000    
1.895495e+03      0.19            0.03            1.15990     0.00658       0.57  %   100000    
1.895734e+03      0.17            0.03            1.18485     0.00739       0.62  %   100000    
1.896069e+03      0.17            0.03            1.17893     0.00743       0.63  %   100000    
1.896324e+03      0.16            0.03            1.16958     0.00725       0.62  %   100000    
1.897346e+03      0.17            0.03            1.15448     0.00674       0.58  %   100000    
1.898907e+03      0.18            0.02            1.10727     0.00525       0.47  %   100000    
1.899390e+03      0.19            0.02            1.10204     0.00532       0.48  %   90000     
1.901019e+03      0.22            0.02            1.07030     0.00500       0.47  %   60000     
1.902137e+03      0.25            0.01            1.04776     0.00472       0.45  %   40000     
1.902417e+03      0.25            0.01            1.05674     0.00509       0.48  %   40000     
1.903629e+03      0.30            0.01            1.04721     0.00500       0.48  %   30000     
1.903815e+03      0.31            0.01            1.04398     0.00479       0.46  %   30000     
1.904691e+03      0.35            0.01            1.03991     0.00435       0.42  %   30000     
1.904902e+03      0.37            0.02            1.04468     0.00458       0.44  %   30000     
1.905822e+03      0.44            0.02            1.04973     0.00463       0.44  %   30000     
1.905826e+03      0.44            0.02            1.03632     0.00485       0.47  %   20000     
1.906611e+03      0.53            0.02            1.04060     0.00499       0.48  %   20000     
1.906710e+03      0.54            0.02            1.03267     0.00448       0.43  %   20000     
1.907282e+03      0.63            0.02            1.03703     0.00470       0.45  %   20000     
1.907506e+03      0.66            0.02            1.03076     0.00430       0.42  %   20000     
1.907903e+03      0.75            0.03            1.03381     0.00447       0.43  %   20000     
1.908127e+03      0.80            0.02            1.02647     0.00399       0.39  %   20000     
1.908400e+03      0.88            0.03            1.02858     0.00412       0.40  %   20000     
1.908748e+03      0.99            0.03            1.03485     0.00461       0.45  %   20000     
1.908897e+03      1.05            0.04            1.03458     0.00457       0.44  %   20000     
1.909307e+03      1.23            0.05            1.03693     0.00480       0.46  %   20000     
1.909326e+03      1.24            0.05            1.03688     0.00479       0.46  %   20000     
1.909717e+03      1.49            0.06            1.04231     0.00425       0.41  %   30000     
1.909804e+03      1.54            0.06            1.03985     0.00509       0.49  %   20000     
1.910109e+03      1.80            0.09            1.04772     0.00458       0.44  %   30000     
1.910239e+03      1.91            0.09            1.04455     0.00449       0.43  %   30000     
1.910469e+03      2.18            0.07            1.03028     0.00456       0.44  %   20000     
1.910612e+03      2.35            0.11            1.04729     0.00472       0.45  %   30000     
1.910774e+03      2.60            0.14            1.05272     0.00499       0.47  %   30000     
1.910960e+03      2.89            0.14            1.04833     0.00487       0.46  %   30000     
1.911084e+03      3.15            0.13            1.04190     0.00454       0.44  %   30000     
1.911333e+03      3.67            0.19            1.05047     0.00509       0.48  %   30000     
1.911383e+03      3.81            0.22            1.05665     0.00466       0.44  %   40000     
1.911706e+03      4.70            0.24            1.05077     0.00452       0.43  %   40000     
1.911724e+03      4.75            0.27            1.05755     0.00482       0.46  %   40000     
1.912047e+03      5.89            0.33            1.05531     0.00481       0.46  %   40000     
1.912153e+03      6.25            0.37            1.05846     0.00500       0.47  %   40000     
1.912514e+03      7.66            0.51            1.06618     0.00486       0.46  %   50000     
1.913048e+03      9.64            0.65            1.06750     0.00502       0.47  %   50000     
1.913202e+03      10.00           0.77            1.07680     0.00496       0.46  %   60000     
1.913344e+03      10.35           0.75            1.07218     0.00528       0.49  %   50000     
1.913456e+03      10.43           0.80            1.07634     0.00501       0.47  %   60000     
1.913697e+03      10.65           0.82            1.07672     0.00505       0.47  %   60000     
1.913817e+03      10.50           0.85            1.08092     0.00526       0.49  %   60000     
1.913870e+03      10.44           0.83            1.07936     0.00522       0.48  %   60000     
1.914067e+03      10.24           0.87            1.08507     0.00501       0.46  %   70000     
1.914240e+03      9.73            0.79            1.08166     0.00540       0.50  %   60000     
1.914502e+03      8.99            0.81            1.09011     0.00528       0.48  %   70000     
1.914663e+03      8.38            0.83            1.09877     0.00524       0.48  %   80000     
1.915396e+03      5.55            0.63            1.11352     0.00555       0.50  %   90000     
1.915608e+03      4.88            0.56            1.11513     0.00533       0.48  %   100000    
1.915806e+03      4.24            0.55            1.12905     0.00577       0.51  %   100000    
1.916055e+03      3.63            0.49            1.13373     0.00592       0.52  %   100000    
1.916173e+03      3.34            0.44            1.13289     0.00599       0.53  %   100000    
1.916465e+03      2.79            0.38            1.13568     0.00615       0.54  %   100000    
1.916521e+03      2.69            0.37            1.13664     0.00622       0.55  %   100000    
1.916875e+03      2.19            0.31            1.14205     0.00648       0.57  %   100000    
1.916900e+03      2.16            0.28            1.13041     0.00621       0.55  %   100000    
1.917267e+03      1.78            0.27            1.15288     0.00691       0.60  %   100000    
1.917397e+03      1.68            0.24            1.14184     0.00666       0.58  %   100000    
1.917733e+03      1.42            0.23            1.16196     0.00731       0.63  %   100000    
1.917894e+03      1.33            0.22            1.16780     0.00746       0.64  %   100000    
1.918230e+03      1.15            0.20            1.17541     0.00783       0.67  %   100000    
1.918478e+03      1.05            0.18            1.17250     0.00781       0.67  %   100000    
1.918764e+03      0.94            0.17            1.17706     0.00810       0.69  %   100000    
1.919162e+03      0.83            0.15            1.18025     0.00828       0.70  %   100000    
1.919323e+03      0.78            0.15            1.19840     0.00880       0.73  %   100000    
1.920032e+03      0.63            0.13            1.20907     0.00929       0.77  %   100000    
1.920056e+03      0.63            0.13            1.21368     0.00941       0.78  %   100000    
1.920780e+03      0.52            0.12            1.21973     0.00984       0.81  %   100000    
1.921026e+03      0.50            0.12            1.23513     0.01021       0.83  %   100000    
1.921658e+03      0.43            0.10            1.22968     0.01037       0.84  %   100000    
1.922175e+03      0.40            0.08            1.19203     0.00956       0.80  %   100000    
1.922672e+03      0.36            0.07            1.20306     0.01003       0.83  %   100000    
1.923604e+03      0.31            0.05            1.15934     0.00902       0.78  %   100000    
1.923791e+03      0.31            0.05            1.15069     0.00884       0.77  %   100000    
1.925002e+03      0.26            0.04            1.14718     0.00890       0.78  %   100000    
1.925561e+03      0.25            0.04            1.14308     0.00874       0.77  %   100000    
1.926555e+03      0.23            0.03            1.14528     0.00891       0.78  %   100000    
1.928233e+03      0.21            0.03            1.14576     0.00879       0.77  %   100000    
1.928379e+03      0.21            0.03            1.14395     0.00870       0.76  %   100000    
1.930210e+03      0.20            0.03            1.12867     0.00791       0.70  %   100000    
1.931832e+03      0.21            0.02            1.11356     0.00689       0.62  %   100000    
1.932914e+03      0.23            0.02            1.09005     0.00568       0.52  %   100000    
1.933725e+03      0.25            0.02            1.08537     0.00539       0.50  %   90000     
1.934536e+03      0.28            0.02            1.06640     0.00528       0.49  %   60000     
1.935139e+03      0.32            0.02            1.06103     0.00504       0.48  %   50000     
1.935243e+03      0.33            0.01            1.04394     0.00471       0.45  %   40000     
1.935748e+03      0.38            0.01            1.03452     0.00434       0.42  %   30000     
1.936251e+03      0.46            0.02            1.03347     0.00464       0.45  %   20000     
1.936648e+03      0.56            0.02            1.02868     0.00383       0.37  %   20000     
1.936945e+03      0.66            0.01            1.02016     0.00411       0.40  %   10000     
1.937064e+03      0.73            0.01            1.01452     0.00333       0.33  %   10000     
1.937205e+03      0.80            0.01            1.01670     0.00341       0.33  %   10000     
1.937428e+03      0.96            0.01            1.01517     0.00297       0.29  %   10000     
1.937473e+03      1.01            0.01            1.01062     0.00243       0.24  %   10000     
1.937614e+03      1.16            0.01            1.01269     0.00254       0.25  %   10000     
1.937733e+03      1.34            0.01            1.00597     0.00165       0.16  %   10000     
1.937800e+03      1.44            0.01            1.00932     0.00203       0.20  %   10000     
1.937881e+03      1.61            0.01            1.00877     0.00191       0.19  %   10000     
1.937967e+03      1.79            0.01            1.00687     0.00167       0.17  %   10000     
1.938055e+03      2.04            0.02            1.00843     0.00179       0.18  %   10000     
1.938134e+03      2.27            0.01            1.00642     0.00156       0.15  %   10000     
1.938204e+03      2.55            0.01            1.00366     0.00116       0.12  %   10000     
1.938293e+03      2.90            0.03            1.00910     0.00182       0.18  %   10000     
1.938329e+03      3.09            0.02            1.00754     0.00164       0.16  %   10000     
1.938451e+03      3.73            0.03            1.00683     0.00157       0.16  %   10000     
1.938461e+03      3.80            0.02            1.00538     0.00139       0.14  %   10000     
1.938597e+03      4.73            0.04            1.00795     0.00169       0.17  %   10000     
1.938615e+03      4.85            0.04            1.00910     0.00182       0.18  %   10000     
1.938746e+03      5.98            0.04            1.00625     0.00152       0.15  %   10000     
1.938794e+03      6.39            0.04            1.00674     0.00159       0.16  %   10000     
1.938909e+03      7.65            0.08            1.00982     0.00192       0.19  %   10000     
1.939031e+03      8.95            0.07            1.00784     0.00175       0.17  %   10000     
1.939097e+03      9.77            0.08            1.00828     0.00181       0.18  %   10000     
1.939382e+03      13.28           0.13            1.00971     0.00202       0.20  %   10000     
1.939638e+03      16.37           0.17            1.01055     0.00215       0.21  %   10000     
1.939804e+03      17.70           0.20            1.01152     0.00230       0.23  %   10000     
1.939887e+03      18.37           0.19            1.01019     0.00217       0.21  %   10000     
1.940041e+03      18.78           0.21            1.01114     0.00232       0.23  %   10000     
1.940117e+03      18.99           0.41            1.02139     0.00322       0.32  %   10000     
1.940272e+03      18.53           0.38            1.02035     0.00321       0.31  %   10000     
1.940326e+03      18.38           0.34            1.01847     0.00307       0.30  %   10000     
1.940333e+03      18.36           0.29            1.01590     0.00285       0.28  %   10000     
1.940547e+03      16.71           0.33            1.01999     0.00328       0.32  %   10000     
1.940571e+03      16.43           0.22            1.01366     0.00273       0.27  %   10000     
1.940868e+03      12.96           0.29            1.02273     0.00368       0.36  %   10000     
1.940927e+03      12.26           0.32            1.02615     0.00398       0.39  %   10000     
1.941272e+03      8.05            0.21            1.02548     0.00424       0.41  %   10000     
1.941480e+03      5.94            0.19            1.03217     0.00501       0.49  %   10000     
1.941492e+03      5.85            0.22            1.03742     0.00383       0.37  %   20000     
1.941659e+03      4.50            0.17            1.03699     0.00403       0.39  %   20000     
1.941759e+03      3.87            0.15            1.03808     0.00420       0.40  %   20000     
1.941822e+03      3.47            0.13            1.03781     0.00430       0.41  %   20000     
1.941989e+03      2.67            0.11            1.04029     0.00471       0.45  %   20000     
1.941992e+03      2.66            0.09            1.03481     0.00438       0.42  %   20000     
1.942146e+03      2.11            0.12            1.05730     0.00487       0.46  %   30000     
1.942205e+03      1.95            0.09            1.04718     0.00449       0.43  %   30000     
1.942303e+03      1.69            0.10            1.06166     0.00464       0.44  %   40000     
1.942465e+03      1.37            0.08            1.06096     0.00487       0.46  %   40000     
1.942503e+03      1.32            0.09            1.06706     0.00515       0.48  %   40000     
1.942651e+03      1.12            0.09            1.08268     0.00492       0.45  %   60000     
1.942837e+03      0.93            0.09            1.09870     0.00523       0.48  %   70000     
1.942874e+03      0.91            0.08            1.09025     0.00543       0.50  %   60000     
1.943056e+03      0.78            0.07            1.09078     0.00529       0.49  %   70000     
1.943290e+03      0.66            0.07            1.11270     0.00543       0.49  %   90000     
1.943320e+03      0.65            0.08            1.11585     0.00553       0.50  %   90000     
1.943557e+03      0.57            0.07            1.12509     0.00570       0.51  %   100000    
1.943926e+03      0.48            0.06            1.12965     0.00610       0.54  %   100000    
1.944060e+03      0.45            0.06            1.13153     0.00620       0.55  %   100000    
1.944386e+03      0.40            0.06            1.14411     0.00676       0.59  %   100000    
1.944939e+03      0.34            0.06            1.16376     0.00752       0.65  %   100000    
1.945109e+03      0.33            0.05            1.16323     0.00755       0.65  %   100000    
1.945498e+03      0.30            0.05            1.17960     0.00813       0.69  %   100000    
1.946199e+03      0.27            0.06            1.20765     0.00894       0.74  %   100000    
1.946509e+03      0.26            0.04            1.17124     0.00813       0.69  %   100000    
1.946899e+03      0.25            0.05            1.18636     0.00855       0.72  %   100000    
1.947834e+03      0.23            0.04            1.17733     0.00830       0.71  %   100000    
1.948768e+03      0.23            0.04            1.17161     0.00795       0.68  %   100000    
1.949198e+03      0.23            0.04            1.16883     0.00771       0.66  %   100000    
1.949758e+03      0.23            0.03            1.14477     0.00696       0.61  %   100000    
1.950996e+03      0.25            0.03            1.12214     0.00586       0.52  %   100000    
1.951987e+03      0.28            0.03            1.09537     0.00526       0.48  %   80000     
1.952970e+03      0.33            0.02            1.07397     0.00521       0.48  %   50000     
1.953650e+03      0.38            0.02            1.04009     0.00448       0.43  %   30000     
1.953811e+03      0.40            0.02            1.05587     0.00516       0.49  %   30000     
1.954532e+03      0.48            0.02            1.03189     0.00418       0.41  %   20000     
1.955147e+03      0.58            0.01            1.01442     0.00349       0.34  %   10000     
1.955642e+03      0.71            0.01            1.01341     0.00300       0.30  %   10000     
1.956076e+03      0.86            0.01            1.01711     0.00302       0.30  %   10000     
1.956088e+03      0.86            0.01            1.01645     0.00295       0.29  %   10000     
1.956447e+03      1.04            0.01            1.01111     0.00222       0.22  %   10000     
1.956599e+03      1.15            0.01            1.00979     0.00200       0.20  %   10000     
1.956652e+03      1.19            0.01            1.01195     0.00218       0.22  %   10000     
1.956758e+03      1.26            0.01            1.00998     0.00195       0.19  %   10000     
1.956967e+03      1.47            0.01            1.00942     0.00181       0.18  %   10000     
1.957048e+03      1.55            0.02            1.00995     0.00184       0.18  %   10000     
1.957218e+03      1.78            0.01            1.00744     0.00155       0.15  %   10000     
1.957297e+03      1.89            0.01            1.00773     0.00158       0.16  %   10000     
1.957416e+03      2.12            0.01            1.00626     0.00140       0.14  %   10000     
1.957520e+03      2.32            0.02            1.00850     0.00163       0.16  %   10000     
1.957589e+03      2.50            0.02            1.00716     0.00149       0.15  %   10000     
1.957738e+03      2.90            0.02            1.00540     0.00131       0.13  %   10000     
1.957748e+03      2.94            0.02            1.00698     0.00149       0.15  %   10000     
1.957904e+03      3.51            0.02            1.00489     0.00126       0.13  %   10000     
1.957938e+03      3.63            0.02            1.00497     0.00128       0.13  %   10000     
1.958045e+03      4.17            0.03            1.00809     0.00165       0.16  %   10000     
1.958149e+03      4.68            0.03            1.00670     0.00154       0.15  %   10000     
1.958194e+03      4.98            0.04            1.00744     0.00162       0.16  %   10000     
1.958342e+03      5.96            0.06            1.00935     0.00187       0.19  %   10000     
1.958347e+03      5.99            0.06            1.01013     0.00195       0.19  %   10000     
1.958506e+03      7.36            0.05            1.00748     0.00171       0.17  %   10000     
1.958580e+03      7.99            0.09            1.01146     0.00216       0.21  %   10000     
1.958689e+03      9.18            0.08            1.00921     0.00196       0.19  %   10000     
1.958837e+03      10.78           0.10            1.00886     0.00198       0.20  %   10000     
1.958882e+03      11.34           0.12            1.01027     0.00214       0.21  %   10000     
1.959169e+03      14.89           0.18            1.01216     0.00243       0.24  %   10000     
1.959516e+03      19.06           0.24            1.01256     0.00256       0.25  %   10000     
1.959694e+03      20.47           0.36            1.01764     0.00311       0.31  %   10000     
1.959787e+03      21.22           0.35            1.01667     0.00304       0.30  %   10000     
1.959952e+03      21.64           0.39            1.01804     0.00323       0.32  %   10000     
1.960053e+03      21.93           0.50            1.02285     0.00365       0.36  %   10000     
1.960175e+03      21.56           0.47            1.02185     0.00364       0.36  %   10000     
1.960267e+03      21.30           0.55            1.02585     0.00398       0.39  %   10000     
1.960319e+03      21.17           0.40            1.01908     0.00342       0.34  %   10000     
1.960515e+03      19.66           0.42            1.02121     0.00369       0.36  %   10000     
1.960735e+03      18.02           0.51            1.02846     0.00428       0.42  %   10000     
1.960852e+03      17.14           0.46            1.02663     0.00415       0.40  %   10000     
1.961071e+03      15.50           0.46            1.02942     0.00433       0.42  %   10000     
1.961283e+03      14.70           0.39            1.02632     0.00396       0.39  %   10000     
1.961353e+03      14.63           0.39            1.02654     0.00390       0.38  %   10000     
1.961495e+03      14.89           0.33            1.02241     0.00341       0.33  %   10000     
1.961583e+03      15.05           0.30            1.01979     0.00312       0.31  %   10000     
1.961785e+03      16.17           0.31            1.01893     0.00282       0.28  %   10000     
1.962095e+03      17.88           0.26            1.01450     0.00223       0.22  %   10000     
1.962256e+03      18.75           0.21            1.01121     0.00189       0.19  %   10000     
1.962398e+03      18.99           0.27            1.01437     0.00209       0.21  %   10000     
1.962494e+03      18.72           0.17            1.00932     0.00167       0.17  %   10000     
1.962644e+03      18.30           0.24            1.01336     0.00199       0.20  %   10000     
1.962899e+03      16.12           0.19            1.01197     0.00191       0.19  %   10000     
1.963327e+03      10.59           0.18            1.01679     0.00250       0.25  %   10000     
1.963527e+03      8.06            0.19            1.02379     0.00320       0.31  %   10000     
1.963592e+03      7.24            0.19            1.02686     0.00352       0.34  %   10000     
1.963778e+03      5.31            0.20            1.03743     0.00459       0.44  %   10000     
1.963937e+03      4.02            0.15            1.03708     0.00503       0.49  %   10000     
1.964077e+03      3.12            0.16            1.05160     0.00458       0.44  %   20000     
1.964091e+03      3.05            0.15            1.05075     0.00458       0.44  %   20000     
1.964223e+03      2.41            0.15            1.06341     0.00459       0.43  %   30000     
1.964369e+03      1.88            0.14            1.07294     0.00469       0.44  %   40000     
1.964515e+03      1.50            0.15            1.09891     0.00534       0.49  %   50000     
1.964662e+03      1.23            0.14            1.11241     0.00519       0.47  %   70000     
1.964724e+03      1.15            0.13            1.11759     0.00544       0.49  %   70000     
1.964820e+03      1.02            0.13            1.13035     0.00562       0.50  %   80000     
1.965010e+03      0.86            0.13            1.15341     0.00585       0.51  %   100000    
1.965232e+03      0.73            0.12            1.16591     0.00647       0.55  %   100000    
1.965460e+03      0.64            0.12            1.17966     0.00701       0.59  %   100000    
1.965550e+03      0.61            0.12            1.19756     0.00751       0.63  %   100000    
1.965935e+03      0.51            0.11            1.21338     0.00830       0.68  %   100000    
1.966421e+03      0.43            0.11            1.25574     0.00963       0.77  %   100000    
1.966686e+03      0.40            0.11            1.27148     0.01013       0.80  %   100000    
1.967102e+03      0.35            0.11            1.30177     0.01120       0.86  %   100000    
1.967844e+03      0.30            0.10            1.32313     0.01231       0.93  %   100000    
1.968213e+03      0.28            0.09            1.32917     0.01267       0.95  %   100000    
1.968801e+03      0.24            0.09            1.37371     0.01413       1.03  %   100000    
1.969987e+03      0.20            0.09            1.42651     0.01606       1.13  %   100000    
1.970398e+03      0.19            0.08            1.41173     0.01600       1.13  %   100000    
1.971240e+03      0.17            0.08            1.46045     0.01761       1.21  %   100000    
1.972996e+03      0.15            0.07            1.51317     0.01964       1.30  %   100000    
1.973689e+03      0.14            0.07            1.52947     0.02019       1.32  %   100000    
1.974786e+03      0.13            0.07            1.58917     0.02194       1.38  %   100000    
1.977363e+03      0.11            0.07            1.61746     0.02341       1.45  %   100000    
1.979386e+03      0.10            0.06            1.59298     0.02322       1.46  %   100000    
1.980950e+03      0.10            0.05            1.51472     0.02205       1.46  %   100000    
1.984780e+03      0.09            0.04            1.47385     0.02151       1.46  %   100000    
1.989653e+03      0.08            0.04            1.44299     0.02063       1.43  %   100000    
1.991277e+03      0.08            0.04            1.46855     0.02122       1.45  %   100000    
1.996554e+03      0.08            0.03            1.40408     0.01927       1.37  %   100000    
1.997469e+03      0.08            0.03            1.37477     0.01849       1.35  %   100000    
1.998735e+03      0.08            0.03            1.37016     0.01824       1.33  %   100000    
2.000000e+03      0.08            0.03            1.33341     0.01718       1.29  %   100000    
2.097765e+03      2.11            0.05            1.02366     0.00411       0.40  %   10000     
2.125000e+03      2.09            0.08            1.03644     0.00362       0.35  %   20000     
2.200309e+03      2.04            0.07            1.03667     0.00517       0.50  %   10000     
2.228875e+03      2.02            0.05            1.02583     0.00436       0.42  %   10000     
2.250000e+03      2.00            0.07            1.03336     0.00496       0.48  %   10000     
2.359986e+03      1.93            0.07            1.03567     0.00367       0.35  %   20000     
2.375000e+03      1.92            0.06            1.02969     0.00475       0.46  %   10000     
2.475348e+03      1.86            0.05            1.02873     0.00472       0.46  %   10000     
2.491096e+03      1.85            0.05            1.02493     0.00440       0.43  %   10000     
2.500000e+03      1.84            0.04            1.02029     0.00397       0.39  %   10000     
2.596349e+03      1.79            0.06            1.03177     0.00355       0.34  %   20000     
2.622206e+03      1.77            0.06            1.03273     0.00510       0.49  %   10000     
2.625000e+03      1.77            0.06            1.03235     0.00359       0.35  %   20000     
2.700000e+03      1.73            0.04            1.02427     0.00442       0.43  %   10000     
2.750000e+03      1.73            0.05            1.02988     0.00490       0.48  %   10000     
2.831983e+03      1.72            0.06            1.03220     0.00359       0.35  %   20000     
2.884427e+03      1.72            0.04            1.02571     0.00454       0.44  %   10000     
2.970417e+03      1.71            0.06            1.03282     0.00512       0.50  %   10000     
3.000000e+03      1.70            0.04            1.02319     0.00430       0.42  %   10000     
3.146648e+03      1.65            0.04            1.02523     0.00452       0.44  %   10000     
3.250000e+03      1.62            0.05            1.03009     0.00351       0.34  %   20000     
3.300463e+03      1.60            0.04            1.02403     0.00446       0.44  %   10000     
3.408868e+03      1.57            0.05            1.03186     0.00516       0.50  %   10000     
3.461798e+03      1.55            0.05            1.03035     0.00505       0.49  %   10000     
3.500000e+03      1.54            0.05            1.02964     0.00500       0.49  %   10000     
3.575502e+03      1.52            0.05            1.03505     0.00386       0.37  %   20000     
3.671089e+03      1.49            0.04            1.02726     0.00343       0.33  %   20000     
3.730617e+03      1.47            0.04            1.03052     0.00364       0.35  %   20000     
3.850541e+03      1.45            0.03            1.02281     0.00447       0.44  %   10000     
3.912979e+03      1.44            0.04            1.02949     0.00360       0.35  %   20000     
4.038765e+03      1.42            0.04            1.02702     0.00345       0.34  %   20000     
4.104255e+03      1.40            0.04            1.02756     0.00494       0.48  %   10000     
4.236190e+03      1.38            0.04            1.02955     0.00514       0.50  %   10000     
4.265271e+03      1.38            0.05            1.03319     0.00385       0.37  %   20000     
4.304881e+03      1.37            0.04            1.02788     0.00500       0.49  %   10000     
4.319163e+03      1.37            0.03            1.02520     0.00476       0.46  %   10000     
4.473768e+03      1.34            0.02            1.01726     0.00396       0.39  %   10000     
4.500000e+03      1.34            0.03            1.02547     0.00481       0.47  %   10000     
4.529730e+03      1.33            0.03            1.02012     0.00428       0.42  %   10000     
4.719971e+03      1.27            0.03            1.02373     0.00474       0.46  %   10000     
4.751154e+03      1.26            0.02            1.01720     0.00405       0.40  %   10000     
4.778418e+03      1.25            0.04            1.03219     0.00393       0.38  %   20000     
4.983403e+03      1.19            0.03            1.02498     0.00499       0.49  %   10000     
5.000000e+03      1.18            0.03            1.02507     0.00501       0.49  %   10000     
5.084593e+03      1.17            0.02            1.02015     0.00450       0.44  %   10000     
5.244413e+03      1.15            0.03            1.02693     0.00369       0.36  %   20000     
5.333141e+03      1.14            0.03            1.02961     0.00388       0.38  %   20000     
5.416041e+03      1.13            0.04            1.03487     0.00422       0.41  %   20000     
5.528788e+03      1.12            0.03            1.02678     0.00371       0.36  %   20000     
5.593838e+03      1.12            0.03            1.02784     0.00378       0.37  %   20000     
5.799049e+03      1.10            0.03            1.02997     0.00393       0.38  %   20000     
5.867279e+03      1.10            0.03            1.03102     0.00400       0.39  %   20000     
6.001837e+03      1.09            0.03            1.02486     0.00507       0.49  %   10000     
6.060069e+03      1.09            0.03            1.02700     0.00374       0.36  %   20000     
6.295222e+03      1.06            0.02            1.02103     0.00470       0.46  %   10000     
6.356300e+03      1.06            0.03            1.03060     0.00401       0.39  %   20000     
6.557479e+03      1.04            0.02            1.02241     0.00489       0.48  %   10000     
6.667012e+03      1.03            0.02            1.01610     0.00415       0.41  %   10000     
6.878025e+03      1.01            0.03            1.02549     0.00371       0.36  %   20000     
6.992912e+03      1.00            0.02            1.02346     0.00357       0.35  %   20000     
7.019312e+03      1.00            0.02            1.02458     0.00366       0.36  %   20000     
7.101633e+03      0.99            0.03            1.02964     0.00403       0.39  %   20000     
7.362434e+03      0.97            0.02            1.02558     0.00377       0.37  %   20000     
7.448779e+03      0.96            0.02            1.01676     0.00432       0.43  %   10000     
7.500000e+03      0.96            0.02            1.02241     0.00501       0.49  %   10000     
7.557977e+03      0.94            0.02            1.01810     0.00452       0.44  %   10000     
7.866619e+03      0.88            0.02            1.02156     0.00359       0.35  %   20000     
7.927430e+03      0.87            0.02            1.01939     0.00484       0.48  %   10000     
7.940307e+03      0.87            0.02            1.02369     0.00379       0.37  %   20000     
8.006071e+03      0.86            0.02            1.02091     0.00507       0.50  %   10000     
8.314942e+03      0.81            0.02            1.02696     0.00416       0.40  %   20000     
8.397428e+03      0.80            0.02            1.02793     0.00425       0.41  %   20000     
8.500000e+03      0.79            0.01            1.01846     0.00493       0.48  %   10000     
8.721398e+03      0.76            0.02            1.02296     0.00394       0.38  %   20000     
8.764790e+03      0.76            0.01            1.01086     0.00384       0.38  %   10000     
8.915501e+03      0.74            0.02            1.02070     0.00378       0.37  %   20000     
9.031357e+03      0.73            0.02            1.03006     0.00458       0.44  %   20000     
9.193235e+03      0.72            0.02            1.02557     0.00426       0.42  %   20000     
9.472832e+03      0.69            0.02            1.02848     0.00456       0.44  %   20000     
9.500000e+03      0.69            0.02            1.03222     0.00485       0.47  %   20000     
9.642623e+03      0.69            0.02            1.03086     0.00476       0.46  %   20000     
9.834319e+03      0.68            0.02            1.02361     0.00417       0.41  %   20000     
9.964384e+03      0.68            0.02            1.02294     0.00412       0.40  %   20000     
1.015378e+04      0.67            0.01            1.01784     0.00364       0.36  %   20000     
1.031505e+04      0.67            0.02            1.03128     0.00482       0.47  %   20000     
1.065012e+04      0.66            0.01            1.01647     0.00496       0.49  %   10000     
1.081927e+04      0.66            0.01            1.01351     0.00450       0.44  %   10000     
1.112836e+04      0.65            0.02            1.02638     0.00446       0.43  %   20000     
1.134814e+04      0.64            0.02            1.02644     0.00446       0.43  %   20000     
1.157619e+04      0.64            0.02            1.02346     0.00421       0.41  %   20000     
1.167234e+04      0.64            0.01            1.01213     0.00429       0.42  %   10000     
1.200000e+04      0.63            0.01            1.01979     0.00388       0.38  %   20000     
1.214206e+04      0.63            0.01            1.01454     0.00334       0.33  %   20000     
1.250000e+04      0.61            0.02            1.02563     0.00446       0.43  %   20000     
1.300000e+04      0.60            0.01            1.02379     0.00434       0.42  %   20000     
1.311103e+04      0.59            0.01            1.01911     0.00390       0.38  %   20000     
1.363547e+04      0.58            0.01            1.02599     0.00459       0.45  %   20000     
1.375193e+04      0.57            0.01            1.02448     0.00447       0.44  %   20000     
1.400000e+04      0.56            0.01            1.02471     0.00451       0.44  %   20000     
1.442416e+04      0.55            0.01            1.02089     0.00418       0.41  %   20000     
1.468435e+04      0.55            0.01            1.01518     0.00358       0.35  %   20000     
1.500000e+04      0.54            0.01            1.01961     0.00409       0.40  %   20000     
1.573324e+04      0.52            0.00            1.00699     0.00349       0.35  %   10000     
1.600000e+04      0.51            0.01            1.02557     0.00475       0.46  %   20000     
1.650232e+04      0.50            0.01            1.01880     0.00410       0.40  %   20000     
1.678212e+04      0.50            0.01            1.02077     0.00433       0.42  %   20000     
1.700000e+04      0.49            0.01            1.02425     0.00383       0.37  %   30000     
1.730899e+04      0.48            0.01            1.02476     0.00476       0.46  %   20000     
1.783100e+04      0.47            0.01            1.02420     0.00474       0.46  %   20000     
1.800000e+04      0.47            0.01            1.01777     0.00408       0.40  %   20000     
1.887988e+04      0.45            0.01            1.01165     0.00475       0.47  %   10000     
1.900000e+04      0.45            0.01            1.02147     0.00457       0.45  %   20000     
1.980278e+04      0.43            0.01            1.02016     0.00451       0.44  %   20000     
1.992877e+04      0.43            0.01            1.01925     0.00441       0.43  %   20000     
2.000000e+04      0.42            0.01            1.01931     0.00443       0.43  %   20000     
2.001000e+04      0.42            0.00            1.01120     0.00338       0.33  %   20000     
2.077079e+04      0.41            0.01            1.01239     0.00506       0.50  %   10000     
2.098814e+04      0.41            0.01            1.02176     0.00475       0.46  %   20000     
2.178612e+04      0.40            0.01            1.01788     0.00433       0.43  %   20000     
2.190890e+04      0.40            0.01            1.02425     0.00505       0.49  %   20000     
2.285108e+04      0.39            0.01            1.02924     0.00456       0.44  %   30000     
2.297986e+04      0.39            0.01            1.02501     0.00423       0.41  %   30000     
2.300000e+04      0.39            0.01            1.01930     0.00455       0.45  %   20000     
2.400000e+04      0.38            0.00            1.01091     0.00488       0.48  %   10000     
2.412430e+04      0.38            0.01            1.02293     0.00500       0.49  %   20000     
2.517318e+04      0.38            0.01            1.01757     0.00439       0.43  %   20000     
2.530355e+04      0.37            0.01            1.02088     0.00479       0.47  %   20000     
2.640371e+04      0.37            0.01            1.02138     0.00397       0.39  %   30000     
2.654045e+04      0.37            0.01            1.02435     0.00424       0.41  %   30000     
2.683282e+04      0.37            0.01            1.01774     0.00443       0.44  %   20000     
2.783782e+04      0.36            0.01            1.01670     0.00431       0.42  %   20000     
2.800000e+04      0.36            0.01            1.02005     0.00472       0.46  %   20000     
2.814447e+04      0.36            0.01            1.02118     0.00486       0.48  %   20000     
2.936871e+04      0.36            0.01            1.01908     0.00463       0.45  %   20000     
2.952025e+04      0.36            0.01            1.01685     0.00435       0.43  %   20000     
3.000000e+04      0.35            0.01            1.02141     0.00491       0.48  %   20000     
3.080433e+04      0.35            0.01            1.02049     0.00483       0.47  %   20000     
3.146647e+04      0.34            0.01            1.01953     0.00473       0.46  %   20000     
3.155969e+04      0.34            0.01            1.02453     0.00433       0.42  %   30000     
3.200000e+04      0.34            0.01            1.01618     0.00432       0.43  %   20000     
3.310241e+04      0.33            0.01            1.02110     0.00497       0.49  %   20000     
3.356424e+04      0.33            0.01            1.01533     0.00425       0.42  %   20000     
3.448678e+04      0.32            0.01            1.01791     0.00462       0.45  %   20000     
3.520494e+04      0.32            0.01            1.01926     0.00481       0.47  %   20000     
3.617258e+04      0.31            0.01            1.01948     0.00487       0.48  %   20000     
3.685892e+04      0.31            0.00            1.01473     0.00425       0.42  %   20000     
3.692585e+04      0.31            0.01            1.02375     0.00441       0.43  %   30000     
3.866068e+04      0.30            0.01            1.02169     0.00425       0.42  %   30000     
3.873088e+04      0.30            0.00            1.01628     0.00451       0.44  %   20000     
3.874450e+04      0.30            0.01            1.01879     0.00485       0.48  %   20000     
4.063843e+04      0.29            0.01            1.01916     0.00495       0.49  %   20000     
4.175527e+04      0.29            0.00            1.01681     0.00466       0.46  %   20000     
4.262494e+04      0.28            0.00            1.01434     0.00432       0.43  %   20000     
4.379637e+04      0.28            0.00            1.01714     0.00475       0.47  %   20000     
4.470855e+04      0.28            0.01            1.02039     0.00425       0.42  %   30000     
4.500000e+04      0.28            0.00            1.01200     0.00400       0.40  %   20000     
4.689401e+04      0.27            0.00            1.01478     0.00445       0.44  %   20000     
4.719971e+04      0.27            0.00            1.01614     0.00466       0.46  %   20000     
4.800000e+04      0.27            0.01            1.02249     0.00450       0.44  %   30000     
4.950695e+04      0.26            0.00            1.01223     0.00408       0.40  %   20000     
4.974937e+04      0.26            0.00            1.01088     0.00385       0.38  %   20000     
5.034636e+04      0.26            0.00            1.01773     0.00492       0.48  %   20000     
5.218124e+04      0.26            0.00            1.00824     0.00476       0.47  %   10000     
5.280742e+04      0.26            0.00            1.01927     0.00420       0.41  %   30000     
5.473199e+04      0.25            0.01            1.02404     0.00471       0.46  %   30000     
5.500000e+04      0.25            0.01            1.02036     0.00434       0.43  %   30000     
5.538877e+04      0.25            0.00            1.01391     0.00440       0.43  %   20000     
5.750000e+04      0.25            0.00            1.01825     0.00506       0.50  %   20000     
5.768854e+04      0.25            0.00            1.01967     0.00429       0.42  %   30000     
5.979131e+04      0.24            0.01            1.02083     0.00444       0.43  %   30000     
6.031074e+04      0.24            0.00            1.01566     0.00472       0.46  %   20000     
6.271406e+04      0.24            0.00            1.01583     0.00477       0.47  %   20000     
6.325888e+04      0.24            0.00            1.01154     0.00408       0.40  %   20000     
6.500001e+04      0.23            0.00            1.01163     0.00411       0.41  %   20000     
6.635114e+04      0.23            0.00            1.00292     0.00292       0.29  %   10000     
6.817737e+04      0.23            0.00            1.01858     0.00426       0.42  %   30000     
6.959454e+04      0.23            0.00            1.01768     0.00417       0.41  %   30000     
6.982120e+04      0.23            0.00            1.01622     0.00489       0.48  %   20000     
7.000000e+04      0.23            0.00            1.01672     0.00405       0.40  %   30000     
7.323424e+04      0.22            0.00            1.01687     0.00409       0.40  %   30000     
7.342177e+04      0.22            0.00            1.01639     0.00494       0.49  %   20000     
7.500000e+04      0.22            0.00            1.01646     0.00496       0.49  %   20000     
7.701082e+04      0.21            0.00            1.02139     0.00467       0.46  %   30000     
7.738391e+04      0.21            0.00            1.01739     0.00422       0.41  %   30000     
7.781000e+04      0.21            0.00            1.02310     0.00422       0.41  %   40000     
7.835000e+04      0.21            0.00            1.01750     0.00424       0.42  %   30000     
8.110260e+04      0.20            0.00            1.01108     0.00419       0.41  %   20000     
8.200000e+04      0.20            0.00            1.02233     0.00487       0.48  %   30000     
8.500000e+04      0.19            0.00            1.01532     0.00409       0.40  %   30000     
8.915501e+04      0.19            0.00            1.01148     0.00434       0.43  %   20000     
9.351313e+04      0.19            0.00            1.01311     0.00463       0.46  %   20000     
9.500002e+04      0.19            0.00            1.00819     0.00366       0.36  %   20000     
1.000000e+05      0.19            0.00            1.00315     0.00315       0.31  %   10000     
1.229329e+05      0.18            0.00            1.01497     0.00499       0.49  %   20000     
1.690565e+05      0.16            0.00            1.01537     0.00411       0.40  %   30000     
1.908966e+05      0.16            0.00            1.01458     0.00486       0.48  %   20000     
2.150000e+05      0.15            0.00            1.01456     0.00485       0.48  %   20000     
2.350000e+05      0.15            0.00            1.00645     0.00456       0.45  %   10000     
2.400000e+05      0.14            0.00            1.00667     0.00472       0.47  %   10000     
2.450000e+05      0.15            0.00            1.01267     0.00448       0.44  %   20000     
2.500000e+05      0.14            0.00            1.01304     0.00376       0.37  %   30000     
2.600000e+05      0.14            0.00            1.00953     0.00389       0.39  %   20000     
2.700000e+05      0.14            0.00            1.01585     0.00501       0.49  %   20000     
2.941381e+05      0.12            0.00            1.01413     0.00500       0.49  %   20000     
3.000000e+05      0.11            0.00            1.00913     0.00408       0.40  %   20000     
3.250001e+05      0.12            0.00            1.00350     0.00350       0.35  %   10000     
3.671090e+05      0.10            0.00            1.01288     0.00487       0.48  %   20000     
4.000000e+05      0.10            0.00            1.00737     0.00369       0.37  %   20000     
4.750000e+05      0.08            0.00            1.00000     0.00000       0.00  %   10000     
5.000000e+05      0.08            0.00            1.00375     0.00375       0.37  %   10000     
5.200000e+05      0.08            0.00            1.01221     0.00407       0.40  %   30000     
5.700000e+05      0.07            0.00            1.00406     0.00406       0.40  %   10000     
6.000000e+05      0.07            0.00            1.01593     0.00480       0.47  %   30000     
6.500001e+05      0.06            0.00            1.00461     0.00461       0.46  %   10000     
7.171089e+05      0.06            0.00            1.00459     0.00459       0.46  %   10000     
7.342178e+05      0.06            0.00            1.00461     0.00461       0.46  %   10000     
8.195530e+05      0.05            0.00            1.00000     0.00000       0.00  %   10000     
9.000002e+05      0.05            0.00            1.00000     0.00000       0.00  %   10000     
9.400002e+05      0.05            0.00            1.00000     0.00000       0.00  %   10000     
9.477254e+05      0.05            0.00            1.00708     0.00409       0.41  %   20000     
9.800000e+05      0.05            0.00            1.00471     0.00471       0.47  %   10000     
1.000000e+06      0.05            0.00            1.00508     0.00359       0.36  %   20000     
1.126885e+06      0.05            0.00            1.00000     0.00000       0.00  %   10000     
1.150000e+06      0.05            0.00            1.00000     0.00000       0.00  %   10000     
1.155900e+06      0.05            0.00            1.01030     0.00421       0.42  %   30000     
1.200000e+06      0.05            0.00            1.00697     0.00348       0.35  %   30000     
1.223600e+06      0.05            0.00            1.00000     0.00000       0.00  %   10000     
1.250000e+06      0.04            0.00            1.00266     0.00266       0.27  %   20000     
1.311103e+06      0.04            0.00            1.00275     0.00275       0.27  %   20000     
1.600000e+06      0.04            0.00            1.00000     0.00000       0.00  %   10000     
1.650232e+06      0.04            0.00            1.00000     0.00000       0.00  %   10000     
2.048227e+06      0.03            0.00            1.00433     0.00433       0.43  %   20000     
2.361477e+06      0.02            0.00            1.01348     0.00449       0.44  %   80000     
2.549000e+06      0.02            0.00            1.00699     0.00494       0.49  %   40000     
2.561103e+06      0.02            0.00            1.00471     0.00471       0.47  %   30000     
2.648620e+06      0.02            0.00            1.00383     0.00383       0.38  %   40000     
2.800000e+06      0.02            0.00            1.00000     0.00000       0.00  %   10000     
3.000000e+06      0.01            0.00            1.00953     0.00477       0.47  %   80000     
3.404072e+06      0.01            0.00            1.00000     0.00000       0.00  %   10000     
3.693416e+06      0.01            0.00            1.00000     0.00000       0.00  %   10000     
4.000000e+06      0.01            0.00            1.00741     0.00524       0.52  %   100000    
4.873397e+06      0.00            0.00            1.00000     0.00000       0.00  %   10000     
5.060284e+06      0.00            0.00            1.00000     0.00000       0.00  %   10000     
5.500000e+06      0.00            0.00            1.00000     0.00000       0.00  %   10000     
5.634427e+06      0.00            0.00            1.00000     0.00000       0.00  %   10000     
5.921531e+06      0.00            0.00            1.00000     0.00000       0.00  %   10000     
6.355307e+06      0.00            0.00            1.00000     0.00000       0.00  %   10000     
6.560492e+06      0.00            0.00            1.00000     0.00000       0.00  %   10000     
6.875576e+06      0.00            0.00            1.00000     0.00000       0.00  %   10000     
7.000000e+06      0.00            0.00            1.00000     0.00000       0.00  %   10000     
7.134514e+06      0.00            0.00            1.00000     0.00000       0.00  %   10000     
7.283538e+06      0.00            0.00            1.00000     0.00000       0.00  %   10000     
7.399769e+06      0.00            0.00            1.00000     0.00000       0.00  %   10000     
7.424742e+06      0.00            0.00            1.00000     0.00000       0.00  %   10000     
7.500000e+06      0.00            0.00            1.00000     0.00000       0.00  %   10000     
8.000000e+06      0.00            0.00            1.00000     0.00000       0.00  %   10000     
8.750000e+06      0.00            0.00            1.00000     0.00000       0.00  %   10000     
8.873214e+06      0.00            0.00            1.00000     0.00000       0.00  %   10000     
8.900001e+06      0.00            0.00            1.00000     0.00000       0.00  %   10000     
9.600001e+06      0.00            0.00            1.00000     0.00000       0.00  %   10000     
9.700001e+06      0.00            0.00            1.00000     0.00000       0.00  %   10000     
1.000000e+07      0.00            0.00            1.00000     0.00000       0.00  %   10000     
1.038395e+07      0.00            0.00            1.00000     0.00000       0.00  %   10000     
1.040000e+07      0.00            0.00            1.00000     0.00000       0.00  %   10000     
1.048882e+07      0.00            0.00            1.00000     0.00000       0.00  %   10000     
1.050000e+07      0.00            0.00            1.00000     0.00000       0.00  %   10000     
1.090000e+07      0.00            0.00            1.00000     0.00000       0.00  %   10000     
1.100000e+07      0.00            0.00            1.00000     0.00000       0.00  %   10000     
1.140000e+07      0.00            0.00            1.00000     0.00000       0.00  %   10000     
1.150000e+07      0.00            0.00            1.00000     0.00000       0.00  %   10000     
1.175000e+07      0.00            0.00            1.00000     0.00000       0.00  %   10000     
1.200000e+07      0.00            0.00            1.00000     0.00000       0.00  %   10000     
1.250000e+07      0.00            0.00            1.00000     0.00000       0.00  %   10000     
1.258659e+07      0.00            0.00            1.01419     0.01419       1.40  %   100000    
1.270000e+07      0.00            0.00            1.00000     0.00000       0.00  %   10000     
1.300000e+07      0.00            0.00            1.00000     0.00000       0.00  %   10000     
1.324764e+07      0.00            0.00            1.00000     0.00000       0.00  %   10000     
1.330000e+07      0.00            0.00            1.00000     0.00000       0.00  %   10000     
1.350000e+07      0.00            0.00            1.00000     0.00000       0.00  %   10000     
1.370000e+07      0.00            0.00            1.00000     0.00000       0.00  %   10000     
1.374773e+07      0.00            0.00            1.00000     0.00000       0.00  %   10000     
1.390000e+07      0.00            0.00            1.00000     0.00000       0.00  %   10000     
1.400000e+07      0.00            0.00            1.00000     0.00000       0.00  %   10000     
1.424781e+07      0.00            0.00            1.00000     0.00000       0.00  %   10000     
1.425000e+07      0.00            0.00            1.00000     0.00000       0.00  %   10000     
1.450000e+07      0.00            0.00            1.00000     0.00000       0.00  %   10000     
1.462342e+07      0.00            0.00            1.00000     0.00000       0.00  %   10000     
1.481051e+07      0.00            0.00            1.00000     0.00000       0.00  %   10000     
1.494658e+07      0.00            0.00            1.00000     0.00000       0.00  %   10000     
1.500000e+07      0.00            0.00            1.00000     0.00000       0.00  %   10000     
1.512347e+07      0.00            0.00            1.00000     0.00000       0.00  %   10000     
1.521673e+07      0.00            0.00            1.00000     0.00000       0.00  %   10000     
1.535771e+07      0.00            0.00            1.00000     0.00000       0.00  %   10000     
1.550000e+07      0.00            0.00            1.00000     0.00000       0.00  %   10000     
1.562352e+07      0.00            0.00            1.00000     0.00000       0.00  %   10000     
1.567720e+07      0.00            0.00            1.00000     0.00000       0.00  %   10000     
1.571680e+07      0.00            0.00            1.00000     0.00000       0.00  %   10000     
1.580000e+07      0.00            0.00            1.00000     0.00000       0.00  %   10000     
1.585777e+07      0.00            0.00            1.00000     0.00000       0.00  %   10000     
1.612356e+07      0.00            0.00            1.00000     0.00000       0.00  %   10000     
1.621686e+07      0.00            0.00            1.00000     0.00000       0.00  %   10000     
1.628718e+07      0.00            0.00            1.00000     0.00000       0.00  %   10000     
1.630000e+07      0.00            0.00            1.00000     0.00000       0.00  %   10000     
1.639325e+07      0.00            0.00            1.00000     0.00000       0.00  %   10000     
1.650000e+07      0.00            0.00            1.00000     0.00000       0.00  %   10000     
1.662360e+07      0.00            0.00            1.00000     0.00000       0.00  %   10000     
1.671691e+07      0.00            0.00            1.00000     0.00000       0.00  %   10000     
1.685786e+07      0.00            0.00            1.00000     0.00000       0.00  %   10000     
1.700000e+07      0.00            0.00            1.00000     0.00000       0.00  %   10000     
1.712364e+07      0.00            0.00            1.00000     0.00000       0.00  %   10000     
1.731080e+07      0.00            0.00            1.00000     0.00000       0.00  %   10000     
1.740000e+07      0.00            0.00            1.00000     0.00000       0.00  %   10000     
1.750000e+07      0.00            0.00            1.00000     0.00000       0.00  %   10000     
1.762368e+07      0.00            0.00            1.00000     0.00000       0.00  %   10000     
1.781085e+07      0.00            0.00            1.00000     0.00000       0.00  %   10000     
1.800000e+07      0.00            0.00            1.00000     0.00000       0.00  %   10000     
1.812206e+07      0.00            0.00            1.00000     0.00000       0.00  %   10000     
1.822955e+07      0.00            0.00            1.00000     0.00000       0.00  %   10000     
1.825056e+07      0.00            0.00            1.00000     0.00000       0.00  %   10000     
1.841918e+07      0.00            0.00            1.00000     0.00000       0.00  %   10000     
1.856270e+07      0.00            0.00            1.00000     0.00000       0.00  %   10000     
1.867107e+07      0.00            0.00            1.00000     0.00000       0.00  %   10000     
1.883482e+07      0.00            0.00            1.00000     0.00000       0.00  %   10000     
1.900000e+07      0.00            0.00            1.00000     0.00000       0.00  %   10000     
1.912221e+07      0.00            0.00            1.00000     0.00000       0.00  %   10000     
1.933798e+07      0.00            0.00            1.00000     0.00000       0.00  %   10000     
1.940000e+07      0.00            0.00            1.00000     0.00000       0.00  %   10000     
1.950140e+07      0.00            0.00            1.00000     0.00000       0.00  %   10000     
1.962487e+07      0.00            0.00            1.00000     0.00000       0.00  %   10000     
1.980000e+07      0.00            0.00            1.00000     0.00000       0.00  %   10000     
1.981155e+07      0.00            0.00            1.00000     0.00000       0.00  %   10000     
2.000000e+07      0.00            0.00            1.00000     0.00000       0.00  %   10000     
2.024544e+07      0.00            0.00            1.00000     0.00000       0.00  %   10000     
2.030000e+07      0.00            0.00            1.00000     0.00000       0.00  %   10000     
2.043150e+07      0.00            0.00            1.00000     0.00000       0.00  %   10000     
2.057217e+07      0.00            0.00            1.00000     0.00000       0.00  %   10000     
2.078498e+07      0.00            0.00            1.00000     0.00000       0.00  %   10000     
2.110000e+07      0.00            0.00            1.00000     0.00000       0.00  %   10000     
2.124566e+07      0.00            0.00            1.00000     0.00000       0.00  %   10000     
2.143178e+07      0.00            0.00            1.00000     0.00000       0.00  %   10000     
2.157245e+07      0.00            0.00            1.00000     0.00000       0.00  %   10000     
2.178517e+07      0.00            0.00            1.00000     0.00000       0.00  %   10000     
2.200000e+07      0.00            0.00            1.00000     0.00000       0.00  %   10000     
2.213142e+07      0.00            0.00            1.00000     0.00000       0.00  %   10000     
2.220000e+07      0.00            0.00            1.00000     0.00000       0.00  %   10000     
2.224585e+07      0.00            0.00            1.00000     0.00000       0.00  %   10000     
2.243204e+07      0.00            0.00            1.00000     0.00000       0.00  %   10000     
2.271424e+07      0.00            0.00            1.00000     0.00000       0.00  %   10000     
2.300000e+07      0.00            0.00            1.00000     0.00000       0.00  %   10000     
2.324602e+07      0.00            0.00            1.00000     0.00000       0.00  %   10000     
2.328519e+07      0.00            0.00            1.00000     0.00000       0.00  %   10000     
2.343227e+07      0.00            0.00            1.00000     0.00000       0.00  %   10000     
2.371444e+07      0.00            0.00            1.00000     0.00000       0.00  %   10000     
2.400000e+07      0.00            0.00            1.00000     0.00000       0.00  %   10000     
2.424619e+07      0.00            0.00            1.00000     0.00000       0.00  %   10000     
2.462021e+07      0.00            0.00            1.00000     0.00000       0.00  %   10000     
2.487366e+07      0.00            0.00            1.00000     0.00000       0.00  %   10000     
2.500000e+07      0.00            0.00            1.00000     0.00000       0.00  %   10000     
2.524634e+07      0.00            0.00            1.00000     0.00000       0.00  %   10000     
2.543268e+07      0.00            0.00            1.00000     0.00000       0.00  %   10000     
2.571477e+07      0.00            0.00            1.00000     0.00000       0.00  %   10000     
2.580000e+07      0.00            0.00            1.00000     0.00000       0.00  %   10000     
2.600000e+07      0.00            0.00            1.00000     0.00000       0.00  %   10000     
2.624647e+07      0.00            0.00            1.00000     0.00000       0.00  %   10000     
2.662057e+07      0.00            0.00            1.00000     0.00000       0.00  %   10000     
2.700000e+07      0.00            0.00            1.00000     0.00000       0.00  %   10000     
2.724660e+07      0.00            0.00            1.00000     0.00000       0.00  %   10000     
2.762073e+07      0.00            0.00            1.00000     0.00000       0.00  %   10000     
2.800000e+07      0.00            0.00            1.00000     0.00000       0.00  %   10000     
2.824672e+07      0.00            0.00            1.00000     0.00000       0.00  %   10000     
2.862088e+07      0.00            0.00            1.00000     0.00000       0.00  %   10000     
2.900000e+07      0.00            0.00            1.00000     0.00000       0.00  %   10000     
2.920000e+07      0.00            0.00            1.00000     0.00000       0.00  %   10000     
2.949576e+07      0.00            0.00            1.00000     0.00000       0.00  %   10000     
2.980000e+07      0.00            0.00            1.00000     0.00000       0.00  %   10000     
3.000000e+07      0.00            0.00            1.00000     0.00000       0.00  %   10000     
