#reaction mode   : NG (MT=102)
#xs file used    : data/Au197.ng
#sample density   [g/cm3]: 19.3200
#sample diameter  [mm]   : 20.0
#sample thickness [mm]   : 4.9e-01
#target precision        : 0.50%
#total grid points       : 9458
#########################################################################################################
#Energy (eV)      Weighted Prim   Weighted Multi  F_ms        Uncertainty   Rel Err   Histories 
#########################################################################################################
1.000000e-05      992.93          0.00            1.00000     0.00000       0.00  %   10000     
1.364106e-05      992.87          7.80            1.00786     0.00089       0.09  %   10000     
1.859726e-05      992.74          5.70            1.00574     0.00076       0.08  %   10000     
1.905180e-05      992.77          6.80            1.00685     0.00083       0.08  %   10000     
2.536863e-05      992.51          5.80            1.00584     0.00077       0.08  %   10000     
2.660871e-05      992.53          6.40            1.00645     0.00080       0.08  %   10000     
3.458580e-05      992.01          5.80            1.00584     0.00077       0.08  %   10000     
3.716308e-05      991.94          5.50            1.00554     0.00075       0.07  %   10000     
4.717869e-05      990.86          6.59            1.00665     0.00082       0.08  %   10000     
5.190385e-05      990.48          6.99            1.00705     0.00084       0.08  %   10000     
6.432010e-05      988.38          6.58            1.00665     0.00082       0.08  %   10000     
7.422108e-05      986.91          6.77            1.00686     0.00083       0.08  %   10000     
8.773944e-05      983.57          6.84            1.00696     0.00083       0.08  %   10000     
1.061945e-04      979.49          8.00            1.00817     0.00090       0.09  %   10000     
1.196178e-04      975.13          7.48            1.00767     0.00088       0.09  %   10000     
1.555668e-04      964.66          6.04            1.00626     0.00079       0.08  %   10000     
1.631713e-04      961.65          7.67            1.00798     0.00089       0.09  %   10000     
2.224562e-04      941.89          7.61            1.00808     0.00090       0.09  %   10000     
2.390333e-04      937.36          8.43            1.00899     0.00095       0.09  %   10000     
3.034539e-04      915.01          7.77            1.00850     0.00092       0.09  %   10000     
3.852360e-04      891.03          7.31            1.00820     0.00091       0.09  %   10000     
4.137076e-04      880.95          9.10            1.01033     0.00102       0.10  %   10000     
5.643410e-04      839.84          8.69            1.01035     0.00102       0.10  %   10000     
6.993406e-04      810.45          8.31            1.01025     0.00102       0.10  %   10000     
7.693827e-04      792.93          9.43            1.01189     0.00109       0.11  %   10000     
1.049519e-03      741.21          8.68            1.01171     0.00109       0.11  %   10000     
1.430841e-03      686.58          8.97            1.01307     0.00115       0.11  %   10000     
1.574146e-03      672.06          8.04            1.01196     0.00110       0.11  %   10000     
1.951818e-03      630.27          10.33           1.01639     0.00129       0.13  %   10000     
2.660971e-03      573.97          9.33            1.01625     0.00128       0.13  %   10000     
3.629847e-03      518.81          8.09            1.01560     0.00126       0.12  %   10000     
4.948677e-03      466.00          8.76            1.01879     0.00138       0.14  %   10000     
5.989582e-03      437.70          10.57           1.02416     0.00157       0.15  %   10000     
6.750520e-03      416.03          8.69            1.02088     0.00146       0.14  %   10000     
9.203183e-03      369.56          7.50            1.02029     0.00145       0.14  %   10000     
1.255412e-02      326.74          7.52            1.02300     0.00154       0.15  %   10000     
1.711540e-02      287.87          7.30            1.02535     0.00163       0.16  %   10000     
2.334721e-02      252.79          6.15            1.02432     0.00160       0.16  %   10000     
2.518637e-02      244.80          6.18            1.02526     0.00164       0.16  %   10000     
2.530000e-02      244.34          6.38            1.02613     0.00166       0.16  %   10000     
3.451188e-02      213.96          6.13            1.02866     0.00175       0.17  %   10000     
4.705106e-02      187.12          5.50            1.02940     0.00179       0.17  %   10000     
6.418263e-02      163.51          4.85            1.02965     0.00181       0.18  %   10000     
8.750207e-02      142.96          4.84            1.03387     0.00195       0.19  %   10000     
1.222098e-01      123.90          3.79            1.03059     0.00187       0.18  %   10000     
1.706845e-01      107.76          3.50            1.03250     0.00195       0.19  %   10000     
2.383867e-01      94.30           3.51            1.03722     0.00211       0.20  %   10000     
3.329430e-01      83.32           3.00            1.03596     0.00210       0.20  %   10000     
4.650051e-01      74.75           2.29            1.03066     0.00196       0.19  %   10000     
6.653232e-01      68.29           2.32            1.03390     0.00208       0.20  %   10000     
9.513938e-01      65.15           2.30            1.03531     0.00212       0.21  %   10000     
1.040963e+00      65.02           2.12            1.03261     0.00204       0.20  %   10000     
1.419984e+00      67.63           2.02            1.02988     0.00193       0.19  %   10000     
1.570782e+00      70.44           2.00            1.02846     0.00188       0.18  %   10000     
1.802675e+00      74.76           2.17            1.02896     0.00187       0.18  %   10000     
2.129795e+00      85.01           2.43            1.02854     0.00182       0.18  %   10000     
2.457641e+00      100.08          2.47            1.02464     0.00167       0.16  %   10000     
2.736826e+00      119.04          2.41            1.02023     0.00149       0.15  %   10000     
2.974580e+00      141.81          2.55            1.01801     0.00139       0.14  %   10000     
3.064020e+00      153.81          2.73            1.01774     0.00137       0.14  %   10000     
3.196242e+00      171.23          2.64            1.01543     0.00128       0.13  %   10000     
3.312369e+00      192.77          3.05            1.01582     0.00129       0.13  %   10000     
3.392474e+00      207.27          2.94            1.01417     0.00122       0.12  %   10000     
3.497253e+00      233.56          3.93            1.01682     0.00132       0.13  %   10000     
3.558307e+00      248.44          3.57            1.01438     0.00122       0.12  %   10000     
3.625469e+00      271.09          3.74            1.01381     0.00119       0.12  %   10000     
3.710247e+00      298.59          4.77            1.01598     0.00128       0.13  %   10000     
3.757863e+00      319.17          4.76            1.01491     0.00124       0.12  %   10000     
3.822391e+00      345.95          5.59            1.01616     0.00129       0.13  %   10000     
3.847518e+00      359.84          7.01            1.01949     0.00141       0.14  %   10000     
3.929802e+00      403.01          7.18            1.01782     0.00135       0.13  %   10000     
3.937761e+00      406.99          7.09            1.01741     0.00134       0.13  %   10000     
4.012085e+00      457.06          8.63            1.01888     0.00139       0.14  %   10000     
4.045542e+00      477.90          10.83           1.02267     0.00152       0.15  %   10000     
4.086062e+00      511.23          11.49           1.02247     0.00152       0.15  %   10000     
4.130249e+00      544.55          13.52           1.02482     0.00159       0.16  %   10000     
4.153352e+00      566.71          13.71           1.02420     0.00157       0.15  %   10000     
4.201255e+00      608.34          18.46           1.03035     0.00176       0.17  %   10000     
4.211082e+00      619.38          18.08           1.02920     0.00173       0.17  %   10000     
4.265626e+00      673.64          20.86           1.03096     0.00178       0.17  %   10000     
4.279262e+00      685.40          24.22           1.03533     0.00190       0.18  %   10000     
4.321022e+00      731.87          25.90           1.03539     0.00190       0.18  %   10000     
4.348294e+00      756.68          30.94           1.04089     0.00204       0.20  %   10000     
4.368748e+00      780.47          32.59           1.04176     0.00206       0.20  %   10000     
4.408037e+00      816.19          37.60           1.04606     0.00217       0.21  %   10000     
4.415622e+00      824.80          36.15           1.04383     0.00211       0.20  %   10000     
4.456530e+00      859.62          43.50           1.05060     0.00227       0.22  %   10000     
4.462496e+00      863.18          45.75           1.05300     0.00232       0.22  %   10000     
4.495648e+00      887.26          47.61           1.05366     0.00234       0.22  %   10000     
4.505620e+00      891.63          46.88           1.05257     0.00232       0.22  %   10000     
4.532892e+00      906.16          51.03           1.05631     0.00239       0.23  %   10000     
4.546528e+00      909.42          54.57           1.06001     0.00247       0.23  %   10000     
4.566982e+00      916.14          52.46           1.05726     0.00242       0.23  %   10000     
4.580618e+00      917.09          58.50           1.06379     0.00255       0.24  %   10000     
4.597663e+00      920.15          60.21           1.06544     0.00258       0.24  %   10000     
4.614708e+00      919.21          60.74           1.06608     0.00260       0.24  %   10000     
4.624935e+00      920.22          61.10           1.06640     0.00260       0.24  %   10000     
4.645389e+00      917.99          64.86           1.07066     0.00268       0.25  %   10000     
4.650502e+00      918.38          66.47           1.07238     0.00271       0.25  %   10000     
4.671638e+00      915.61          67.69           1.07393     0.00274       0.26  %   10000     
4.675047e+00      915.92          65.40           1.07140     0.00270       0.25  %   10000     
4.696183e+00      913.02          70.80           1.07754     0.00281       0.26  %   10000     
4.697887e+00      913.24          69.40           1.07599     0.00278       0.26  %   10000     
4.716978e+00      911.09          70.00           1.07683     0.00280       0.26  %   10000     
4.719705e+00      910.11          67.90           1.07461     0.00276       0.26  %   10000     
4.735045e+00      909.25          74.90           1.08238     0.00290       0.27  %   10000     
4.741522e+00      907.04          75.10           1.08280     0.00291       0.27  %   10000     
4.754136e+00      907.02          74.60           1.08225     0.00290       0.27  %   10000     
4.762317e+00      904.41          76.30           1.08436     0.00294       0.27  %   10000     
4.772203e+00      904.72          70.80           1.07826     0.00284       0.26  %   10000     
4.781408e+00      902.00          72.40           1.08027     0.00287       0.27  %   10000     
4.790612e+00      902.45          72.70           1.08056     0.00288       0.27  %   10000     
4.801521e+00      899.53          75.70           1.08415     0.00294       0.27  %   10000     
4.810725e+00      899.98          74.70           1.08300     0.00292       0.27  %   10000     
4.826066e+00      896.67          77.40           1.08632     0.00298       0.27  %   10000     
4.839702e+00      895.52          77.80           1.08688     0.00299       0.28  %   10000     
4.863431e+00      893.86          81.30           1.09095     0.00306       0.28  %   10000     
4.867658e+00      892.78          83.20           1.09319     0.00309       0.28  %   10000     
4.877349e+00      892.46          81.80           1.09166     0.00307       0.28  %   10000     
4.881978e+00      891.06          85.70           1.09618     0.00314       0.29  %   10000     
4.895906e+00      891.15          85.00           1.09538     0.00313       0.29  %   10000     
4.899406e+00      890.43          86.40           1.09703     0.00316       0.29  %   10000     
4.901993e+00      889.28          86.10           1.09682     0.00315       0.29  %   10000     
4.902832e+00      889.09          90.80           1.10213     0.00323       0.29  %   10000     
4.919675e+00      888.70          90.20           1.10150     0.00322       0.29  %   10000     
4.924005e+00      887.04          92.30           1.10405     0.00326       0.30  %   10000     
4.940608e+00      886.36          92.50           1.10436     0.00327       0.30  %   10000     
4.945381e+00      885.19          99.00           1.11184     0.00337       0.30  %   10000     
4.989698e+00      879.45          107.50          1.12224     0.00352       0.31  %   10000     
4.993788e+00      879.93          107.80          1.12251     0.00352       0.31  %   10000     
5.010152e+00      876.33          111.10          1.12678     0.00359       0.32  %   10000     
5.016288e+00      877.11          110.00          1.12541     0.00357       0.32  %   10000     
5.030606e+00      873.19          114.50          1.13113     0.00365       0.32  %   10000     
5.037764e+00      873.88          106.60          1.12198     0.00353       0.31  %   10000     
5.049014e+00      870.32          113.90          1.13087     0.00365       0.32  %   10000     
5.059241e+00      870.65          110.70          1.12715     0.00360       0.32  %   10000     
5.068105e+00      867.46          123.50          1.14237     0.00379       0.33  %   10000     
5.081059e+00      867.18          119.70          1.13803     0.00374       0.33  %   10000     
5.088218e+00      864.43          121.00          1.13998     0.00377       0.33  %   10000     
5.104240e+00      863.36          122.40          1.14177     0.00380       0.33  %   10000     
5.109694e+00      861.12          124.20          1.14423     0.00383       0.33  %   10000     
5.131512e+00      858.84          127.79          1.14879     0.00389       0.34  %   10000     
5.135603e+00      857.09          126.58          1.14769     0.00388       0.34  %   10000     
5.158784e+00      853.93          126.62          1.14828     0.00389       0.34  %   10000     
5.162875e+00      852.11          128.70          1.15103     0.00393       0.34  %   10000     
5.190147e+00      846.12          134.23          1.15864     0.00402       0.35  %   10000     
5.192874e+00      846.11          133.29          1.15754     0.00401       0.35  %   10000     
5.224237e+00      834.98          134.52          1.16111     0.00407       0.35  %   10000     
5.233782e+00      833.09          133.80          1.16061     0.00406       0.35  %   10000     
5.258327e+00      819.45          134.06          1.16360     0.00411       0.35  %   10000     
5.281508e+00      809.43          133.48          1.16491     0.00413       0.35  %   10000     
5.302090e+00      792.60          137.49          1.17347     0.00423       0.36  %   10000     
5.333495e+00      770.99          134.26          1.17414     0.00425       0.36  %   10000     
5.346066e+00      757.94          130.60          1.17231     0.00424       0.36  %   10000     
5.394005e+00      713.98          126.30          1.17689     0.00431       0.37  %   10000     
5.396562e+00      712.07          124.47          1.17480     0.00429       0.37  %   10000     
5.448549e+00      659.10          118.64          1.18001     0.00438       0.37  %   10000     
5.462185e+00      647.53          109.49          1.16909     0.00427       0.36  %   10000     
5.508207e+00      598.59          105.38          1.17604     0.00437       0.37  %   10000     
5.547410e+00      563.81          100.64          1.17849     0.00441       0.37  %   10000     
5.576386e+00      533.21          88.64           1.16624     0.00431       0.37  %   10000     
5.649680e+00      470.25          81.16           1.17259     0.00441       0.38  %   10000     
5.653381e+00      466.62          83.27           1.17847     0.00448       0.38  %   10000     
5.733605e+00      405.80          68.42           1.16861     0.00443       0.38  %   10000     
5.770482e+00      383.78          65.25           1.17001     0.00446       0.38  %   10000     
5.830225e+00      344.49          57.00           1.16547     0.00446       0.38  %   10000     
5.909818e+00      303.69          49.57           1.16323     0.00447       0.38  %   10000     
5.927720e+00      293.85          45.88           1.15613     0.00441       0.38  %   10000     
6.040601e+00      246.50          39.95           1.16206     0.00456       0.39  %   10000     
6.088945e+00      231.03          34.64           1.14993     0.00443       0.38  %   10000     
6.163683e+00      205.87          31.88           1.15487     0.00456       0.39  %   10000     
6.271379e+00      178.69          25.12           1.14059     0.00443       0.39  %   10000     
6.308124e+00      169.04          24.77           1.14654     0.00455       0.40  %   10000     
6.473476e+00      137.24          18.96           1.13813     0.00455       0.40  %   10000     
6.491848e+00      134.65          18.78           1.13944     0.00458       0.40  %   10000     
6.645570e+00      112.34          14.54           1.12938     0.00455       0.40  %   10000     
6.806035e+00      95.17           11.61           1.12196     0.00453       0.40  %   10000     
6.846151e+00      90.77           11.26           1.12402     0.00461       0.41  %   10000     
7.054576e+00      74.07           8.86            1.11964     0.00470       0.42  %   10000     
7.222886e+00      63.96           7.65            1.11964     0.00482       0.43  %   10000     
7.267020e+00      61.27           7.27            1.11866     0.00484       0.43  %   10000     
7.531824e+00      49.35           5.76            1.11671     0.00503       0.45  %   10000     
7.759538e+00      41.81           4.33            1.10361     0.00492       0.45  %   10000     
7.805434e+00      40.27           4.78            1.11874     0.00531       0.47  %   10000     
8.137259e+00      32.19           3.59            1.11157     0.00545       0.49  %   10000     
8.475729e+00      26.19           2.75            1.10496     0.00394       0.36  %   20000     
8.523839e+00      25.56           2.69            1.10518     0.00397       0.36  %   20000     
8.857163e+00      21.20           1.94            1.09173     0.00393       0.36  %   20000     
9.313102e+00      16.90           1.56            1.09215     0.00421       0.39  %   20000     
9.534235e+00      15.39           1.41            1.09174     0.00432       0.40  %   20000     
9.755369e+00      13.86           1.21            1.08748     0.00437       0.40  %   20000     
1.030173e+01      11.12           1.00            1.08979     0.00477       0.44  %   20000     
1.083945e+01      9.15            0.81            1.08850     0.00506       0.47  %   20000     
1.126876e+01      8.02            0.69            1.08555     0.00520       0.48  %   20000     
1.154419e+01      7.29            0.59            1.08063     0.00524       0.48  %   20000     
1.224346e+01      5.97            0.55            1.09218     0.00493       0.45  %   30000     
1.299947e+01      4.93            0.40            1.08032     0.00496       0.46  %   30000     
1.393178e+01      4.00            0.29            1.07145     0.00506       0.47  %   30000     
1.488453e+01      3.32            0.25            1.07515     0.00486       0.45  %   40000     
1.601373e+01      2.73            0.18            1.06766     0.00499       0.47  %   40000     
1.727951e+01      2.27            0.17            1.07630     0.00511       0.47  %   50000     
1.875946e+01      1.89            0.14            1.07308     0.00491       0.46  %   60000     
1.898060e+01      1.85            0.14            1.07625     0.00505       0.47  %   60000     
2.049656e+01      1.57            0.10            1.06321     0.00493       0.46  %   60000     
2.260979e+01      1.32            0.09            1.06891     0.00513       0.48  %   70000     
2.500435e+01      1.13            0.06            1.05715     0.00497       0.47  %   70000     
2.796521e+01      0.98            0.06            1.06056     0.00502       0.47  %   80000     
2.985815e+01      0.93            0.05            1.05524     0.00522       0.49  %   70000     
3.058792e+01      0.90            0.05            1.05957     0.00510       0.48  %   80000     
3.411028e+01      0.86            0.05            1.06273     0.00526       0.49  %   80000     
3.508225e+01      0.86            0.05            1.06299     0.00524       0.49  %   80000     
3.851516e+01      0.90            0.04            1.03991     0.00507       0.49  %   50000     
4.076396e+01      0.96            0.05            1.05419     0.00514       0.49  %   60000     
4.261297e+01      1.06            0.05            1.04796     0.00500       0.48  %   50000     
4.392817e+01      1.18            0.05            1.04596     0.00517       0.49  %   40000     
4.435728e+01      1.24            0.06            1.04833     0.00515       0.49  %   40000     
4.478640e+01      1.31            0.05            1.03927     0.00450       0.43  %   40000     
4.523519e+01      1.44            0.05            1.03234     0.00448       0.43  %   30000     
4.557179e+01      1.63            0.09            1.05559     0.00478       0.45  %   40000     
4.576326e+01      1.82            0.08            1.04319     0.00460       0.44  %   30000     
4.588218e+01      2.02            0.09            1.04581     0.00451       0.43  %   30000     
4.600109e+01      2.33            0.07            1.02968     0.00415       0.40  %   20000     
4.608061e+01      2.67            0.09            1.03336     0.00413       0.40  %   20000     
4.614422e+01      3.09            0.08            1.02702     0.00493       0.48  %   10000     
4.619988e+01      3.64            0.08            1.02256     0.00418       0.41  %   10000     
4.623963e+01      4.23            0.09            1.02048     0.00373       0.37  %   10000     
4.627303e+01      4.93            0.09            1.01798     0.00328       0.32  %   10000     
4.630801e+01      5.97            0.12            1.01995     0.00319       0.31  %   10000     
4.633823e+01      7.25            0.14            1.01929     0.00290       0.28  %   10000     
4.635095e+01      8.00            0.12            1.01462     0.00243       0.24  %   10000     
4.637003e+01      9.13            0.13            1.01435     0.00229       0.23  %   10000     
4.639866e+01      11.45           0.15            1.01283     0.00200       0.20  %   10000     
4.643046e+01      14.87           0.07            1.00500     0.00115       0.11  %   10000     
4.646545e+01      19.79           0.20            1.01000     0.00149       0.15  %   10000     
4.649725e+01      25.43           0.22            1.00856     0.00129       0.13  %   10000     
4.651252e+01      28.13           0.26            1.00910     0.00130       0.13  %   10000     
4.659012e+01      42.80           0.40            1.00939     0.00121       0.12  %   10000     
4.662066e+01      47.00           0.46            1.00971     0.00121       0.12  %   10000     
4.665628e+01      49.55           0.39            1.00791     0.00108       0.11  %   10000     
4.666870e+01      49.74           0.45            1.00895     0.00115       0.11  %   10000     
4.670844e+01      47.84           0.54            1.01136     0.00131       0.13  %   10000     
4.675424e+01      41.62           0.65            1.01550     0.00157       0.15  %   10000     
4.683057e+01      27.27           0.88            1.03242     0.00248       0.24  %   10000     
4.685474e+01      22.68           0.84            1.03709     0.00278       0.27  %   10000     
4.689164e+01      16.94           0.87            1.05128     0.00354       0.34  %   10000     
4.692344e+01      13.05           0.85            1.06547     0.00434       0.41  %   10000     
4.695524e+01      10.12           0.84            1.08259     0.00532       0.49  %   10000     
4.698705e+01      7.98            0.96            1.12035     0.00495       0.44  %   20000     
4.701886e+01      6.46            0.90            1.13962     0.00472       0.41  %   30000     
4.705364e+01      5.30            0.95            1.17961     0.00579       0.49  %   30000     
4.708843e+01      4.50            0.92            1.20489     0.00574       0.48  %   40000     
4.713017e+01      3.85            0.89            1.23037     0.00582       0.47  %   50000     
4.717788e+01      3.34            0.93            1.27690     0.00618       0.48  %   60000     
4.724149e+01      2.90            0.95            1.32742     0.00662       0.50  %   70000     
4.732100e+01      2.55            0.90            1.35206     0.00641       0.47  %   90000     
4.743818e+01      2.25            0.85            1.37674     0.00665       0.48  %   100000    
4.758047e+01      2.05            0.62            1.30314     0.00623       0.48  %   100000    
4.776581e+01      1.92            0.31            1.16070     0.00560       0.48  %   70000     
4.795115e+01      1.85            0.15            1.07972     0.00530       0.49  %   40000     
4.802529e+01      1.85            0.13            1.07051     0.00499       0.47  %   40000     
4.832184e+01      1.82            0.11            1.06152     0.00467       0.44  %   40000     
4.895635e+01      1.89            0.09            1.04666     0.00457       0.44  %   30000     
5.001679e+01      2.15            0.08            1.03581     0.00454       0.44  %   20000     
5.113043e+01      2.57            0.07            1.02739     0.00508       0.49  %   10000     
5.208800e+01      3.09            0.10            1.03332     0.00507       0.49  %   10000     
5.300969e+01      3.82            0.14            1.03731     0.00476       0.46  %   10000     
5.375354e+01      4.66            0.16            1.03327     0.00405       0.39  %   10000     
5.433074e+01      5.58            0.14            1.02497     0.00321       0.31  %   10000     
5.444913e+01      5.77            0.18            1.03169     0.00355       0.34  %   10000     
5.505787e+01      7.17            0.21            1.02946     0.00307       0.30  %   10000     
5.555067e+01      8.77            0.16            1.01866     0.00224       0.22  %   10000     
5.569329e+01      9.42            0.24            1.02501     0.00251       0.25  %   10000     
5.600158e+01      10.84           0.24            1.02168     0.00220       0.22  %   10000     
5.633977e+01      13.04           0.21            1.01591     0.00176       0.17  %   10000     
5.656294e+01      15.06           0.20            1.01323     0.00153       0.15  %   10000     
5.663525e+01      15.71           0.27            1.01734     0.00173       0.17  %   10000     
5.689110e+01      19.04           0.25            1.01314     0.00142       0.14  %   10000     
5.708161e+01      22.64           0.27            1.01179     0.00129       0.13  %   10000     
5.709629e+01      23.05           0.30            1.01312     0.00135       0.13  %   10000     
5.723667e+01      26.92           0.27            1.01015     0.00115       0.11  %   10000     
5.734743e+01      31.37           0.25            1.00801     0.00100       0.10  %   10000     
5.736376e+01      32.35           0.33            1.01029     0.00113       0.11  %   10000     
5.745039e+01      37.53           0.24            1.00629     0.00086       0.09  %   10000     
5.752371e+01      44.23           0.28            1.00629     0.00085       0.08  %   10000     
5.753837e+01      46.27           0.25            1.00545     0.00078       0.08  %   10000     
5.758237e+01      52.36           0.26            1.00500     0.00074       0.07  %   10000     
5.762636e+01      61.43           0.16            1.00261     0.00053       0.05  %   10000     
5.766639e+01      73.48           0.32            1.00437     0.00068       0.07  %   10000     
5.768501e+01      81.48           0.16            1.00201     0.00046       0.05  %   10000     
5.769975e+01      87.77           0.22            1.00253     0.00051       0.05  %   10000     
5.772974e+01      105.60          0.22            1.00208     0.00047       0.05  %   10000     
5.773311e+01      107.59          0.22            1.00208     0.00046       0.05  %   10000     
5.773868e+01      112.08          0.30            1.00270     0.00053       0.05  %   10000     
5.776244e+01      130.97          0.24            1.00186     0.00044       0.04  %   10000     
5.776830e+01      137.07          0.31            1.00227     0.00048       0.05  %   10000     
5.779176e+01      161.02          0.25            1.00154     0.00040       0.04  %   10000     
5.779763e+01      168.81          0.26            1.00154     0.00040       0.04  %   10000     
5.782109e+01      199.21          0.33            1.00164     0.00041       0.04  %   10000     
5.782696e+01      206.62          0.25            1.00123     0.00036       0.04  %   10000     
5.784455e+01      234.71          0.60            1.00257     0.00051       0.05  %   10000     
5.786215e+01      261.73          0.40            1.00154     0.00040       0.04  %   10000     
5.787095e+01      278.12          0.51            1.00185     0.00044       0.04  %   10000     
5.789734e+01      324.95          1.07            1.00329     0.00058       0.06  %   10000     
5.791494e+01      354.30          0.88            1.00247     0.00050       0.05  %   10000     
5.793019e+01      379.97          1.06            1.00279     0.00054       0.05  %   10000     
5.797711e+01      452.01          1.83            1.00405     0.00065       0.06  %   10000     
5.799354e+01      474.98          1.38            1.00291     0.00055       0.05  %   10000     
5.804046e+01      515.46          3.50            1.00679     0.00084       0.08  %   10000     
5.805688e+01      519.58          3.86            1.00744     0.00088       0.09  %   10000     
5.807875e+01      525.20          4.19            1.00798     0.00091       0.09  %   10000     
5.809794e+01      520.75          3.95            1.00759     0.00089       0.09  %   10000     
5.810572e+01      519.05          4.87            1.00939     0.00099       0.10  %   10000     
5.814487e+01      490.08          4.37            1.00892     0.00097       0.10  %   10000     
5.815190e+01      484.76          5.16            1.01064     0.00106       0.10  %   10000     
5.815660e+01      478.77          5.61            1.01171     0.00111       0.11  %   10000     
5.820352e+01      415.16          6.26            1.01507     0.00126       0.12  %   10000     
5.821760e+01      394.68          6.18            1.01566     0.00129       0.13  %   10000     
5.827391e+01      301.27          6.99            1.02321     0.00158       0.15  %   10000     
5.828212e+01      286.43          7.34            1.02562     0.00166       0.16  %   10000     
5.832318e+01      223.92          6.93            1.03094     0.00184       0.18  %   10000     
5.835837e+01      180.14          6.00            1.03332     0.00192       0.19  %   10000     
5.836776e+01      171.33          5.67            1.03309     0.00192       0.19  %   10000     
5.839319e+01      146.88          5.66            1.03851     0.00208       0.20  %   10000     
5.842207e+01      126.35          5.78            1.04571     0.00228       0.22  %   10000     
5.843184e+01      121.43          5.42            1.04466     0.00226       0.22  %   10000     
5.845664e+01      108.75          5.48            1.05043     0.00241       0.23  %   10000     
5.848859e+01      97.69           5.39            1.05514     0.00253       0.24  %   10000     
5.849738e+01      95.80           5.44            1.05678     0.00257       0.24  %   10000     
5.853258e+01      88.16           5.54            1.06284     0.00271       0.26  %   10000     
5.858537e+01      82.50           5.17            1.06267     0.00271       0.26  %   10000     
5.859123e+01      81.87           5.26            1.06424     0.00275       0.26  %   10000     
5.864989e+01      80.41           5.46            1.06790     0.00282       0.26  %   10000     
5.867921e+01      79.67           5.20            1.06524     0.00277       0.26  %   10000     
5.875547e+01      81.85           5.52            1.06744     0.00281       0.26  %   10000     
5.877129e+01      82.30           5.69            1.06914     0.00285       0.27  %   10000     
5.887876e+01      89.64           5.59            1.06238     0.00271       0.26  %   10000     
5.888914e+01      90.34           6.38            1.07064     0.00288       0.27  %   10000     
5.900205e+01      102.86          6.70            1.06515     0.00277       0.26  %   10000     
5.902663e+01      105.54          7.59            1.07194     0.00290       0.27  %   10000     
5.910068e+01      117.66          7.19            1.06113     0.00269       0.25  %   10000     
5.915769e+01      126.76          7.87            1.06209     0.00272       0.26  %   10000     
5.919466e+01      135.23          8.28            1.06120     0.00270       0.25  %   10000     
5.926909e+01      151.79          9.10            1.05993     0.00269       0.25  %   10000     
5.928398e+01      156.38          9.88            1.06321     0.00276       0.26  %   10000     
5.935882e+01      178.68          9.72            1.05441     0.00258       0.24  %   10000     
5.936460e+01      180.34          10.48           1.05810     0.00267       0.25  %   10000     
5.942923e+01      206.21          11.19           1.05429     0.00259       0.25  %   10000     
5.946011e+01      217.92          13.17           1.06042     0.00274       0.26  %   10000     
5.949784e+01      237.68          13.94           1.05864     0.00271       0.26  %   10000     
5.953439e+01      255.71          15.74           1.06154     0.00279       0.26  %   10000     
5.955562e+01      270.14          16.42           1.06079     0.00277       0.26  %   10000     
5.960868e+01      303.44          20.23           1.06666     0.00292       0.27  %   10000     
5.961339e+01      307.59          19.88           1.06462     0.00288       0.27  %   10000     
5.966197e+01      346.78          23.89           1.06889     0.00298       0.28  %   10000     
5.967294e+01      354.67          24.77           1.06985     0.00301       0.28  %   10000     
5.970902e+01      390.44          30.50           1.07812     0.00318       0.30  %   10000     
5.972482e+01      404.01          32.40           1.08019     0.00324       0.30  %   10000     
5.975277e+01      436.69          37.51           1.08590     0.00335       0.31  %   10000     
5.977258e+01      456.00          42.99           1.09427     0.00352       0.32  %   10000     
5.979050e+01      480.03          44.82           1.09338     0.00350       0.32  %   10000     
5.981502e+01      506.18          48.24           1.09529     0.00356       0.33  %   10000     
5.982823e+01      525.69          52.01           1.09893     0.00362       0.33  %   10000     
5.985747e+01      557.38          63.70           1.11429     0.00390       0.35  %   10000     
5.986124e+01      563.18          66.68           1.11839     0.00396       0.35  %   10000     
5.989426e+01      597.86          74.54           1.12467     0.00408       0.36  %   10000     
5.989520e+01      598.38          75.55           1.12625     0.00411       0.36  %   10000     
5.992728e+01      627.16          80.18           1.12785     0.00415       0.37  %   10000     
5.993294e+01      628.78          81.46           1.12956     0.00419       0.37  %   10000     
5.995935e+01      645.72          95.00           1.14712     0.00445       0.39  %   10000     
5.997067e+01      645.92          89.86           1.13912     0.00436       0.38  %   10000     
5.999331e+01      654.22          94.58           1.14457     0.00444       0.39  %   10000     
6.000887e+01      651.25          102.47          1.15734     0.00463       0.40  %   10000     
6.002915e+01      654.91          102.47          1.15646     0.00462       0.40  %   10000     
6.005368e+01      648.69          100.85          1.15546     0.00464       0.40  %   10000     
6.006877e+01      650.34          105.62          1.16241     0.00472       0.41  %   10000     
6.011594e+01      641.17          117.39          1.18309     0.00502       0.42  %   10000     
6.013103e+01      639.72          111.50          1.17429     0.00492       0.42  %   10000     
6.020083e+01      633.59          126.40          1.19950     0.00524       0.44  %   10000     
6.020649e+01      631.68          129.80          1.20548     0.00532       0.44  %   10000     
6.024763e+01      628.56          126.80          1.20173     0.00529       0.44  %   10000     
6.029098e+01      625.47          133.60          1.21360     0.00544       0.45  %   10000     
6.029572e+01      623.42          145.50          1.23339     0.00566       0.46  %   10000     
6.033665e+01      621.10          145.80          1.23474     0.00568       0.46  %   10000     
6.034044e+01      619.57          144.00          1.23242     0.00567       0.46  %   10000     
6.038383e+01      616.94          156.10          1.25302     0.00588       0.47  %   10000     
6.039138e+01      614.40          169.30          1.27556     0.00610       0.48  %   10000     
6.051873e+01      596.74          193.20          1.32375     0.00661       0.50  %   10000     
6.053099e+01      597.64          203.81          1.34102     0.00476       0.36  %   20000     
6.056400e+01      586.76          214.31          1.36525     0.00493       0.36  %   20000     
6.057627e+01      586.64          220.90          1.37654     0.00498       0.36  %   20000     
6.060221e+01      573.12          228.11          1.39802     0.00513       0.37  %   20000     
6.061872e+01      569.67          233.64          1.41012     0.00518       0.37  %   20000     
6.063947e+01      553.00          242.56          1.43863     0.00536       0.37  %   20000     
6.066116e+01      542.32          239.41          1.44145     0.00537       0.37  %   20000     
6.067720e+01      524.87          243.10          1.46316     0.00551       0.38  %   20000     
6.070361e+01      504.79          242.86          1.48110     0.00560       0.38  %   20000     
6.071493e+01      490.42          243.30          1.49611     0.00570       0.38  %   20000     
6.074606e+01      461.46          237.07          1.51375     0.00579       0.38  %   20000     
6.075266e+01      452.71          237.29          1.52416     0.00586       0.38  %   20000     
6.079323e+01      412.69          230.48          1.55850     0.00603       0.39  %   20000     
6.079511e+01      410.24          225.90          1.55064     0.00602       0.39  %   20000     
6.084116e+01      366.54          214.01          1.58386     0.00622       0.39  %   20000     
6.085059e+01      359.97          214.72          1.59648     0.00625       0.39  %   20000     
6.089103e+01      324.70          204.67          1.63033     0.00645       0.40  %   20000     
6.091179e+01      311.37          194.69          1.62529     0.00645       0.40  %   20000     
6.094922e+01      282.91          187.95          1.66434     0.00666       0.40  %   20000     
6.098318e+01      264.14          178.65          1.67634     0.00672       0.40  %   20000     
6.101891e+01      241.53          168.70          1.69846     0.00690       0.41  %   20000     
6.107433e+01      215.75          153.66          1.71221     0.00701       0.41  %   20000     
6.109320e+01      206.05          148.25          1.71950     0.00710       0.41  %   20000     
6.116866e+01      177.82          133.44          1.75040     0.00731       0.42  %   20000     
6.118281e+01      172.09          130.06          1.75577     0.00738       0.42  %   20000     
6.127714e+01      144.30          113.17          1.78423     0.00766       0.43  %   20000     
6.128657e+01      142.30          111.38          1.78270     0.00766       0.43  %   20000     
6.139114e+01      118.54          93.94           1.79242     0.00797       0.44  %   20000     
6.143294e+01      111.63          87.88           1.78727     0.00800       0.45  %   20000     
6.150811e+01      98.57           78.40           1.79541     0.00825       0.46  %   20000     
6.158905e+01      88.35           67.11           1.75958     0.00828       0.47  %   20000     
6.165048e+01      80.28           61.44           1.76539     0.00850       0.48  %   20000     
6.179720e+01      66.39           47.02           1.70825     0.00702       0.41  %   30000     
6.180732e+01      65.40           45.61           1.69745     0.00701       0.41  %   30000     
6.197985e+01      53.29           32.12           1.60270     0.00695       0.43  %   30000     
6.201425e+01      51.55           30.23           1.58629     0.00691       0.44  %   30000     
6.217853e+01      43.06           22.95           1.53298     0.00695       0.45  %   30000     
6.230364e+01      38.42           18.38           1.47845     0.00679       0.46  %   30000     
6.239889e+01      34.82           15.40           1.44219     0.00675       0.47  %   30000     
6.262336e+01      28.64           11.06           1.38634     0.00665       0.48  %   30000     
6.267488e+01      27.61           10.04           1.36384     0.00652       0.48  %   30000     
6.289591e+01      23.11           7.36            1.31847     0.00644       0.49  %   30000     
6.317303e+01      19.01           4.97            1.26128     0.00615       0.49  %   30000     
6.317646e+01      18.96           4.77            1.25154     0.00605       0.48  %   30000     
6.350417e+01      15.38           3.47            1.22536     0.00608       0.50  %   30000     
6.364520e+01      14.27           3.00            1.21013     0.00599       0.49  %   30000     
6.388146e+01      12.40           2.30            1.18518     0.00510       0.43  %   40000     
6.427686e+01      10.14           1.69            1.16628     0.00513       0.44  %   40000     
6.436255e+01      9.78            1.42            1.14498     0.00559       0.49  %   30000     
6.473378e+01      8.23            1.20            1.14633     0.00514       0.45  %   40000     
6.509807e+01      7.13            1.02            1.14233     0.00530       0.46  %   40000     
6.525598e+01      6.66            0.84            1.12681     0.00513       0.46  %   40000     
6.577576e+01      5.52            0.68            1.12412     0.00542       0.48  %   40000     
6.642302e+01      4.49            0.50            1.11081     0.00549       0.49  %   40000     
6.660149e+01      4.29            0.43            1.10025     0.00530       0.48  %   40000     
6.718789e+01      3.63            0.39            1.10880     0.00526       0.47  %   50000     
6.796160e+01      3.02            0.31            1.10194     0.00544       0.49  %   50000     
6.860480e+01      2.66            0.24            1.09109     0.00536       0.49  %   50000     
6.882833e+01      2.54            0.22            1.08636     0.00532       0.49  %   50000     
6.962666e+01      2.22            0.19            1.08745     0.00514       0.47  %   60000     
7.065767e+01      1.95            0.15            1.07540     0.00500       0.46  %   60000     
7.167481e+01      1.80            0.13            1.07091     0.00494       0.46  %   60000     
7.195534e+01      1.79            0.13            1.07285     0.00501       0.47  %   60000     
7.234827e+01      1.77            0.13            1.07488     0.00507       0.47  %   60000     
7.316163e+01      1.80            0.12            1.06451     0.00504       0.47  %   50000     
7.371869e+01      1.89            0.12            1.06512     0.00491       0.46  %   50000     
7.429059e+01      2.06            0.12            1.05797     0.00493       0.47  %   40000     
7.484811e+01      2.36            0.13            1.05532     0.00517       0.49  %   30000     
7.532337e+01      2.77            0.14            1.05135     0.00458       0.44  %   30000     
7.566284e+01      3.22            0.14            1.04195     0.00471       0.45  %   20000     
7.600497e+01      3.89            0.14            1.03594     0.00396       0.38  %   20000     
7.630434e+01      4.77            0.18            1.03743     0.00366       0.35  %   20000     
7.652936e+01      5.72            0.19            1.03344     0.00450       0.44  %   10000     
7.674199e+01      6.99            0.25            1.03511     0.00421       0.41  %   10000     
7.687120e+01      8.09            0.25            1.03100     0.00372       0.36  %   10000     
7.693826e+01      8.67            0.23            1.02663     0.00334       0.33  %   10000     
7.710649e+01      10.73           0.26            1.02404     0.00291       0.28  %   10000     
7.725350e+01      13.30           0.36            1.02697     0.00283       0.28  %   10000     
7.737099e+01      16.15           0.28            1.01723     0.00211       0.21  %   10000     
7.747728e+01      19.69           0.35            1.01767     0.00201       0.20  %   10000     
7.749779e+01      20.65           0.37            1.01807     0.00200       0.20  %   10000     
7.758169e+01      24.54           0.48            1.01954     0.00197       0.19  %   10000     
7.766457e+01      29.92           0.49            1.01652     0.00172       0.17  %   10000     
7.774389e+01      37.08           0.51            1.01365     0.00149       0.15  %   10000     
7.780558e+01      44.80           0.57            1.01265     0.00138       0.14  %   10000     
7.785845e+01      53.78           0.64            1.01187     0.00130       0.13  %   10000     
7.791133e+01      66.17           0.70            1.01054     0.00119       0.12  %   10000     
7.795715e+01      81.28           0.81            1.00991     0.00112       0.11  %   10000     
7.796420e+01      84.46           0.93            1.01097     0.00118       0.12  %   10000     
7.799240e+01      97.05           1.00            1.01035     0.00113       0.11  %   10000     
7.802536e+01      116.65          1.00            1.00860     0.00102       0.10  %   10000     
7.802765e+01      117.99          0.99            1.00835     0.00100       0.10  %   10000     
7.806114e+01      144.27          1.16            1.00805     0.00097       0.10  %   10000     
7.807259e+01      156.20          1.04            1.00669     0.00088       0.09  %   10000     
7.809507e+01      179.00          0.94            1.00523     0.00078       0.08  %   10000     
7.810802e+01      196.40          1.36            1.00693     0.00089       0.09  %   10000     
7.812987e+01      224.69          1.99            1.00884     0.00100       0.10  %   10000     
7.814327e+01      247.19          2.06            1.00833     0.00097       0.10  %   10000     
7.816513e+01      282.10          3.08            1.01093     0.00111       0.11  %   10000     
7.817852e+01      308.84          2.66            1.00861     0.00098       0.10  %   10000     
7.820037e+01      349.67          2.34            1.00668     0.00087       0.09  %   10000     
7.821377e+01      380.02          3.82            1.01005     0.00106       0.11  %   10000     
7.824268e+01      439.22          3.72            1.00848     0.00098       0.10  %   10000     
7.825254e+01      462.78          4.49            1.00971     0.00104       0.10  %   10000     
7.829837e+01      555.68          6.85            1.01233     0.00117       0.12  %   10000     
7.829978e+01      558.13          5.87            1.01053     0.00109       0.11  %   10000     
7.839848e+01      699.21          14.83           1.02121     0.00154       0.15  %   10000     
7.843232e+01      721.67          16.71           1.02316     0.00161       0.16  %   10000     
7.843796e+01      725.38          17.38           1.02396     0.00164       0.16  %   10000     
7.847462e+01      734.09          18.54           1.02526     0.00169       0.16  %   10000     
7.848640e+01      737.58          18.04           1.02446     0.00166       0.16  %   10000     
7.849986e+01      737.41          20.11           1.02727     0.00175       0.17  %   10000     
7.852051e+01      732.20          22.28           1.03043     0.00186       0.18  %   10000     
7.853331e+01      729.72          22.57           1.03094     0.00187       0.18  %   10000     
7.853775e+01      727.30          21.43           1.02946     0.00183       0.18  %   10000     
7.857191e+01      709.61          23.94           1.03373     0.00196       0.19  %   10000     
7.857755e+01      704.32          26.53           1.03767     0.00207       0.20  %   10000     
7.862831e+01      653.99          26.57           1.04063     0.00216       0.21  %   10000     
7.863254e+01      649.44          29.49           1.04541     0.00228       0.22  %   10000     
7.872842e+01      483.73          31.20           1.06450     0.00275       0.26  %   10000     
7.877424e+01      388.76          29.02           1.07465     0.00299       0.28  %   10000     
7.878341e+01      371.83          26.50           1.07127     0.00293       0.27  %   10000     
7.881302e+01      311.98          26.89           1.08618     0.00325       0.30  %   10000     
7.883840e+01      268.67          25.20           1.09380     0.00341       0.31  %   10000     
7.884862e+01      250.07          26.26           1.10499     0.00362       0.33  %   10000     
7.888141e+01      202.32          23.88           1.11805     0.00390       0.35  %   10000     
7.889427e+01      187.47          22.64           1.12074     0.00397       0.35  %   10000     
7.891313e+01      164.86          21.75           1.13194     0.00420       0.37  %   10000     
7.894693e+01      133.55          21.21           1.15882     0.00467       0.40  %   10000     
7.894768e+01      133.03          20.94           1.15740     0.00466       0.40  %   10000     
7.897975e+01      110.11          20.77           1.18867     0.00519       0.44  %   10000     
7.901817e+01      89.64           19.46           1.21707     0.00569       0.47  %   10000     
7.901914e+01      89.12           19.20           1.21546     0.00568       0.47  %   10000     
7.905607e+01      74.51           18.20           1.24426     0.00619       0.50  %   10000     
7.908867e+01      65.11           17.61           1.27049     0.00469       0.37  %   20000     
7.910366e+01      60.72           18.20           1.29971     0.00497       0.38  %   20000     
7.915918e+01      49.28           17.14           1.34774     0.00554       0.41  %   20000     
7.919442e+01      44.13           16.63           1.37682     0.00586       0.43  %   20000     
7.922086e+01      40.23           16.31           1.40557     0.00620       0.44  %   20000     
7.929136e+01      32.79           15.68           1.47813     0.00700       0.47  %   20000     
7.935365e+01      28.01           15.17           1.54172     0.00769       0.50  %   20000     
7.936581e+01      27.07           15.30           1.56522     0.00645       0.41  %   30000     
7.945769e+01      21.93           14.61           1.66610     0.00739       0.44  %   30000     
7.955491e+01      17.99           14.07           1.78217     0.00841       0.47  %   30000     
7.959303e+01      16.88           13.86           1.82096     0.00875       0.48  %   30000     
7.967414e+01      14.50           13.19           1.90974     0.00838       0.44  %   40000     
7.980666e+01      11.73           11.92           2.01638     0.00955       0.47  %   40000     
7.996132e+01      9.43            9.71            2.02886     0.00942       0.46  %   50000     
8.000670e+01      8.96            9.13            2.01986     0.00959       0.47  %   50000     
8.012988e+01      7.65            7.25            1.94702     0.00914       0.47  %   60000     
8.032160e+01      6.21            4.33            1.69722     0.00813       0.48  %   70000     
8.054755e+01      5.00            2.28            1.45626     0.00685       0.47  %   80000     
8.079516e+01      4.07            1.39            1.34200     0.00649       0.48  %   80000     
8.086591e+01      3.88            1.29            1.33233     0.00652       0.49  %   80000     
8.105309e+01      3.38            1.01            1.29751     0.00619       0.48  %   90000     
8.137287e+01      2.77            0.65            1.23531     0.00603       0.49  %   90000     
8.173835e+01      2.27            0.41            1.17876     0.00574       0.49  %   90000     
8.214956e+01      1.88            0.25            1.13038     0.00564       0.50  %   80000     
8.228663e+01      1.79            0.22            1.12214     0.00558       0.50  %   80000     
8.256078e+01      1.60            0.19            1.11945     0.00547       0.49  %   90000     
8.310169e+01      1.34            0.13            1.09902     0.00540       0.49  %   90000     
8.376861e+01      1.12            0.08            1.07163     0.00529       0.49  %   80000     
8.455542e+01      0.94            0.08            1.08763     0.00565       0.52  %   100000    
8.553014e+01      0.79            0.06            1.07824     0.00575       0.53  %   100000    
8.585142e+01      0.76            0.06            1.07874     0.00586       0.54  %   100000    
8.670315e+01      0.68            0.05            1.07604     0.00608       0.57  %   100000    
8.816725e+01      0.58            0.04            1.06860     0.00618       0.58  %   100000    
8.947969e+01      0.53            0.03            1.06398     0.00624       0.59  %   100000    
9.098661e+01      0.48            0.03            1.07012     0.00678       0.63  %   100000    
9.353201e+01      0.44            0.02            1.04970     0.00590       0.56  %   100000    
9.542628e+01      0.43            0.03            1.05831     0.00640       0.60  %   100000    
9.690296e+01      0.44            0.03            1.05940     0.00637       0.60  %   100000    
9.855195e+01      0.46            0.02            1.04933     0.00558       0.53  %   100000    
9.969409e+01      0.50            0.03            1.06091     0.00591       0.56  %   100000    
1.006887e+02      0.56            0.03            1.04826     0.00523       0.50  %   90000     
1.016261e+02      0.66            0.02            1.03628     0.00513       0.49  %   60000     
1.022728e+02      0.76            0.04            1.05351     0.00501       0.48  %   80000     
1.025961e+02      0.84            0.04            1.04487     0.00505       0.48  %   60000     
1.028806e+02      0.90            0.04            1.03888     0.00493       0.47  %   50000     
1.033784e+02      1.08            0.04            1.03897     0.00503       0.48  %   40000     
1.037839e+02      1.29            0.05            1.03517     0.00436       0.42  %   40000     
1.041331e+02      1.55            0.05            1.03004     0.00424       0.41  %   30000     
1.044323e+02      1.86            0.06            1.03312     0.00499       0.48  %   20000     
1.047085e+02      2.26            0.07            1.03301     0.00453       0.44  %   20000     
1.048502e+02      2.56            0.06            1.02332     0.00508       0.50  %   10000     
1.049555e+02      2.77            0.07            1.02455     0.00501       0.49  %   10000     
1.051696e+02      3.39            0.07            1.01933     0.00403       0.40  %   10000     
1.053643e+02      4.18            0.10            1.02346     0.00402       0.39  %   10000     
1.055445e+02      5.22            0.12            1.02372     0.00365       0.36  %   10000     
1.056551e+02      6.13            0.09            1.01524     0.00273       0.27  %   10000     
1.057006e+02      6.50            0.10            1.01585     0.00271       0.27  %   10000     
1.058293e+02      7.99            0.12            1.01484     0.00240       0.24  %   10000     
1.059383e+02      9.72            0.15            1.01534     0.00226       0.22  %   10000     
1.060288e+02      11.73           0.15            1.01276     0.00192       0.19  %   10000     
1.060473e+02      12.14           0.17            1.01439     0.00201       0.20  %   10000     
1.061321e+02      14.77           0.15            1.01004     0.00156       0.15  %   10000     
1.062048e+02      17.85           0.20            1.01104     0.00154       0.15  %   10000     
1.062738e+02      21.91           0.17            1.00787     0.00123       0.12  %   10000     
1.063310e+02      26.63           0.20            1.00747     0.00114       0.11  %   10000     
1.063457e+02      28.32           0.22            1.00760     0.00113       0.11  %   10000     
1.063801e+02      32.26           0.20            1.00621     0.00099       0.10  %   10000     
1.064210e+02      38.69           0.27            1.00697     0.00101       0.10  %   10000     
1.064618e+02      47.49           0.26            1.00539     0.00086       0.09  %   10000     
1.065027e+02      59.73           0.22            1.00376     0.00070       0.07  %   10000     
1.065093e+02      62.38           0.29            1.00461     0.00077       0.08  %   10000     
1.065354e+02      72.92           0.28            1.00384     0.00069       0.07  %   10000     
1.065420e+02      76.38           0.24            1.00319     0.00062       0.06  %   10000     
1.065682e+02      90.07           0.34            1.00382     0.00067       0.07  %   10000     
1.066009e+02      112.10          0.43            1.00381     0.00066       0.07  %   10000     
1.066074e+02      117.84          0.35            1.00298     0.00058       0.06  %   10000     
1.066389e+02      144.89          0.36            1.00247     0.00053       0.05  %   10000     
1.066614e+02      169.37          0.36            1.00211     0.00048       0.05  %   10000     
1.066749e+02      183.67          0.75            1.00408     0.00067       0.07  %   10000     
1.067055e+02      224.09          0.81            1.00360     0.00063       0.06  %   10000     
1.067186e+02      240.64          0.73            1.00305     0.00057       0.06  %   10000     
1.067513e+02      290.94          0.66            1.00227     0.00049       0.05  %   10000     
1.067709e+02      319.26          1.31            1.00410     0.00066       0.07  %   10000     
1.067932e+02      355.91          1.34            1.00376     0.00064       0.06  %   10000     
1.068501e+02      439.65          1.99            1.00452     0.00070       0.07  %   10000     
1.069149e+02      519.59          2.80            1.00540     0.00076       0.08  %   10000     
1.069724e+02      562.79          4.03            1.00716     0.00088       0.09  %   10000     
1.069986e+02      569.20          4.96            1.00872     0.00097       0.10  %   10000     
1.070279e+02      576.66          4.92            1.00853     0.00096       0.10  %   10000     
1.070322e+02      576.58          6.37            1.01105     0.00109       0.11  %   10000     
1.070522e+02      571.07          5.96            1.01044     0.00107       0.11  %   10000     
1.070836e+02      563.05          6.28            1.01115     0.00110       0.11  %   10000     
1.071176e+02      539.56          7.09            1.01314     0.00120       0.12  %   10000     
1.071307e+02      530.41          7.76            1.01463     0.00127       0.13  %   10000     
1.071830e+02      471.31          9.58            1.02032     0.00150       0.15  %   10000     
1.072144e+02      432.47          9.22            1.02131     0.00155       0.15  %   10000     
1.072746e+02      344.17          9.79            1.02844     0.00181       0.18  %   10000     
1.072969e+02      307.82          10.04           1.03261     0.00195       0.19  %   10000     
1.073492e+02      231.50          10.09           1.04357     0.00229       0.22  %   10000     
1.073902e+02      179.87          8.98            1.04994     0.00251       0.24  %   10000     
1.074055e+02      164.13          9.14            1.05566     0.00266       0.25  %   10000     
1.074273e+02      140.97          8.91            1.06319     0.00288       0.27  %   10000     
1.074611e+02      112.42          8.39            1.07461     0.00320       0.30  %   10000     
1.074791e+02      100.40          8.43            1.08399     0.00344       0.32  %   10000     
1.074938e+02      90.41           8.67            1.09587     0.00372       0.34  %   10000     
1.075265e+02      73.19           7.98            1.10898     0.00409       0.37  %   10000     
1.075608e+02      59.34           8.02            1.13522     0.00469       0.41  %   10000     
1.075723e+02      55.85           8.12            1.14538     0.00490       0.43  %   10000     
1.075935e+02      49.30           8.08            1.16385     0.00532       0.46  %   10000     
1.076344e+02      39.95           8.03            1.20102     0.00433       0.36  %   20000     
1.076704e+02      33.96           7.62            1.22453     0.00473       0.39  %   20000     
1.076753e+02      33.14           7.64            1.23048     0.00482       0.39  %   20000     
1.077244e+02      27.20           7.29            1.26786     0.00545       0.43  %   20000     
1.077816e+02      22.27           7.28            1.32683     0.00632       0.48  %   20000     
1.078502e+02      18.09           7.24            1.40032     0.00601       0.43  %   30000     
1.078790e+02      16.83           7.10            1.42203     0.00628       0.44  %   30000     
1.079219e+02      14.95           7.03            1.47042     0.00687       0.47  %   30000     
1.080056e+02      12.28           6.93            1.56438     0.00692       0.44  %   40000     
1.081047e+02      9.99            6.73            1.67424     0.00808       0.48  %   40000     
1.081125e+02      9.86            6.66            1.67606     0.00813       0.48  %   40000     
1.082204e+02      8.07            6.78            1.84065     0.00867       0.47  %   50000     
1.083474e+02      6.56            6.47            1.98632     0.00926       0.47  %   60000     
1.084782e+02      5.45            6.42            2.17769     0.01081       0.50  %   60000     
1.085024e+02      5.25            6.34            2.20815     0.01030       0.47  %   70000     
1.086762e+02      4.22            6.14            2.45643     0.01158       0.47  %   80000     
1.088689e+02      3.41            5.74            2.68540     0.01288       0.48  %   90000     
1.090709e+02      2.80            4.64            2.65831     0.01337       0.50  %   100000    
1.093174e+02      2.27            2.77            2.22000     0.01289       0.58  %   100000    
1.094070e+02      2.13            2.21            2.03411     0.01229       0.60  %   100000    
1.095713e+02      1.88            1.29            1.68463     0.01074       0.64  %   100000    
1.098696e+02      1.55            0.65            1.41951     0.00927       0.65  %   100000    
1.102104e+02      1.29            0.44            1.34072     0.00913       0.68  %   100000    
1.106418e+02      1.05            0.29            1.27082     0.00894       0.70  %   100000    
1.110731e+02      0.89            0.18            1.20549     0.00841       0.70  %   100000    
1.115106e+02      0.77            0.11            1.13706     0.00733       0.65  %   100000    
1.115813e+02      0.76            0.10            1.13039     0.00721       0.64  %   100000    
1.121391e+02      0.65            0.07            1.10658     0.00700       0.63  %   100000    
1.129875e+02      0.55            0.05            1.09181     0.00706       0.65  %   100000    
1.138778e+02      0.48            0.03            1.07323     0.00671       0.63  %   100000    
1.150147e+02      0.42            0.02            1.05888     0.00635       0.60  %   100000    
1.160178e+02      0.40            0.02            1.05070     0.00606       0.58  %   100000    
1.170879e+02      0.38            0.02            1.05781     0.00654       0.62  %   100000    
1.175340e+02      0.38            0.02            1.05841     0.00657       0.62  %   100000    
1.185645e+02      0.40            0.02            1.04721     0.00577       0.55  %   100000    
1.192476e+02      0.43            0.02            1.05333     0.00589       0.56  %   100000    
1.197571e+02      0.47            0.02            1.04736     0.00526       0.50  %   100000    
1.200968e+02      0.52            0.02            1.03154     0.00487       0.47  %   70000     
1.204291e+02      0.61            0.03            1.05027     0.00502       0.48  %   90000     
1.206729e+02      0.71            0.03            1.03562     0.00480       0.46  %   60000     
1.208761e+02      0.84            0.03            1.03821     0.00501       0.48  %   50000     
1.210325e+02      0.99            0.02            1.01823     0.00506       0.50  %   20000     
1.211715e+02      1.18            0.03            1.02748     0.00464       0.45  %   30000     
1.212186e+02      1.28            0.02            1.01747     0.00437       0.43  %   20000     
1.212874e+02      1.42            0.03            1.02066     0.00451       0.44  %   20000     
1.213809e+02      1.70            0.03            1.01487     0.00496       0.49  %   10000     
1.214588e+02      2.03            0.04            1.02023     0.00375       0.37  %   20000     
1.215211e+02      2.39            0.03            1.01072     0.00357       0.35  %   10000     
1.215791e+02      2.87            0.04            1.01508     0.00389       0.38  %   10000     
1.216299e+02      3.48            0.06            1.01776     0.00387       0.38  %   10000     
1.216722e+02      4.18            0.06            1.01435     0.00321       0.32  %   10000     
1.217103e+02      5.06            0.03            1.00670     0.00202       0.20  %   10000     
1.217484e+02      6.26            0.06            1.00918     0.00216       0.21  %   10000     
1.217865e+02      7.92            0.02            1.00296     0.00112       0.11  %   10000     
1.218215e+02      9.99            0.06            1.00639     0.00151       0.15  %   10000     
1.218551e+02      12.63           0.06            1.00452     0.00117       0.12  %   10000     
1.218593e+02      12.96           0.09            1.00680     0.00142       0.14  %   10000     
1.218970e+02      16.88           0.08            1.00449     0.00106       0.11  %   10000     
1.219373e+02      22.32           0.10            1.00446     0.00097       0.10  %   10000     
1.219831e+02      30.16           0.08            1.00256     0.00068       0.07  %   10000     
1.220062e+02      35.13           0.13            1.00375     0.00080       0.08  %   10000     
1.220440e+02      43.19           0.13            1.00299     0.00069       0.07  %   10000     
1.221708e+02      73.13           0.23            1.00309     0.00064       0.06  %   10000     
1.221818e+02      75.67           0.30            1.00400     0.00073       0.07  %   10000     
1.222342e+02      84.25           0.23            1.00274     0.00060       0.06  %   10000     
1.222882e+02      88.26           0.45            1.00506     0.00081       0.08  %   10000     
1.222999e+02      88.38           0.39            1.00442     0.00076       0.08  %   10000     
1.223475e+02      86.11           0.58            1.00670     0.00094       0.09  %   10000     
1.224060e+02      77.79           0.80            1.01032     0.00118       0.12  %   10000     
1.224499e+02      67.94           0.72            1.01065     0.00122       0.12  %   10000     
1.224975e+02      57.18           0.82            1.01428     0.00146       0.14  %   10000     
1.225475e+02      45.38           0.81            1.01789     0.00170       0.17  %   10000     
1.225828e+02      36.96           0.94            1.02539     0.00212       0.21  %   10000     
1.226332e+02      27.05           0.89            1.03281     0.00259       0.25  %   10000     
1.226755e+02      20.36           0.99            1.04883     0.00341       0.33  %   10000     
1.227114e+02      15.86           0.80            1.05043     0.00375       0.36  %   10000     
1.227480e+02      12.28           0.82            1.06693     0.00470       0.44  %   10000     
1.227845e+02      9.56            0.91            1.09510     0.00433       0.39  %   20000     
1.228226e+02      7.45            0.83            1.11115     0.00515       0.46  %   20000     
1.228607e+02      5.92            0.94            1.15892     0.00550       0.47  %   30000     
1.228988e+02      4.80            0.96            1.19887     0.00580       0.48  %   40000     
1.229369e+02      3.99            0.92            1.23168     0.00606       0.49  %   50000     
1.229826e+02      3.29            0.94            1.28626     0.00619       0.48  %   70000     
1.230284e+02      2.78            0.93            1.33376     0.00634       0.48  %   90000     
1.230944e+02      2.27            0.91            1.40221     0.00723       0.52  %   100000    
1.231733e+02      1.86            0.92            1.49158     0.00873       0.59  %   100000    
1.231737e+02      1.86            0.92            1.49651     0.00878       0.59  %   100000    
1.232622e+02      1.54            0.91            1.58612     0.01041       0.66  %   100000    
1.233747e+02      1.27            0.94            1.73951     0.01282       0.74  %   100000    
1.235096e+02      1.05            0.93            1.88828     0.01540       0.82  %   100000    
1.236385e+02      0.90            0.94            2.04842     0.01799       0.88  %   100000    
1.238334e+02      0.75            0.91            2.21630     0.02118       0.96  %   100000    
1.240672e+02      0.63            0.89            2.42011     0.02484       1.03  %   100000    
1.243289e+02      0.54            0.92            2.69208     0.02902       1.08  %   100000    
1.246463e+02      0.48            0.75            2.57612     0.02987       1.16  %   100000    
1.250695e+02      0.42            0.22            1.52125     0.01834       1.21  %   100000    
1.257043e+02      0.38            0.06            1.16732     0.01097       0.94  %   100000    
1.259159e+02      0.37            0.05            1.13228     0.00985       0.87  %   100000    
1.263398e+02      0.35            0.04            1.10885     0.00913       0.82  %   100000    
1.276115e+02      0.33            0.02            1.06409     0.00721       0.68  %   100000    
1.292111e+02      0.32            0.02            1.04824     0.00628       0.60  %   100000    
1.314030e+02      0.33            0.02            1.05234     0.00639       0.61  %   100000    
1.338367e+02      0.36            0.02            1.05621     0.00628       0.59  %   100000    
1.357350e+02      0.41            0.02            1.04708     0.00540       0.52  %   100000    
1.370526e+02      0.45            0.02            1.04274     0.00511       0.49  %   90000     
1.383096e+02      0.53            0.02            1.04367     0.00507       0.49  %   80000     
1.387285e+02      0.56            0.03            1.04622     0.00504       0.48  %   80000     
1.393040e+02      0.61            0.02            1.03866     0.00507       0.49  %   60000     
1.400713e+02      0.72            0.02            1.03110     0.00458       0.44  %   50000     
1.406833e+02      0.84            0.03            1.03283     0.00484       0.47  %   40000     
1.411876e+02      1.00            0.01            1.00721     0.00416       0.41  %   10000     
1.416078e+02      1.19            0.04            1.02955     0.00445       0.43  %   30000     
1.417659e+02      1.29            0.03            1.02225     0.00454       0.44  %   20000     
1.419381e+02      1.41            0.04            1.02546     0.00464       0.45  %   20000     
1.422212e+02      1.68            0.05            1.02843     0.00449       0.44  %   20000     
1.424901e+02      2.05            0.04            1.02100     0.00495       0.48  %   10000     
1.427131e+02      2.50            0.06            1.02215     0.00461       0.45  %   10000     
1.428940e+02      3.03            0.06            1.01852     0.00386       0.38  %   10000     
1.429075e+02      3.08            0.05            1.01505     0.00345       0.34  %   10000     
1.430459e+02      3.65            0.06            1.01617     0.00330       0.32  %   10000     
1.431760e+02      4.40            0.07            1.01533     0.00295       0.29  %   10000     
1.433025e+02      5.43            0.06            1.01182     0.00236       0.23  %   10000     
1.434023e+02      6.59            0.08            1.01168     0.00217       0.21  %   10000     
1.434855e+02      7.94            0.09            1.01150     0.00200       0.20  %   10000     
1.435566e+02      9.54            0.09            1.00910     0.00166       0.16  %   10000     
1.436158e+02      11.41           0.09            1.00830     0.00149       0.15  %   10000     
1.436751e+02      14.06           0.10            1.00726     0.00130       0.13  %   10000     
1.437239e+02      17.19           0.06            1.00375     0.00088       0.09  %   10000     
1.437645e+02      20.80           0.13            1.00622     0.00108       0.11  %   10000     
1.438052e+02      25.71           0.13            1.00512     0.00093       0.09  %   10000     
1.438418e+02      31.66           0.13            1.00423     0.00081       0.08  %   10000     
1.438507e+02      33.59           0.15            1.00460     0.00084       0.08  %   10000     
1.438783e+02      39.51           0.16            1.00393     0.00076       0.08  %   10000     
1.439186e+02      50.91           0.12            1.00244     0.00058       0.06  %   10000     
1.439483e+02      61.93           0.14            1.00220     0.00053       0.05  %   10000     
1.439578e+02      65.46           0.19            1.00295     0.00061       0.06  %   10000     
1.439994e+02      85.07           0.15            1.00171     0.00046       0.05  %   10000     
1.440156e+02      94.66           0.26            1.00277     0.00058       0.06  %   10000     
1.440432e+02      110.77          0.31            1.00284     0.00058       0.06  %   10000     
1.440770e+02      134.87          0.36            1.00266     0.00055       0.06  %   10000     
1.440952e+02      147.53          0.36            1.00242     0.00053       0.05  %   10000     
1.441421e+02      186.31          0.55            1.00294     0.00058       0.06  %   10000     
1.441798e+02      216.04          0.63            1.00293     0.00057       0.06  %   10000     
1.442253e+02      250.79          0.73            1.00291     0.00057       0.06  %   10000     
1.442851e+02      293.75          1.21            1.00414     0.00068       0.07  %   10000     
1.443489e+02      322.71          1.41            1.00437     0.00070       0.07  %   10000     
1.443736e+02      326.35          1.84            1.00563     0.00079       0.08  %   10000     
1.444097e+02      331.85          1.80            1.00542     0.00078       0.08  %   10000     
1.444555e+02      325.16          2.37            1.00729     0.00091       0.09  %   10000     
1.444607e+02      324.43          2.74            1.00843     0.00098       0.10  %   10000     
1.445076e+02      304.75          2.85            1.00934     0.00103       0.10  %   10000     
1.445232e+02      298.15          2.69            1.00902     0.00102       0.10  %   10000     
1.445856e+02      255.15          3.59            1.01407     0.00128       0.13  %   10000     
1.446142e+02      234.64          3.62            1.01541     0.00135       0.13  %   10000     
1.447111e+02      156.19          2.84            1.01817     0.00151       0.15  %   10000     
1.447417e+02      134.31          3.68            1.02742     0.00187       0.18  %   10000     
1.447651e+02      117.13          3.62            1.03089     0.00201       0.20  %   10000     
1.448102e+02      89.79           3.24            1.03608     0.00224       0.22  %   10000     
1.448526e+02      68.97           3.40            1.04929     0.00270       0.26  %   10000     
1.448729e+02      61.21           2.82            1.04603     0.00265       0.25  %   10000     
1.448950e+02      52.68           3.33            1.06313     0.00317       0.30  %   10000     
1.449335e+02      41.33           3.02            1.07302     0.00356       0.33  %   10000     
1.449660e+02      34.14           3.06            1.08969     0.00408       0.37  %   10000     
1.449742e+02      32.32           3.07            1.09511     0.00425       0.39  %   10000     
1.450148e+02      25.68           2.94            1.11457     0.00491       0.44  %   10000     
1.450555e+02      20.82           2.65            1.12722     0.00545       0.48  %   10000     
1.450961e+02      17.25           2.83            1.16385     0.00458       0.39  %   20000     
1.451449e+02      14.15           2.84            1.20068     0.00536       0.45  %   20000     
1.452017e+02      11.63           2.60            1.22367     0.00602       0.49  %   20000     
1.452692e+02      9.55            2.59            1.27165     0.00575       0.45  %   30000     
1.453047e+02      8.80            2.64            1.29985     0.00618       0.48  %   30000     
1.453503e+02      7.84            2.69            1.34308     0.00596       0.44  %   40000     
1.454413e+02      6.51            2.65            1.40710     0.00693       0.49  %   40000     
1.455479e+02      5.42            2.52            1.46527     0.00709       0.48  %   50000     
1.456758e+02      4.52            2.47            1.54732     0.00749       0.48  %   60000     
1.457235e+02      4.29            2.47            1.57659     0.00783       0.50  %   60000     
1.458170e+02      3.83            2.45            1.63988     0.00798       0.49  %   70000     
1.459815e+02      3.28            2.42            1.73740     0.00851       0.49  %   80000     
1.461788e+02      2.85            2.40            1.84074     0.00905       0.49  %   90000     
1.464484e+02      2.50            2.32            1.92791     0.00947       0.49  %   100000    
1.466138e+02      2.39            2.25            1.94356     0.00968       0.50  %   100000    
1.467543e+02      2.29            2.23            1.97275     0.00997       0.51  %   100000    
1.470602e+02      2.23            1.97            1.88338     0.00958       0.51  %   100000    
1.474153e+02      2.27            1.18            1.51772     0.00730       0.48  %   100000    
1.478593e+02      2.50            0.33            1.13264     0.00561       0.50  %   40000     
1.482144e+02      2.83            0.18            1.06351     0.00515       0.48  %   20000     
1.485705e+02      3.34            0.18            1.05390     0.00436       0.41  %   20000     
1.486549e+02      3.53            0.13            1.03703     0.00498       0.48  %   10000     
1.488844e+02      4.03            0.17            1.04161     0.00492       0.47  %   10000     
1.491534e+02      4.89            0.17            1.03395     0.00404       0.39  %   10000     
1.493947e+02      6.00            0.13            1.02134     0.00292       0.29  %   10000     
1.495428e+02      6.95            0.16            1.02271     0.00283       0.28  %   10000     
1.495911e+02      7.27            0.12            1.01704     0.00240       0.24  %   10000     
1.497798e+02      8.98            0.12            1.01367     0.00197       0.19  %   10000     
1.499345e+02      10.96           0.14            1.01248     0.00174       0.17  %   10000     
1.500412e+02      12.84           0.15            1.01141     0.00158       0.16  %   10000     
1.500716e+02      13.38           0.09            1.00682     0.00120       0.12  %   10000     
1.501954e+02      16.41           0.13            1.00822     0.00124       0.12  %   10000     
1.503103e+02      20.37           0.15            1.00714     0.00109       0.11  %   10000     
1.504031e+02      24.87           0.14            1.00545     0.00091       0.09  %   10000     
1.504827e+02      30.22           0.19            1.00618     0.00093       0.09  %   10000     
1.505557e+02      37.14           0.17            1.00447     0.00076       0.08  %   10000     
1.505604e+02      37.78           0.14            1.00379     0.00070       0.07  %   10000     
1.506154e+02      45.15           0.18            1.00401     0.00071       0.07  %   10000     
1.506301e+02      47.90           0.15            1.00309     0.00062       0.06  %   10000     
1.506642e+02      54.19           0.15            1.00279     0.00058       0.06  %   10000     
1.507018e+02      63.65           0.22            1.00343     0.00064       0.06  %   10000     
1.507089e+02      65.43           0.17            1.00259     0.00055       0.06  %   10000     
1.507537e+02      80.70           0.30            1.00370     0.00065       0.07  %   10000     
1.507555e+02      81.53           0.25            1.00312     0.00060       0.06  %   10000     
1.507940e+02      99.13           0.40            1.00399     0.00067       0.07  %   10000     
1.507958e+02      100.22          0.39            1.00388     0.00066       0.07  %   10000     
1.508343e+02      123.32          0.36            1.00294     0.00058       0.06  %   10000     
1.508361e+02      124.72          0.40            1.00317     0.00060       0.06  %   10000     
1.508701e+02      150.72          0.44            1.00294     0.00057       0.06  %   10000     
1.508723e+02      152.93          0.64            1.00417     0.00069       0.07  %   10000     
1.509048e+02      184.17          0.50            1.00271     0.00055       0.06  %   10000     
1.509131e+02      191.94          0.95            1.00497     0.00075       0.07  %   10000     
1.509408e+02      225.22          0.76            1.00339     0.00062       0.06  %   10000     
1.509568e+02      243.62          0.91            1.00374     0.00065       0.06  %   10000     
1.509767e+02      272.18          1.51            1.00555     0.00079       0.08  %   10000     
1.510005e+02      304.19          1.49            1.00489     0.00074       0.07  %   10000     
1.510162e+02      329.74          1.73            1.00524     0.00077       0.08  %   10000     
1.510506e+02      381.01          2.84            1.00744     0.00092       0.09  %   10000     
1.510592e+02      396.02          2.77            1.00699     0.00089       0.09  %   10000     
1.511151e+02      481.68          3.95            1.00820     0.00097       0.10  %   10000     
1.511222e+02      491.21          3.64            1.00740     0.00092       0.09  %   10000     
1.512039e+02      591.17          7.40            1.01252     0.00120       0.12  %   10000     
1.512583e+02      641.19          9.12            1.01423     0.00129       0.13  %   10000     
1.513099e+02      666.32          10.99           1.01650     0.00139       0.14  %   10000     
1.513214e+02      671.99          11.57           1.01721     0.00142       0.14  %   10000     
1.513695e+02      680.52          12.12           1.01781     0.00145       0.14  %   10000     
1.513760e+02      680.22          12.54           1.01844     0.00147       0.14  %   10000     
1.513927e+02      680.55          13.47           1.01979     0.00153       0.15  %   10000     
1.514284e+02      671.88          15.27           1.02272     0.00164       0.16  %   10000     
1.514546e+02      666.67          14.79           1.02218     0.00162       0.16  %   10000     
1.515262e+02      626.41          18.17           1.02900     0.00187       0.18  %   10000     
1.516093e+02      543.77          18.57           1.03414     0.00204       0.20  %   10000     
1.517082e+02      406.75          20.53           1.05048     0.00252       0.24  %   10000     
1.517597e+02      330.54          18.82           1.05694     0.00270       0.26  %   10000     
1.517655e+02      321.14          17.17           1.05347     0.00263       0.25  %   10000     
1.518156e+02      251.73          15.54           1.06173     0.00287       0.27  %   10000     
1.518318e+02      233.17          15.77           1.06763     0.00301       0.28  %   10000     
1.518611e+02      197.69          16.27           1.08229     0.00336       0.31  %   10000     
1.518980e+02      161.44          15.48           1.09590     0.00367       0.34  %   10000     
1.519000e+02      159.38          14.30           1.08971     0.00357       0.33  %   10000     
1.519396e+02      127.76          14.00           1.10954     0.00402       0.36  %   10000     
1.519696e+02      108.92          13.64           1.12526     0.00436       0.39  %   10000     
1.519759e+02      104.88          12.38           1.11803     0.00426       0.38  %   10000     
1.520162e+02      85.05           11.81           1.13889     0.00474       0.42  %   10000     
1.520377e+02      77.11           11.07           1.14358     0.00488       0.43  %   10000     
1.520574e+02      69.71           11.53           1.16543     0.00530       0.45  %   10000     
1.521021e+02      57.27           10.45           1.18253     0.00574       0.49  %   10000     
1.521344e+02      50.84           10.32           1.20299     0.00434       0.36  %   20000     
1.521559e+02      46.49           9.44            1.20304     0.00443       0.37  %   20000     
1.522153e+02      38.05           9.37            1.24639     0.00505       0.41  %   20000     
1.522603e+02      33.56           9.01            1.26841     0.00538       0.42  %   20000     
1.522860e+02      30.98           8.85            1.28579     0.00565       0.44  %   20000     
1.523686e+02      25.19           8.36            1.33174     0.00636       0.48  %   20000     
1.524532e+02      20.94           8.02            1.38317     0.00580       0.42  %   30000     
1.524548e+02      20.86           8.09            1.38760     0.00583       0.42  %   30000     
1.525590e+02      17.06           7.82            1.45808     0.00667       0.46  %   30000     
1.526751e+02      14.00           7.57            1.54080     0.00760       0.49  %   30000     
1.527048e+02      13.44           7.37            1.54851     0.00773       0.50  %   30000     
1.528072e+02      11.48           7.15            1.62312     0.00748       0.46  %   40000     
1.529690e+02      9.27            7.05            1.76049     0.00877       0.50  %   40000     
1.530751e+02      8.24            6.65            1.80713     0.00838       0.46  %   50000     
1.531394e+02      7.61            6.59            1.86550     0.00891       0.48  %   50000     
1.533448e+02      6.19            6.55            2.05786     0.00962       0.47  %   60000     
1.535893e+02      5.01            6.17            2.23114     0.01115       0.50  %   60000     
1.537012e+02      4.64            5.92            2.27450     0.01078       0.47  %   70000     
1.538687e+02      4.09            5.71            2.39696     0.01186       0.49  %   70000     
1.541742e+02      3.40            4.93            2.45069     0.01223       0.50  %   80000     
1.544796e+02      2.91            3.38            2.15985     0.01060       0.49  %   100000    
1.546357e+02      2.75            2.48            1.90231     0.00968       0.51  %   100000    
1.549041e+02      2.46            1.30            1.52657     0.00788       0.52  %   100000    
1.553458e+02      2.16            0.61            1.28227     0.00612       0.48  %   100000    
1.557874e+02      1.98            0.42            1.21278     0.00579       0.48  %   90000     
1.564500e+02      1.85            0.27            1.14578     0.00552       0.48  %   70000     
1.566658e+02      1.84            0.23            1.12651     0.00554       0.49  %   60000     
1.568816e+02      1.85            0.19            1.10288     0.00543       0.49  %   50000     
1.572459e+02      1.88            0.15            1.07934     0.00525       0.49  %   40000     
1.578261e+02      2.01            0.10            1.04961     0.00458       0.44  %   30000     
1.583798e+02      2.24            0.08            1.03677     0.00452       0.44  %   20000     
1.589642e+02      2.65            0.08            1.02968     0.00370       0.36  %   20000     
1.593816e+02      3.09            0.09            1.02844     0.00473       0.46  %   10000     
1.596177e+02      3.46            0.10            1.02902     0.00452       0.44  %   10000     
1.598179e+02      3.77            0.11            1.02841     0.00427       0.42  %   10000     
1.601950e+02      4.63            0.08            1.01681     0.00297       0.29  %   10000     
1.604789e+02      5.55            0.13            1.02303     0.00319       0.31  %   10000     
1.607528e+02      6.78            0.10            1.01448     0.00231       0.23  %   10000     
1.608912e+02      7.66            0.13            1.01645     0.00234       0.23  %   10000     
1.610113e+02      8.43            0.12            1.01426     0.00210       0.21  %   10000     
1.612235e+02      10.36           0.12            1.01193     0.00177       0.18  %   10000     
1.614037e+02      12.63           0.14            1.01087     0.00158       0.16  %   10000     
1.615726e+02      15.60           0.18            1.01178     0.00154       0.15  %   10000     
1.617203e+02      19.23           0.16            1.00816     0.00121       0.12  %   10000     
1.617544e+02      20.41           0.22            1.01092     0.00138       0.14  %   10000     
1.618482e+02      23.66           0.19            1.00810     0.00115       0.11  %   10000     
1.618557e+02      23.92           0.20            1.00823     0.00116       0.12  %   10000     
1.619741e+02      29.75           0.20            1.00672     0.00101       0.10  %   10000     
1.620140e+02      32.54           0.17            1.00534     0.00089       0.09  %   10000     
1.620715e+02      36.53           0.24            1.00665     0.00098       0.10  %   10000     
1.621383e+02      43.02           0.28            1.00641     0.00094       0.09  %   10000     
1.621521e+02      44.36           0.34            1.00777     0.00104       0.10  %   10000     
1.622073e+02      51.79           0.30            1.00582     0.00089       0.09  %   10000     
1.622212e+02      53.62           0.34            1.00635     0.00092       0.09  %   10000     
1.622764e+02      63.75           0.52            1.00822     0.00104       0.10  %   10000     
1.622787e+02      64.16           0.39            1.00610     0.00090       0.09  %   10000     
1.623343e+02      78.09           0.61            1.00787     0.00101       0.10  %   10000     
1.623363e+02      78.57           0.64            1.00813     0.00103       0.10  %   10000     
1.623817e+02      94.19           0.68            1.00717     0.00096       0.10  %   10000     
1.623879e+02      96.28           0.79            1.00823     0.00103       0.10  %   10000     
1.624232e+02      112.56          0.85            1.00755     0.00099       0.10  %   10000     
1.624357e+02      118.19          1.13            1.00954     0.00111       0.11  %   10000     
1.624647e+02      135.88          0.96            1.00705     0.00096       0.09  %   10000     
1.624835e+02      146.95          1.14            1.00775     0.00101       0.10  %   10000     
1.625062e+02      164.89          2.05            1.01245     0.00127       0.13  %   10000     
1.625306e+02      183.31          1.99            1.01083     0.00119       0.12  %   10000     
1.625444e+02      196.97          1.82            1.00923     0.00110       0.11  %   10000     
1.625766e+02      227.17          3.02            1.01331     0.00132       0.13  %   10000     
1.625858e+02      238.20          2.91            1.01223     0.00127       0.13  %   10000     
1.626272e+02      284.25          3.85            1.01356     0.00134       0.13  %   10000     
1.626733e+02      342.94          4.92            1.01434     0.00139       0.14  %   10000     
1.626825e+02      353.35          5.28            1.01495     0.00142       0.14  %   10000     
1.627285e+02      414.64          7.93            1.01912     0.00160       0.16  %   10000     
1.627515e+02      440.16          8.61            1.01956     0.00163       0.16  %   10000     
1.628049e+02      500.44          10.40           1.02079     0.00168       0.17  %   10000     
1.629173e+02      583.83          19.97           1.03420     0.00217       0.21  %   10000     
1.629504e+02      594.19          19.66           1.03309     0.00214       0.21  %   10000     
1.629836e+02      606.36          22.99           1.03791     0.00229       0.22  %   10000     
1.630278e+02      610.32          27.48           1.04502     0.00250       0.24  %   10000     
1.630337e+02      611.55          25.07           1.04099     0.00239       0.23  %   10000     
1.630681e+02      611.61          29.04           1.04748     0.00257       0.25  %   10000     
1.630879e+02      607.90          26.92           1.04428     0.00249       0.24  %   10000     
1.631004e+02      606.49          30.06           1.04957     0.00263       0.25  %   10000     
1.631088e+02      606.30          31.44           1.05185     0.00269       0.26  %   10000     
1.631770e+02      584.80          32.89           1.05624     0.00282       0.27  %   10000     
1.631843e+02      583.26          32.35           1.05546     0.00280       0.27  %   10000     
1.632617e+02      536.81          33.13           1.06172     0.00297       0.28  %   10000     
1.632801e+02      524.61          33.70           1.06425     0.00303       0.29  %   10000     
1.633970e+02      405.42          35.08           1.08653     0.00357       0.33  %   10000     
1.634348e+02      362.95          32.25           1.08884     0.00363       0.33  %   10000     
1.634606e+02      328.98          28.96           1.08804     0.00365       0.34  %   10000     
1.635084e+02      274.19          25.16           1.09176     0.00376       0.34  %   10000     
1.635158e+02      264.76          28.34           1.10706     0.00405       0.37  %   10000     
1.635665e+02      212.44          24.02           1.11307     0.00423       0.38  %   10000     
1.635729e+02      207.16          24.83           1.11984     0.00435       0.39  %   10000     
1.636125e+02      172.45          22.39           1.12981     0.00460       0.41  %   10000     
1.636373e+02      155.19          20.72           1.13352     0.00469       0.41  %   10000     
1.636532e+02      143.60          21.63           1.15061     0.00500       0.43  %   10000     
1.636925e+02      121.47          18.85           1.15522     0.00515       0.45  %   10000     
1.636980e+02      118.22          18.98           1.16051     0.00525       0.45  %   10000     
1.637429e+02      98.56           17.64           1.17893     0.00563       0.48  %   10000     
1.637601e+02      92.99           14.82           1.15939     0.00536       0.46  %   10000     
1.637920e+02      82.32           15.40           1.18707     0.00587       0.49  %   10000     
1.638326e+02      72.61           13.74           1.18918     0.00422       0.35  %   20000     
1.638476e+02      68.92           13.60           1.19738     0.00434       0.36  %   20000     
1.639143e+02      57.70           13.00           1.22529     0.00470       0.38  %   20000     
1.639200e+02      57.06           13.14           1.23035     0.00475       0.39  %   20000     
1.639891e+02      49.28           11.84           1.24030     0.00493       0.40  %   20000     
1.640351e+02      46.02           10.98           1.23856     0.00493       0.40  %   20000     
1.640720e+02      43.38           10.75           1.24783     0.00505       0.40  %   20000     
1.641568e+02      40.05           10.05           1.25088     0.00507       0.41  %   20000     
1.642013e+02      39.52           9.36            1.23691     0.00489       0.40  %   20000     
1.642274e+02      39.19           9.59            1.24475     0.00494       0.40  %   20000     
1.642871e+02      40.01           8.70            1.21735     0.00459       0.38  %   20000     
1.643526e+02      43.17           8.39            1.19425     0.00594       0.50  %   10000     
1.644018e+02      47.78           7.82            1.16377     0.00529       0.45  %   10000     
1.644181e+02      50.25           8.35            1.16609     0.00523       0.45  %   10000     
1.644509e+02      55.17           8.19            1.14842     0.00484       0.42  %   10000     
1.645000e+02      66.45           7.56            1.11380     0.00409       0.37  %   10000     
1.645409e+02      79.77           7.04            1.08823     0.00350       0.32  %   10000     
1.645491e+02      83.40           7.80            1.09348     0.00356       0.33  %   10000     
1.645786e+02      96.32           7.38            1.07657     0.00317       0.29  %   10000     
1.645860e+02      99.51           7.88            1.07921     0.00320       0.30  %   10000     
1.646302e+02      124.88          7.37            1.05906     0.00270       0.26  %   10000     
1.646670e+02      151.46          7.96            1.05255     0.00250       0.24  %   10000     
1.646750e+02      157.12          6.79            1.04321     0.00227       0.22  %   10000     
1.647312e+02      205.95          8.08            1.03924     0.00212       0.20  %   10000     
1.647967e+02      271.88          9.27            1.03410     0.00196       0.19  %   10000     
1.648098e+02      284.25          9.21            1.03240     0.00191       0.18  %   10000     
1.648910e+02      361.48          10.32           1.02856     0.00178       0.17  %   10000     
1.649303e+02      395.21          12.06           1.03051     0.00184       0.18  %   10000     
1.649984e+02      435.21          14.28           1.03281     0.00190       0.18  %   10000     
1.650377e+02      444.91          13.71           1.03081     0.00185       0.18  %   10000     
1.650613e+02      450.89          14.83           1.03289     0.00191       0.18  %   10000     
1.650783e+02      451.41          14.00           1.03101     0.00186       0.18  %   10000     
1.651228e+02      442.04          16.90           1.03823     0.00207       0.20  %   10000     
1.651464e+02      437.33          18.34           1.04194     0.00216       0.21  %   10000     
1.651726e+02      423.06          16.94           1.04004     0.00212       0.20  %   10000     
1.652119e+02      401.43          18.15           1.04520     0.00226       0.22  %   10000     
1.652512e+02      368.08          21.30           1.05788     0.00257       0.24  %   10000     
1.653442e+02      281.77          19.78           1.07019     0.00287       0.27  %   10000     
1.653822e+02      244.77          19.09           1.07799     0.00306       0.28  %   10000     
1.654228e+02      202.85          19.73           1.09728     0.00346       0.32  %   10000     
1.654789e+02      153.08          17.86           1.11665     0.00389       0.35  %   10000     
1.655249e+02      119.03          16.75           1.14073     0.00438       0.38  %   10000     
1.655457e+02      106.68          18.02           1.16890     0.00482       0.41  %   10000     
1.655692e+02      92.49           16.16           1.17474     0.00502       0.43  %   10000     
1.656134e+02      71.75           15.82           1.22047     0.00584       0.48  %   10000     
1.656543e+02      57.07           15.34           1.26875     0.00472       0.37  %   20000     
1.656723e+02      52.20           15.15           1.29028     0.00497       0.39  %   20000     
1.656952e+02      45.93           14.53           1.31630     0.00533       0.41  %   20000     
1.657362e+02      37.59           14.13           1.37603     0.00606       0.44  %   20000     
1.657853e+02      30.32           13.93           1.45943     0.00700       0.48  %   20000     
1.658344e+02      25.17           13.39           1.53194     0.00642       0.42  %   30000     
1.658360e+02      25.05           13.08           1.52232     0.00638       0.42  %   30000     
1.658909e+02      20.96           13.03           1.62177     0.00728       0.45  %   30000     
1.659534e+02      17.67           12.53           1.70888     0.00816       0.48  %   30000     
1.660314e+02      14.79           11.75           1.79469     0.00788       0.44  %   40000     
1.660528e+02      14.23           11.53           1.80987     0.00805       0.44  %   40000     
1.661251e+02      12.35           11.10           1.89807     0.00889       0.47  %   40000     
1.662347e+02      10.34           10.28           1.99467     0.00996       0.50  %   40000     
1.663663e+02      8.61            9.19            2.06731     0.00988       0.48  %   50000     
1.665028e+02      7.35            8.01            2.08983     0.00969       0.46  %   60000     
1.665351e+02      7.05            7.84            2.11095     0.00996       0.47  %   60000     
1.667420e+02      5.74            6.57            2.14477     0.01024       0.48  %   70000     
1.669878e+02      4.66            5.51            2.18249     0.01063       0.49  %   80000     
1.672609e+02      3.83            4.91            2.28257     0.01127       0.49  %   90000     
1.672754e+02      3.80            4.91            2.29249     0.01134       0.49  %   90000     
1.675730e+02      3.16            4.56            2.44357     0.01228       0.50  %   100000    
1.679305e+02      2.62            4.20            2.60488     0.01400       0.54  %   100000    
1.682279e+02      2.29            3.45            2.50359     0.01440       0.58  %   100000    
1.683476e+02      2.16            3.05            2.40736     0.01437       0.60  %   100000    
1.688485e+02      1.78            1.07            1.59995     0.01048       0.66  %   100000    
1.694120e+02      1.48            0.50            1.33825     0.00857       0.64  %   100000    
1.698972e+02      1.30            0.36            1.27337     0.00813       0.64  %   100000    
1.701420e+02      1.21            0.30            1.24691     0.00798       0.64  %   100000    
1.709060e+02      1.02            0.18            1.18178     0.00740       0.63  %   100000    
1.717971e+02      0.86            0.10            1.12176     0.00651       0.58  %   100000    
1.729781e+02      0.73            0.06            1.08467     0.00582       0.54  %   100000    
1.736642e+02      0.68            0.05            1.07560     0.00565       0.52  %   100000    
1.743656e+02      0.63            0.05            1.07655     0.00587       0.54  %   100000    
1.752808e+02      0.59            0.04            1.06223     0.00543       0.51  %   100000    
1.768626e+02      0.54            0.03            1.05821     0.00538       0.51  %   100000    
1.779531e+02      0.54            0.03            1.06270     0.00558       0.53  %   100000    
1.793647e+02      0.54            0.03            1.05501     0.00513       0.49  %   100000    
1.806983e+02      0.58            0.03            1.05134     0.00501       0.48  %   90000     
1.820502e+02      0.65            0.03            1.04825     0.00480       0.46  %   80000     
1.830279e+02      0.75            0.03            1.03766     0.00498       0.48  %   50000     
1.839191e+02      0.88            0.03            1.03886     0.00464       0.45  %   50000     
1.842638e+02      0.96            0.03            1.03433     0.00467       0.45  %   40000     
1.846232e+02      1.04            0.03            1.02941     0.00477       0.46  %   30000     
1.852645e+02      1.25            0.03            1.02086     0.00445       0.44  %   20000     
1.858182e+02      1.52            0.04            1.02470     0.00436       0.43  %   20000     
1.862870e+02      1.86            0.04            1.02272     0.00378       0.37  %   20000     
1.864101e+02      1.98            0.05            1.02365     0.00374       0.36  %   20000     
1.867157e+02      2.30            0.05            1.02325     0.00484       0.47  %   10000     
1.870907e+02      2.86            0.07            1.02590     0.00457       0.45  %   10000     
1.873826e+02      3.47            0.07            1.02073     0.00372       0.36  %   10000     
1.876380e+02      4.21            0.07            1.01563     0.00295       0.29  %   10000     
1.878346e+02      4.99            0.05            1.01102     0.00229       0.23  %   10000     
1.878801e+02      5.17            0.10            1.01945     0.00300       0.29  %   10000     
1.880857e+02      6.30            0.07            1.01048     0.00201       0.20  %   10000     
1.882691e+02      7.69            0.07            1.00955     0.00177       0.18  %   10000     
1.884436e+02      9.51            0.09            1.00979     0.00165       0.16  %   10000     
1.886024e+02      11.85           0.06            1.00480     0.00107       0.11  %   10000     
1.887402e+02      14.72           0.13            1.00882     0.00136       0.13  %   10000     
1.888583e+02      18.18           0.12            1.00636     0.00109       0.11  %   10000     
1.888885e+02      19.43           0.13            1.00688     0.00111       0.11  %   10000     
1.889548e+02      22.14           0.08            1.00359     0.00078       0.08  %   10000     
1.889585e+02      22.29           0.17            1.00766     0.00114       0.11  %   10000     
1.890443e+02      27.22           0.14            1.00507     0.00090       0.09  %   10000     
1.890873e+02      30.68           0.13            1.00426     0.00080       0.08  %   10000     
1.891191e+02      33.24           0.17            1.00523     0.00088       0.09  %   10000     
1.891638e+02      38.29           0.20            1.00533     0.00088       0.09  %   10000     
1.891829e+02      40.44           0.15            1.00372     0.00073       0.07  %   10000     
1.892276e+02      47.37           0.27            1.00569     0.00089       0.09  %   10000     
1.892361e+02      48.68           0.21            1.00430     0.00077       0.08  %   10000     
1.892807e+02      58.03           0.18            1.00312     0.00065       0.06  %   10000     
1.892860e+02      59.13           0.18            1.00298     0.00063       0.06  %   10000     
1.893339e+02      72.57           0.40            1.00547     0.00085       0.08  %   10000     
1.893817e+02      90.49           0.48            1.00529     0.00083       0.08  %   10000     
1.894242e+02      111.25          0.57            1.00514     0.00082       0.08  %   10000     
1.894255e+02      111.86          0.65            1.00580     0.00087       0.09  %   10000     
1.894679e+02      138.16          1.06            1.00764     0.00100       0.10  %   10000     
1.894708e+02      139.89          0.79            1.00567     0.00086       0.09  %   10000     
1.895068e+02      167.68          1.13            1.00673     0.00094       0.09  %   10000     
1.895161e+02      174.53          1.18            1.00676     0.00094       0.09  %   10000     
1.895522e+02      208.12          1.71            1.00822     0.00104       0.10  %   10000     
1.895652e+02      219.53          1.67            1.00760     0.00100       0.10  %   10000     
1.895992e+02      256.73          2.33            1.00907     0.00110       0.11  %   10000     
1.896247e+02      282.40          3.38            1.01197     0.00126       0.12  %   10000     
1.896502e+02      313.30          3.37            1.01076     0.00120       0.12  %   10000     
1.896927e+02      359.09          4.30            1.01196     0.00127       0.13  %   10000     
1.897166e+02      386.47          4.26            1.01102     0.00122       0.12  %   10000     
1.898866e+02      525.69          11.65           1.02216     0.00174       0.17  %   10000     
1.899155e+02      535.11          13.99           1.02614     0.00190       0.19  %   10000     
1.899598e+02      550.83          16.69           1.03029     0.00204       0.20  %   10000     
1.899836e+02      551.37          17.07           1.03096     0.00207       0.20  %   10000     
1.900308e+02      556.10          16.63           1.02991     0.00204       0.20  %   10000     
1.900507e+02      551.87          19.87           1.03600     0.00224       0.22  %   10000     
1.900687e+02      549.06          19.75           1.03597     0.00225       0.22  %   10000     
1.900907e+02      546.78          20.45           1.03741     0.00229       0.22  %   10000     
1.901316e+02      531.06          22.71           1.04277     0.00246       0.24  %   10000     
1.901520e+02      524.45          23.05           1.04395     0.00249       0.24  %   10000     
1.902098e+02      487.91          23.99           1.04917     0.00265       0.25  %   10000     
1.902465e+02      463.61          24.01           1.05179     0.00273       0.26  %   10000     
1.903782e+02      334.13          22.57           1.06754     0.00318       0.30  %   10000     
1.904292e+02      280.94          19.63           1.06987     0.00327       0.31  %   10000     
1.904462e+02      261.07          20.89           1.08001     0.00351       0.33  %   10000     
1.904972e+02      210.28          17.97           1.08547     0.00369       0.34  %   10000     
1.905057e+02      203.29          16.98           1.08354     0.00366       0.34  %   10000     
1.905481e+02      166.15          17.21           1.10358     0.00413       0.37  %   10000     
1.905640e+02      155.15          15.26           1.09833     0.00405       0.37  %   10000     
1.905982e+02      130.34          14.93           1.11457     0.00445       0.40  %   10000     
1.906329e+02      110.51          13.29           1.12024     0.00463       0.41  %   10000     
1.906399e+02      106.36          13.62           1.12802     0.00480       0.43  %   10000     
1.906876e+02      84.69           11.99           1.14162     0.00520       0.46  %   10000     
1.907073e+02      77.90           11.54           1.14810     0.00536       0.47  %   10000     
1.907306e+02      69.66           11.36           1.16307     0.00571       0.49  %   10000     
1.907711e+02      58.92           10.68           1.18118     0.00435       0.37  %   20000     
1.907785e+02      56.91           10.34           1.18163     0.00439       0.37  %   20000     
1.908263e+02      47.32           9.26            1.19569     0.00471       0.39  %   20000     
1.908561e+02      42.89           9.21            1.21464     0.00499       0.41  %   20000     
1.908795e+02      39.37           9.32            1.23682     0.00533       0.43  %   20000     
1.909433e+02      32.40           8.66            1.26736     0.00587       0.46  %   20000     
1.909624e+02      30.90           8.44            1.27320     0.00598       0.47  %   20000     
1.910122e+02      26.95           8.17            1.30335     0.00531       0.41  %   30000     
1.910914e+02      22.38           7.58            1.33876     0.00584       0.44  %   30000     
1.911061e+02      21.77           7.42            1.34106     0.00589       0.44  %   30000     
1.911864e+02      18.39           7.23            1.39299     0.00659       0.47  %   30000     
1.913037e+02      14.87           6.75            1.45399     0.00646       0.44  %   40000     
1.913113e+02      14.70           6.68            1.45443     0.00648       0.45  %   40000     
1.914295e+02      12.15           6.49            1.53403     0.00742       0.48  %   40000     
1.915840e+02      9.75            6.11            1.62678     0.00764       0.47  %   50000     
1.916190e+02      9.37            6.07            1.64793     0.00785       0.48  %   50000     
1.917473e+02      7.94            5.85            1.73673     0.00807       0.46  %   60000     
1.919394e+02      6.41            5.66            1.88200     0.00875       0.46  %   70000     
1.920575e+02      5.73            5.46            1.95267     0.00941       0.48  %   70000     
1.921418e+02      5.25            5.39            2.02706     0.01010       0.50  %   70000     
1.923730e+02      4.28            5.24            2.22301     0.01109       0.50  %   80000     
1.926085e+02      3.57            5.05            2.41393     0.01198       0.50  %   90000     
1.926344e+02      3.50            5.07            2.44967     0.01223       0.50  %   90000     
1.929331e+02      2.85            4.80            2.68470     0.01358       0.51  %   100000    
1.932747e+02      2.32            4.52            2.94837     0.01584       0.54  %   100000    
1.933148e+02      2.28            4.45            2.95696     0.01600       0.54  %   100000    
1.936803e+02      1.88            3.62            2.92884     0.01744       0.60  %   100000    
1.941418e+02      1.52            1.82            2.19754     0.01543       0.70  %   100000    
1.946459e+02      1.25            0.70            1.56135     0.01165       0.75  %   100000    
1.947916e+02      1.20            0.56            1.47092     0.01088       0.74  %   100000    
1.952364e+02      1.03            0.39            1.37361     0.01038       0.76  %   100000    
1.959423e+02      0.85            0.24            1.28123     0.00983       0.77  %   100000    
1.967848e+02      0.71            0.15            1.20916     0.00920       0.76  %   100000    
1.974972e+02      0.62            0.09            1.14524     0.00808       0.71  %   100000    
1.977347e+02      0.60            0.09            1.14767     0.00832       0.72  %   100000    
1.989001e+02      0.51            0.04            1.08760     0.00690       0.63  %   100000    
2.002593e+02      0.44            0.03            1.07451     0.00677       0.63  %   100000    
2.019940e+02      0.39            0.02            1.05938     0.00636       0.60  %   100000    
2.036229e+02      0.36            0.02            1.06400     0.00678       0.64  %   100000    
2.050134e+02      0.35            0.02            1.04706     0.00583       0.56  %   100000    
2.055506e+02      0.36            0.02            1.04901     0.00590       0.56  %   100000    
2.060941e+02      0.36            0.02            1.05009     0.00590       0.56  %   100000    
2.067887e+02      0.39            0.02            1.04576     0.00543       0.52  %   100000    
2.071392e+02      0.41            0.02            1.05332     0.00565       0.54  %   100000    
2.074961e+02      0.47            0.02            1.04176     0.00495       0.48  %   90000     
2.077340e+02      0.53            0.02            1.04031     0.00516       0.50  %   70000     
2.079125e+02      0.62            0.01            1.02184     0.00466       0.46  %   40000     
2.080364e+02      0.73            0.02            1.02644     0.00475       0.46  %   40000     
2.081224e+02      0.84            0.02            1.02733     0.00449       0.44  %   40000     
2.081976e+02      1.00            0.02            1.02418     0.00449       0.44  %   30000     
2.082513e+02      1.17            0.02            1.01936     0.00456       0.45  %   20000     
2.083050e+02      1.41            0.03            1.01884     0.00411       0.40  %   20000     
2.083538e+02      1.73            0.03            1.01777     0.00362       0.36  %   20000     
2.083995e+02      2.15            0.02            1.00969     0.00342       0.34  %   10000     
2.084452e+02      2.72            0.03            1.01074     0.00324       0.32  %   10000     
2.084742e+02      3.21            0.01            1.00169     0.00119       0.12  %   10000     
2.084909e+02      3.49            0.02            1.00548     0.00207       0.21  %   10000     
2.085366e+02      4.51            0.02            1.00376     0.00154       0.15  %   10000     
2.085869e+02      5.96            0.02            1.00398     0.00141       0.14  %   10000     
2.086417e+02      7.98            0.02            1.00238     0.00097       0.10  %   10000     
2.086996e+02      10.65           0.03            1.00289     0.00096       0.10  %   10000     
2.087139e+02      11.31           0.03            1.00308     0.00098       0.10  %   10000     
2.088946e+02      20.97           0.10            1.00471     0.00100       0.10  %   10000     
2.089775e+02      24.07           0.07            1.00280     0.00075       0.07  %   10000     
2.090527e+02      25.06           0.15            1.00610     0.00109       0.11  %   10000     
2.090737e+02      24.79           0.15            1.00614     0.00110       0.11  %   10000     
2.091249e+02      24.14           0.10            1.00403     0.00090       0.09  %   10000     
2.092029e+02      21.33           0.12            1.00582     0.00112       0.11  %   10000     
2.093491e+02      13.63           0.17            1.01222     0.00186       0.18  %   10000     
2.094139e+02      10.20           0.17            1.01695     0.00242       0.24  %   10000     
2.094765e+02      7.47            0.19            1.02572     0.00334       0.33  %   10000     
2.095298e+02      5.61            0.15            1.02627     0.00378       0.37  %   10000     
2.095755e+02      4.35            0.17            1.03924     0.00514       0.49  %   10000     
2.096212e+02      3.37            0.17            1.05188     0.00466       0.44  %   20000     
2.096669e+02      2.63            0.17            1.06594     0.00479       0.45  %   30000     
2.097126e+02      2.08            0.19            1.08920     0.00537       0.49  %   40000     
2.097588e+02      1.68            0.21            1.12246     0.00525       0.47  %   70000     
2.098103e+02      1.36            0.20            1.14408     0.00555       0.49  %   90000     
2.098617e+02      1.14            0.21            1.18057     0.00641       0.54  %   100000    
2.099261e+02      0.95            0.19            1.19644     0.00729       0.61  %   100000    
2.100074e+02      0.80            0.19            1.23681     0.00870       0.70  %   100000    
2.100888e+02      0.70            0.20            1.28239     0.01011       0.79  %   100000    
2.102190e+02      0.60            0.19            1.32451     0.01167       0.88  %   100000    
2.103817e+02      0.52            0.19            1.37311     0.01336       0.97  %   100000    
2.106168e+02      0.46            0.18            1.40434     0.01482       1.06  %   100000    
2.109001e+02      0.41            0.21            1.50581     0.01739       1.15  %   100000    
2.109755e+02      0.40            0.20            1.49279     0.01729       1.16  %   100000    
2.113533e+02      0.37            0.19            1.51915     0.01848       1.22  %   100000    
2.120331e+02      0.34            0.19            1.55463     0.01979       1.27  %   100000    
2.129655e+02      0.33            0.18            1.55318     0.02014       1.30  %   100000    
2.150829e+02      0.32            0.02            1.07049     0.00723       0.68  %   100000    
2.179761e+02      0.33            0.01            1.04524     0.00561       0.54  %   100000    
2.210950e+02      0.36            0.01            1.03736     0.00508       0.49  %   90000     
2.237726e+02      0.40            0.01            1.03680     0.00471       0.45  %   90000     
2.261105e+02      0.46            0.02            1.04170     0.00491       0.47  %   80000     
2.266019e+02      0.48            0.02            1.03987     0.00502       0.48  %   70000     
2.280455e+02      0.54            0.01            1.01806     0.00483       0.47  %   30000     
2.298175e+02      0.64            0.02            1.02906     0.00477       0.46  %   40000     
2.311863e+02      0.77            0.02            1.02836     0.00493       0.48  %   30000     
2.316492e+02      0.83            0.03            1.03319     0.00443       0.43  %   40000     
2.323437e+02      0.92            0.02            1.02645     0.00429       0.42  %   30000     
2.332554e+02      1.10            0.02            1.02223     0.00436       0.43  %   20000     
2.340490e+02      1.31            0.02            1.01684     0.00486       0.48  %   10000     
2.348170e+02      1.61            0.03            1.02144     0.00491       0.48  %   10000     
2.348281e+02      1.61            0.03            1.02137     0.00346       0.34  %   20000     
2.354426e+02      1.95            0.04            1.01906     0.00416       0.41  %   10000     
2.359978e+02      2.38            0.04            1.01539     0.00336       0.33  %   10000     
2.364601e+02      2.88            0.04            1.01508     0.00301       0.30  %   10000     
2.364740e+02      2.90            0.05            1.01559     0.00305       0.30  %   10000     
2.369290e+02      3.59            0.04            1.01149     0.00234       0.23  %   10000     
2.373037e+02      4.39            0.03            1.00786     0.00176       0.17  %   10000     
2.376315e+02      5.36            0.07            1.01215     0.00199       0.20  %   10000     
2.377485e+02      5.84            0.06            1.00978     0.00173       0.17  %   10000     
2.379323e+02      6.59            0.04            1.00578     0.00126       0.13  %   10000     
2.381955e+02      8.07            0.06            1.00799     0.00137       0.14  %   10000     
2.384438e+02      10.03           0.08            1.00831     0.00129       0.13  %   10000     
2.386546e+02      12.33           0.08            1.00681     0.00110       0.11  %   10000     
2.387952e+02      14.45           0.07            1.00495     0.00090       0.09  %   10000     
2.388353e+02      15.05           0.09            1.00568     0.00096       0.10  %   10000     
2.390040e+02      18.54           0.08            1.00419     0.00079       0.08  %   10000     
2.390590e+02      20.13           0.08            1.00422     0.00078       0.08  %   10000     
2.391545e+02      22.87           0.08            1.00366     0.00072       0.07  %   10000     
2.392212e+02      25.53           0.07            1.00287     0.00063       0.06  %   10000     
2.392810e+02      27.90           0.11            1.00378     0.00071       0.07  %   10000     
2.393361e+02      30.90           0.12            1.00384     0.00071       0.07  %   10000     
2.393894e+02      33.80           0.15            1.00447     0.00077       0.08  %   10000     
2.394318e+02      36.97           0.15            1.00417     0.00074       0.07  %   10000     
2.394843e+02      40.87           0.15            1.00376     0.00070       0.07  %   10000     
2.395136e+02      43.88           0.19            1.00439     0.00075       0.07  %   10000     
2.395656e+02      49.17           0.24            1.00478     0.00078       0.08  %   10000     
2.395746e+02      50.45           0.27            1.00529     0.00082       0.08  %   10000     
2.396356e+02      59.08           0.26            1.00440     0.00075       0.08  %   10000     
2.396429e+02      60.11           0.24            1.00402     0.00072       0.07  %   10000     
2.396844e+02      68.18           0.28            1.00404     0.00072       0.07  %   10000     
2.397039e+02      71.93           0.30            1.00420     0.00074       0.07  %   10000     
2.397338e+02      79.82           0.24            1.00302     0.00063       0.06  %   10000     
2.397649e+02      87.89           0.60            1.00678     0.00095       0.09  %   10000     
2.397777e+02      92.48           0.66            1.00718     0.00097       0.10  %   10000     
2.398210e+02      107.65          0.67            1.00621     0.00091       0.09  %   10000     
2.398216e+02      107.94          0.80            1.00742     0.00100       0.10  %   10000     
2.398643e+02      127.50          0.86            1.00671     0.00096       0.09  %   10000     
2.398698e+02      129.94          1.12            1.00866     0.00109       0.11  %   10000     
2.399070e+02      151.52          1.43            1.00945     0.00114       0.11  %   10000     
2.399186e+02      157.97          1.53            1.00966     0.00116       0.11  %   10000     
2.399497e+02      180.63          1.86            1.01029     0.00120       0.12  %   10000     
2.399715e+02      195.67          2.15            1.01100     0.00125       0.12  %   10000     
2.399966e+02      218.18          2.84            1.01303     0.00136       0.13  %   10000     
2.400271e+02      243.47          3.65            1.01499     0.00147       0.14  %   10000     
2.400460e+02      263.12          4.02            1.01530     0.00149       0.15  %   10000     
2.400786e+02      293.89          4.91            1.01671     0.00156       0.15  %   10000     
2.400991e+02      317.22          5.45            1.01717     0.00158       0.16  %   10000     
2.401371e+02      355.07          5.60            1.01578     0.00153       0.15  %   10000     
2.401576e+02      379.23          6.10            1.01608     0.00155       0.15  %   10000     
2.402152e+02      434.12          9.89            1.02277     0.00185       0.18  %   10000     
2.402240e+02      443.30          9.82            1.02216     0.00183       0.18  %   10000     
2.403294e+02      520.43          15.04           1.02890     0.00210       0.20  %   10000     
2.404514e+02      568.17          20.18           1.03552     0.00235       0.23  %   10000     
2.404709e+02      569.56          23.18           1.04069     0.00252       0.24  %   10000     
2.405216e+02      577.65          25.42           1.04400     0.00262       0.25  %   10000     
2.405489e+02      575.99          26.30           1.04566     0.00268       0.26  %   10000     
2.405883e+02      579.14          30.73           1.05305     0.00288       0.27  %   10000     
2.406114e+02      577.57          26.37           1.04566     0.00268       0.26  %   10000     
2.406302e+02      572.97          31.13           1.05434     0.00293       0.28  %   10000     
2.406415e+02      571.26          29.53           1.05169     0.00286       0.27  %   10000     
2.406953e+02      567.70          35.43           1.06240     0.00314       0.30  %   10000     
2.407187e+02      559.78          33.68           1.06016     0.00310       0.29  %   10000     
2.407890e+02      543.50          39.42           1.07253     0.00340       0.32  %   10000     
2.408046e+02      536.25          36.07           1.06726     0.00329       0.31  %   10000     
2.410134e+02      400.76          36.84           1.09192     0.00392       0.36  %   10000     
2.410505e+02      368.80          34.16           1.09263     0.00395       0.36  %   10000     
2.410817e+02      335.86          33.41           1.09949     0.00412       0.38  %   10000     
2.411286e+02      292.57          29.25           1.09996     0.00416       0.38  %   10000     
2.411472e+02      272.53          30.03           1.11019     0.00440       0.40  %   10000     
2.412015e+02      224.09          28.38           1.12666     0.00476       0.42  %   10000     
2.412023e+02      223.25          28.56           1.12793     0.00479       0.42  %   10000     
2.412506e+02      185.02          25.33           1.13691     0.00503       0.44  %   10000     
2.412701e+02      172.50          25.36           1.14699     0.00522       0.46  %   10000     
2.412994e+02      152.42          22.50           1.14764     0.00531       0.46  %   10000     
2.413311e+02      135.38          21.68           1.16013     0.00557       0.48  %   10000     
2.413481e+02      125.73          21.10           1.16783     0.00575       0.49  %   10000     
2.413969e+02      104.41          18.61           1.17828     0.00427       0.36  %   20000     
2.414042e+02      102.03          17.54           1.17186     0.00421       0.36  %   20000     
2.414555e+02      84.66           16.82           1.19870     0.00462       0.39  %   20000     
2.414896e+02      76.25           15.69           1.20581     0.00475       0.39  %   20000     
2.415165e+02      69.43           15.12           1.21780     0.00496       0.41  %   20000     
2.415775e+02      58.12           13.57           1.23348     0.00525       0.43  %   20000     
2.415872e+02      56.81           13.27           1.23350     0.00526       0.43  %   20000     
2.416507e+02      48.10           12.59           1.26176     0.00572       0.45  %   20000     
2.416974e+02      43.51           11.73           1.26953     0.00587       0.46  %   20000     
2.417360e+02      39.65           11.58           1.29212     0.00621       0.48  %   20000     
2.418369e+02      32.50           10.24           1.31519     0.00545       0.41  %   30000     
2.418455e+02      32.07           10.34           1.32258     0.00551       0.42  %   30000     
2.419565e+02      26.41           9.48            1.35875     0.00603       0.44  %   30000     
2.420264e+02      23.89           9.26            1.38745     0.00635       0.46  %   30000     
2.420960e+02      21.36           8.79            1.41138     0.00672       0.48  %   30000     
2.422362e+02      17.69           8.43            1.47691     0.00649       0.44  %   40000     
2.422409e+02      17.56           8.01            1.45624     0.00638       0.44  %   40000     
2.424159e+02      14.23           7.65            1.53744     0.00725       0.47  %   40000     
2.425159e+02      12.86           7.27            1.56544     0.00759       0.49  %   40000     
2.426128e+02      11.53           7.19            1.62343     0.00734       0.45  %   50000     
2.428389e+02      9.32            6.73            1.72204     0.00832       0.48  %   50000     
2.428692e+02      9.11            6.61            1.72603     0.00839       0.49  %   50000     
2.430738e+02      7.66            6.27            1.81884     0.00857       0.47  %   60000     
2.433615e+02      6.19            5.93            1.95804     0.00910       0.46  %   70000     
2.434690e+02      5.80            5.65            1.97364     0.00934       0.47  %   70000     
2.436903e+02      5.00            5.48            2.09618     0.01040       0.50  %   70000     
2.440269e+02      4.13            5.15            2.24689     0.01102       0.49  %   80000     
2.442085e+02      3.79            5.02            2.32500     0.01097       0.47  %   90000     
2.444196e+02      3.40            4.85            2.42721     0.01186       0.49  %   90000     
2.448764e+02      2.79            4.35            2.55816     0.01263       0.49  %   100000    
2.453587e+02      2.34            3.19            2.36084     0.01270       0.54  %   100000    
2.453814e+02      2.32            3.10            2.33515     0.01265       0.54  %   100000    
2.459826e+02      1.93            1.34            1.69250     0.01004       0.59  %   100000    
2.467043e+02      1.62            0.54            1.33376     0.00752       0.56  %   100000    
2.471854e+02      1.48            0.41            1.27812     0.00707       0.55  %   100000    
2.474260e+02      1.41            0.34            1.24399     0.00675       0.54  %   100000    
2.482051e+02      1.26            0.26            1.20413     0.00643       0.53  %   100000    
2.492822e+02      1.13            0.14            1.12284     0.00542       0.48  %   90000     
2.504734e+02      1.07            0.09            1.08091     0.00540       0.50  %   60000     
2.509786e+02      1.07            0.07            1.06423     0.00522       0.49  %   50000     
2.511259e+02      1.07            0.07            1.06223     0.00512       0.48  %   50000     
2.521049e+02      1.10            0.06            1.05149     0.00504       0.48  %   40000     
2.533077e+02      1.21            0.03            1.02578     0.00470       0.46  %   20000     
2.539788e+02      1.34            0.05            1.03394     0.00414       0.40  %   30000     
2.543144e+02      1.45            0.04            1.02856     0.00446       0.43  %   20000     
2.545381e+02      1.57            0.03            1.02172     0.00372       0.36  %   20000     
2.546780e+02      1.72            0.05            1.02924     0.00413       0.40  %   20000     
2.547619e+02      1.87            0.05            1.02477     0.00365       0.36  %   20000     
2.548458e+02      2.13            0.04            1.02007     0.00309       0.30  %   20000     
2.549204e+02      2.50            0.04            1.01569     0.00360       0.35  %   10000     
2.549827e+02      2.96            0.04            1.01208     0.00293       0.29  %   10000     
2.550357e+02      3.52            0.05            1.01288     0.00281       0.28  %   10000     
2.550450e+02      3.61            0.03            1.00959     0.00239       0.24  %   10000     
2.551151e+02      4.61            0.04            1.00881     0.00208       0.21  %   10000     
2.551937e+02      6.10            0.05            1.00747     0.00171       0.17  %   10000     
2.553234e+02      9.22            0.04            1.00439     0.00113       0.11  %   10000     
2.554341e+02      11.81           0.06            1.00499     0.00111       0.11  %   10000     
2.554579e+02      12.37           0.07            1.00534     0.00114       0.11  %   10000     
2.555451e+02      13.60           0.04            1.00299     0.00083       0.08  %   10000     
2.556032e+02      13.86           0.09            1.00660     0.00122       0.12  %   10000     
2.556809e+02      13.43           0.08            1.00626     0.00120       0.12  %   10000     
2.557245e+02      12.76           0.11            1.00836     0.00141       0.14  %   10000     
2.557556e+02      12.28           0.11            1.00902     0.00148       0.15  %   10000     
2.559051e+02      8.80            0.08            1.00897     0.00163       0.16  %   10000     
2.560129e+02      6.33            0.13            1.01987     0.00272       0.27  %   10000     
2.560944e+02      4.86            0.08            1.01688     0.00277       0.27  %   10000     
2.561567e+02      4.01            0.10            1.02487     0.00362       0.35  %   10000     
2.562190e+02      3.40            0.10            1.03084     0.00431       0.42  %   10000     
2.562968e+02      2.89            0.10            1.03384     0.00482       0.47  %   10000     
2.563752e+02      2.59            0.09            1.03476     0.00511       0.49  %   10000     
2.564536e+02      2.42            0.10            1.04020     0.00399       0.38  %   20000     
2.566080e+02      2.31            0.09            1.03986     0.00404       0.39  %   20000     
2.566591e+02      2.30            0.11            1.04721     0.00439       0.42  %   20000     
2.570166e+02      2.41            0.08            1.03231     0.00498       0.48  %   10000     
2.575272e+02      2.77            0.10            1.03687     0.00491       0.47  %   10000     
2.575274e+02      2.77            0.11            1.04016     0.00513       0.49  %   10000     
2.580382e+02      3.33            0.11            1.03196     0.00415       0.40  %   10000     
2.584691e+02      4.01            0.13            1.03201     0.00379       0.37  %   10000     
2.588527e+02      4.85            0.10            1.02003     0.00274       0.27  %   10000     
2.592264e+02      6.01            0.12            1.02047     0.00253       0.25  %   10000     
2.595193e+02      7.28            0.10            1.01329     0.00189       0.19  %   10000     
2.595648e+02      7.56            0.10            1.01347     0.00188       0.19  %   10000     
2.598164e+02      9.08            0.09            1.01033     0.00155       0.15  %   10000     
2.599179e+02      9.96            0.13            1.01266     0.00167       0.17  %   10000     
2.600757e+02      11.32           0.15            1.01333     0.00166       0.16  %   10000     
2.601489e+02      12.22           0.09            1.00742     0.00122       0.12  %   10000     
2.603068e+02      14.16           0.14            1.00986     0.00136       0.14  %   10000     
2.603800e+02      15.41           0.16            1.01065     0.00139       0.14  %   10000     
2.604843e+02      17.19           0.16            1.00945     0.00129       0.13  %   10000     
2.605340e+02      18.35           0.18            1.00997     0.00132       0.13  %   10000     
2.606452e+02      20.93           0.17            1.00804     0.00117       0.12  %   10000     
2.607134e+02      23.12           0.12            1.00535     0.00094       0.09  %   10000     
2.607987e+02      25.85           0.24            1.00946     0.00125       0.12  %   10000     
2.608499e+02      28.17           0.24            1.00867     0.00119       0.12  %   10000     
2.609352e+02      31.99           0.28            1.00882     0.00120       0.12  %   10000     
2.609694e+02      34.17           0.29            1.00843     0.00117       0.12  %   10000     
2.610547e+02      39.55           0.48            1.01203     0.00139       0.14  %   10000     
2.611400e+02      47.17           0.44            1.00929     0.00123       0.12  %   10000     
2.611571e+02      48.67           0.47            1.00968     0.00126       0.12  %   10000     
2.612117e+02      55.42           0.65            1.01167     0.00138       0.14  %   10000     
2.612389e+02      58.74           0.68            1.01164     0.00139       0.14  %   10000     
2.612799e+02      65.52           0.71            1.01083     0.00134       0.13  %   10000     
2.613072e+02      69.94           1.03            1.01468     0.00157       0.15  %   10000     
2.613413e+02      77.45           0.99            1.01285     0.00147       0.14  %   10000     
2.613755e+02      84.75           1.09            1.01288     0.00148       0.15  %   10000     
2.613942e+02      90.27           1.63            1.01803     0.00175       0.17  %   10000     
2.614411e+02      103.58          1.47            1.01420     0.00157       0.15  %   10000     
2.614505e+02      107.23          1.71            1.01593     0.00166       0.16  %   10000     
2.615068e+02      128.10          2.25            1.01753     0.00176       0.17  %   10000     
2.615597e+02      153.03          3.20            1.02093     0.00194       0.19  %   10000     
2.615666e+02      156.03          3.17            1.02032     0.00192       0.19  %   10000     
2.616143e+02      183.37          3.64            1.01983     0.00191       0.19  %   10000     
2.616280e+02      190.50          4.06            1.02134     0.00199       0.19  %   10000     
2.616689e+02      218.17          5.46            1.02505     0.00216       0.21  %   10000     
2.616962e+02      234.43          6.20            1.02643     0.00223       0.22  %   10000     
2.617303e+02      259.98          6.68            1.02571     0.00221       0.22  %   10000     
2.617686e+02      284.14          9.22            1.03245     0.00250       0.24  %   10000     
2.617993e+02      307.62          10.58           1.03438     0.00257       0.25  %   10000     
2.618641e+02      345.69          11.88           1.03438     0.00260       0.25  %   10000     
2.618901e+02      361.19          14.17           1.03923     0.00277       0.27  %   10000     
2.620716e+02      425.37          22.63           1.05321     0.00327       0.31  %   10000     
2.621044e+02      427.02          25.69           1.06016     0.00349       0.33  %   10000     
2.621699e+02      435.46          27.27           1.06263     0.00357       0.34  %   10000     
2.621917e+02      433.13          27.95           1.06453     0.00364       0.34  %   10000     
2.622625e+02      434.85          32.41           1.07454     0.00391       0.36  %   10000     
2.622790e+02      431.87          29.84           1.06910     0.00378       0.35  %   10000     
2.622913e+02      430.68          33.62           1.07806     0.00402       0.37  %   10000     
2.623272e+02      430.08          34.73           1.08075     0.00408       0.38  %   10000     
2.623746e+02      420.89          36.87           1.08759     0.00427       0.39  %   10000     
2.624019e+02      418.88          34.52           1.08242     0.00415       0.38  %   10000     
2.624702e+02      399.71          43.19           1.10806     0.00477       0.43  %   10000     
2.625193e+02      387.82          37.76           1.09736     0.00454       0.41  %   10000     
2.626913e+02      303.70          38.94           1.12822     0.00532       0.47  %   10000     
2.627268e+02      284.57          38.99           1.13703     0.00550       0.48  %   10000     
2.627800e+02      248.30          35.58           1.14328     0.00570       0.50  %   10000     
2.628087e+02      231.99          33.02           1.14234     0.00569       0.50  %   10000     
2.628483e+02      205.54          31.20           1.15179     0.00421       0.37  %   20000     
2.628906e+02      182.66          30.56           1.16729     0.00443       0.38  %   20000     
2.629165e+02      166.79          27.87           1.16707     0.00449       0.38  %   20000     
2.629588e+02      146.76          26.36           1.17965     0.00468       0.40  %   20000     
2.629780e+02      136.88          25.07           1.18319     0.00477       0.40  %   20000     
2.630348e+02      114.52          22.48           1.19627     0.00501       0.42  %   20000     
2.630433e+02      110.92          21.75           1.19612     0.00503       0.42  %   20000     
2.631036e+02      91.91           19.46           1.21173     0.00533       0.44  %   20000     
2.631094e+02      90.56           18.85           1.20811     0.00529       0.44  %   20000     
2.631704e+02      75.55           17.67           1.23386     0.00573       0.46  %   20000     
2.632011e+02      69.99           16.19           1.23136     0.00573       0.47  %   20000     
2.632387e+02      62.90           15.42           1.24520     0.00600       0.48  %   20000     
2.633035e+02      54.03           13.85           1.25628     0.00623       0.50  %   20000     
2.633206e+02      51.62           14.24           1.27586     0.00531       0.42  %   30000     
2.634161e+02      42.11           13.05           1.30990     0.00577       0.44  %   30000     
2.634230e+02      41.63           12.64           1.30356     0.00572       0.44  %   30000     
2.635185e+02      34.73           11.85           1.34127     0.00624       0.47  %   30000     
2.635595e+02      32.62           10.97           1.33644     0.00624       0.47  %   30000     
2.636379e+02      28.48           10.39           1.36493     0.00667       0.49  %   30000     
2.637301e+02      25.00           9.53            1.38112     0.00601       0.44  %   40000     
2.637744e+02      23.29           9.34            1.40109     0.00626       0.45  %   40000     
2.639204e+02      19.24           8.70            1.45217     0.00687       0.47  %   40000     
2.639426e+02      18.79           8.48            1.45141     0.00689       0.47  %   40000     
2.641059e+02      15.50           7.82            1.50500     0.00680       0.45  %   50000     
2.642432e+02      13.54           7.28            1.53746     0.00718       0.47  %   50000     
2.643179e+02      12.46           7.08            1.56780     0.00755       0.48  %   50000     
2.645484e+02      10.12           6.64            1.65648     0.00775       0.47  %   60000     
2.645894e+02      9.82            6.47            1.65937     0.00781       0.47  %   60000     
2.648117e+02      8.19            6.22            1.75907     0.00878       0.50  %   60000     
2.649977e+02      7.22            5.64            1.78207     0.00851       0.48  %   70000     
2.650871e+02      6.74            5.62            1.83288     0.00896       0.49  %   70000     
2.654105e+02      5.52            5.26            1.95352     0.00948       0.49  %   80000     
2.655858e+02      5.03            5.03            2.00004     0.00992       0.50  %   80000     
2.657482e+02      4.59            4.95            2.07979     0.01001       0.48  %   90000     
2.661976e+02      3.71            4.49            2.20950     0.01071       0.48  %   100000    
2.663185e+02      3.55            4.41            2.24098     0.01097       0.49  %   100000    
2.667065e+02      3.03            3.99            2.31804     0.01195       0.52  %   100000    
2.672702e+02      2.51            3.23            2.28520     0.01258       0.55  %   100000    
2.673435e+02      2.47            3.01            2.22207     0.01236       0.56  %   100000    
2.678339e+02      2.15            1.88            1.87373     0.01112       0.59  %   100000    
2.686065e+02      1.83            0.69            1.37636     0.00780       0.57  %   100000    
2.688410e+02      1.77            0.57            1.31978     0.00725       0.55  %   100000    
2.694836e+02      1.61            0.36            1.22624     0.00629       0.51  %   100000    
2.703607e+02      1.51            0.24            1.16078     0.00563       0.48  %   90000     
2.705585e+02      1.51            0.24            1.15799     0.00555       0.48  %   90000     
2.710240e+02      1.54            0.19            1.12393     0.00546       0.49  %   70000     
2.714895e+02      1.63            0.14            1.08860     0.00524       0.48  %   50000     
2.718386e+02      1.78            0.13            1.07371     0.00507       0.47  %   40000     
2.721296e+02      2.02            0.13            1.06484     0.00515       0.48  %   30000     
2.723623e+02      2.34            0.11            1.04875     0.00507       0.48  %   20000     
2.725270e+02      2.71            0.10            1.03538     0.00402       0.39  %   20000     
2.726601e+02      3.18            0.07            1.02058     0.00403       0.39  %   10000     
2.727219e+02      3.52            0.10            1.02886     0.00455       0.44  %   10000     
2.727666e+02      3.77            0.07            1.01898     0.00358       0.35  %   10000     
2.728464e+02      4.45            0.12            1.02747     0.00400       0.39  %   10000     
2.729180e+02      5.37            0.09            1.01642     0.00285       0.28  %   10000     
2.729737e+02      6.43            0.12            1.01850     0.00281       0.28  %   10000     
2.730294e+02      7.92            0.10            1.01317     0.00219       0.22  %   10000     
2.730771e+02      9.71            0.10            1.01073     0.00184       0.18  %   10000     
2.731245e+02      12.10           0.11            1.00896     0.00156       0.15  %   10000     
2.731717e+02      15.29           0.11            1.00705     0.00128       0.13  %   10000     
2.732189e+02      19.46           0.11            1.00574     0.00108       0.11  %   10000     
2.732661e+02      24.84           0.07            1.00291     0.00073       0.07  %   10000     
2.732897e+02      28.29           0.11            1.00394     0.00082       0.08  %   10000     
2.733211e+02      32.87           0.13            1.00404     0.00081       0.08  %   10000     
2.733809e+02      43.90           0.16            1.00366     0.00073       0.07  %   10000     
2.734174e+02      52.25           0.15            1.00278     0.00062       0.06  %   10000     
2.734517e+02      60.02           0.13            1.00215     0.00054       0.05  %   10000     
2.735577e+02      88.81           0.24            1.00273     0.00058       0.06  %   10000     
2.735778e+02      94.16           0.17            1.00184     0.00048       0.05  %   10000     
2.736986e+02      124.92          0.24            1.00190     0.00047       0.05  %   10000     
2.737842e+02      139.14          0.34            1.00247     0.00054       0.05  %   10000     
2.738621e+02      143.53          0.56            1.00390     0.00068       0.07  %   10000     
2.739113e+02      140.55          0.55            1.00394     0.00068       0.07  %   10000     
2.739415e+02      138.75          0.65            1.00467     0.00075       0.07  %   10000     
2.740220e+02      125.31          0.71            1.00563     0.00083       0.08  %   10000     
2.740572e+02      116.42          0.67            1.00572     0.00084       0.08  %   10000     
2.741554e+02      91.26           0.87            1.00955     0.00111       0.11  %   10000     
2.742334e+02      70.37           0.73            1.01034     0.00120       0.12  %   10000     
2.742710e+02      60.12           0.98            1.01636     0.00154       0.15  %   10000     
2.743435e+02      43.68           0.89            1.02029     0.00180       0.18  %   10000     
2.744064e+02      32.21           0.86            1.02671     0.00219       0.21  %   10000     
2.744615e+02      24.34           0.96            1.03948     0.00284       0.27  %   10000     
2.745086e+02      19.08           0.88            1.04588     0.00325       0.31  %   10000     
2.745558e+02      14.99           0.72            1.04791     0.00356       0.34  %   10000     
2.746014e+02      12.02           0.82            1.06820     0.00453       0.42  %   10000     
2.746076e+02      11.62           0.86            1.07383     0.00476       0.44  %   10000     
2.746589e+02      9.18            0.82            1.08919     0.00400       0.37  %   20000     
2.747101e+02      7.42            0.86            1.11566     0.00491       0.44  %   20000     
2.747687e+02      6.01            0.83            1.13768     0.00474       0.42  %   30000     
2.748233e+02      5.08            0.80            1.15723     0.00539       0.47  %   30000     
2.748867e+02      4.32            0.81            1.18781     0.00543       0.46  %   40000     
2.749008e+02      4.20            0.75            1.17808     0.00535       0.45  %   40000     
2.749755e+02      3.60            0.75            1.20820     0.00551       0.46  %   50000     
2.750769e+02      3.08            0.76            1.24806     0.00586       0.47  %   60000     
2.752036e+02      2.64            0.77            1.29138     0.00626       0.48  %   70000     
2.753717e+02      2.26            0.76            1.33496     0.00630       0.47  %   90000     
2.755957e+02      1.95            0.76            1.39159     0.00686       0.49  %   100000    
2.757207e+02      1.84            0.74            1.39871     0.00707       0.51  %   100000    
2.758758e+02      1.71            0.73            1.42454     0.00752       0.53  %   100000    
2.762102e+02      1.54            0.70            1.45522     0.00812       0.56  %   100000    
2.767624e+02      1.40            0.72            1.51448     0.00893       0.59  %   100000    
2.774250e+02      1.33            0.72            1.54306     0.00926       0.60  %   100000    
2.778667e+02      1.32            0.67            1.50456     0.00889       0.59  %   100000    
2.788441e+02      1.35            0.60            1.44538     0.00810       0.56  %   100000    
2.798214e+02      1.44            0.19            1.13361     0.00548       0.48  %   60000     
2.803420e+02      1.49            0.08            1.05635     0.00491       0.47  %   30000     
2.816433e+02      1.70            0.05            1.03062     0.00405       0.39  %   20000     
2.829073e+02      2.01            0.06            1.02948     0.00357       0.35  %   20000     
2.839109e+02      2.36            0.06            1.02430     0.00416       0.41  %   10000     
2.849426e+02      2.87            0.06            1.02179     0.00353       0.35  %   10000     
2.858453e+02      3.51            0.05            1.01395     0.00254       0.25  %   10000     
2.864198e+02      4.08            0.04            1.01083     0.00208       0.21  %   10000     
2.866840e+02      4.34            0.06            1.01480     0.00237       0.23  %   10000     
2.873109e+02      5.22            0.06            1.01238     0.00201       0.20  %   10000     
2.873937e+02      5.34            0.07            1.01219     0.00197       0.20  %   10000     
2.877564e+02      6.05            0.09            1.01499     0.00209       0.21  %   10000     
2.880599e+02      6.65            0.07            1.01034     0.00170       0.17  %   10000     
2.885153e+02      7.91            0.10            1.01274     0.00180       0.18  %   10000     
2.886006e+02      8.15            0.09            1.01111     0.00167       0.17  %   10000     
2.889706e+02      9.57            0.13            1.01403     0.00182       0.18  %   10000     
2.891239e+02      10.15           0.13            1.01296     0.00174       0.17  %   10000     
2.893853e+02      11.57           0.16            1.01412     0.00179       0.18  %   10000     
2.895906e+02      12.67           0.11            1.00885     0.00141       0.14  %   10000     
2.897309e+02      13.73           0.13            1.00983     0.00148       0.15  %   10000     
2.899923e+02      15.70           0.21            1.01346     0.00173       0.17  %   10000     
2.900765e+02      16.58           0.27            1.01602     0.00188       0.19  %   10000     
2.903437e+02      19.37           0.24            1.01237     0.00166       0.16  %   10000     
2.903552e+02      19.49           0.30            1.01555     0.00187       0.18  %   10000     
2.906109e+02      23.19           0.39            1.01664     0.00194       0.19  %   10000     
2.906750e+02      24.11           0.56            1.02310     0.00230       0.22  %   10000     
2.908526e+02      27.64           0.60            1.02167     0.00224       0.22  %   10000     
2.909506e+02      29.56           0.72            1.02427     0.00239       0.23  %   10000     
2.910731e+02      32.89           0.78            1.02368     0.00237       0.23  %   10000     
2.912017e+02      36.31           0.92            1.02535     0.00249       0.24  %   10000     
2.912752e+02      39.04           1.16            1.02982     0.00269       0.26  %   10000     
2.914222e+02      44.35           1.43            1.03229     0.00285       0.28  %   10000     
2.914467e+02      45.57           1.26            1.02770     0.00264       0.26  %   10000     
2.916121e+02      53.63           2.01            1.03753     0.00312       0.30  %   10000     
2.916182e+02      53.91           1.99            1.03684     0.00309       0.30  %   10000     
2.917590e+02      63.08           2.50            1.03963     0.00324       0.31  %   10000     
2.917897e+02      64.98           2.75            1.04234     0.00337       0.32  %   10000     
2.918953e+02      74.20           3.84            1.05176     0.00375       0.36  %   10000     
2.919538e+02      78.99           3.76            1.04766     0.00365       0.35  %   10000     
2.920252e+02      87.28           4.63            1.05300     0.00385       0.37  %   10000     
2.920935e+02      94.63           5.07            1.05357     0.00392       0.37  %   10000     
2.921351e+02      100.98          5.97            1.05913     0.00412       0.39  %   10000     
2.922160e+02      112.23          7.23            1.06444     0.00436       0.41  %   10000     
2.922331e+02      115.62          7.92            1.06853     0.00449       0.42  %   10000     
2.923262e+02      132.04          9.88            1.07486     0.00475       0.44  %   10000     
2.923311e+02      133.26          10.17           1.07633     0.00480       0.45  %   10000     
2.924168e+02      151.89          11.57           1.07620     0.00485       0.45  %   10000     
2.924242e+02      153.20          12.42           1.08107     0.00501       0.46  %   10000     
2.924989e+02      172.81          15.88           1.09188     0.00536       0.49  %   10000     
2.925222e+02      177.50          16.23           1.09141     0.00540       0.49  %   10000     
2.925761e+02      193.60          18.93           1.09776     0.00395       0.36  %   20000     
2.926079e+02      200.48          20.16           1.10056     0.00405       0.37  %   20000     
2.926520e+02      214.43          24.85           1.11588     0.00433       0.39  %   20000     
2.926925e+02      222.68          25.21           1.11320     0.00434       0.39  %   20000     
2.927304e+02      234.36          25.46           1.10864     0.00425       0.38  %   20000     
2.927806e+02      242.53          30.63           1.12630     0.00463       0.41  %   20000     
2.928162e+02      251.96          33.17           1.13165     0.00471       0.42  %   20000     
2.928836e+02      258.35          37.11           1.14365     0.00498       0.44  %   20000     
2.929105e+02      263.42          38.23           1.14513     0.00499       0.44  %   20000     
2.930097e+02      266.23          39.96           1.15008     0.00514       0.45  %   20000     
2.930244e+02      267.02          41.75           1.15634     0.00524       0.45  %   20000     
2.932302e+02      264.08          45.34           1.17170     0.00556       0.47  %   20000     
2.932498e+02      261.98          47.46           1.18115     0.00573       0.49  %   20000     
2.933478e+02      260.88          51.95           1.19914     0.00491       0.41  %   30000     
2.933674e+02      258.24          53.12           1.20571     0.00501       0.42  %   30000     
2.934561e+02      257.18          51.30           1.19947     0.00495       0.41  %   30000     
2.934669e+02      255.66          55.10           1.21551     0.00515       0.42  %   30000     
2.935576e+02      253.99          59.49           1.23421     0.00537       0.44  %   30000     
2.935683e+02      252.49          59.55           1.23587     0.00541       0.44  %   30000     
2.936712e+02      249.26          63.97           1.25665     0.00566       0.45  %   30000     
2.936761e+02      249.56          62.57           1.25072     0.00560       0.45  %   30000     
2.938745e+02      240.76          70.61           1.29330     0.00611       0.47  %   30000     
2.939750e+02      229.39          74.03           1.32272     0.00649       0.49  %   30000     
2.940289e+02      225.92          74.53           1.32991     0.00655       0.49  %   30000     
2.940779e+02      216.14          75.08           1.34737     0.00588       0.44  %   40000     
2.941293e+02      209.63          76.97           1.36716     0.00603       0.44  %   40000     
2.941661e+02      200.21          77.38           1.38648     0.00625       0.45  %   40000     
2.942273e+02      189.46          75.09           1.39631     0.00634       0.45  %   40000     
2.942543e+02      181.59          74.27           1.40897     0.00650       0.46  %   40000     
2.943253e+02      166.97          71.10           1.42583     0.00665       0.47  %   40000     
2.943400e+02      162.63          70.61           1.43416     0.00676       0.47  %   40000     
2.944233e+02      144.98          66.58           1.45927     0.00701       0.48  %   40000     
2.944258e+02      144.30          65.49           1.45383     0.00698       0.48  %   40000     
2.945238e+02      125.14          60.63           1.48456     0.00731       0.49  %   40000     
2.945336e+02      123.86          61.19           1.49404     0.00736       0.49  %   40000     
2.946340e+02      106.90          53.79           1.50320     0.00677       0.45  %   50000     
2.946560e+02      104.33          54.29           1.52037     0.00687       0.45  %   50000     
2.947443e+02      92.01           51.51           1.55977     0.00723       0.46  %   50000     
2.947785e+02      88.60           48.08           1.54271     0.00713       0.46  %   50000     
2.948651e+02      78.76           46.07           1.58500     0.00751       0.47  %   50000     
2.949294e+02      73.48           42.73           1.58161     0.00751       0.47  %   50000     
2.950020e+02      66.84           41.07           1.61447     0.00783       0.49  %   50000     
2.950993e+02      60.44           38.30           1.63359     0.00800       0.49  %   50000     
2.951617e+02      55.98           36.77           1.65692     0.00826       0.50  %   50000     
2.953259e+02      47.51           32.84           1.69112     0.00785       0.46  %   60000     
2.953451e+02      46.46           32.90           1.70811     0.00797       0.47  %   60000     
2.955380e+02      38.79           29.27           1.75461     0.00841       0.48  %   60000     
2.957708e+02      31.77           26.79           1.84328     0.00914       0.50  %   60000     
2.958442e+02      30.17           25.15           1.83356     0.00913       0.50  %   60000     
2.960158e+02      26.26           23.81           1.90656     0.00903       0.47  %   70000     
2.962117e+02      23.04           21.43           1.93030     0.00929       0.48  %   70000     
2.963118e+02      21.33           21.15           1.99149     0.00974       0.49  %   70000     
2.966156e+02      17.60           18.52           2.05229     0.00968       0.47  %   80000     
2.966257e+02      17.51           18.41           2.05173     0.00969       0.47  %   80000     
2.969854e+02      14.23           16.68           2.17233     0.01063       0.49  %   80000     
2.970628e+02      13.73           15.91           2.15890     0.01062       0.49  %   80000     
2.973927e+02      11.54           14.76           2.27989     0.01094       0.48  %   90000     
2.976908e+02      10.11           13.47           2.33176     0.01141       0.49  %   90000     
2.978408e+02      9.38            12.90           2.37557     0.01185       0.50  %   90000     
2.983568e+02      7.58            10.96           2.44579     0.01213       0.50  %   100000    
2.984546e+02      7.34            10.62           2.44672     0.01220       0.50  %   100000    
2.989334e+02      6.13            8.72            2.42117     0.01277       0.53  %   100000    
2.992664e+02      5.54            7.29            2.31690     0.01263       0.55  %   100000    
2.996109e+02      4.92            5.94            2.20899     0.01265       0.57  %   100000    
3.003424e+02      3.98            3.61            1.90561     0.01173       0.62  %   100000    
3.004616e+02      3.88            3.29            1.84945     0.01145       0.62  %   100000    
3.011638e+02      3.23            2.14            1.66265     0.01078       0.65  %   100000    
3.020306e+02      2.67            1.43            1.53535     0.01026       0.67  %   100000    
3.020671e+02      2.64            1.37            1.51971     0.01015       0.67  %   100000    
3.031067e+02      2.16            0.92            1.42445     0.00983       0.69  %   100000    
3.041759e+02      1.80            0.58            1.32278     0.00904       0.68  %   100000    
3.042355e+02      1.78            0.56            1.31563     0.00898       0.68  %   100000    
3.056725e+02      1.45            0.32            1.22390     0.00813       0.66  %   100000    
3.072310e+02      1.20            0.19            1.15433     0.00714       0.62  %   100000    
3.074303e+02      1.18            0.19            1.16130     0.00733       0.63  %   100000    
3.087640e+02      1.04            0.13            1.12930     0.00687       0.61  %   100000    
3.105056e+02      0.91            0.09            1.10320     0.00639       0.58  %   100000    
3.122277e+02      0.82            0.07            1.08798     0.00602       0.55  %   100000    
3.124044e+02      0.81            0.07            1.09101     0.00614       0.56  %   100000    
3.147804e+02      0.76            0.06            1.07313     0.00556       0.52  %   100000    
3.158382e+02      0.75            0.05            1.07259     0.00550       0.51  %   100000    
3.177715e+02      0.76            0.04            1.05630     0.00522       0.49  %   80000     
3.196542e+02      0.83            0.04            1.05089     0.00496       0.47  %   70000     
3.208924e+02      0.92            0.04            1.04030     0.00488       0.47  %   50000     
3.220367e+02      1.06            0.04            1.03695     0.00481       0.46  %   40000     
3.223306e+02      1.12            0.02            1.02127     0.00501       0.49  %   20000     
3.230380e+02      1.25            0.05            1.03685     0.00501       0.48  %   30000     
3.238399e+02      1.49            0.04            1.02952     0.00405       0.39  %   30000     
3.244987e+02      1.77            0.05            1.02744     0.00433       0.42  %   20000     
3.245319e+02      1.79            0.06            1.03319     0.00474       0.46  %   20000     
3.250708e+02      2.13            0.06            1.02603     0.00379       0.37  %   20000     
3.256019e+02      2.62            0.04            1.01412     0.00353       0.35  %   10000     
3.257167e+02      2.77            0.05            1.01913     0.00398       0.39  %   10000     
3.260481e+02      3.21            0.06            1.01895     0.00364       0.36  %   10000     
3.264304e+02      3.93            0.05            1.01182     0.00258       0.25  %   10000     
3.266814e+02      4.61            0.05            1.01149     0.00234       0.23  %   10000     
3.267648e+02      4.83            0.05            1.01133     0.00226       0.22  %   10000     
3.270608e+02      5.98            0.04            1.00619     0.00150       0.15  %   10000     
3.273197e+02      7.41            0.06            1.00862     0.00160       0.16  %   10000     
3.273417e+02      7.58            0.05            1.00641     0.00137       0.14  %   10000     
3.275285e+02      9.04            0.08            1.00940     0.00152       0.15  %   10000     
3.277004e+02      10.91           0.04            1.00403     0.00092       0.09  %   10000     
3.278343e+02      12.92           0.07            1.00507     0.00097       0.10  %   10000     
3.278585e+02      13.29           0.06            1.00442     0.00090       0.09  %   10000     
3.279892e+02      16.03           0.06            1.00392     0.00080       0.08  %   10000     
3.280981e+02      19.21           0.05            1.00267     0.00063       0.06  %   10000     
3.281940e+02      23.12           0.08            1.00343     0.00068       0.07  %   10000     
3.282240e+02      24.83           0.06            1.00241     0.00057       0.06  %   10000     
3.282703e+02      27.47           0.03            1.00117     0.00039       0.04  %   10000     
3.283232e+02      31.68           0.08            1.00238     0.00054       0.05  %   10000     
3.283467e+02      33.54           0.09            1.00273     0.00058       0.06  %   10000     
3.283894e+02      38.26           0.07            1.00182     0.00047       0.05  %   10000     
3.284077e+02      40.27           0.11            1.00265     0.00056       0.06  %   10000     
3.284352e+02      44.35           0.09            1.00203     0.00049       0.05  %   10000     
3.284649e+02      48.73           0.09            1.00190     0.00047       0.05  %   10000     
3.284809e+02      51.91           0.09            1.00177     0.00046       0.05  %   10000     
3.285221e+02      60.02           0.12            1.00200     0.00048       0.05  %   10000     
3.285267e+02      61.22           0.09            1.00153     0.00042       0.04  %   10000     
3.285724e+02      73.20           0.15            1.00199     0.00048       0.05  %   10000     
3.285793e+02      74.97           0.08            1.00106     0.00035       0.04  %   10000     
3.286182e+02      88.17           0.21            1.00235     0.00053       0.05  %   10000     
3.286319e+02      92.76           0.20            1.00212     0.00050       0.05  %   10000     
3.286639e+02      106.76          0.19            1.00177     0.00046       0.05  %   10000     
3.286937e+02      119.46          0.37            1.00310     0.00061       0.06  %   10000     
3.287097e+02      128.37          0.31            1.00239     0.00053       0.05  %   10000     
3.287554e+02      153.07          0.44            1.00289     0.00059       0.06  %   10000     
3.288071e+02      187.30          0.80            1.00426     0.00072       0.07  %   10000     
3.288203e+02      195.63          0.93            1.00478     0.00076       0.08  %   10000     
3.288639e+02      229.62          1.16            1.00505     0.00079       0.08  %   10000     
3.288982e+02      254.70          1.59            1.00623     0.00088       0.09  %   10000     
3.289238e+02      277.20          1.32            1.00474     0.00077       0.08  %   10000     
3.290025e+02      339.50          2.67            1.00787     0.00100       0.10  %   10000     
3.290080e+02      343.46          2.80            1.00814     0.00101       0.10  %   10000     
3.291818e+02      457.98          5.15            1.01124     0.00121       0.12  %   10000     
3.292550e+02      483.52          6.22            1.01287     0.00130       0.13  %   10000     
3.292843e+02      493.84          6.89            1.01395     0.00135       0.13  %   10000     
3.293484e+02      499.54          8.75            1.01751     0.00153       0.15  %   10000     
3.293809e+02      503.57          7.20            1.01429     0.00138       0.14  %   10000     
3.293875e+02      503.41          8.97            1.01782     0.00154       0.15  %   10000     
3.294247e+02      497.22          8.95            1.01800     0.00156       0.15  %   10000     
3.294509e+02      493.53          10.74           1.02176     0.00171       0.17  %   10000     
3.294801e+02      490.15          10.28           1.02097     0.00168       0.16  %   10000     
3.295314e+02      471.66          11.91           1.02526     0.00186       0.18  %   10000     
3.295716e+02      457.99          12.37           1.02701     0.00192       0.19  %   10000     
3.296339e+02      423.48          12.11           1.02860     0.00199       0.19  %   10000     
3.298284e+02      294.88          11.80           1.04003     0.00241       0.23  %   10000     
3.298974e+02      250.12          10.14           1.04055     0.00244       0.23  %   10000     
3.299065e+02      243.72          10.01           1.04105     0.00246       0.24  %   10000     
3.299725e+02      208.47          9.21            1.04420     0.00258       0.25  %   10000     
3.299907e+02      201.69          8.29            1.04110     0.00249       0.24  %   10000     
3.300273e+02      187.37          9.79            1.05226     0.00282       0.27  %   10000     
3.300593e+02      179.78          9.34            1.05196     0.00281       0.27  %   10000     
3.300731e+02      176.36          9.18            1.05204     0.00282       0.27  %   10000     
3.301280e+02      171.97          8.25            1.04797     0.00270       0.26  %   10000     
3.301325e+02      171.57          8.35            1.04864     0.00272       0.26  %   10000     
3.301508e+02      173.03          9.12            1.05270     0.00283       0.27  %   10000     
3.301783e+02      175.04          8.66            1.04947     0.00274       0.26  %   10000     
3.302176e+02      184.03          8.63            1.04687     0.00266       0.25  %   10000     
3.302376e+02      188.35          9.13            1.04848     0.00270       0.26  %   10000     
3.302860e+02      206.70          10.30           1.04982     0.00272       0.26  %   10000     
3.303052e+02      213.58          11.47           1.05372     0.00282       0.27  %   10000     
3.303648e+02      244.06          12.49           1.05119     0.00274       0.26  %   10000     
3.303994e+02      260.37          12.33           1.04737     0.00264       0.25  %   10000     
3.304724e+02      299.56          16.51           1.05511     0.00283       0.27  %   10000     
3.306243e+02      368.42          20.57           1.05584     0.00285       0.27  %   10000     
3.306627e+02      377.64          23.61           1.06252     0.00302       0.28  %   10000     
3.307165e+02      391.28          22.86           1.05841     0.00293       0.28  %   10000     
3.307626e+02      393.55          25.11           1.06381     0.00307       0.29  %   10000     
3.308017e+02      396.90          23.84           1.06008     0.00298       0.28  %   10000     
3.308645e+02      389.53          28.55           1.07329     0.00330       0.31  %   10000     
3.308798e+02      388.30          29.42           1.07577     0.00336       0.31  %   10000     
3.309490e+02      368.78          27.07           1.07340     0.00334       0.31  %   10000     
3.309721e+02      362.77          29.54           1.08142     0.00350       0.32  %   10000     
3.310567e+02      323.21          27.89           1.08628     0.00365       0.34  %   10000     
3.311162e+02      293.68          27.26           1.09283     0.00381       0.35  %   10000     
3.312604e+02      206.19          23.17           1.11236     0.00433       0.39  %   10000     
3.313257e+02      169.17          21.17           1.12515     0.00463       0.41  %   10000     
3.313484e+02      155.46          19.26           1.12388     0.00467       0.42  %   10000     
3.314151e+02      122.12          17.29           1.14162     0.00512       0.45  %   10000     
3.314265e+02      117.52          17.37           1.14781     0.00524       0.46  %   10000     
3.314799e+02      95.12           16.69           1.17549     0.00587       0.50  %   10000     
3.315304e+02      78.59           14.80           1.18829     0.00440       0.37  %   20000     
3.315448e+02      73.72           14.78           1.20047     0.00459       0.38  %   20000     
3.316061e+02      58.11           12.77           1.21978     0.00501       0.41  %   20000     
3.316265e+02      54.15           13.55           1.25025     0.00537       0.43  %   20000     
3.316601e+02      47.50           12.89           1.27130     0.00575       0.45  %   20000     
3.317202e+02      38.53           11.59           1.30082     0.00632       0.49  %   20000     
3.317466e+02      35.61           11.33           1.31825     0.00658       0.50  %   20000     
3.317802e+02      31.84           10.93           1.34321     0.00574       0.43  %   30000     
3.318523e+02      26.00           10.30           1.39631     0.00645       0.46  %   30000     
3.318667e+02      25.19           10.23           1.40615     0.00656       0.47  %   30000     
3.319364e+02      21.23           9.76            1.45973     0.00633       0.43  %   40000     
3.320208e+02      17.92           9.19            1.51292     0.00696       0.46  %   40000     
3.320313e+02      17.50           9.33            1.53321     0.00714       0.47  %   40000     
3.321491e+02      14.32           8.87            1.61926     0.00728       0.45  %   50000     
3.322328e+02      12.77           8.73            1.68392     0.00786       0.47  %   50000     
3.322865e+02      11.76           8.52            1.72415     0.00831       0.48  %   50000     
3.324558e+02      9.56            8.10            1.84661     0.00874       0.47  %   60000     
3.326336e+02      7.96            7.58            1.95311     0.00905       0.46  %   70000     
3.326534e+02      7.78            7.57            1.97333     0.00922       0.47  %   70000     
3.328790e+02      6.34            7.22            2.13872     0.01068       0.50  %   70000     
3.331256e+02      5.22            6.86            2.31396     0.01143       0.49  %   80000     
3.331314e+02      5.21            6.98            2.34098     0.01154       0.49  %   80000     
3.334382e+02      4.22            6.66            2.57736     0.01275       0.49  %   90000     
3.338022e+02      3.41            6.36            2.86308     0.01418       0.50  %   100000    
3.340178e+02      3.08            6.19            3.01361     0.01526       0.51  %   100000    
3.341783e+02      2.82            6.21            3.19924     0.01648       0.52  %   100000    
3.346242e+02      2.33            5.98            3.57027     0.01922       0.54  %   100000    
3.351445e+02      1.92            5.66            3.95197     0.02217       0.56  %   100000    
3.353680e+02      1.79            5.56            4.10008     0.02325       0.57  %   100000    
3.357792e+02      1.57            4.89            4.11636     0.02487       0.60  %   100000    
3.365266e+02      1.29            3.34            3.57740     0.02502       0.70  %   100000    
3.372966e+02      1.10            2.19            2.98920     0.02380       0.80  %   100000    
3.379836e+02      0.98            1.01            2.03177     0.01820       0.90  %   100000    
3.381713e+02      0.95            0.78            1.82313     0.01656       0.91  %   100000    
3.393581e+02      0.81            0.34            1.42441     0.01275       0.90  %   100000    
3.402943e+02      0.73            0.24            1.32065     0.01150       0.87  %   100000    
3.415426e+02      0.67            0.16            1.23925     0.01024       0.83  %   100000    
3.426357e+02      0.64            0.11            1.16980     0.00871       0.74  %   100000    
3.431823e+02      0.63            0.09            1.13823     0.00790       0.69  %   100000    
3.443708e+02      0.62            0.06            1.09646     0.00657       0.60  %   100000    
3.460935e+02      0.64            0.04            1.05909     0.00524       0.49  %   90000     
3.472968e+02      0.68            0.03            1.04816     0.00513       0.49  %   70000     
3.485549e+02      0.76            0.03            1.03782     0.00501       0.48  %   50000     
3.491840e+02      0.84            0.03            1.03534     0.00460       0.44  %   50000     
3.494265e+02      0.87            0.03            1.03305     0.00487       0.47  %   40000     
3.502753e+02      1.02            0.03            1.02848     0.00474       0.46  %   30000     
3.508816e+02      1.19            0.03            1.02403     0.00490       0.48  %   20000     
3.514161e+02      1.40            0.03            1.02341     0.00442       0.43  %   20000     
3.517994e+02      1.63            0.04            1.02285     0.00404       0.39  %   20000     
3.519271e+02      1.71            0.03            1.01626     0.00469       0.46  %   10000     
3.523381e+02      2.07            0.03            1.01649     0.00425       0.42  %   10000     
3.527053e+02      2.54            0.02            1.00976     0.00294       0.29  %   10000     
3.529790e+02      3.05            0.03            1.00960     0.00266       0.26  %   10000     
3.530267e+02      3.14            0.04            1.01287     0.00303       0.30  %   10000     
3.532755e+02      3.81            0.06            1.01527     0.00299       0.29  %   10000     
3.534887e+02      4.61            0.04            1.00929     0.00213       0.21  %   10000     
3.536720e+02      5.57            0.06            1.01070     0.00210       0.21  %   10000     
3.536938e+02      5.68            0.06            1.00969     0.00197       0.20  %   10000     
3.538661e+02      6.96            0.06            1.00908     0.00175       0.17  %   10000     
3.540088e+02      8.43            0.06            1.00717     0.00143       0.14  %   10000     
3.541266e+02      10.12           0.06            1.00551     0.00117       0.12  %   10000     
3.542248e+02      12.06           0.07            1.00600     0.00115       0.11  %   10000     
3.543186e+02      14.64           0.05            1.00375     0.00086       0.09  %   10000     
3.543790e+02      17.00           0.04            1.00219     0.00063       0.06  %   10000     
3.543950e+02      17.62           0.08            1.00430     0.00088       0.09  %   10000     
3.544714e+02      21.85           0.06            1.00294     0.00069       0.07  %   10000     
3.544779e+02      22.36           0.08            1.00340     0.00074       0.07  %   10000     
3.545325e+02      26.61           0.07            1.00276     0.00065       0.06  %   10000     
3.545788e+02      31.51           0.09            1.00291     0.00065       0.06  %   10000     
3.545890e+02      32.58           0.08            1.00261     0.00061       0.06  %   10000     
3.546406e+02      39.79           0.10            1.00250     0.00059       0.06  %   10000     
3.546545e+02      42.36           0.11            1.00261     0.00060       0.06  %   10000     
3.546921e+02      49.21           0.17            1.00336     0.00067       0.07  %   10000     
3.547210e+02      56.04           0.10            1.00172     0.00048       0.05  %   10000     
3.547437e+02      61.36           0.12            1.00197     0.00051       0.05  %   10000     
3.547726e+02      70.06           0.22            1.00311     0.00063       0.06  %   10000     
3.547953e+02      76.81           0.19            1.00245     0.00056       0.06  %   10000     
3.548241e+02      87.92           0.15            1.00166     0.00046       0.05  %   10000     
3.548571e+02      100.36          0.24            1.00243     0.00056       0.06  %   10000     
3.548819e+02      112.36          0.24            1.00216     0.00052       0.05  %   10000     
3.549190e+02      129.87          0.30            1.00229     0.00054       0.05  %   10000     
3.549376e+02      140.81          0.48            1.00343     0.00066       0.07  %   10000     
3.549850e+02      167.77          0.51            1.00306     0.00062       0.06  %   10000     
3.550008e+02      178.72          0.43            1.00242     0.00055       0.06  %   10000     
3.550665e+02      221.88          0.77            1.00345     0.00066       0.07  %   10000     
3.550741e+02      227.83          0.84            1.00371     0.00069       0.07  %   10000     
3.551649e+02      293.12          1.51            1.00516     0.00081       0.08  %   10000     
3.551995e+02      315.62          2.25            1.00713     0.00096       0.10  %   10000     
3.553513e+02      402.04          4.29            1.01066     0.00118       0.12  %   10000     
3.554074e+02      419.53          4.13            1.00985     0.00114       0.11  %   10000     
3.554536e+02      434.17          4.17            1.00960     0.00113       0.11  %   10000     
3.555163e+02      438.80          5.51            1.01256     0.00130       0.13  %   10000     
3.555458e+02      441.89          5.43            1.01230     0.00128       0.13  %   10000     
3.556169e+02      432.54          6.46            1.01494     0.00142       0.14  %   10000     
3.556302e+02      431.26          6.03            1.01398     0.00138       0.14  %   10000     
3.557226e+02      400.04          9.17            1.02293     0.00178       0.17  %   10000     
3.557357e+02      395.74          8.42            1.02127     0.00171       0.17  %   10000     
3.558216e+02      348.20          8.39            1.02410     0.00184       0.18  %   10000     
3.559123e+02      292.72          7.66            1.02618     0.00194       0.19  %   10000     
3.560282e+02      212.76          7.37            1.03463     0.00229       0.22  %   10000     
3.560905e+02      173.73          6.40            1.03686     0.00240       0.23  %   10000     
3.561111e+02      160.04          6.38            1.03985     0.00252       0.24  %   10000     
3.561771e+02      123.95          6.04            1.04875     0.00286       0.27  %   10000     
3.561936e+02      116.54          5.54            1.04754     0.00284       0.27  %   10000     
3.562328e+02      98.44           6.66            1.06765     0.00345       0.32  %   10000     
3.562947e+02      75.54           5.05            1.06680     0.00355       0.33  %   10000     
3.562967e+02      74.95           4.94            1.06593     0.00353       0.33  %   10000     
3.563462e+02      60.45           4.69            1.07759     0.00396       0.37  %   10000     
3.563978e+02      48.56           4.07            1.08383     0.00427       0.39  %   10000     
3.563999e+02      48.20           4.25            1.08808     0.00438       0.40  %   10000     
3.564494e+02      39.31           4.34            1.11040     0.00510       0.46  %   10000     
3.565009e+02      32.21           3.97            1.12329     0.00561       0.50  %   10000     
3.565208e+02      30.18           3.72            1.12328     0.00402       0.36  %   20000     
3.565620e+02      25.92           3.74            1.14417     0.00450       0.39  %   20000     
3.566223e+02      21.39           3.36            1.15707     0.00493       0.43  %   20000     
3.566513e+02      19.84           3.45            1.17384     0.00526       0.45  %   20000     
3.566977e+02      17.33           3.39            1.19569     0.00580       0.48  %   20000     
3.567731e+02      14.45           3.43            1.23749     0.00547       0.44  %   30000     
3.568251e+02      13.02           3.18            1.24429     0.00570       0.46  %   30000     
3.568564e+02      12.16           2.96            1.24371     0.00583       0.47  %   30000     
3.569606e+02      10.09           3.00            1.29673     0.00588       0.45  %   40000     
3.570568e+02      8.74            2.91            1.33351     0.00650       0.49  %   40000     
3.570856e+02      8.33            2.90            1.34860     0.00604       0.45  %   50000     
3.572286e+02      6.89            2.80            1.40645     0.00695       0.49  %   50000     
3.573997e+02      5.65            2.74            1.48453     0.00738       0.50  %   60000     
3.574834e+02      5.23            2.57            1.49172     0.00706       0.47  %   70000     
3.576040e+02      4.61            2.57            1.55743     0.00736       0.47  %   80000     
3.578529e+02      3.73            2.51            1.67265     0.00823       0.49  %   90000     
3.580529e+02      3.24            2.41            1.74533     0.00863       0.49  %   100000    
3.581174e+02      3.08            2.38            1.77409     0.00897       0.51  %   100000    
3.584241e+02      2.55            2.34            1.91873     0.01050       0.55  %   100000    
3.587820e+02      2.13            2.28            2.07380     0.01214       0.59  %   100000    
3.589702e+02      1.97            2.23            2.13088     0.01279       0.60  %   100000    
3.591760e+02      1.81            2.18            2.20919     0.01372       0.62  %   100000    
3.596623e+02      1.54            2.15            2.39673     0.01567       0.65  %   100000    
3.602459e+02      1.34            2.09            2.56302     0.01743       0.68  %   100000    
3.609118e+02      1.21            1.97            2.63511     0.01842       0.70  %   100000    
3.610264e+02      1.19            1.99            2.66819     0.01863       0.70  %   100000    
3.613831e+02      1.15            1.96            2.70400     0.01900       0.70  %   100000    
3.623259e+02      1.11            1.66            2.49762     0.01783       0.71  %   100000    
3.631580e+02      1.13            0.65            1.57087     0.01090       0.69  %   100000    
3.639901e+02      1.22            0.19            1.15576     0.00574       0.50  %   90000     
3.647749e+02      1.36            0.13            1.09428     0.00509       0.47  %   60000     
3.655799e+02      1.60            0.10            1.06153     0.00458       0.43  %   40000     
3.658614e+02      1.72            0.07            1.04332     0.00521       0.50  %   20000     
3.661549e+02      1.86            0.09            1.04694     0.00517       0.49  %   20000     
3.667518e+02      2.25            0.09            1.03840     0.00418       0.40  %   20000     
3.672656e+02      2.75            0.07            1.02708     0.00444       0.43  %   10000     
3.673077e+02      2.81            0.07            1.02505     0.00423       0.41  %   10000     
3.677106e+02      3.39            0.08            1.02431     0.00374       0.37  %   10000     
3.680639e+02      4.11            0.06            1.01509     0.00266       0.26  %   10000     
3.683667e+02      4.98            0.07            1.01406     0.00234       0.23  %   10000     
3.686401e+02      6.07            0.05            1.00805     0.00161       0.16  %   10000     
3.688745e+02      7.35            0.08            1.01059     0.00169       0.17  %   10000     
3.691042e+02      9.12            0.05            1.00596     0.00117       0.12  %   10000     
3.693012e+02      11.26           0.05            1.00476     0.00097       0.10  %   10000     
3.694153e+02      12.99           0.05            1.00400     0.00085       0.08  %   10000     
3.694640e+02      13.73           0.06            1.00442     0.00088       0.09  %   10000     
3.696193e+02      17.07           0.05            1.00272     0.00066       0.07  %   10000     
3.696654e+02      18.46           0.05            1.00279     0.00066       0.07  %   10000     
3.697302e+02      20.40           0.05            1.00256     0.00062       0.06  %   10000     
3.697955e+02      23.16           0.07            1.00304     0.00066       0.07  %   10000     
3.698442e+02      25.21           0.10            1.00386     0.00074       0.07  %   10000     
3.698931e+02      28.20           0.09            1.00308     0.00066       0.07  %   10000     
3.699391e+02      31.00           0.09            1.00306     0.00065       0.06  %   10000     
3.699722e+02      33.87           0.11            1.00316     0.00066       0.07  %   10000     
3.700181e+02      37.83           0.10            1.00261     0.00060       0.06  %   10000     
3.700304e+02      39.30           0.12            1.00315     0.00066       0.07  %   10000     
3.700886e+02      46.26           0.21            1.00452     0.00079       0.08  %   10000     
3.701442e+02      55.32           0.23            1.00414     0.00075       0.08  %   10000     
3.701532e+02      56.78           0.19            1.00332     0.00068       0.07  %   10000     
3.701959e+02      66.16           0.25            1.00376     0.00072       0.07  %   10000     
3.702179e+02      70.90           0.33            1.00464     0.00081       0.08  %   10000     
3.702476e+02      79.61           0.29            1.00367     0.00072       0.07  %   10000     
3.702799e+02      88.85           0.42            1.00473     0.00082       0.08  %   10000     
3.702993e+02      96.27           0.52            1.00545     0.00088       0.09  %   10000     
3.703439e+02      112.83          0.64            1.00569     0.00091       0.09  %   10000     
3.703459e+02      113.78          0.78            1.00686     0.00100       0.10  %   10000     
3.704002e+02      139.49          0.89            1.00638     0.00097       0.10  %   10000     
3.704079e+02      143.01          1.22            1.00850     0.00112       0.11  %   10000     
3.704545e+02      169.96          1.13            1.00664     0.00100       0.10  %   10000     
3.704723e+02      179.70          1.62            1.00899     0.00117       0.12  %   10000     
3.705163e+02      209.67          1.90            1.00906     0.00118       0.12  %   10000     
3.705460e+02      228.32          2.42            1.01059     0.00128       0.13  %   10000     
3.705794e+02      254.00          3.29            1.01296     0.00142       0.14  %   10000     
3.706332e+02      290.68          3.56            1.01226     0.00139       0.14  %   10000     
3.706611e+02      312.85          3.49            1.01115     0.00133       0.13  %   10000     
3.707677e+02      381.05          5.23            1.01372     0.00149       0.15  %   10000     
3.707759e+02      385.63          7.63            1.01978     0.00179       0.18  %   10000     
3.709414e+02      456.63          10.71           1.02346     0.00197       0.19  %   10000     
3.709704e+02      460.96          12.01           1.02605     0.00208       0.20  %   10000     
3.710407e+02      474.63          13.55           1.02855     0.00218       0.21  %   10000     
3.710738e+02      473.68          13.35           1.02819     0.00218       0.21  %   10000     
3.711359e+02      477.23          15.78           1.03307     0.00236       0.23  %   10000     
3.711761e+02      470.80          20.96           1.04451     0.00275       0.26  %   10000     
3.712249e+02      467.37          21.97           1.04702     0.00283       0.27  %   10000     
3.712662e+02      455.81          22.93           1.05031     0.00294       0.28  %   10000     
3.713242e+02      443.40          20.01           1.04512     0.00280       0.27  %   10000     
3.713800e+02      419.55          18.69           1.04455     0.00281       0.27  %   10000     
3.714793e+02      374.90          18.44           1.04918     0.00297       0.28  %   10000     
3.716241e+02      283.00          20.33           1.07184     0.00367       0.34  %   10000     
3.716779e+02      248.61          16.50           1.06637     0.00355       0.33  %   10000     
3.717112e+02      224.43          15.62           1.06960     0.00368       0.34  %   10000     
3.717817e+02      180.40          16.50           1.09148     0.00427       0.39  %   10000     
3.717842e+02      178.67          14.67           1.08210     0.00406       0.38  %   10000     
3.718548e+02      140.00          12.67           1.09047     0.00437       0.40  %   10000     
3.718650e+02      135.59          12.43           1.09165     0.00440       0.40  %   10000     
3.719169e+02      111.73          11.91           1.10657     0.00486       0.44  %   10000     
3.719544e+02      98.23           11.36           1.11566     0.00511       0.46  %   10000     
3.719789e+02      88.99           10.93           1.12283     0.00535       0.48  %   10000     
3.720358e+02      72.83           9.74            1.13370     0.00404       0.36  %   20000     
3.720436e+02      70.55           9.50            1.13470     0.00408       0.36  %   20000     
3.721082e+02      56.56           8.74            1.15443     0.00452       0.39  %   20000     
3.721341e+02      52.45           8.34            1.15907     0.00462       0.40  %   20000     
3.721729e+02      46.12           7.79            1.16886     0.00488       0.42  %   20000     
3.722375e+02      38.34           6.95            1.18119     0.00521       0.44  %   20000     
3.723151e+02      31.48           6.60            1.20951     0.00583       0.48  %   20000     
3.723701e+02      27.97           6.23            1.22290     0.00500       0.41  %   30000     
3.723927e+02      26.51           6.00            1.22641     0.00511       0.42  %   30000     
3.724889e+02      22.03           5.83            1.26464     0.00573       0.45  %   30000     
3.725318e+02      20.62           5.71            1.27687     0.00592       0.46  %   30000     
3.726044e+02      18.21           5.31            1.29173     0.00627       0.49  %   30000     
3.727290e+02      15.25           5.06            1.33188     0.00601       0.45  %   40000     
3.727482e+02      14.92           4.79            1.32107     0.00594       0.45  %   40000     
3.728709e+02      12.80           4.66            1.36414     0.00657       0.48  %   40000     
3.730412e+02      10.68           4.36            1.40878     0.00649       0.46  %   50000     
3.730870e+02      10.28           4.20            1.40879     0.00653       0.46  %   50000     
3.732490e+02      8.86            4.00            1.45090     0.00715       0.49  %   50000     
3.734846e+02      7.48            3.80            1.50871     0.00719       0.48  %   60000     
3.735552e+02      7.21            3.66            1.50744     0.00722       0.48  %   60000     
3.737203e+02      6.58            3.49            1.53025     0.00756       0.49  %   60000     
3.739873e+02      6.04            3.43            1.56731     0.00729       0.47  %   70000     
3.741442e+02      5.96            3.23            1.54148     0.00761       0.49  %   60000     
3.742227e+02      6.05            3.12            1.51616     0.00732       0.48  %   60000     
3.743026e+02      6.13            3.11            1.50714     0.00716       0.48  %   60000     
3.744225e+02      6.56            3.03            1.46236     0.00721       0.49  %   50000     
3.745224e+02      7.28            2.99            1.41094     0.00646       0.46  %   50000     
3.746023e+02      8.29            2.88            1.34798     0.00627       0.47  %   40000     
3.746722e+02      9.68            2.89            1.29795     0.00627       0.48  %   30000     
3.747321e+02      11.45           2.80            1.24472     0.00532       0.43  %   30000     
3.747921e+02      13.94           2.80            1.20091     0.00549       0.46  %   20000     
3.748520e+02      17.40           2.81            1.16134     0.00455       0.39  %   20000     
3.748620e+02      18.18           2.91            1.15983     0.00446       0.38  %   20000     
3.749126e+02      22.15           2.77            1.12523     0.00528       0.47  %   10000     
3.749295e+02      23.90           2.98            1.12456     0.00514       0.46  %   10000     
3.749716e+02      28.25           3.09            1.10936     0.00462       0.42  %   10000     
3.750391e+02      37.28           2.92            1.07839     0.00368       0.34  %   10000     
3.750644e+02      41.61           2.68            1.06444     0.00327       0.31  %   10000     
3.751150e+02      50.20           2.90            1.05786     0.00300       0.28  %   10000     
3.751932e+02      66.74           2.96            1.04436     0.00252       0.24  %   10000     
3.752126e+02      70.77           2.97            1.04201     0.00244       0.23  %   10000     
3.753626e+02      105.88          3.23            1.03051     0.00200       0.19  %   10000     
3.754381e+02      122.96          3.90            1.03170     0.00201       0.20  %   10000     
3.755461e+02      140.00          4.17            1.02980     0.00194       0.19  %   10000     
3.756292e+02      145.54          4.61            1.03166     0.00201       0.19  %   10000     
3.756319e+02      145.56          4.89            1.03363     0.00207       0.20  %   10000     
3.756510e+02      145.77          4.07            1.02792     0.00189       0.18  %   10000     
3.757471e+02      140.52          4.68            1.03332     0.00208       0.20  %   10000     
3.757741e+02      136.49          4.70            1.03446     0.00212       0.21  %   10000     
3.758011e+02      132.48          4.96            1.03746     0.00222       0.21  %   10000     
3.758442e+02      126.05          5.21            1.04130     0.00234       0.22  %   10000     
3.759630e+02      99.44           4.99            1.05020     0.00266       0.25  %   10000     
3.760196e+02      86.47           5.04            1.05834     0.00292       0.28  %   10000     
3.761456e+02      57.67           4.54            1.07879     0.00360       0.33  %   10000     
3.762247e+02      42.64           4.84            1.11349     0.00456       0.41  %   10000     
3.762922e+02      32.29           4.67            1.14479     0.00545       0.48  %   10000     
3.763512e+02      25.09           4.38            1.17446     0.00449       0.38  %   20000     
3.763630e+02      23.97           4.60            1.19193     0.00475       0.40  %   20000     
3.764102e+02      19.47           4.16            1.21375     0.00532       0.44  %   20000     
3.764640e+02      15.54           4.13            1.26595     0.00517       0.41  %   30000     
3.765242e+02      12.24           3.97            1.32462     0.00616       0.47  %   30000     
3.765844e+02      9.85            3.84            1.39010     0.00628       0.45  %   40000     
3.766286e+02      8.59            3.83            1.44558     0.00701       0.48  %   40000     
3.766446e+02      8.13            3.90            1.47926     0.00662       0.45  %   50000     
3.767148e+02      6.74            3.85            1.57098     0.00774       0.49  %   50000     
3.767924e+02      5.71            3.70            1.64841     0.00801       0.49  %   60000     
3.768747e+02      4.99            3.58            1.71772     0.00820       0.48  %   70000     
3.769790e+02      4.40            3.57            1.81273     0.00851       0.47  %   80000     
3.769845e+02      4.37            3.51            1.80448     0.00850       0.47  %   80000     
3.771491e+02      3.81            3.43            1.90106     0.00945       0.50  %   80000     
3.773686e+02      3.40            3.33            1.98172     0.00966       0.49  %   90000     
3.776430e+02      3.14            3.18            2.01521     0.01000       0.50  %   90000     
3.779971e+02      3.04            2.94            1.96757     0.00969       0.49  %   90000     
3.780451e+02      3.05            2.85            1.93204     0.00948       0.49  %   90000     
3.784271e+02      3.17            2.38            1.75324     0.00873       0.50  %   80000     
3.787711e+02      3.45            1.86            1.54027     0.00749       0.49  %   70000     
3.791151e+02      3.94            1.37            1.34752     0.00661       0.49  %   50000     
3.794164e+02      4.61            1.03            1.22468     0.00548       0.45  %   40000     
3.795471e+02      5.03            0.92            1.18230     0.00546       0.46  %   30000     
3.796750e+02      5.45            0.85            1.15541     0.00482       0.42  %   30000     
3.798904e+02      6.45            0.74            1.11532     0.00467       0.42  %   20000     
3.800900e+02      7.75            0.72            1.09273     0.00542       0.50  %   10000     
3.802601e+02      9.31            0.64            1.06903     0.00433       0.40  %   10000     
3.802826e+02      9.59            0.65            1.06740     0.00423       0.40  %   10000     
3.804019e+02      11.10           0.61            1.05506     0.00360       0.34  %   10000     
3.805339e+02      13.42           0.58            1.04340     0.00299       0.29  %   10000     
3.806375e+02      15.94           0.51            1.03230     0.00245       0.24  %   10000     
3.807032e+02      18.21           0.53            1.02895     0.00223       0.22  %   10000     
3.807411e+02      19.51           0.48            1.02446     0.00202       0.20  %   10000     
3.807985e+02      22.34           0.52            1.02340     0.00192       0.19  %   10000     
3.808234e+02      23.56           0.55            1.02315     0.00190       0.19  %   10000     
3.808938e+02      28.46           0.48            1.01692     0.00158       0.15  %   10000     
3.809004e+02      28.91           0.56            1.01953     0.00169       0.17  %   10000     
3.809697e+02      35.69           0.60            1.01685     0.00154       0.15  %   10000     
3.809701e+02      35.74           0.50            1.01401     0.00140       0.14  %   10000     
3.810312e+02      43.94           0.71            1.01613     0.00148       0.15  %   10000     
3.810888e+02      54.23           0.74            1.01371     0.00136       0.13  %   10000     
3.811348e+02      65.21           0.93            1.01428     0.00138       0.14  %   10000     
3.811520e+02      69.26           1.12            1.01622     0.00147       0.14  %   10000     
3.811866e+02      80.14           1.16            1.01454     0.00139       0.14  %   10000     
3.812130e+02      88.32           1.28            1.01448     0.00139       0.14  %   10000     
3.812337e+02      96.73           1.32            1.01364     0.00135       0.13  %   10000     
3.812752e+02      113.12          1.70            1.01499     0.00142       0.14  %   10000     
3.812878e+02      119.54          1.82            1.01525     0.00143       0.14  %   10000     
3.813373e+02      143.79          2.33            1.01623     0.00149       0.15  %   10000     
3.813396e+02      145.20          2.18            1.01499     0.00143       0.14  %   10000     
3.813971e+02      179.19          2.99            1.01668     0.00151       0.15  %   10000     
3.814056e+02      183.97          3.41            1.01856     0.00160       0.16  %   10000     
3.814599e+02      221.15          4.60            1.02081     0.00170       0.17  %   10000     
3.814851e+02      237.19          4.65            1.01959     0.00166       0.16  %   10000     
3.815311e+02      271.95          5.62            1.02067     0.00170       0.17  %   10000     
3.815955e+02      315.04          8.04            1.02552     0.00191       0.19  %   10000     
3.816286e+02      337.12          8.64            1.02563     0.00192       0.19  %   10000     
3.817980e+02      427.63          13.30           1.03111     0.00213       0.21  %   10000     
3.818459e+02      440.09          15.40           1.03500     0.00228       0.22  %   10000     
3.819085e+02      457.10          13.50           1.02953     0.00210       0.20  %   10000     
3.819490e+02      458.18          16.67           1.03638     0.00234       0.23  %   10000     
3.820112e+02      463.01          19.93           1.04304     0.00255       0.24  %   10000     
3.820497e+02      456.80          20.70           1.04533     0.00263       0.25  %   10000     
3.820760e+02      453.53          20.22           1.04459     0.00261       0.25  %   10000     
3.821055e+02      450.80          22.68           1.05031     0.00277       0.26  %   10000     
3.821571e+02      435.03          22.84           1.05251     0.00285       0.27  %   10000     
3.821975e+02      423.95          22.27           1.05254     0.00286       0.27  %   10000     
3.822602e+02      393.93          21.35           1.05419     0.00293       0.28  %   10000     
3.823559e+02      345.00          21.07           1.06107     0.00314       0.30  %   10000     
3.825032e+02      247.69          17.16           1.06927     0.00346       0.32  %   10000     
3.825760e+02      200.52          15.08           1.07522     0.00367       0.34  %   10000     
3.825845e+02      194.52          16.03           1.08240     0.00385       0.36  %   10000     
3.826606e+02      149.82          14.26           1.09516     0.00425       0.39  %   10000     
3.826825e+02      139.30          13.89           1.09973     0.00437       0.40  %   10000     
3.827250e+02      117.75          12.88           1.10937     0.00468       0.42  %   10000     
3.827826e+02      94.36           12.32           1.13057     0.00524       0.46  %   10000     
3.827867e+02      92.61           12.03           1.12988     0.00525       0.46  %   10000     
3.828408e+02      74.77           9.78            1.13087     0.00546       0.48  %   10000     
3.828631e+02      68.96           10.12           1.14670     0.00412       0.36  %   20000     
3.828948e+02      60.51           10.08           1.16663     0.00450       0.39  %   20000     
3.829496e+02      49.21           9.09            1.18464     0.00492       0.41  %   20000     
3.829713e+02      45.80           9.01            1.19676     0.00512       0.43  %   20000     
3.830049e+02      40.40           8.24            1.20398     0.00537       0.45  %   20000     
3.830711e+02      32.50           7.59            1.23365     0.00601       0.49  %   20000     
3.830748e+02      32.19           7.91            1.24563     0.00616       0.49  %   20000     
3.831382e+02      26.68           7.28            1.27290     0.00556       0.44  %   30000     
3.832190e+02      21.67           6.74            1.31118     0.00623       0.48  %   30000     
3.832272e+02      21.32           6.58            1.30849     0.00623       0.48  %   30000     
3.833089e+02      17.76           6.18            1.34815     0.00603       0.45  %   40000     
3.834040e+02      14.83           5.72            1.38561     0.00665       0.48  %   40000     
3.834303e+02      14.26           5.49            1.38519     0.00671       0.48  %   40000     
3.835203e+02      12.26           5.31            1.43258     0.00665       0.46  %   50000     
3.836598e+02      10.07           4.80            1.47676     0.00676       0.46  %   60000     
3.836929e+02      9.70            4.63            1.47727     0.00683       0.46  %   60000     
3.838346e+02      8.12            4.38            1.53877     0.00769       0.50  %   60000     
3.840254e+02      6.63            4.09            1.61693     0.00759       0.47  %   80000     
3.840459e+02      6.51            4.00            1.61393     0.00762       0.47  %   80000     
3.842287e+02      5.48            3.87            1.70592     0.00818       0.48  %   90000     
3.844667e+02      4.51            3.65            1.80961     0.00889       0.49  %   100000    
3.846293e+02      4.03            3.49            1.86556     0.00953       0.51  %   100000    
3.847444e+02      3.69            3.46            1.93686     0.01026       0.53  %   100000    
3.850799e+02      3.00            3.33            2.10991     0.01207       0.57  %   100000    
3.854386e+02      2.47            3.18            2.28486     0.01392       0.61  %   100000    
3.856175e+02      2.29            3.13            2.36473     0.01472       0.62  %   100000    
3.858691e+02      2.03            3.02            2.48868     0.01615       0.65  %   100000    
3.863955e+02      1.66            2.99            2.80492     0.01923       0.69  %   100000    
3.869605e+02      1.38            2.85            3.05671     0.02198       0.72  %   100000    
3.870752e+02      1.35            2.85            3.11571     0.02250       0.72  %   100000    
3.876431e+02      1.16            2.72            3.34821     0.02527       0.75  %   100000    
3.884396e+02      0.98            2.60            3.65950     0.02875       0.79  %   100000    
3.892808e+02      0.85            2.31            3.70921     0.03067       0.83  %   100000    
3.898903e+02      0.79            1.41            2.77762     0.02583       0.93  %   100000    
3.902013e+02      0.76            0.92            2.21064     0.02184       0.99  %   100000    
3.911217e+02      0.70            0.29            1.41854     0.01337       0.94  %   100000    
3.922584e+02      0.66            0.18            1.28100     0.01117       0.87  %   100000    
3.933950e+02      0.64            0.14            1.21791     0.00980       0.80  %   100000    
3.943835e+02      0.66            0.11            1.15959     0.00818       0.71  %   100000    
3.953719e+02      0.71            0.08            1.11068     0.00649       0.58  %   100000    
3.962461e+02      0.80            0.06            1.07521     0.00525       0.49  %   90000     
3.968918e+02      0.93            0.06            1.05929     0.00528       0.50  %   60000     
3.972080e+02      1.03            0.05            1.04766     0.00491       0.47  %   50000     
3.974298e+02      1.10            0.04            1.03369     0.00513       0.50  %   30000     
3.978048e+02      1.28            0.04            1.03243     0.00463       0.45  %   30000     
3.981182e+02      1.51            0.05            1.03570     0.00446       0.43  %   30000     
3.983793e+02      1.78            0.04            1.02118     0.00386       0.38  %   20000     
3.986175e+02      2.15            0.03            1.01409     0.00406       0.40  %   10000     
3.986864e+02      2.30            0.04            1.01756     0.00439       0.43  %   10000     
3.987934e+02      2.54            0.06            1.02178     0.00464       0.45  %   10000     
3.989400e+02      3.02            0.04            1.01415     0.00343       0.34  %   10000     
3.990573e+02      3.60            0.05            1.01409     0.00315       0.31  %   10000     
3.991429e+02      4.22            0.03            1.00731     0.00211       0.21  %   10000     
3.992178e+02      5.00            0.06            1.01206     0.00251       0.25  %   10000     
3.992856e+02      6.03            0.05            1.00762     0.00185       0.18  %   10000     
3.992927e+02      6.14            0.05            1.00883     0.00197       0.20  %   10000     
3.993569e+02      7.53            0.04            1.00525     0.00140       0.14  %   10000     
3.994119e+02      9.16            0.07            1.00743     0.00155       0.15  %   10000     
3.994728e+02      11.60           0.06            1.00520     0.00119       0.12  %   10000     
3.995337e+02      14.90           0.05            1.00350     0.00090       0.09  %   10000     
3.995947e+02      19.26           0.08            1.00424     0.00092       0.09  %   10000     
3.996621e+02      25.58           0.07            1.00281     0.00070       0.07  %   10000     
3.997025e+02      30.42           0.08            1.00260     0.00065       0.06  %   10000     
3.997295e+02      33.64           0.09            1.00266     0.00065       0.06  %   10000     
3.998138e+02      46.23           0.06            1.00127     0.00042       0.04  %   10000     
3.998374e+02      50.57           0.09            1.00179     0.00050       0.05  %   10000     
3.999321e+02      67.75           0.12            1.00181     0.00048       0.05  %   10000     
3.999978e+02      80.23           0.12            1.00151     0.00043       0.04  %   10000     
4.001165e+02      102.25          0.20            1.00195     0.00049       0.05  %   10000     
4.002135e+02      115.14          0.21            1.00181     0.00047       0.05  %   10000     
4.002189e+02      115.85          0.32            1.00278     0.00058       0.06  %   10000     
4.003252e+02      121.95          0.27            1.00219     0.00051       0.05  %   10000     
4.003429e+02      122.08          0.40            1.00328     0.00063       0.06  %   10000     
4.004090e+02      119.69          0.32            1.00271     0.00058       0.06  %   10000     
4.004360e+02      118.73          0.29            1.00247     0.00055       0.06  %   10000     
4.005672e+02      105.19          0.62            1.00588     0.00086       0.09  %   10000     
4.005879e+02      102.73          0.55            1.00540     0.00083       0.08  %   10000     
4.007326e+02      85.40           0.59            1.00689     0.00096       0.10  %   10000     
4.008265e+02      80.05           0.60            1.00744     0.00101       0.10  %   10000     
4.008399e+02      79.98           0.74            1.00923     0.00112       0.11  %   10000     
4.008520e+02      79.91           0.66            1.00829     0.00107       0.11  %   10000     
4.009256e+02      83.26           0.71            1.00855     0.00108       0.11  %   10000     
4.009512e+02      86.55           0.83            1.00958     0.00114       0.11  %   10000     
4.010020e+02      92.97           0.66            1.00708     0.00098       0.10  %   10000     
4.010602e+02      105.07          0.83            1.00789     0.00102       0.10  %   10000     
4.010812e+02      109.36          0.71            1.00653     0.00093       0.09  %   10000     
4.011787e+02      136.33          1.07            1.00782     0.00101       0.10  %   10000     
4.011866e+02      138.45          1.46            1.01056     0.00117       0.12  %   10000     
4.013803e+02      193.78          1.66            1.00859     0.00105       0.10  %   10000     
4.014938e+02      213.38          2.81            1.01317     0.00130       0.13  %   10000     
4.015737e+02      217.54          2.83            1.01299     0.00129       0.13  %   10000     
4.016224e+02      214.25          2.65            1.01235     0.00127       0.13  %   10000     
4.016624e+02      211.68          2.32            1.01096     0.00120       0.12  %   10000     
4.016825e+02      207.87          2.76            1.01328     0.00132       0.13  %   10000     
4.017693e+02      191.44          3.18            1.01662     0.00149       0.15  %   10000     
4.018161e+02      177.52          3.50            1.01970     0.00164       0.16  %   10000     
4.019229e+02      145.00          3.30            1.02278     0.00179       0.18  %   10000     
4.019830e+02      125.47          3.18            1.02531     0.00192       0.19  %   10000     
4.020758e+02      94.29           2.77            1.02943     0.00214       0.21  %   10000     
4.021658e+02      68.67           2.64            1.03847     0.00256       0.25  %   10000     
4.022159e+02      57.11           2.73            1.04787     0.00293       0.28  %   10000     
4.022410e+02      51.25           2.42            1.04721     0.00297       0.28  %   10000     
4.023036e+02      39.63           2.61            1.06592     0.00369       0.35  %   10000     
4.023662e+02      30.48           2.29            1.07523     0.00416       0.39  %   10000     
4.023829e+02      28.62           2.27            1.07925     0.00433       0.40  %   10000     
4.024288e+02      23.46           2.22            1.09467     0.00498       0.45  %   10000     
4.024914e+02      18.21           2.08            1.11444     0.00414       0.37  %   20000     
4.025081e+02      17.18           2.29            1.13354     0.00454       0.40  %   20000     
4.025540e+02      14.34           1.99            1.13862     0.00490       0.43  %   20000     
4.026201e+02      11.38           2.03            1.17840     0.00489       0.41  %   30000     
4.026835e+02      9.34            1.99            1.21312     0.00570       0.47  %   30000     
4.027412e+02      8.00            1.96            1.24483     0.00557       0.45  %   40000     
4.027559e+02      7.66            1.89            1.24685     0.00569       0.46  %   40000     
4.028282e+02      6.45            2.00            1.30979     0.00606       0.46  %   50000     
4.029286e+02      5.28            1.86            1.35197     0.00637       0.47  %   60000     
4.030355e+02      4.42            1.84            1.41514     0.00684       0.48  %   70000     
4.030630e+02      4.26            1.84            1.43102     0.00706       0.49  %   70000     
4.031638e+02      3.69            1.83            1.49649     0.00709       0.47  %   90000     
4.033253e+02      3.04            1.81            1.59331     0.00795       0.50  %   100000    
4.035331e+02      2.47            1.76            1.71216     0.00948       0.55  %   100000    
4.036335e+02      2.28            1.73            1.75925     0.01011       0.57  %   100000    
4.037687e+02      2.02            1.72            1.85004     0.01127       0.61  %   100000    
4.040302e+02      1.68            1.74            2.03454     0.01347       0.66  %   100000    
4.043352e+02      1.40            1.70            2.21354     0.01579       0.71  %   100000    
4.047016e+02      1.16            1.67            2.43277     0.01853       0.76  %   100000    
4.049791e+02      1.05            1.62            2.55225     0.02017       0.79  %   100000    
4.051536e+02      0.97            1.64            2.68550     0.02173       0.81  %   100000    
4.056876e+02      0.82            1.63            2.99378     0.02548       0.85  %   100000    
4.063770e+02      0.69            1.59            3.30172     0.02947       0.89  %   100000    
4.070664e+02      0.61            1.57            3.57845     0.03289       0.92  %   100000    
4.076179e+02      0.57            1.54            3.71266     0.03469       0.93  %   100000    
4.080460e+02      0.54            1.47            3.74184     0.03585       0.96  %   100000    
4.093305e+02      0.48            0.93            2.94098     0.03193       1.09  %   100000    
4.110431e+02      0.44            0.11            1.26175     0.01230       0.97  %   100000    
4.134059e+02      0.42            0.06            1.14012     0.00909       0.80  %   100000    
4.147759e+02      0.41            0.05            1.12128     0.00840       0.75  %   100000    
4.173675e+02      0.42            0.03            1.07055     0.00621       0.58  %   100000    
4.209467e+02      0.47            0.02            1.04282     0.00501       0.48  %   80000     
4.234524e+02      0.53            0.02            1.03681     0.00496       0.48  %   60000     
4.257138e+02      0.61            0.02            1.03098     0.00509       0.49  %   40000     
4.264676e+02      0.65            0.02            1.03016     0.00483       0.47  %   40000     
4.276980e+02      0.72            0.01            1.01759     0.00488       0.48  %   20000     
4.292785e+02      0.86            0.02            1.02334     0.00412       0.40  %   30000     
4.306792e+02      1.04            0.02            1.02363     0.00454       0.44  %   20000     
4.310294e+02      1.11            0.03            1.02371     0.00440       0.43  %   20000     
4.317297e+02      1.24            0.02            1.01567     0.00472       0.47  %   10000     
4.327314e+02      1.50            0.02            1.01476     0.00409       0.40  %   10000     
4.336079e+02      1.84            0.04            1.02086     0.00435       0.43  %   10000     
4.343839e+02      2.26            0.03            1.01162     0.00290       0.29  %   10000     
4.343926e+02      2.27            0.03            1.01305     0.00307       0.30  %   10000     
4.350521e+02      2.78            0.03            1.01056     0.00249       0.25  %   10000     
4.356319e+02      3.42            0.03            1.00864     0.00203       0.20  %   10000     
4.361537e+02      4.24            0.04            1.00908     0.00189       0.19  %   10000     
4.363099e+02      4.59            0.04            1.00813     0.00173       0.17  %   10000     
4.365965e+02      5.22            0.04            1.00738     0.00157       0.16  %   10000     
4.369011e+02      6.17            0.03            1.00566     0.00130       0.13  %   10000     
4.370129e+02      6.51            0.05            1.00721     0.00144       0.14  %   10000     
4.372867e+02      7.72            0.05            1.00706     0.00136       0.13  %   10000     
4.373599e+02      8.04            0.05            1.00669     0.00131       0.13  %   10000     
4.376722e+02      9.97            0.08            1.00797     0.00136       0.14  %   10000     
4.376838e+02      10.04           0.09            1.00866     0.00142       0.14  %   10000     
4.379287e+02      12.13           0.08            1.00665     0.00121       0.12  %   10000     
4.379760e+02      12.68           0.09            1.00698     0.00123       0.12  %   10000     
4.381748e+02      15.00           0.11            1.00765     0.00127       0.13  %   10000     
4.382130e+02      15.63           0.12            1.00737     0.00124       0.12  %   10000     
4.383934e+02      18.58           0.17            1.00893     0.00136       0.13  %   10000     
4.384044e+02      18.83           0.14            1.00725     0.00122       0.12  %   10000     
4.385684e+02      22.57           0.17            1.00742     0.00123       0.12  %   10000     
4.385847e+02      22.94           0.20            1.00869     0.00134       0.13  %   10000     
4.387050e+02      26.76           0.18            1.00681     0.00118       0.12  %   10000     
4.387487e+02      28.14           0.29            1.01022     0.00146       0.14  %   10000     
4.388362e+02      31.93           0.33            1.01043     0.00147       0.15  %   10000     
4.388800e+02      33.79           0.30            1.00887     0.00137       0.14  %   10000     
4.389455e+02      37.65           0.45            1.01184     0.00158       0.16  %   10000     
4.390043e+02      41.04           0.40            1.00968     0.00144       0.14  %   10000     
4.390390e+02      43.87           0.51            1.01160     0.00157       0.16  %   10000     
4.391246e+02      50.69           0.76            1.01497     0.00181       0.18  %   10000     
4.391325e+02      51.58           0.54            1.01056     0.00152       0.15  %   10000     
4.392167e+02      60.85           0.96            1.01572     0.00187       0.18  %   10000     
4.392298e+02      62.24           0.93            1.01494     0.00183       0.18  %   10000     
4.392932e+02      71.70           1.16            1.01625     0.00192       0.19  %   10000     
4.393282e+02      76.70           1.63            1.02124     0.00222       0.22  %   10000     
4.393698e+02      84.82           1.55            1.01826     0.00206       0.20  %   10000     
4.394157e+02      93.35           1.77            1.01894     0.00212       0.21  %   10000     
4.394463e+02      100.95          1.86            1.01846     0.00210       0.21  %   10000     
4.395031e+02      114.13          2.47            1.02165     0.00230       0.22  %   10000     
4.395228e+02      120.13          2.54            1.02113     0.00227       0.22  %   10000     
4.395906e+02      139.09          3.68            1.02648     0.00257       0.25  %   10000     
4.396037e+02      143.85          3.69            1.02568     0.00253       0.25  %   10000     
4.396890e+02      171.25          5.27            1.03077     0.00280       0.27  %   10000     
4.396923e+02      172.57          5.08            1.02946     0.00274       0.27  %   10000     
4.397896e+02      205.93          7.09            1.03442     0.00300       0.29  %   10000     
4.399186e+02      247.72          9.35            1.03773     0.00318       0.31  %   10000     
4.399405e+02      253.07          11.69           1.04617     0.00352       0.34  %   10000     
4.401744e+02      296.64          15.86           1.05347     0.00385       0.37  %   10000     
4.402007e+02      297.42          16.65           1.05598     0.00396       0.37  %   10000     
4.402794e+02      303.16          21.00           1.06928     0.00441       0.41  %   10000     
4.402969e+02      302.17          17.24           1.05705     0.00402       0.38  %   10000     
4.404049e+02      303.73          23.86           1.07856     0.00473       0.44  %   10000     
4.404109e+02      303.36          22.81           1.07519     0.00463       0.43  %   10000     
4.404236e+02      301.76          25.58           1.08477     0.00492       0.45  %   10000     
4.404499e+02      299.93          21.49           1.07165     0.00455       0.42  %   10000     
4.405112e+02      297.98          23.71           1.07956     0.00479       0.44  %   10000     
4.405287e+02      295.24          24.19           1.08193     0.00488       0.45  %   10000     
4.406424e+02      284.02          27.27           1.09603     0.00531       0.48  %   10000     
4.406511e+02      282.11          24.80           1.08791     0.00510       0.47  %   10000     
4.408436e+02      244.06          27.21           1.11147     0.00412       0.37  %   20000     
4.408720e+02      237.01          26.24           1.11073     0.00412       0.37  %   20000     
4.410185e+02      193.69          25.30           1.13061     0.00455       0.40  %   20000     
4.410447e+02      186.67          24.55           1.13154     0.00456       0.40  %   20000     
4.411322e+02      157.76          22.02           1.13959     0.00479       0.42  %   20000     
4.411650e+02      149.01          22.25           1.14930     0.00494       0.43  %   20000     
4.412306e+02      128.61          19.18           1.14914     0.00504       0.44  %   20000     
4.412743e+02      117.94          17.52           1.14853     0.00504       0.44  %   20000     
4.413181e+02      106.03          17.65           1.16643     0.00541       0.46  %   20000     
4.413727e+02      94.61           15.84           1.16743     0.00546       0.47  %   20000     
4.414055e+02      87.15           15.36           1.17627     0.00567       0.48  %   20000     
4.414821e+02      73.99           13.31           1.17995     0.00581       0.49  %   20000     
4.414930e+02      71.99           13.50           1.18758     0.00486       0.41  %   30000     
4.415914e+02      58.71           12.06           1.20547     0.00520       0.43  %   30000     
4.416987e+02      47.84           10.31           1.21544     0.00546       0.45  %   30000     
4.417158e+02      46.63           10.49           1.22501     0.00558       0.46  %   30000     
4.418183e+02      38.99           9.44            1.24201     0.00594       0.48  %   30000     
4.418524e+02      37.21           9.06            1.24362     0.00598       0.48  %   30000     
4.419522e+02      31.81           8.16            1.25637     0.00546       0.43  %   40000     
4.420342e+02      28.70           7.49            1.26109     0.00556       0.44  %   40000     
4.421053e+02      25.92           7.42            1.28620     0.00593       0.46  %   40000     
4.422310e+02      22.42           6.90            1.30795     0.00626       0.48  %   40000     
4.422638e+02      21.48           6.60            1.30731     0.00632       0.48  %   40000     
4.424551e+02      17.56           6.03            1.34321     0.00618       0.46  %   50000     
4.424989e+02      16.92           5.88            1.34729     0.00623       0.46  %   50000     
4.426738e+02      14.32           5.43            1.37903     0.00674       0.49  %   50000     
4.427910e+02      13.08           5.03            1.38405     0.00687       0.50  %   50000     
4.429301e+02      11.60           4.90            1.42226     0.00676       0.47  %   60000     
4.431586e+02      9.90            4.43            1.44774     0.00715       0.49  %   60000     
4.432312e+02      9.35            4.45            1.47609     0.00692       0.47  %   70000     
4.435439e+02      7.70            4.01            1.52114     0.00756       0.50  %   70000     
4.436934e+02      7.14            3.86            1.54033     0.00728       0.47  %   80000     
4.439012e+02      6.35            3.69            1.58025     0.00778       0.49  %   80000     
4.442674e+02      5.37            3.39            1.63068     0.00791       0.49  %   90000     
4.442751e+02      5.35            3.40            1.63406     0.00793       0.49  %   90000     
4.447068e+02      4.53            3.17            1.70002     0.00824       0.48  %   100000    
4.451796e+02      3.92            2.85            1.72623     0.00861       0.50  %   100000    
4.451833e+02      3.92            2.92            1.74641     0.00872       0.50  %   100000    
4.457348e+02      3.46            2.64            1.76491     0.00905       0.51  %   100000    
4.463966e+02      3.18            2.42            1.76145     0.00898       0.51  %   100000    
4.464713e+02      3.17            2.39            1.75283     0.00889       0.51  %   100000    
4.468378e+02      3.14            2.24            1.71395     0.00853       0.50  %   100000    
4.472860e+02      3.24            2.15            1.66329     0.00791       0.48  %   100000    
4.477341e+02      3.51            1.98            1.56373     0.00767       0.49  %   80000     
4.480703e+02      3.87            1.81            1.46939     0.00703       0.48  %   70000     
4.484064e+02      4.43            1.71            1.38552     0.00636       0.46  %   60000     
4.487073e+02      5.22            1.56            1.29911     0.00630       0.48  %   40000     
4.489760e+02      6.30            1.31            1.20806     0.00555       0.46  %   30000     
4.491679e+02      7.43            1.18            1.15848     0.00552       0.48  %   20000     
4.491939e+02      7.65            1.11            1.14463     0.00521       0.46  %   20000     
4.493497e+02      8.95            1.05            1.11751     0.00440       0.39  %   20000     
4.495072e+02      10.86           0.82            1.07565     0.00465       0.43  %   10000     
4.496385e+02      13.19           0.84            1.06383     0.00399       0.37  %   10000     
4.497377e+02      15.73           0.78            1.04943     0.00332       0.32  %   10000     
4.497407e+02      15.80           0.75            1.04748     0.00325       0.31  %   10000     
4.497604e+02      16.53           0.66            1.04009     0.00295       0.28  %   10000     
4.498356e+02      19.29           0.70            1.03613     0.00270       0.26  %   10000     
4.498968e+02      22.49           0.70            1.03134     0.00243       0.24  %   10000     
4.499115e+02      23.25           0.65            1.02816     0.00229       0.22  %   10000     
4.499805e+02      28.20           0.79            1.02811     0.00221       0.22  %   10000     
4.500117e+02      31.31           0.62            1.01978     0.00183       0.18  %   10000     
4.500525e+02      35.34           0.69            1.01958     0.00179       0.18  %   10000     
4.500837e+02      39.53           0.73            1.01838     0.00171       0.17  %   10000     
4.501125e+02      43.36           0.81            1.01860     0.00171       0.17  %   10000     
4.501557e+02      50.94           0.86            1.01682     0.00160       0.16  %   10000     
4.501726e+02      53.85           0.75            1.01398     0.00146       0.14  %   10000     
4.502230e+02      65.23           0.94            1.01439     0.00146       0.14  %   10000     
4.502326e+02      67.37           0.82            1.01213     0.00134       0.13  %   10000     
4.502830e+02      81.95           1.03            1.01251     0.00135       0.13  %   10000     
4.502986e+02      86.37           1.14            1.01325     0.00139       0.14  %   10000     
4.503430e+02      102.48          1.55            1.01514     0.00148       0.15  %   10000     
4.503622e+02      109.26          1.31            1.01196     0.00132       0.13  %   10000     
4.504105e+02      130.80          1.42            1.01085     0.00125       0.12  %   10000     
4.504391e+02      143.07          1.56            1.01089     0.00125       0.12  %   10000     
4.504786e+02      164.09          2.16            1.01315     0.00137       0.14  %   10000     
4.505181e+02      184.07          2.35            1.01279     0.00136       0.13  %   10000     
4.505562e+02      207.35          2.52            1.01217     0.00132       0.13  %   10000     
4.506293e+02      248.25          3.41            1.01375     0.00141       0.14  %   10000     
4.506619e+02      267.64          3.72            1.01389     0.00142       0.14  %   10000     
4.508924e+02      379.39          6.28            1.01656     0.00156       0.15  %   10000     
4.509385e+02      391.04          7.18            1.01837     0.00165       0.16  %   10000     
4.509923e+02      405.27          7.51            1.01854     0.00166       0.16  %   10000     
4.510538e+02      409.59          10.82           1.02643     0.00199       0.19  %   10000     
4.511010e+02      414.44          9.94            1.02399     0.00190       0.19  %   10000     
4.511114e+02      414.27          9.19            1.02218     0.00183       0.18  %   10000     
4.511498e+02      409.82          11.33           1.02766     0.00205       0.20  %   10000     
4.511786e+02      407.13          10.86           1.02667     0.00202       0.20  %   10000     
4.512017e+02      405.56          10.62           1.02619     0.00200       0.19  %   10000     
4.512939e+02      381.09          11.62           1.03050     0.00217       0.21  %   10000     
4.513208e+02      374.54          12.91           1.03446     0.00231       0.22  %   10000     
4.514284e+02      326.87          11.80           1.03611     0.00240       0.23  %   10000     
4.515052e+02      289.64          9.87            1.03409     0.00235       0.23  %   10000     
4.516547e+02      205.17          9.51            1.04635     0.00282       0.27  %   10000     
4.517003e+02      181.68          8.39            1.04620     0.00283       0.27  %   10000     
4.517447e+02      157.24          8.87            1.05640     0.00317       0.30  %   10000     
4.518113e+02      126.88          6.95            1.05481     0.00319       0.30  %   10000     
4.518269e+02      119.41          7.33            1.06142     0.00341       0.32  %   10000     
4.518942e+02      93.75           6.58            1.07014     0.00374       0.35  %   10000     
4.519158e+02      87.21           6.29            1.07216     0.00382       0.36  %   10000     
4.519614e+02      73.01           6.02            1.08246     0.00420       0.39  %   10000     
4.519998e+02      63.69           5.89            1.09242     0.00452       0.41  %   10000     
4.520214e+02      58.34           5.50            1.09434     0.00464       0.42  %   10000     
4.520815e+02      46.82           4.81            1.10283     0.00503       0.46  %   10000     
4.520959e+02      44.74           4.77            1.10653     0.00515       0.47  %   10000     
4.521477e+02      37.13           4.67            1.12582     0.00411       0.37  %   20000     
4.522159e+02      29.80           4.17            1.13985     0.00453       0.40  %   20000     
4.522181e+02      29.57           4.12            1.13951     0.00453       0.40  %   20000     
4.522885e+02      24.05           4.06            1.16866     0.00523       0.45  %   20000     
4.523542e+02      20.39           3.76            1.18431     0.00568       0.48  %   20000     
4.523699e+02      19.50           3.73            1.19120     0.00585       0.49  %   20000     
4.524484e+02      16.36           3.64            1.22234     0.00540       0.44  %   30000     
4.525256e+02      14.15           3.46            1.24418     0.00586       0.47  %   30000     
4.525465e+02      13.55           3.36            1.24821     0.00599       0.48  %   30000     
4.526696e+02      11.10           3.18            1.28661     0.00591       0.46  %   40000     
4.527734e+02      9.68            3.02            1.31233     0.00640       0.49  %   40000     
4.528192e+02      9.05            3.10            1.34235     0.00613       0.46  %   50000     
4.529938e+02      7.39            2.92            1.39491     0.00641       0.46  %   60000     
4.531556e+02      6.30            2.60            1.41242     0.00688       0.49  %   60000     
4.531845e+02      6.11            2.72            1.44596     0.00722       0.50  %   60000     
4.534310e+02      4.95            2.59            1.52459     0.00730       0.48  %   80000     
4.536646e+02      4.17            2.47            1.59274     0.00774       0.49  %   90000     
4.537252e+02      4.02            2.50            1.62213     0.00801       0.49  %   90000     
4.539522e+02      3.47            2.43            1.69886     0.00850       0.50  %   100000    
4.542973e+02      2.89            2.29            1.79250     0.00967       0.54  %   100000    
4.545416e+02      2.59            2.26            1.87038     0.01050       0.56  %   100000    
4.546791e+02      2.43            2.20            1.90501     0.01099       0.58  %   100000    
4.551341e+02      2.05            2.16            2.05505     0.01262       0.61  %   100000    
4.557408e+02      1.71            1.99            2.16558     0.01415       0.65  %   100000    
4.564233e+02      1.46            1.92            2.31841     0.01597       0.69  %   100000    
4.571058e+02      1.29            1.89            2.46624     0.01755       0.71  %   100000    
4.581296e+02      1.13            1.75            2.54075     0.01870       0.74  %   100000    
4.584708e+02      1.10            1.73            2.57228     0.01896       0.74  %   100000    
4.591410e+02      1.04            1.66            2.59124     0.01938       0.75  %   100000    
4.604814e+02      0.99            0.84            1.85165     0.01445       0.78  %   100000    
4.611517e+02      0.98            0.29            1.29698     0.00856       0.66  %   100000    
4.626316e+02      1.00            0.13            1.12963     0.00547       0.48  %   100000    
4.644684e+02      1.09            0.09            1.07988     0.00512       0.47  %   60000     
4.658960e+02      1.22            0.07            1.05449     0.00475       0.45  %   40000     
4.672984e+02      1.44            0.05            1.03753     0.00409       0.39  %   30000     
4.676301e+02      1.51            0.05            1.03267     0.00452       0.44  %   20000     
4.684593e+02      1.71            0.05            1.02719     0.00380       0.37  %   20000     
4.694544e+02      2.05            0.04            1.02032     0.00414       0.41  %   10000     
4.703895e+02      2.52            0.05            1.01790     0.00344       0.34  %   10000     
4.711098e+02      3.04            0.03            1.00914     0.00221       0.22  %   10000     
4.711588e+02      3.08            0.04            1.01273     0.00260       0.26  %   10000     
4.718117e+02      3.74            0.04            1.01080     0.00216       0.21  %   10000     
4.724181e+02      4.61            0.04            1.00847     0.00173       0.17  %   10000     
4.727914e+02      5.36            0.05            1.00927     0.00169       0.17  %   10000     
4.729398e+02      5.66            0.06            1.01008     0.00173       0.17  %   10000     
4.734069e+02      6.97            0.04            1.00640     0.00128       0.13  %   10000     
4.734747e+02      7.24            0.05            1.00699     0.00132       0.13  %   10000     
4.738370e+02      8.66            0.06            1.00730     0.00129       0.13  %   10000     
4.739671e+02      9.37            0.07            1.00768     0.00130       0.13  %   10000     
4.742054e+02      10.68           0.05            1.00483     0.00101       0.10  %   10000     
4.742314e+02      10.88           0.05            1.00438     0.00096       0.10  %   10000     
4.744956e+02      12.92           0.10            1.00782     0.00125       0.12  %   10000     
4.745492e+02      13.33           0.09            1.00661     0.00115       0.11  %   10000     
4.747539e+02      15.55           0.09            1.00607     0.00109       0.11  %   10000     
4.748523e+02      16.62           0.13            1.00806     0.00126       0.12  %   10000     
4.749747e+02      18.47           0.13            1.00682     0.00115       0.11  %   10000     
4.750984e+02      20.32           0.17            1.00846     0.00129       0.13  %   10000     
4.751580e+02      21.56           0.22            1.01039     0.00142       0.14  %   10000     
4.753255e+02      25.01           0.23            1.00938     0.00136       0.14  %   10000     
4.753368e+02      25.34           0.19            1.00737     0.00121       0.12  %   10000     
4.754901e+02      29.69           0.29            1.00974     0.00140       0.14  %   10000     
4.755213e+02      30.56           0.29            1.00964     0.00140       0.14  %   10000     
4.756405e+02      35.23           0.47            1.01330     0.00166       0.16  %   10000     
4.757001e+02      37.52           0.46            1.01230     0.00161       0.16  %   10000     
4.757597e+02      40.74           0.55            1.01342     0.00169       0.17  %   10000     
4.758534e+02      45.69           0.73            1.01601     0.00187       0.18  %   10000     
4.758741e+02      47.25           0.61            1.01294     0.00168       0.17  %   10000     
4.759794e+02      54.93           1.06            1.01921     0.00207       0.20  %   10000     
4.759939e+02      55.96           0.99            1.01778     0.00200       0.20  %   10000     
4.760696e+02      63.64           1.27            1.01991     0.00214       0.21  %   10000     
4.761190e+02      68.44           1.38            1.02019     0.00218       0.21  %   10000     
4.761565e+02      73.49           1.61            1.02196     0.00228       0.22  %   10000     
4.762132e+02      80.80           1.89            1.02334     0.00238       0.23  %   10000     
4.762473e+02      86.79           1.79            1.02068     0.00225       0.22  %   10000     
4.763154e+02      98.03           2.44            1.02491     0.00250       0.24  %   10000     
4.763268e+02      100.61          2.58            1.02566     0.00254       0.25  %   10000     
4.764062e+02      117.35          3.17            1.02701     0.00265       0.26  %   10000     
4.764834e+02      137.43          4.14            1.03012     0.00283       0.27  %   10000     
4.764971e+02      140.56          5.04            1.03589     0.00310       0.30  %   10000     
4.765652e+02      161.42          6.07            1.03758     0.00320       0.31  %   10000     
4.765879e+02      167.31          6.30            1.03763     0.00323       0.31  %   10000     
4.766537e+02      189.88          7.97            1.04199     0.00343       0.33  %   10000     
4.766900e+02      199.74          9.33            1.04669     0.00365       0.35  %   10000     
4.767445e+02      218.99          10.65           1.04862     0.00373       0.36  %   10000     
4.767968e+02      232.45          11.80           1.05076     0.00386       0.37  %   10000     
4.768512e+02      249.78          12.84           1.05142     0.00389       0.37  %   10000     
4.769307e+02      265.39          15.67           1.05906     0.00422       0.40  %   10000     
4.769943e+02      277.19          18.13           1.06540     0.00445       0.42  %   10000     
4.772168e+02      296.07          22.15           1.07483     0.00483       0.45  %   10000     
4.772531e+02      294.13          24.42           1.08302     0.00512       0.47  %   10000     
4.773530e+02      295.29          27.54           1.09326     0.00545       0.50  %   10000     
4.774717e+02      292.94          27.15           1.09268     0.00386       0.35  %   20000     
4.774846e+02      291.41          25.17           1.08636     0.00530       0.49  %   10000     
4.775482e+02      290.45          30.00           1.10327     0.00409       0.37  %   20000     
4.775937e+02      285.42          30.63           1.10732     0.00420       0.38  %   20000     
4.776664e+02      283.92          29.88           1.10524     0.00416       0.38  %   20000     
4.777208e+02      276.74          32.43           1.11719     0.00443       0.40  %   20000     
4.778298e+02      269.17          35.35           1.13132     0.00469       0.41  %   20000     
4.779252e+02      255.42          35.60           1.13939     0.00488       0.43  %   20000     
4.780762e+02      223.14          35.89           1.16086     0.00534       0.46  %   20000     
4.781318e+02      211.77          34.24           1.16168     0.00536       0.46  %   20000     
4.781988e+02      191.56          32.82           1.17136     0.00560       0.48  %   20000     
4.782567e+02      177.25          31.61           1.17835     0.00573       0.49  %   20000     
4.782976e+02      164.09          30.98           1.18882     0.00487       0.41  %   30000     
4.783702e+02      145.39          29.48           1.20275     0.00508       0.42  %   30000     
4.783884e+02      139.73          28.77           1.20587     0.00516       0.43  %   30000     
4.784792e+02      117.70          25.40           1.21582     0.00537       0.44  %   30000     
4.784837e+02      116.88          25.56           1.21866     0.00540       0.44  %   30000     
4.785700e+02      98.70           22.42           1.22711     0.00562       0.46  %   30000     
4.785973e+02      94.49           21.16           1.22398     0.00559       0.46  %   30000     
4.786722e+02      81.48           20.01           1.24556     0.00597       0.48  %   30000     
4.787108e+02      76.67           19.33           1.25218     0.00606       0.48  %   30000     
4.787744e+02      68.00           17.53           1.25774     0.00626       0.50  %   30000     
4.788470e+02      60.93           16.66           1.27352     0.00561       0.44  %   40000     
4.788944e+02      55.97           15.72           1.28088     0.00578       0.45  %   40000     
4.789953e+02      48.45           14.69           1.30326     0.00609       0.47  %   40000     
4.790145e+02      46.94           13.70           1.29194     0.00603       0.47  %   40000     
4.791456e+02      39.43           13.45           1.34109     0.00666       0.50  %   40000     
4.791733e+02      38.28           12.43           1.32459     0.00651       0.49  %   40000     
4.792989e+02      32.82           12.01           1.36590     0.00634       0.46  %   50000     
4.793783e+02      30.32           11.14           1.36749     0.00640       0.47  %   50000     
4.794776e+02      27.08           10.44           1.38560     0.00671       0.48  %   50000     
4.796621e+02      22.71           9.58            1.42202     0.00656       0.46  %   60000     
4.796735e+02      22.44           9.72            1.43306     0.00667       0.47  %   60000     
4.799005e+02      18.43           8.69            1.47138     0.00722       0.49  %   60000     
4.800027e+02      17.13           8.16            1.47655     0.00732       0.50  %   60000     
4.801617e+02      15.06           7.90            1.52496     0.00731       0.48  %   70000     
4.803876e+02      12.94           7.17            1.55421     0.00771       0.50  %   70000     
4.804478e+02      12.36           7.07            1.57172     0.00741       0.47  %   80000     
4.807765e+02      10.10           6.58            1.65148     0.00824       0.50  %   80000     
4.808611e+02      9.69            6.16            1.63588     0.00773       0.47  %   90000     
4.811620e+02      8.19            5.83            1.71125     0.00852       0.50  %   90000     
4.814925e+02      7.02            5.42            1.77165     0.00868       0.49  %   100000    
4.815676e+02      6.75            5.26            1.77871     0.00882       0.50  %   100000    
4.820184e+02      5.59            4.87            1.87134     0.00976       0.52  %   100000    
4.821362e+02      5.37            4.79            1.89237     0.00994       0.53  %   100000    
4.825444e+02      4.62            4.48            1.97064     0.01082       0.55  %   100000    
4.831753e+02      3.82            3.98            2.04278     0.01170       0.57  %   100000    
4.832091e+02      3.79            4.13            2.08895     0.01195       0.57  %   100000    
4.838963e+02      3.21            3.86            2.20050     0.01306       0.59  %   100000    
4.844433e+02      2.93            3.48            2.18690     0.01317       0.60  %   100000    
4.846172e+02      2.84            3.41            2.20009     0.01334       0.61  %   100000    
4.854124e+02      2.64            3.08            2.16532     0.01314       0.61  %   100000    
4.856775e+02      2.63            2.96            2.12780     0.01281       0.60  %   100000    
4.863299e+02      2.72            2.53            1.92942     0.01112       0.58  %   100000    
4.867648e+02      2.93            2.13            1.72762     0.00934       0.54  %   100000    
4.870910e+02      3.22            1.76            1.54606     0.00766       0.50  %   100000    
4.874172e+02      3.68            1.41            1.38440     0.00667       0.48  %   80000     
4.876735e+02      4.25            1.18            1.27751     0.00607       0.48  %   60000     
4.878870e+02      4.95            0.97            1.19688     0.00581       0.49  %   40000     
4.880579e+02      5.76            0.89            1.15479     0.00553       0.48  %   30000     
4.880880e+02      5.97            0.86            1.14402     0.00525       0.46  %   30000     
4.882289e+02      6.95            0.74            1.10594     0.00515       0.47  %   20000     
4.883571e+02      8.30            0.67            1.08086     0.00416       0.39  %   20000     
4.884598e+02      9.88            0.65            1.06552     0.00494       0.46  %   10000     
4.885409e+02      11.64           0.54            1.04632     0.00390       0.37  %   10000     
4.885442e+02      11.72           0.66            1.05607     0.00428       0.40  %   10000     
4.886128e+02      13.83           0.54            1.03903     0.00337       0.32  %   10000     
4.886272e+02      14.27           0.62            1.04379     0.00354       0.34  %   10000     
4.887018e+02      17.52           0.60            1.03412     0.00294       0.28  %   10000     
4.887566e+02      20.85           0.55            1.02650     0.00247       0.24  %   10000     
4.887765e+02      22.05           0.54            1.02427     0.00233       0.23  %   10000     
4.888386e+02      27.15           0.58            1.02131     0.00209       0.20  %   10000     
4.888808e+02      31.69           0.48            1.01512     0.00171       0.17  %   10000     
4.889007e+02      33.81           0.68            1.01996     0.00194       0.19  %   10000     
4.889629e+02      42.39           0.66            1.01560     0.00166       0.16  %   10000     
4.889803e+02      45.48           0.43            1.00954     0.00128       0.13  %   10000     
4.890312e+02      54.42           0.60            1.01102     0.00135       0.13  %   10000     
4.890672e+02      62.57           0.78            1.01245     0.00141       0.14  %   10000     
4.891095e+02      71.97           0.77            1.01065     0.00130       0.13  %   10000     
4.891542e+02      84.66           0.90            1.01067     0.00128       0.13  %   10000     
4.891959e+02      96.18           1.13            1.01180     0.00134       0.13  %   10000     
4.892375e+02      110.46          1.13            1.01025     0.00124       0.12  %   10000     
4.892974e+02      130.29          1.58            1.01214     0.00134       0.13  %   10000     
4.893471e+02      149.46          1.57            1.01053     0.00125       0.12  %   10000     
4.895260e+02      212.52          2.81            1.01322     0.00140       0.14  %   10000     
4.895976e+02      235.61          3.22            1.01365     0.00142       0.14  %   10000     
4.897090e+02      258.77          3.23            1.01250     0.00137       0.13  %   10000     
4.897249e+02      262.14          4.34            1.01655     0.00157       0.15  %   10000     
4.898401e+02      269.40          4.12            1.01530     0.00152       0.15  %   10000     
4.898405e+02      269.36          4.74            1.01759     0.00163       0.16  %   10000     
4.899257e+02      262.97          4.78            1.01818     0.00167       0.16  %   10000     
4.899416e+02      261.94          4.97            1.01897     0.00171       0.17  %   10000     
4.900291e+02      243.73          5.82            1.02387     0.00193       0.19  %   10000     
4.900689e+02      235.64          5.80            1.02462     0.00197       0.19  %   10000     
4.901484e+02      210.04          6.05            1.02878     0.00216       0.21  %   10000     
4.903962e+02      122.78          4.49            1.03661     0.00258       0.25  %   10000     
4.904914e+02      92.18           4.45            1.04833     0.00306       0.29  %   10000     
4.904957e+02      91.03           4.34            1.04766     0.00304       0.29  %   10000     
4.905709e+02      70.67           3.31            1.04684     0.00314       0.30  %   10000     
4.906355e+02      56.48           3.58            1.06347     0.00377       0.35  %   10000     
4.906417e+02      55.08           3.29            1.05970     0.00368       0.35  %   10000     
4.907088e+02      43.25           3.05            1.07041     0.00418       0.39  %   10000     
4.907548e+02      36.95           3.00            1.08113     0.00461       0.43  %   10000     
4.907760e+02      34.02           2.85            1.08388     0.00479       0.44  %   10000     
4.908468e+02      26.63           2.84            1.10671     0.00403       0.36  %   20000     
4.908890e+02      23.33           2.41            1.10334     0.00410       0.37  %   20000     
4.909089e+02      21.77           2.63            1.12067     0.00450       0.40  %   20000     
4.909835e+02      17.46           2.56            1.14655     0.00526       0.46  %   20000     
4.910196e+02      15.99           2.33            1.14594     0.00537       0.47  %   20000     
4.910643e+02      14.16           2.29            1.16197     0.00479       0.41  %   30000     
4.911484e+02      11.79           2.27            1.19287     0.00550       0.46  %   30000     
4.911502e+02      11.76           2.21            1.18809     0.00544       0.46  %   30000     
4.912324e+02      10.13           2.21            1.21798     0.00532       0.44  %   40000     
4.913444e+02      8.62            2.12            1.24603     0.00593       0.48  %   40000     
4.914757e+02      7.51            1.93            1.25694     0.00562       0.45  %   50000     
4.914915e+02      7.37            1.95            1.26439     0.00573       0.45  %   50000     
4.916671e+02      6.50            1.83            1.28123     0.00613       0.48  %   50000     
4.918777e+02      5.99            1.79            1.29807     0.00638       0.49  %   50000     
4.920182e+02      5.90            1.65            1.28009     0.00613       0.48  %   50000     
4.921304e+02      6.01            1.62            1.26941     0.00589       0.46  %   50000     
4.921747e+02      6.05            1.60            1.26445     0.00579       0.46  %   50000     
4.923311e+02      6.50            1.58            1.24285     0.00592       0.48  %   40000     
4.924616e+02      7.24            1.44            1.19892     0.00584       0.49  %   30000     
4.925659e+02      8.25            1.49            1.18039     0.00521       0.44  %   30000     
4.926572e+02      9.64            1.47            1.15271     0.00547       0.47  %   20000     
4.927354e+02      11.47           1.33            1.11640     0.00446       0.40  %   20000     
4.928006e+02      13.65           1.35            1.09885     0.00543       0.49  %   10000     
4.928037e+02      13.80           1.38            1.09991     0.00543       0.49  %   10000     
4.928693e+02      16.89           1.39            1.08221     0.00460       0.43  %   10000     
4.929353e+02      21.23           1.34            1.06292     0.00376       0.35  %   10000     
4.929699e+02      24.36           1.37            1.05622     0.00341       0.32  %   10000     
4.930013e+02      27.19           1.33            1.04901     0.00311       0.30  %   10000     
4.930673e+02      35.21           1.34            1.03800     0.00258       0.25  %   10000     
4.930777e+02      36.89           1.29            1.03497     0.00245       0.24  %   10000     
4.931354e+02      46.10           1.42            1.03073     0.00221       0.21  %   10000     
4.931689e+02      52.99           1.35            1.02549     0.00197       0.19  %   10000     
4.932006e+02      59.43           1.55            1.02615     0.00197       0.19  %   10000     
4.932622e+02      75.08           1.43            1.01902     0.00164       0.16  %   10000     
4.932743e+02      78.12           1.85            1.02374     0.00182       0.18  %   10000     
4.933480e+02      101.13          1.90            1.01879     0.00159       0.16  %   10000     
4.933666e+02      106.82          2.04            1.01911     0.00160       0.16  %   10000     
4.934559e+02      139.95          2.40            1.01712     0.00149       0.15  %   10000     
4.934980e+02      154.95          3.05            1.01969     0.00160       0.16  %   10000     
4.935836e+02      186.11          2.79            1.01498     0.00139       0.14  %   10000     
4.937179e+02      231.71          4.52            1.01951     0.00158       0.16  %   10000     
4.938432e+02      257.52          4.45            1.01726     0.00150       0.15  %   10000     
4.938551e+02      258.19          4.85            1.01877     0.00156       0.15  %   10000     
4.939441e+02      263.71          5.39            1.02044     0.00164       0.16  %   10000     
4.939923e+02      259.36          6.46            1.02492     0.00182       0.18  %   10000     
4.940565e+02      253.99          6.47            1.02546     0.00185       0.18  %   10000     
4.940803e+02      248.66          6.97            1.02802     0.00195       0.19  %   10000     
4.941639e+02      230.19          6.59            1.02861     0.00199       0.19  %   10000     
4.941997e+02      218.27          6.41            1.02935     0.00203       0.20  %   10000     
4.943617e+02      162.39          6.64            1.04087     0.00247       0.24  %   10000     
4.943787e+02      156.36          6.55            1.04191     0.00252       0.24  %   10000     
4.945002e+02      111.57          6.05            1.05420     0.00299       0.28  %   10000     
4.945935e+02      81.99           5.47            1.06666     0.00348       0.33  %   10000     
4.946569e+02      65.38           5.16            1.07885     0.00392       0.36  %   10000     
4.946680e+02      62.40           5.45            1.08742     0.00416       0.38  %   10000     
4.947426e+02      46.65           5.00            1.10728     0.00489       0.44  %   10000     
4.948060e+02      36.19           4.80            1.13273     0.00406       0.36  %   20000     
4.948079e+02      35.88           4.66            1.12992     0.00403       0.36  %   20000     
4.948682e+02      28.11           4.43            1.15742     0.00473       0.41  %   20000     
4.949329e+02      21.75           4.42            1.20305     0.00576       0.48  %   20000     
4.949706e+02      19.00           4.25            1.22352     0.00512       0.42  %   30000     
4.949975e+02      17.03           4.33            1.25433     0.00565       0.45  %   30000     
4.950622e+02      13.56           4.09            1.30184     0.00575       0.44  %   40000     
4.951274e+02      11.01           3.83            1.34773     0.00661       0.49  %   40000     
4.951352e+02      10.80           3.90            1.36102     0.00678       0.50  %   40000     
4.952041e+02      8.88            3.68            1.41468     0.00699       0.49  %   50000     
4.952698e+02      7.58            3.78            1.49947     0.00742       0.49  %   60000     
4.953574e+02      6.33            3.69            1.58234     0.00741       0.47  %   80000     
4.954624e+02      5.30            3.56            1.67171     0.00800       0.48  %   90000     
4.954784e+02      5.19            3.58            1.69056     0.00816       0.48  %   90000     
4.955834e+02      4.48            3.47            1.77427     0.00870       0.49  %   100000    
4.957563e+02      3.68            3.37            1.91746     0.01023       0.53  %   100000    
4.959453e+02      3.09            3.28            2.06273     0.01176       0.57  %   100000    
4.959638e+02      3.03            3.35            2.10436     0.01207       0.57  %   100000    
4.962157e+02      2.50            3.13            2.25244     0.01394       0.62  %   100000    
4.965200e+02      2.07            3.12            2.50880     0.01649       0.66  %   100000    
4.967532e+02      1.84            3.05            2.65836     0.01809       0.68  %   100000    
4.968408e+02      1.75            3.04            2.73600     0.01889       0.69  %   100000    
4.972818e+02      1.46            2.99            3.05618     0.02220       0.73  %   100000    
4.977228e+02      1.25            2.91            3.31858     0.02504       0.75  %   100000    
4.981195e+02      1.13            2.86            3.53760     0.02729       0.77  %   100000    
4.982835e+02      1.07            2.88            3.68145     0.02863       0.78  %   100000    
4.989728e+02      0.92            2.70            3.92322     0.03191       0.81  %   100000    
4.998001e+02      0.80            2.19            3.74711     0.03299       0.88  %   100000    
5.007956e+02      0.70            1.50            3.14920     0.03101       0.98  %   100000    
5.009090e+02      0.69            1.42            3.06477     0.03054       1.00  %   100000    
5.022352e+02      0.60            1.32            3.20066     0.03341       1.04  %   100000    
5.042583e+02      0.52            0.66            2.27287     0.02716       1.20  %   100000    
5.063637e+02      0.46            0.13            1.27648     0.01323       1.04  %   100000    
5.075130e+02      0.44            0.10            1.22355     0.01202       0.98  %   100000    
5.087695e+02      0.42            0.08            1.18130     0.01100       0.93  %   100000    
5.121649e+02      0.39            0.04            1.10110     0.00836       0.76  %   100000    
5.166956e+02      0.38            0.02            1.06155     0.00645       0.61  %   100000    
5.204703e+02      0.39            0.02            1.04165     0.00509       0.49  %   100000    
5.228625e+02      0.42            0.02            1.04276     0.00490       0.47  %   100000    
5.250932e+02      0.47            0.01            1.01947     0.00487       0.48  %   40000     
5.265265e+02      0.53            0.02            1.03030     0.00462       0.45  %   60000     
5.277161e+02      0.61            0.01            1.02122     0.00500       0.49  %   30000     
5.285658e+02      0.71            0.01            1.01795     0.00423       0.42  %   30000     
5.292456e+02      0.83            0.02            1.02614     0.00469       0.46  %   30000     
5.298277e+02      0.98            0.01            1.00848     0.00424       0.42  %   10000     
5.299705e+02      1.03            0.02            1.02006     0.00448       0.44  %   20000     
5.303267e+02      1.16            0.02            1.01397     0.00494       0.49  %   10000     
5.307420e+02      1.39            0.02            1.01653     0.00345       0.34  %   20000     
5.311288e+02      1.70            0.02            1.00931     0.00329       0.33  %   10000     
5.314051e+02      2.02            0.03            1.01568     0.00392       0.39  %   10000     
5.316241e+02      2.37            0.02            1.00837     0.00265       0.26  %   10000     
5.316825e+02      2.47            0.02            1.00804     0.00254       0.25  %   10000     
5.319045e+02      2.97            0.03            1.00935     0.00250       0.25  %   10000     
5.321099e+02      3.63            0.02            1.00497     0.00166       0.16  %   10000     
5.322819e+02      4.41            0.02            1.00510     0.00154       0.15  %   10000     
5.324252e+02      5.35            0.03            1.00631     0.00158       0.16  %   10000     
5.325544e+02      6.56            0.03            1.00436     0.00121       0.12  %   10000     
5.326624e+02      8.05            0.04            1.00462     0.00115       0.11  %   10000     
5.326831e+02      8.47            0.02            1.00279     0.00088       0.09  %   10000     
5.327133e+02      9.07            0.03            1.00374     0.00100       0.10  %   10000     
5.327488e+02      9.77            0.04            1.00435     0.00105       0.10  %   10000     
5.328244e+02      11.85           0.02            1.00184     0.00065       0.06  %   10000     
5.328392e+02      12.42           0.04            1.00291     0.00081       0.08  %   10000     
5.328976e+02      14.64           0.03            1.00209     0.00066       0.07  %   10000     
5.329374e+02      16.69           0.05            1.00276     0.00074       0.07  %   10000     
5.329657e+02      18.16           0.04            1.00230     0.00066       0.07  %   10000     
5.330338e+02      22.89           0.08            1.00338     0.00078       0.08  %   10000     
5.330354e+02      23.04           0.04            1.00160     0.00053       0.05  %   10000     
5.330992e+02      28.89           0.03            1.00118     0.00045       0.04  %   10000     
5.331090e+02      30.06           0.04            1.00133     0.00047       0.05  %   10000     
5.331604e+02      36.14           0.07            1.00194     0.00056       0.06  %   10000     
5.331825e+02      39.51           0.08            1.00207     0.00057       0.06  %   10000     
5.332339e+02      47.28           0.10            1.00203     0.00056       0.06  %   10000     
5.332609e+02      52.55           0.12            1.00231     0.00060       0.06  %   10000     
5.333099e+02      62.00           0.18            1.00290     0.00066       0.07  %   10000     
5.333319e+02      67.43           0.17            1.00257     0.00062       0.06  %   10000     
5.333981e+02      83.38           0.28            1.00331     0.00070       0.07  %   10000     
5.334177e+02      89.31           0.36            1.00404     0.00078       0.08  %   10000     
5.335022e+02      114.06          0.34            1.00299     0.00067       0.07  %   10000     
5.335147e+02      118.47          0.30            1.00254     0.00061       0.06  %   10000     
5.336411e+02      160.83          0.65            1.00404     0.00078       0.08  %   10000     
5.336646e+02      168.29          0.73            1.00436     0.00081       0.08  %   10000     
5.338450e+02      221.86          1.52            1.00685     0.00102       0.10  %   10000     
5.338999e+02      231.82          2.28            1.00985     0.00123       0.12  %   10000     
5.339684e+02      244.41          2.04            1.00833     0.00113       0.11  %   10000     
5.340292e+02      247.53          2.44            1.00985     0.00124       0.12  %   10000     
5.340841e+02      250.90          2.67            1.01066     0.00129       0.13  %   10000     
5.341325e+02      247.31          3.26            1.01318     0.00144       0.14  %   10000     
5.341684e+02      244.91          3.36            1.01372     0.00147       0.15  %   10000     
5.341919e+02      243.53          2.99            1.01228     0.00139       0.14  %   10000     
5.342938e+02      224.35          3.30            1.01470     0.00154       0.15  %   10000     
5.343174e+02      220.07          3.71            1.01685     0.00165       0.16  %   10000     
5.344428e+02      183.10          3.45            1.01887     0.00178       0.17  %   10000     
5.345290e+02      156.37          3.66            1.02339     0.00201       0.20  %   10000     
5.346817e+02      106.77          3.08            1.02883     0.00231       0.22  %   10000     
5.347420e+02      89.92           2.97            1.03304     0.00251       0.24  %   10000     
5.347750e+02      80.42           2.76            1.03427     0.00260       0.25  %   10000     
5.348572e+02      61.26           2.30            1.03751     0.00281       0.27  %   10000     
5.348632e+02      59.82           2.52            1.04214     0.00299       0.29  %   10000     
5.349367e+02      46.07           2.12            1.04603     0.00326       0.31  %   10000     
5.349808e+02      39.63           1.73            1.04366     0.00324       0.31  %   10000     
5.350102e+02      35.27           1.94            1.05508     0.00373       0.35  %   10000     
5.350715e+02      28.24           1.81            1.06406     0.00419       0.39  %   10000     
5.351033e+02      25.39           1.70            1.06690     0.00437       0.41  %   10000     
5.351327e+02      22.73           1.56            1.06847     0.00454       0.43  %   10000     
5.351940e+02      18.46           1.55            1.08409     0.00528       0.49  %   10000     
5.352259e+02      16.79           1.46            1.08714     0.00388       0.36  %   20000     
5.352642e+02      14.77           1.45            1.09852     0.00428       0.39  %   20000     
5.353358e+02      12.00           1.43            1.11881     0.00497       0.44  %   20000     
5.353771e+02      10.86           1.39            1.12848     0.00530       0.47  %   20000     
5.354164e+02      9.76            1.25            1.12857     0.00550       0.49  %   20000     
5.355060e+02      7.99            1.28            1.15969     0.00532       0.46  %   30000     
5.355913e+02      6.78            1.24            1.18207     0.00517       0.44  %   40000     
5.356155e+02      6.54            1.22            1.18615     0.00528       0.45  %   40000     
5.357151e+02      5.54            1.19            1.21519     0.00602       0.50  %   40000     
5.358636e+02      4.53            1.12            1.24721     0.00618       0.50  %   50000     
5.359845e+02      3.96            1.12            1.28339     0.00630       0.49  %   60000     
5.360392e+02      3.70            1.09            1.29496     0.00611       0.47  %   70000     
5.362419e+02      3.04            1.07            1.35163     0.00671       0.50  %   80000     
5.364783e+02      2.50            1.02            1.40878     0.00693       0.49  %   100000    
5.367272e+02      2.10            0.99            1.47159     0.00799       0.54  %   100000    
5.370258e+02      1.76            0.97            1.55164     0.00925       0.60  %   100000    
5.373566e+02      1.49            0.95            1.63488     0.01055       0.65  %   100000    
5.373730e+02      1.48            0.94            1.63387     0.01056       0.65  %   100000    
5.377664e+02      1.26            0.95            1.75013     0.01226       0.70  %   100000    
5.382581e+02      1.08            0.91            1.84275     0.01383       0.75  %   100000    
5.387619e+02      0.95            0.87            1.91520     0.01509       0.79  %   100000    
5.390209e+02      0.91            0.88            1.97089     0.01576       0.80  %   100000    
5.392900e+02      0.86            0.86            1.99654     0.01629       0.82  %   100000    
5.399942e+02      0.79            0.84            2.06071     0.01732       0.84  %   100000    
5.410505e+02      0.74            0.80            2.07201     0.01759       0.85  %   100000    
5.414026e+02      0.74            0.79            2.07190     0.01750       0.84  %   100000    
5.424522e+02      0.77            0.74            1.96573     0.01599       0.81  %   100000    
5.431520e+02      0.82            0.74            1.90735     0.01479       0.78  %   100000    
5.438518e+02      0.92            0.70            1.76688     0.01273       0.72  %   100000    
5.443653e+02      1.02            0.62            1.60737     0.01063       0.66  %   100000    
5.443881e+02      1.03            0.63            1.61109     0.01062       0.66  %   100000    
5.448562e+02      1.18            0.48            1.40969     0.00805       0.57  %   100000    
5.452654e+02      1.38            0.31            1.22382     0.00578       0.47  %   90000     
5.456594e+02      1.66            0.17            1.10306     0.00535       0.48  %   40000     
5.459168e+02      1.93            0.10            1.05134     0.00495       0.47  %   20000     
5.459565e+02      1.97            0.12            1.05855     0.00522       0.49  %   20000     
5.462040e+02      2.33            0.07            1.03200     0.00499       0.48  %   10000     
5.464367e+02      2.82            0.05            1.01866     0.00346       0.34  %   10000     
5.466372e+02      3.42            0.06            1.01868     0.00315       0.31  %   10000     
5.467559e+02      3.94            0.05            1.01222     0.00239       0.24  %   10000     
5.468043e+02      4.14            0.04            1.01031     0.00215       0.21  %   10000     
5.469346e+02      4.95            0.06            1.01116     0.00207       0.20  %   10000     
5.470557e+02      6.04            0.05            1.00855     0.00167       0.17  %   10000     
5.471526e+02      7.30            0.06            1.00857     0.00156       0.15  %   10000     
5.472156e+02      8.49            0.06            1.00748     0.00139       0.14  %   10000     
5.472421e+02      8.98            0.06            1.00624     0.00125       0.12  %   10000     
5.473093e+02      10.74           0.03            1.00316     0.00084       0.08  %   10000     
5.473253e+02      11.32           0.05            1.00417     0.00096       0.10  %   10000     
5.473850e+02      13.46           0.07            1.00510     0.00102       0.10  %   10000     
5.474362e+02      15.98           0.04            1.00228     0.00066       0.07  %   10000     
5.474523e+02      16.77           0.07            1.00412     0.00088       0.09  %   10000     
5.475172e+02      21.04           0.06            1.00297     0.00072       0.07  %   10000     
5.475202e+02      21.30           0.10            1.00452     0.00088       0.09  %   10000     
5.475859e+02      27.02           0.11            1.00396     0.00081       0.08  %   10000     
5.476042e+02      29.12           0.11            1.00373     0.00078       0.08  %   10000     
5.476546e+02      34.87           0.13            1.00364     0.00076       0.08  %   10000     
5.476844e+02      39.26           0.14            1.00357     0.00074       0.07  %   10000     
5.477233e+02      44.94           0.13            1.00292     0.00067       0.07  %   10000     
5.477530e+02      50.53           0.16            1.00318     0.00069       0.07  %   10000     
5.478034e+02      59.86           0.18            1.00302     0.00067       0.07  %   10000     
5.478332e+02      66.85           0.28            1.00418     0.00079       0.08  %   10000     
5.478891e+02      79.73           0.24            1.00298     0.00067       0.07  %   10000     
5.479127e+02      86.46           0.22            1.00252     0.00061       0.06  %   10000     
5.479936e+02      108.84          0.36            1.00327     0.00070       0.07  %   10000     
5.480064e+02      113.05          0.54            1.00475     0.00084       0.08  %   10000     
5.481372e+02      153.86          0.53            1.00344     0.00072       0.07  %   10000     
5.483057e+02      201.66          1.35            1.00669     0.00101       0.10  %   10000     
5.483789e+02      215.33          2.02            1.00940     0.00120       0.12  %   10000     
5.484357e+02      225.94          1.88            1.00834     0.00113       0.11  %   10000     
5.485034e+02      230.29          2.35            1.01019     0.00126       0.12  %   10000     
5.485520e+02      233.85          2.90            1.01239     0.00139       0.14  %   10000     
5.485656e+02      233.85          2.68            1.01147     0.00134       0.13  %   10000     
5.486298e+02      229.68          2.46            1.01071     0.00130       0.13  %   10000     
5.486554e+02      228.19          3.00            1.01314     0.00145       0.14  %   10000     
5.486664e+02      227.62          2.88            1.01266     0.00142       0.14  %   10000     
5.487763e+02      209.35          3.68            1.01757     0.00169       0.17  %   10000     
5.487836e+02      208.17          2.97            1.01429     0.00153       0.15  %   10000     
5.489228e+02      171.32          3.51            1.02051     0.00186       0.18  %   10000     
5.489521e+02      163.32          3.52            1.02152     0.00191       0.19  %   10000     
5.491396e+02      105.90          2.75            1.02594     0.00219       0.21  %   10000     
5.492330e+02      80.82           2.12            1.02619     0.00226       0.22  %   10000     
5.492479e+02      76.69           2.52            1.03284     0.00255       0.25  %   10000     
5.493349e+02      57.31           2.30            1.04010     0.00293       0.28  %   10000     
5.493669e+02      51.67           1.86            1.03594     0.00281       0.27  %   10000     
5.494150e+02      43.05           1.87            1.04354     0.00319       0.31  %   10000     
5.494814e+02      33.77           1.86            1.05516     0.00373       0.35  %   10000     
5.494837e+02      33.45           1.86            1.05566     0.00375       0.36  %   10000     
5.495523e+02      25.95           1.72            1.06610     0.00431       0.40  %   10000     
5.495958e+02      22.35           1.40            1.06274     0.00433       0.41  %   10000     
5.496210e+02      20.25           1.46            1.07207     0.00475       0.44  %   10000     
5.496876e+02      16.09           1.39            1.08607     0.00388       0.36  %   20000     
5.497233e+02      14.43           1.42            1.09826     0.00425       0.39  %   20000     
5.497531e+02      13.03           1.34            1.10268     0.00447       0.41  %   20000     
5.498279e+02      10.46           1.30            1.12393     0.00523       0.46  %   20000     
5.498595e+02      9.68            1.21            1.12553     0.00537       0.48  %   20000     
5.499027e+02      8.61            1.24            1.14387     0.00487       0.43  %   30000     
5.499893e+02      7.08            1.11            1.15687     0.00542       0.47  %   30000     
5.500773e+02      6.00            1.07            1.17814     0.00525       0.45  %   40000     
5.500948e+02      5.79            1.10            1.18941     0.00548       0.46  %   40000     
5.502121e+02      4.80            1.12            1.23412     0.00580       0.47  %   50000     
5.503528e+02      3.99            1.02            1.25658     0.00590       0.47  %   60000     
5.503688e+02      3.92            1.06            1.26953     0.00607       0.48  %   60000     
5.505156e+02      3.33            0.92            1.27561     0.00605       0.47  %   70000     
5.507110e+02      2.77            0.98            1.35389     0.00644       0.48  %   90000     
5.508622e+02      2.46            0.93            1.37629     0.00656       0.48  %   100000    
5.509220e+02      2.34            0.93            1.39717     0.00688       0.49  %   100000    
5.512112e+02      1.92            0.85            1.44373     0.00783       0.54  %   100000    
5.514674e+02      1.68            0.83            1.49780     0.00870       0.58  %   100000    
5.515485e+02      1.60            0.84            1.52416     0.00910       0.60  %   100000    
5.519698e+02      1.33            0.84            1.62774     0.01070       0.66  %   100000    
5.524571e+02      1.13            0.82            1.72175     0.01219       0.71  %   100000    
5.528148e+02      1.03            0.77            1.74715     0.01278       0.73  %   100000    
5.529444e+02      1.00            0.78            1.78164     0.01326       0.74  %   100000    
5.535625e+02      0.89            0.74            1.83220     0.01430       0.78  %   100000    
5.541806e+02      0.81            0.73            1.89810     0.01527       0.80  %   100000    
5.550048e+02      0.76            0.70            1.91867     0.01571       0.82  %   100000    
5.554968e+02      0.75            0.70            1.93331     0.01579       0.82  %   100000    
5.564058e+02      0.72            0.67            1.92884     0.01577       0.82  %   100000    
5.565706e+02      0.72            0.65            1.89647     0.01547       0.82  %   100000    
5.579962e+02      0.75            0.62            1.83472     0.01432       0.78  %   100000    
5.588872e+02      0.81            0.59            1.73029     0.01271       0.73  %   100000    
5.594218e+02      0.89            0.50            1.55940     0.01055       0.68  %   100000    
5.598053e+02      1.00            0.37            1.36982     0.00807       0.59  %   100000    
5.598108e+02      1.00            0.36            1.35774     0.00793       0.58  %   100000    
5.599970e+02      1.10            0.29            1.26204     0.00646       0.51  %   100000    
5.601568e+02      1.26            0.22            1.17681     0.00557       0.47  %   80000     
5.602687e+02      1.44            0.19            1.12901     0.00563       0.50  %   50000     
5.603645e+02      1.70            0.16            1.09491     0.00500       0.46  %   40000     
5.604444e+02      2.03            0.13            1.06621     0.00445       0.42  %   30000     
5.605137e+02      2.44            0.15            1.06081     0.00480       0.45  %   20000     
5.605830e+02      3.01            0.11            1.03756     0.00488       0.47  %   10000     
5.606522e+02      3.80            0.11            1.02883     0.00388       0.38  %   10000     
5.607215e+02      4.84            0.10            1.01982     0.00292       0.29  %   10000     
5.607908e+02      6.21            0.11            1.01712     0.00247       0.24  %   10000     
5.608712e+02      8.27            0.08            1.00992     0.00170       0.17  %   10000     
5.609612e+02      11.21           0.07            1.00625     0.00122       0.12  %   10000     
5.610103e+02      13.22           0.09            1.00677     0.00121       0.12  %   10000     
5.610758e+02      15.90           0.09            1.00537     0.00103       0.10  %   10000     
5.613625e+02      29.15           0.11            1.00372     0.00076       0.08  %   10000     
5.613678e+02      29.31           0.08            1.00279     0.00066       0.07  %   10000     
5.614935e+02      33.23           0.08            1.00239     0.00060       0.06  %   10000     
5.616060e+02      34.43           0.08            1.00223     0.00057       0.06  %   10000     
5.617200e+02      33.19           0.11            1.00333     0.00071       0.07  %   10000     
5.618510e+02      29.08           0.15            1.00527     0.00092       0.09  %   10000     
5.618614e+02      28.60           0.13            1.00450     0.00085       0.08  %   10000     
5.619662e+02      23.84           0.12            1.00486     0.00092       0.09  %   10000     
5.621855e+02      13.80           0.14            1.01013     0.00151       0.15  %   10000     
5.622838e+02      10.10           0.16            1.01590     0.00206       0.20  %   10000     
5.623622e+02      7.73            0.16            1.02050     0.00255       0.25  %   10000     
5.624403e+02      5.87            0.15            1.02601     0.00317       0.31  %   10000     
5.625054e+02      4.67            0.15            1.03177     0.00381       0.37  %   10000     
5.625705e+02      3.74            0.13            1.03447     0.00433       0.42  %   10000     
5.626356e+02      3.04            0.12            1.04108     0.00363       0.35  %   20000     
5.627006e+02      2.52            0.13            1.05025     0.00434       0.41  %   20000     
5.627775e+02      2.08            0.14            1.06626     0.00441       0.41  %   30000     
5.628600e+02      1.77            0.13            1.07486     0.00503       0.47  %   30000     
5.629543e+02      1.54            0.13            1.08603     0.00496       0.46  %   40000     
5.629767e+02      1.50            0.13            1.08417     0.00495       0.46  %   40000     
5.630486e+02      1.39            0.13            1.09356     0.00540       0.49  %   40000     
5.631428e+02      1.29            0.14            1.10475     0.00527       0.48  %   50000     
5.633314e+02      1.18            0.13            1.11287     0.00519       0.47  %   60000     
5.635199e+02      1.12            0.13            1.11926     0.00544       0.49  %   60000     
5.638970e+02      1.06            0.12            1.11146     0.00534       0.48  %   60000     
5.642741e+02      1.04            0.12            1.11969     0.00553       0.49  %   60000     
5.650383e+02      1.06            0.12            1.11530     0.00528       0.47  %   60000     
5.661845e+02      1.14            0.11            1.09454     0.00489       0.45  %   50000     
5.676965e+02      1.34            0.09            1.06936     0.00480       0.45  %   30000     
5.689768e+02      1.60            0.10            1.06021     0.00487       0.46  %   20000     
5.691596e+02      1.66            0.10            1.05859     0.00470       0.44  %   20000     
5.700741e+02      1.92            0.07            1.03777     0.00482       0.46  %   10000     
5.710983e+02      2.34            0.07            1.02971     0.00376       0.37  %   10000     
5.719397e+02      2.83            0.07            1.02331     0.00298       0.29  %   10000     
5.726825e+02      3.43            0.05            1.01456     0.00212       0.21  %   10000     
5.733858e+02      4.23            0.05            1.01087     0.00165       0.16  %   10000     
5.735943e+02      4.56            0.03            1.00734     0.00132       0.13  %   10000     
5.740133e+02      5.22            0.02            1.00427     0.00095       0.10  %   10000     
5.742653e+02      5.78            0.01            1.00219     0.00066       0.07  %   10000     
5.745397e+02      6.39            0.03            1.00492     0.00096       0.10  %   10000     
5.747007e+02      6.90            0.04            1.00529     0.00098       0.10  %   10000     
5.750475e+02      7.98            0.03            1.00400     0.00083       0.08  %   10000     
5.751078e+02      8.24            0.04            1.00430     0.00086       0.09  %   10000     
5.753792e+02      9.42            0.03            1.00319     0.00073       0.07  %   10000     
5.754436e+02      9.70            0.02            1.00218     0.00060       0.06  %   10000     
5.756507e+02      10.95           0.04            1.00380     0.00079       0.08  %   10000     
5.758398e+02      12.08           0.04            1.00350     0.00076       0.08  %   10000     
5.758951e+02      12.55           0.06            1.00448     0.00086       0.09  %   10000     
5.761127e+02      14.40           0.06            1.00420     0.00084       0.08  %   10000     
5.761828e+02      14.99           0.06            1.00391     0.00081       0.08  %   10000     
5.763302e+02      16.73           0.13            1.00771     0.00115       0.11  %   10000     
5.764693e+02      18.37           0.09            1.00509     0.00094       0.09  %   10000     
5.765207e+02      19.21           0.10            1.00546     0.00098       0.10  %   10000     
5.767007e+02      22.13           0.14            1.00636     0.00107       0.11  %   10000     
5.767264e+02      22.54           0.14            1.00642     0.00108       0.11  %   10000     
5.768678e+02      25.72           0.18            1.00713     0.00115       0.11  %   10000     
5.769514e+02      27.57           0.20            1.00713     0.00117       0.12  %   10000     
5.770253e+02      29.83           0.33            1.01109     0.00147       0.14  %   10000     
5.771378e+02      33.23           0.34            1.01009     0.00142       0.14  %   10000     
5.771764e+02      34.85           0.40            1.01154     0.00152       0.15  %   10000     
5.773114e+02      40.41           0.46            1.01138     0.00154       0.15  %   10000     
5.773178e+02      40.67           0.44            1.01079     0.00151       0.15  %   10000     
5.774271e+02      46.89           0.68            1.01458     0.00178       0.17  %   10000     
5.774682e+02      49.17           0.71            1.01445     0.00179       0.18  %   10000     
5.775370e+02      54.45           0.94            1.01735     0.00197       0.19  %   10000     
5.775965e+02      58.87           1.00            1.01694     0.00198       0.19  %   10000     
5.776427e+02      63.60           1.04            1.01635     0.00195       0.19  %   10000     
5.777138e+02      70.58           1.50            1.02124     0.00225       0.22  %   10000     
5.777395e+02      74.08           1.58            1.02128     0.00226       0.22  %   10000     
5.778295e+02      85.73           1.89            1.02206     0.00234       0.23  %   10000     
5.779195e+02      100.88          2.76            1.02738     0.00265       0.26  %   10000     
5.779323e+02      102.88          2.58            1.02503     0.00254       0.25  %   10000     
5.780095e+02      119.11          3.87            1.03245     0.00292       0.28  %   10000     
5.780352e+02      124.00          3.36            1.02706     0.00269       0.26  %   10000     
5.780995e+02      140.36          4.42            1.03147     0.00292       0.28  %   10000     
5.781380e+02      148.97          4.17            1.02798     0.00278       0.27  %   10000     
5.781920e+02      165.03          4.96            1.03006     0.00289       0.28  %   10000     
5.782537e+02      180.33          6.10            1.03383     0.00311       0.30  %   10000     
5.782949e+02      193.56          6.82            1.03526     0.00317       0.31  %   10000     
5.783746e+02      213.67          8.39            1.03926     0.00339       0.33  %   10000     
5.784080e+02      224.08          10.05           1.04483     0.00362       0.35  %   10000     
5.785263e+02      249.75          12.00           1.04807     0.00381       0.36  %   10000     
5.785572e+02      256.15          12.49           1.04878     0.00384       0.37  %   10000     
5.788503e+02      288.02          21.21           1.07365     0.00479       0.45  %   10000     
5.788709e+02      287.32          20.12           1.07004     0.00469       0.44  %   10000     
5.789840e+02      289.20          20.89           1.07223     0.00479       0.45  %   10000     
5.790046e+02      290.96          19.89           1.06836     0.00466       0.44  %   10000     
5.791210e+02      288.89          24.68           1.08542     0.00523       0.48  %   10000     
5.791270e+02      288.20          24.87           1.08630     0.00526       0.48  %   10000     
5.791330e+02      287.81          26.87           1.09335     0.00387       0.35  %   20000     
5.792392e+02      285.23          24.80           1.08695     0.00530       0.49  %   10000     
5.792565e+02      283.11          25.06           1.08853     0.00537       0.49  %   10000     
5.793800e+02      277.39          28.97           1.10445     0.00412       0.37  %   20000     
5.794099e+02      273.25          28.13           1.10296     0.00412       0.37  %   20000     
5.796834e+02      241.96          29.73           1.12287     0.00452       0.40  %   20000     
5.797865e+02      221.20          28.95           1.13087     0.00470       0.42  %   20000     
5.798680e+02      207.99          27.69           1.13311     0.00471       0.42  %   20000     
5.799097e+02      198.35          26.13           1.13173     0.00471       0.42  %   20000     
5.800000e+02      184.72          26.24           1.14204     0.00483       0.42  %   20000     
5.800177e+02      181.17          25.28           1.13951     0.00480       0.42  %   20000     
5.800986e+02      172.37          22.13           1.12838     0.00455       0.40  %   20000     
5.801006e+02      172.33          22.95           1.13319     0.00462       0.41  %   20000     
5.801791e+02      168.36          22.42           1.13315     0.00454       0.40  %   20000     
5.801822e+02      168.44          22.40           1.13297     0.00453       0.40  %   20000     
5.802326e+02      168.37          21.24           1.12613     0.00438       0.39  %   20000     
5.803007e+02      173.32          20.25           1.11681     0.00411       0.37  %   20000     
5.803161e+02      174.10          20.08           1.11533     0.00407       0.37  %   20000     
5.803817e+02      183.22          20.80           1.11352     0.00395       0.35  %   20000     
5.804198e+02      187.77          19.24           1.10244     0.00528       0.48  %   10000     
5.804908e+02      202.17          21.11           1.10442     0.00520       0.47  %   10000     
5.805936e+02      219.98          25.41           1.11551     0.00538       0.48  %   10000     
5.806917e+02      236.82          24.38           1.10297     0.00503       0.46  %   10000     
5.807889e+02      252.44          25.71           1.10186     0.00495       0.45  %   10000     
5.808821e+02      258.68          27.25           1.10535     0.00504       0.46  %   10000     
5.809231e+02      262.34          26.66           1.10162     0.00494       0.45  %   10000     
5.809762e+02      262.89          27.58           1.10491     0.00502       0.45  %   10000     
5.810000e+02      261.05          30.15           1.11551     0.00528       0.47  %   10000     
5.811118e+02      255.40          31.06           1.12162     0.00543       0.48  %   10000     
5.811170e+02      254.51          27.13           1.10658     0.00510       0.46  %   10000     
5.812579e+02      233.53          29.83           1.12774     0.00563       0.50  %   10000     
5.812631e+02      232.28          28.83           1.12411     0.00556       0.49  %   10000     
5.816075e+02      141.06          24.32           1.17241     0.00490       0.42  %   20000     
5.816805e+02      121.76          21.97           1.18041     0.00508       0.43  %   20000     
5.817249e+02      108.99          21.40           1.19631     0.00539       0.45  %   20000     
5.818152e+02      87.83           17.22           1.19604     0.00555       0.46  %   20000     
5.818229e+02      85.90           17.96           1.20906     0.00575       0.48  %   20000     
5.819080e+02      69.29           16.06           1.23177     0.00511       0.41  %   30000     
5.819280e+02      66.27           15.11           1.22799     0.00509       0.41  %   30000     
5.819975e+02      55.36           14.01           1.25296     0.00555       0.44  %   30000     
5.820497e+02      49.18           13.91           1.28294     0.00595       0.46  %   30000     
5.820790e+02      45.58           13.30           1.29185     0.00615       0.48  %   30000     
5.821606e+02      38.08           12.15           1.31893     0.00576       0.44  %   40000     
5.821801e+02      36.76           11.70           1.31828     0.00578       0.44  %   40000     
5.822519e+02      31.80           11.35           1.35695     0.00631       0.47  %   40000     
5.823334e+02      27.78           10.40           1.37450     0.00662       0.48  %   40000     
5.823546e+02      26.71           10.53           1.39405     0.00686       0.49  %   40000     
5.824831e+02      22.29           9.61            1.43113     0.00666       0.47  %   50000     
5.825465e+02      20.80           9.24            1.44398     0.00682       0.47  %   50000     
5.826208e+02      19.03           8.82            1.46364     0.00713       0.49  %   50000     
5.828119e+02      15.94           7.96            1.49939     0.00697       0.47  %   60000     
5.828137e+02      15.91           8.01            1.50371     0.00700       0.47  %   60000     
5.830496e+02      13.30           7.33            1.55123     0.00760       0.49  %   60000     
5.831822e+02      12.30           7.15            1.58152     0.00786       0.50  %   60000     
5.833209e+02      11.24           6.71            1.59724     0.00754       0.47  %   70000     
5.836728e+02      9.41            5.99            1.63653     0.00799       0.49  %   70000     
5.836962e+02      9.33            5.88            1.63018     0.00795       0.49  %   70000     
5.840755e+02      8.06            5.53            1.68569     0.00791       0.47  %   80000     
5.843815e+02      7.44            5.02            1.67469     0.00837       0.50  %   70000     
5.843976e+02      7.40            4.99            1.67356     0.00837       0.50  %   70000     
5.847600e+02      7.11            4.51            1.63518     0.00797       0.49  %   70000     
5.848003e+02      7.11            4.50            1.63316     0.00792       0.49  %   70000     
5.850019e+02      7.26            4.33            1.59538     0.00744       0.47  %   70000     
5.851835e+02      7.73            4.11            1.53214     0.00725       0.47  %   60000     
5.853348e+02      8.60            3.92            1.45608     0.00691       0.47  %   50000     
5.854257e+02      9.52            3.98            1.41795     0.00701       0.49  %   40000     
5.855165e+02      10.94           3.65            1.33394     0.00589       0.44  %   40000     
5.855921e+02      12.73           3.68            1.28895     0.00592       0.46  %   30000     
5.856678e+02      15.29           3.67            1.24014     0.00613       0.49  %   20000     
5.857192e+02      17.76           3.50            1.19718     0.00526       0.44  %   20000     
5.857435e+02      18.92           3.38            1.17852     0.00490       0.42  %   20000     
5.858192e+02      23.98           3.51            1.14644     0.00411       0.36  %   20000     
5.858889e+02      30.22           3.51            1.11598     0.00485       0.43  %   10000     
5.859198e+02      33.87           3.40            1.10051     0.00438       0.40  %   10000     
5.859678e+02      39.50           3.51            1.08878     0.00398       0.37  %   10000     
5.860468e+02      51.43           3.54            1.06879     0.00333       0.31  %   10000     
5.860783e+02      57.42           3.75            1.06534     0.00318       0.30  %   10000     
5.861356e+02      68.16           3.71            1.05448     0.00284       0.27  %   10000     
5.861967e+02      82.31           3.31            1.04026     0.00239       0.23  %   10000     
5.862540e+02      95.27           4.28            1.04495     0.00248       0.24  %   10000     
5.863238e+02      113.20          4.74            1.04190     0.00236       0.23  %   10000     
5.864982e+02      155.86          5.37            1.03447     0.00211       0.20  %   10000     
5.865425e+02      166.23          5.60            1.03366     0.00208       0.20  %   10000     
5.866687e+02      186.88          6.55            1.03503     0.00212       0.21  %   10000     
5.867603e+02      192.78          6.79            1.03523     0.00214       0.21  %   10000     
5.867849e+02      194.42          7.32            1.03767     0.00222       0.21  %   10000     
5.868042e+02      194.51          7.84            1.04031     0.00229       0.22  %   10000     
5.869166e+02      188.16          7.75            1.04119     0.00235       0.23  %   10000     
5.870113e+02      174.06          8.88            1.05100     0.00264       0.25  %   10000     
5.870302e+02      171.25          7.75            1.04524     0.00250       0.24  %   10000     
5.871692e+02      139.37          8.14            1.05843     0.00292       0.28  %   10000     
5.872197e+02      127.54          8.81            1.06909     0.00320       0.30  %   10000     
5.873995e+02      82.50           7.68            1.09304     0.00396       0.36  %   10000     
5.875050e+02      60.03           7.11            1.11850     0.00473       0.42  %   10000     
5.875938e+02      44.69           7.04            1.15751     0.00578       0.50  %   10000     
5.876727e+02      33.93           6.28            1.18500     0.00472       0.40  %   20000     
5.876767e+02      33.51           6.57            1.19599     0.00486       0.41  %   20000     
5.877437e+02      26.37           6.41            1.24318     0.00577       0.46  %   20000     
5.878141e+02      20.60           5.99            1.29077     0.00552       0.43  %   30000     
5.878845e+02      16.26           5.77            1.35475     0.00654       0.48  %   30000     
5.879118e+02      15.01           5.79            1.38537     0.00603       0.44  %   40000     
5.879549e+02      13.04           5.69            1.43639     0.00672       0.47  %   40000     
5.880253e+02      10.69           5.60            1.52399     0.00704       0.46  %   50000     
5.881075e+02      8.74            5.32            1.60919     0.00742       0.46  %   60000     
5.881856e+02      7.44            5.20            1.69916     0.00844       0.50  %   60000     
5.882833e+02      6.31            5.16            1.81683     0.00896       0.49  %   70000     
5.883810e+02      5.54            4.90            1.88503     0.00915       0.49  %   80000     
5.885374e+02      4.72            4.80            2.01714     0.00974       0.48  %   90000     
5.885528e+02      4.66            4.83            2.03524     0.00985       0.48  %   90000     
5.887328e+02      4.06            4.64            2.14428     0.01034       0.48  %   100000    
5.889743e+02      3.52            4.47            2.27113     0.01143       0.50  %   100000    
5.892949e+02      3.05            4.13            2.35765     0.01235       0.52  %   100000    
5.892963e+02      3.04            4.15            2.36301     0.01238       0.52  %   100000    
5.896989e+02      2.65            3.95            2.48665     0.01352       0.54  %   100000    
5.901979e+02      2.34            3.59            2.53459     0.01425       0.56  %   100000    
5.907323e+02      2.13            3.07            2.43928     0.01411       0.58  %   100000    
5.909058e+02      2.06            2.94            2.42832     0.01420       0.58  %   100000    
5.917906e+02      1.86            2.21            2.19024     0.01329       0.61  %   100000    
5.928524e+02      1.74            1.56            1.89607     0.01149       0.61  %   100000    
5.932417e+02      1.73            1.31            1.75747     0.01045       0.59  %   100000    
5.936002e+02      1.72            1.09            1.63294     0.00948       0.58  %   100000    
5.946988e+02      1.78            0.82            1.45960     0.00763       0.52  %   100000    
5.957975e+02      1.96            0.70            1.35547     0.00645       0.48  %   90000     
5.965299e+02      2.17            0.63            1.29073     0.00610       0.47  %   70000     
5.972438e+02      2.49            0.55            1.22258     0.00573       0.47  %   50000     
5.975794e+02      2.71            0.50            1.18515     0.00553       0.47  %   40000     
5.978388e+02      2.89            0.49            1.17128     0.00510       0.44  %   40000     
5.984337e+02      3.47            0.38            1.10901     0.00513       0.46  %   20000     
5.989393e+02      4.21            0.27            1.06438     0.00500       0.47  %   10000     
5.993816e+02      5.15            0.14            1.02655     0.00290       0.28  %   10000     
5.996772e+02      6.05            0.13            1.02118     0.00240       0.24  %   10000     
5.997384e+02      6.23            0.09            1.01368     0.00191       0.19  %   10000     
6.000810e+02      7.72            0.09            1.01121     0.00160       0.16  %   10000     
6.002002e+02      8.47            0.09            1.01097     0.00153       0.15  %   10000     
6.003165e+02      9.19            0.08            1.00884     0.00135       0.13  %   10000     
6.003746e+02      9.56            0.10            1.01072     0.00147       0.15  %   10000     
6.005841e+02      11.44           0.07            1.00600     0.00106       0.11  %   10000     
6.006314e+02      11.86           0.09            1.00762     0.00119       0.12  %   10000     
6.007722e+02      13.62           0.11            1.00788     0.00119       0.12  %   10000     
6.008149e+02      14.15           0.11            1.00786     0.00118       0.12  %   10000     
6.009289e+02      16.13           0.10            1.00594     0.00102       0.10  %   10000     
6.010100e+02      17.52           0.11            1.00613     0.00103       0.10  %   10000     
6.010664e+02      18.90           0.14            1.00764     0.00115       0.11  %   10000     
6.011618e+02      21.22           0.14            1.00666     0.00108       0.11  %   10000     
6.011748e+02      21.67           0.18            1.00823     0.00120       0.12  %   10000     
6.012832e+02      25.32           0.15            1.00587     0.00102       0.10  %   10000     
6.012918e+02      25.61           0.18            1.00714     0.00113       0.11  %   10000     
6.013699e+02      29.22           0.24            1.00816     0.00121       0.12  %   10000     
6.014002e+02      30.61           0.25            1.00810     0.00122       0.12  %   10000     
6.014566e+02      34.18           0.30            1.00874     0.00127       0.13  %   10000     
6.015086e+02      37.43           0.31            1.00841     0.00127       0.13  %   10000     
6.015346e+02      39.66           0.40            1.00998     0.00138       0.14  %   10000     
6.015953e+02      44.78           0.44            1.00972     0.00138       0.14  %   10000     
6.016127e+02      46.74           0.57            1.01212     0.00155       0.15  %   10000     
6.016821e+02      54.41           0.61            1.01112     0.00151       0.15  %   10000     
6.016841e+02      54.72           0.72            1.01318     0.00164       0.16  %   10000     
6.017576e+02      65.39           0.98            1.01493     0.00178       0.18  %   10000     
6.017688e+02      66.95           0.89            1.01336     0.00169       0.17  %   10000     
6.018311e+02      78.59           1.13            1.01434     0.00177       0.17  %   10000     
6.018524e+02      82.40           1.54            1.01863     0.00204       0.20  %   10000     
6.018986e+02      93.31           1.34            1.01432     0.00180       0.18  %   10000     
6.019409e+02      102.72          1.95            1.01894     0.00210       0.21  %   10000     
6.019723e+02      111.88          2.29            1.02043     0.00218       0.21  %   10000     
6.020324e+02      128.04          2.67            1.02085     0.00224       0.22  %   10000     
6.020515e+02      134.67          2.84            1.02109     0.00225       0.22  %   10000     
6.021364e+02      161.12          4.00            1.02482     0.00248       0.24  %   10000     
6.021373e+02      161.46          3.68            1.02281     0.00238       0.23  %   10000     
6.022388e+02      196.15          5.66            1.02886     0.00271       0.26  %   10000     
6.022578e+02      201.48          4.93            1.02449     0.00251       0.25  %   10000     
6.023654e+02      236.76          7.91            1.03341     0.00296       0.29  %   10000     
6.024486e+02      256.88          8.78            1.03420     0.00303       0.29  %   10000     
6.026498e+02      290.73          12.08           1.04154     0.00339       0.33  %   10000     
6.026637e+02      291.09          14.21           1.04882     0.00368       0.35  %   10000     
6.027955e+02      299.23          14.86           1.04965     0.00374       0.36  %   10000     
6.028024e+02      298.76          16.17           1.05413     0.00391       0.37  %   10000     
6.029139e+02      298.78          17.17           1.05747     0.00405       0.38  %   10000     
6.029267e+02      297.33          19.71           1.06630     0.00436       0.41  %   10000     
6.029669e+02      294.75          18.31           1.06213     0.00424       0.40  %   10000     
6.030209e+02      294.05          19.27           1.06553     0.00435       0.41  %   10000     
6.031042e+02      283.76          21.10           1.07435     0.00468       0.44  %   10000     
6.031458e+02      281.20          19.25           1.06844     0.00449       0.42  %   10000     
6.032568e+02      261.27          19.83           1.07589     0.00480       0.45  %   10000     
6.033400e+02      246.60          20.20           1.08191     0.00500       0.46  %   10000     
6.035551e+02      188.19          19.60           1.10413     0.00411       0.37  %   20000     
6.036071e+02      174.07          18.23           1.10472     0.00413       0.37  %   20000     
6.036765e+02      151.26          18.34           1.12124     0.00452       0.40  %   20000     
6.037459e+02      132.22          14.95           1.11304     0.00441       0.40  %   20000     
6.037805e+02      121.32          14.39           1.11863     0.00457       0.41  %   20000     
6.038499e+02      104.19          13.34           1.12805     0.00480       0.43  %   20000     
6.038759e+02      97.10           12.89           1.13271     0.00495       0.44  %   20000     
6.039621e+02      79.02           10.81           1.13684     0.00513       0.45  %   20000     
6.039681e+02      77.67           10.89           1.14017     0.00521       0.46  %   20000     
6.040467e+02      64.13           10.08           1.15711     0.00566       0.49  %   20000     
6.040705e+02      60.96           9.74            1.15977     0.00572       0.49  %   20000     
6.041252e+02      53.26           8.32            1.15622     0.00473       0.41  %   30000     
6.041925e+02      46.03           7.71            1.16741     0.00498       0.43  %   30000     
6.042076e+02      44.33           7.85            1.17715     0.00516       0.44  %   30000     
6.043052e+02      36.25           7.38            1.20352     0.00570       0.47  %   30000     
6.043225e+02      35.21           6.71            1.19066     0.00553       0.46  %   30000     
6.044027e+02      30.23           6.58            1.21780     0.00608       0.50  %   30000     
6.044743e+02      27.04           6.03            1.22286     0.00540       0.44  %   40000     
6.045220e+02      24.85           5.61            1.22565     0.00554       0.45  %   40000     
6.046477e+02      20.76           5.30            1.25529     0.00606       0.48  %   40000     
6.046520e+02      20.62           5.11            1.24790     0.00599       0.48  %   40000     
6.048038e+02      17.04           4.63            1.27142     0.00581       0.46  %   50000     
6.048461e+02      16.34           4.42            1.27031     0.00583       0.46  %   50000     
6.049963e+02      13.82           4.27            1.30870     0.00647       0.49  %   50000     
6.051194e+02      12.36           3.96            1.32032     0.00612       0.46  %   60000     
6.052051e+02      11.34           3.81            1.33639     0.00642       0.48  %   60000     
6.054483e+02      9.27            3.47            1.37465     0.00654       0.48  %   70000     
6.055070e+02      8.92            3.41            1.38284     0.00664       0.48  %   70000     
6.057373e+02      7.53            3.22            1.42777     0.00685       0.48  %   80000     
6.059330e+02      6.69            2.96            1.44285     0.00713       0.49  %   80000     
6.060411e+02      6.22            2.92            1.46939     0.00707       0.48  %   90000     
6.063770e+02      5.18            2.70            1.52189     0.00738       0.49  %   100000    
6.064721e+02      4.97            2.62            1.52650     0.00747       0.49  %   100000    
6.067688e+02      4.31            2.52            1.58581     0.00819       0.52  %   100000    
6.071676e+02      3.69            2.33            1.63147     0.00879       0.54  %   100000    
6.072479e+02      3.57            2.28            1.63928     0.00895       0.55  %   100000    
6.077986e+02      2.98            2.19            1.73675     0.01005       0.58  %   100000    
6.082219e+02      2.67            2.00            1.74759     0.01033       0.59  %   100000    
6.083493e+02      2.58            1.95            1.75606     0.01050       0.60  %   100000    
6.090952e+02      2.22            1.84            1.82835     0.01133       0.62  %   100000    
6.094646e+02      2.11            1.69            1.79907     0.01116       0.62  %   100000    
6.098411e+02      2.00            1.71            1.85310     0.01163       0.63  %   100000    
6.105870e+02      1.88            1.57            1.83393     0.01146       0.62  %   100000    
6.113329e+02      1.85            1.44            1.77669     0.01077       0.61  %   100000    
6.116060e+02      1.87            1.43            1.76544     0.01048       0.59  %   100000    
6.119979e+02      1.90            1.35            1.71136     0.00986       0.58  %   100000    
6.126629e+02      2.04            1.25            1.61375     0.00859       0.53  %   100000    
6.131616e+02      2.23            1.16            1.52170     0.00742       0.49  %   100000    
6.136604e+02      2.54            1.12            1.44004     0.00700       0.49  %   80000     
6.141041e+02      2.97            0.99            1.33353     0.00642       0.48  %   60000     
6.144933e+02      3.57            0.89            1.24959     0.00616       0.49  %   40000     
6.147604e+02      4.17            0.75            1.17960     0.00559       0.47  %   30000     
6.147714e+02      4.20            0.80            1.18978     0.00572       0.48  %   30000     
6.150314e+02      5.05            0.66            1.12983     0.00533       0.47  %   20000     
6.152547e+02      6.12            0.54            1.08882     0.00406       0.37  %   20000     
6.154407e+02      7.43            0.48            1.06481     0.00454       0.43  %   10000     
6.154689e+02      7.71            0.46            1.05951     0.00429       0.40  %   10000     
6.155545e+02      8.57            0.47            1.05529     0.00398       0.38  %   10000     
6.155775e+02      8.80            0.40            1.04520     0.00358       0.34  %   10000     
6.157020e+02      10.57           0.40            1.03797     0.00311       0.30  %   10000     
6.157184e+02      10.90           0.44            1.04034     0.00317       0.31  %   10000     
6.158016e+02      12.56           0.39            1.03138     0.00271       0.26  %   10000     
6.158357e+02      13.50           0.42            1.03147     0.00267       0.26  %   10000     
6.158923e+02      15.06           0.34            1.02285     0.00224       0.22  %   10000     
6.159530e+02      17.33           0.39            1.02257     0.00217       0.21  %   10000     
6.159722e+02      18.05           0.43            1.02409     0.00223       0.22  %   10000     
6.160465e+02      21.79           0.43            1.01979     0.00198       0.19  %   10000     
6.160521e+02      22.08           0.41            1.01858     0.00192       0.19  %   10000     
6.161244e+02      27.00           0.41            1.01526     0.00171       0.17  %   10000     
6.161320e+02      27.51           0.42            1.01526     0.00171       0.17  %   10000     
6.162023e+02      33.83           0.45            1.01322     0.00157       0.16  %   10000     
6.162039e+02      33.98           0.47            1.01379     0.00161       0.16  %   10000     
6.162759e+02      42.28           0.62            1.01455     0.00164       0.16  %   10000     
6.162762e+02      42.33           0.56            1.01324     0.00157       0.15  %   10000     
6.163478e+02      52.76           0.79            1.01504     0.00166       0.16  %   10000     
6.163502e+02      53.20           0.64            1.01205     0.00149       0.15  %   10000     
6.164303e+02      67.79           0.99            1.01467     0.00164       0.16  %   10000     
6.164315e+02      68.07           0.86            1.01262     0.00153       0.15  %   10000     
6.165169e+02      87.28           1.21            1.01381     0.00160       0.16  %   10000     
6.165211e+02      88.19           1.25            1.01421     0.00162       0.16  %   10000     
6.166077e+02      111.78          1.57            1.01409     0.00162       0.16  %   10000     
6.166333e+02      118.38          1.21            1.01024     0.00139       0.14  %   10000     
6.167228e+02      146.31          2.14            1.01465     0.00166       0.16  %   10000     
6.167867e+02      164.63          2.96            1.01799     0.00186       0.18  %   10000     
6.169325e+02      205.03          3.71            1.01812     0.00188       0.18  %   10000     
6.170245e+02      228.16          4.46            1.01955     0.00196       0.19  %   10000     
6.171217e+02      242.86          5.53            1.02279     0.00213       0.21  %   10000     
6.171575e+02      248.68          5.70            1.02294     0.00214       0.21  %   10000     
6.172598e+02      253.12          6.35            1.02507     0.00226       0.22  %   10000     
6.172885e+02      254.94          6.22            1.02441     0.00222       0.22  %   10000     
6.172958e+02      254.90          7.27            1.02854     0.00240       0.23  %   10000     
6.173582e+02      250.87          7.17            1.02857     0.00242       0.24  %   10000     
6.174056e+02      248.78          8.04            1.03231     0.00258       0.25  %   10000     
6.174823e+02      236.91          8.07            1.03407     0.00267       0.26  %   10000     
6.175334e+02      229.83          7.98            1.03474     0.00270       0.26  %   10000     
6.176332e+02      205.74          8.13            1.03953     0.00292       0.28  %   10000     
6.177201e+02      184.18          7.60            1.04124     0.00300       0.29  %   10000     
6.179221e+02      124.69          5.96            1.04780     0.00335       0.32  %   10000     
6.179835e+02      108.52          5.79            1.05332     0.00357       0.34  %   10000     
6.180372e+02      93.52           5.32            1.05693     0.00376       0.36  %   10000     
6.181186e+02      74.92           4.90            1.06543     0.00411       0.39  %   10000     
6.181311e+02      71.93           4.02            1.05582     0.00383       0.36  %   10000     
6.182122e+02      56.53           3.86            1.06819     0.00436       0.41  %   10000     
6.182322e+02      53.54           3.71            1.06938     0.00442       0.41  %   10000     
6.182913e+02      44.44           3.40            1.07648     0.00478       0.44  %   10000     
6.183441e+02      38.19           3.28            1.08578     0.00515       0.47  %   10000     
6.183713e+02      34.91           3.02            1.08658     0.00527       0.48  %   10000     
6.184400e+02      28.58           2.92            1.10212     0.00417       0.38  %   20000     
6.184432e+02      28.28           2.84            1.10050     0.00415       0.38  %   20000     
6.185231e+02      22.67           2.43            1.10700     0.00448       0.40  %   20000     
6.185679e+02      20.35           2.44            1.12002     0.00483       0.43  %   20000     
6.186030e+02      18.51           2.28            1.12300     0.00500       0.45  %   20000     
6.186829e+02      15.42           2.05            1.13318     0.00541       0.48  %   20000     
6.186957e+02      15.06           2.05            1.13625     0.00549       0.48  %   20000     
6.187757e+02      12.79           1.95            1.15276     0.00494       0.43  %   30000     
6.188544e+02      11.23           1.90            1.16889     0.00534       0.46  %   30000     
6.188912e+02      10.49           1.81            1.17267     0.00551       0.47  %   30000     
6.190067e+02      8.88            1.76            1.19825     0.00533       0.44  %   40000     
6.191189e+02      7.78            1.57            1.20233     0.00554       0.46  %   40000     
6.191511e+02      7.46            1.57            1.21029     0.00572       0.47  %   40000     
6.193325e+02      6.22            1.46            1.23519     0.00568       0.46  %   50000     
6.194494e+02      5.68            1.40            1.24592     0.00592       0.48  %   50000     
6.195385e+02      5.25            1.46            1.27815     0.00588       0.46  %   60000     
6.197857e+02      4.45            1.28            1.28641     0.00623       0.48  %   60000     
6.199451e+02      4.11            1.25            1.30425     0.00652       0.50  %   60000     
6.200729e+02      3.83            1.22            1.31784     0.00630       0.48  %   70000     
6.203802e+02      3.38            1.11            1.32738     0.00658       0.50  %   70000     
6.206874e+02      3.10            1.06            1.34346     0.00637       0.47  %   80000     
6.207059e+02      3.09            1.06            1.34502     0.00638       0.47  %   80000     
6.210971e+02      2.88            0.99            1.34311     0.00639       0.48  %   80000     
6.215068e+02      2.83            0.93            1.32732     0.00654       0.49  %   70000     
6.218894e+02      2.92            0.86            1.29566     0.00643       0.50  %   60000     
6.222719e+02      3.19            0.82            1.25589     0.00611       0.49  %   50000     
6.225589e+02      3.59            0.81            1.22695     0.00597       0.49  %   40000     
6.227980e+02      4.16            0.78            1.18765     0.00577       0.49  %   30000     
6.229653e+02      4.82            0.70            1.14450     0.00471       0.41  %   30000     
6.230938e+02      5.63            0.72            1.12709     0.00504       0.45  %   20000     
6.231929e+02      6.57            0.68            1.10304     0.00425       0.39  %   20000     
6.232780e+02      7.76            0.62            1.07944     0.00495       0.46  %   10000     
6.233393e+02      9.01            0.66            1.07376     0.00451       0.42  %   10000     
6.233630e+02      9.49            0.62            1.06518     0.00417       0.39  %   10000     
6.234339e+02      11.53           0.63            1.05438     0.00358       0.34  %   10000     
6.234503e+02      12.19           0.59            1.04838     0.00333       0.32  %   10000     
6.235076e+02      14.47           0.65            1.04520     0.00307       0.29  %   10000     
6.235756e+02      18.18           0.67            1.03679     0.00262       0.25  %   10000     
6.235789e+02      18.42           0.60            1.03278     0.00247       0.24  %   10000     
6.236437e+02      23.10           0.64            1.02781     0.00218       0.21  %   10000     
6.237074e+02      29.13           0.76            1.02614     0.00203       0.20  %   10000     
6.237117e+02      29.54           0.66            1.02238     0.00188       0.18  %   10000     
6.237817e+02      38.01           0.86            1.02250     0.00182       0.18  %   10000     
6.238121e+02      42.68           0.86            1.02013     0.00170       0.17  %   10000     
6.238577e+02      49.63           0.77            1.01552     0.00148       0.15  %   10000     
6.239070e+02      59.07           0.95            1.01602     0.00148       0.15  %   10000     
6.239431e+02      65.89           1.01            1.01531     0.00144       0.14  %   10000     
6.240019e+02      79.65           1.07            1.01349     0.00134       0.13  %   10000     
6.240475e+02      90.10           1.03            1.01141     0.00123       0.12  %   10000     
6.241130e+02      108.14          1.41            1.01308     0.00130       0.13  %   10000     
6.242065e+02      133.03          1.75            1.01316     0.00130       0.13  %   10000     
6.242836e+02      153.10          1.95            1.01273     0.00128       0.13  %   10000     
6.244142e+02      185.67          2.84            1.01531     0.00140       0.14  %   10000     
6.245175e+02      202.59          2.86            1.01414     0.00135       0.13  %   10000     
6.245357e+02      205.58          3.17            1.01544     0.00141       0.14  %   10000     
6.246517e+02      212.98          4.08            1.01918     0.00158       0.16  %   10000     
6.246665e+02      213.00          3.87            1.01816     0.00154       0.15  %   10000     
6.246667e+02      212.99          3.47            1.01631     0.00146       0.14  %   10000     
6.247802e+02      206.61          4.50            1.02179     0.00170       0.17  %   10000     
6.249017e+02      187.19          3.93            1.02102     0.00169       0.17  %   10000     
6.249138e+02      185.25          3.49            1.01884     0.00160       0.16  %   10000     
6.250535e+02      150.41          4.10            1.02724     0.00195       0.19  %   10000     
6.251385e+02      128.42          3.66            1.02850     0.00202       0.20  %   10000     
6.252946e+02      87.13           3.32            1.03808     0.00242       0.23  %   10000     
6.253952e+02      64.50           2.68            1.04154     0.00260       0.25  %   10000     
6.254066e+02      62.43           2.64            1.04230     0.00264       0.25  %   10000     
6.254806e+02      48.74           2.47            1.05065     0.00298       0.28  %   10000     
6.255534e+02      38.09           2.56            1.06731     0.00354       0.33  %   10000     
6.255619e+02      36.84           2.21            1.05993     0.00337       0.32  %   10000     
6.256340e+02      28.61           2.20            1.07679     0.00397       0.37  %   10000     
6.256977e+02      23.05           1.94            1.08403     0.00432       0.40  %   10000     
6.257062e+02      22.30           1.89            1.08457     0.00436       0.40  %   10000     
6.257764e+02      17.69           1.75            1.09884     0.00495       0.45  %   10000     
6.258282e+02      15.17           1.62            1.10710     0.00532       0.48  %   10000     
6.258428e+02      14.45           1.67            1.11547     0.00395       0.35  %   20000     
6.259203e+02      11.72           1.64            1.13953     0.00457       0.40  %   20000     
6.259977e+02      9.83            1.49            1.15141     0.00497       0.43  %   20000     
6.260370e+02      9.19            1.44            1.15696     0.00512       0.44  %   20000     
6.260862e+02      8.39            1.43            1.17043     0.00547       0.47  %   20000     
6.261969e+02      7.29            1.37            1.18775     0.00483       0.41  %   30000     
6.262980e+02      6.77            1.31            1.19420     0.00496       0.41  %   30000     
6.263297e+02      6.60            1.31            1.19890     0.00504       0.42  %   30000     
6.264846e+02      6.32            1.15            1.18253     0.00588       0.50  %   20000     
6.265067e+02      6.32            1.20            1.19012     0.00488       0.41  %   30000     
6.266584e+02      6.51            1.15            1.17637     0.00557       0.47  %   20000     
6.268101e+02      7.19            1.09            1.15117     0.00486       0.42  %   20000     
6.268229e+02      7.30            1.09            1.14911     0.00479       0.42  %   20000     
6.269112e+02      8.06            1.02            1.12666     0.00423       0.38  %   20000     
6.269870e+02      9.07            1.07            1.11790     0.00551       0.49  %   10000     
6.270337e+02      9.99            0.98            1.09788     0.00486       0.44  %   10000     
6.270755e+02      10.82           0.98            1.09018     0.00455       0.42  %   10000     
6.271391e+02      12.65           1.04            1.08192     0.00414       0.38  %   10000     
6.271513e+02      13.01           1.03            1.07931     0.00405       0.37  %   10000     
6.272272e+02      16.07           1.00            1.06196     0.00341       0.32  %   10000     
6.272445e+02      17.04           1.04            1.06127     0.00334       0.32  %   10000     
6.273030e+02      20.31           0.99            1.04857     0.00289       0.28  %   10000     
6.273499e+02      23.81           1.17            1.04935     0.00284       0.27  %   10000     
6.273734e+02      25.56           1.05            1.04097     0.00257       0.25  %   10000     
6.274462e+02      32.65           1.15            1.03536     0.00232       0.22  %   10000     
6.274504e+02      33.06           1.12            1.03391     0.00227       0.22  %   10000     
6.275253e+02      42.51           1.36            1.03209     0.00216       0.21  %   10000     
6.275339e+02      43.58           1.43            1.03278     0.00219       0.21  %   10000     
6.276109e+02      55.80           1.59            1.02843     0.00201       0.20  %   10000     
6.276195e+02      57.14           1.94            1.03393     0.00219       0.21  %   10000     
6.277062e+02      74.01           1.96            1.02651     0.00193       0.19  %   10000     
6.277275e+02      78.07           1.91            1.02440     0.00185       0.18  %   10000     
6.278203e+02      99.51           2.69            1.02703     0.00194       0.19  %   10000     
6.279061e+02      118.57          3.40            1.02864     0.00200       0.19  %   10000     
6.279985e+02      138.44          5.00            1.03610     0.00225       0.22  %   10000     
6.280944e+02      158.30          4.87            1.03077     0.00208       0.20  %   10000     
6.282125e+02      174.58          5.82            1.03335     0.00218       0.21  %   10000     
6.282176e+02      175.29          5.92            1.03378     0.00220       0.21  %   10000     
6.283270e+02      181.52          7.00            1.03856     0.00236       0.23  %   10000     
6.283508e+02      181.59          6.47            1.03564     0.00228       0.22  %   10000     
6.283557e+02      181.34          6.83            1.03764     0.00234       0.23  %   10000     
6.284589e+02      176.57          7.60            1.04304     0.00252       0.24  %   10000     
6.285753e+02      161.93          7.47            1.04611     0.00264       0.25  %   10000     
6.285890e+02      159.21          7.46            1.04684     0.00267       0.25  %   10000     
6.287567e+02      125.59          6.01            1.04786     0.00276       0.26  %   10000     
6.287601e+02      124.84          6.31            1.05056     0.00284       0.27  %   10000     
6.289619e+02      79.29           5.48            1.06908     0.00348       0.33  %   10000     
6.290699e+02      58.29           4.90            1.08406     0.00397       0.37  %   10000     
6.290956e+02      54.26           4.52            1.08333     0.00398       0.37  %   10000     
6.291662e+02      43.02           4.29            1.09982     0.00451       0.41  %   10000     
6.292453e+02      33.17           3.63            1.10933     0.00490       0.44  %   10000     
6.292518e+02      32.36           3.72            1.11509     0.00505       0.45  %   10000     
6.293266e+02      25.12           3.30            1.13154     0.00400       0.35  %   20000     
6.293966e+02      19.92           2.97            1.14898     0.00445       0.39  %   20000     
6.293982e+02      19.80           3.11            1.15733     0.00457       0.40  %   20000     
6.294652e+02      15.99           2.92            1.18256     0.00517       0.44  %   20000     
6.295395e+02      12.83           2.52            1.19686     0.00565       0.47  %   20000     
6.295411e+02      12.78           2.62            1.20508     0.00576       0.48  %   20000     
6.296139e+02      10.52           2.40            1.22780     0.00523       0.43  %   30000     
6.296883e+02      8.86            2.36            1.26638     0.00590       0.47  %   30000     
6.297400e+02      8.05            2.14            1.26577     0.00603       0.48  %   30000     
6.297775e+02      7.46            2.06            1.27646     0.00630       0.49  %   30000     
6.298906e+02      6.30            1.89            1.30059     0.00596       0.46  %   40000     
6.299842e+02      5.68            1.77            1.31113     0.00620       0.47  %   40000     
6.300100e+02      5.51            1.80            1.32710     0.00641       0.48  %   40000     
6.301532e+02      4.91            1.67            1.34089     0.00604       0.45  %   50000     
6.303442e+02      4.40            1.48            1.33583     0.00612       0.46  %   50000     
6.303911e+02      4.33            1.42            1.32667     0.00604       0.46  %   50000     
6.306307e+02      3.97            1.30            1.32709     0.00614       0.46  %   50000     
6.310126e+02      3.71            1.11            1.29898     0.00583       0.45  %   50000     
6.310515e+02      3.71            1.06            1.28633     0.00636       0.49  %   40000     
6.313946e+02      3.65            0.99            1.27091     0.00609       0.48  %   40000     
6.320058e+02      3.80            0.86            1.22698     0.00606       0.49  %   30000     
6.320843e+02      3.85            0.91            1.23549     0.00610       0.49  %   30000     
6.326170e+02      4.19            0.81            1.19312     0.00519       0.44  %   30000     
6.329451e+02      4.54            0.78            1.17083     0.00570       0.49  %   20000     
6.332282e+02      4.84            0.77            1.15836     0.00531       0.46  %   20000     
6.336336e+02      5.49            0.70            1.12734     0.00449       0.40  %   20000     
6.338395e+02      5.82            0.74            1.12655     0.00438       0.39  %   20000     
6.341066e+02      6.45            0.67            1.10447     0.00543       0.49  %   10000     
6.343737e+02      7.08            0.69            1.09723     0.00512       0.47  %   10000     
6.346134e+02      7.90            0.78            1.09902     0.00502       0.46  %   10000     
6.348413e+02      8.67            0.73            1.08403     0.00458       0.42  %   10000     
6.349934e+02      9.39            0.82            1.08728     0.00460       0.42  %   10000     
6.352069e+02      10.39           0.88            1.08484     0.00451       0.42  %   10000     
6.352808e+02      10.88           0.89            1.08220     0.00442       0.41  %   10000     
6.355620e+02      12.71           1.12            1.08805     0.00456       0.42  %   10000     
6.355861e+02      12.86           1.09            1.08444     0.00447       0.41  %   10000     
6.358271e+02      15.07           1.26            1.08333     0.00446       0.41  %   10000     
6.359074e+02      15.79           1.37            1.08683     0.00458       0.42  %   10000     
6.360521e+02      17.62           1.56            1.08851     0.00463       0.43  %   10000     
6.361806e+02      19.22           1.99            1.10344     0.00506       0.46  %   10000     
6.362449e+02      20.34           1.95            1.09607     0.00489       0.45  %   10000     
6.364216e+02      23.37           2.25            1.09614     0.00497       0.45  %   10000     
6.364377e+02      23.65           2.71            1.11474     0.00543       0.49  %   10000     
6.365903e+02      27.29           2.57            1.09421     0.00501       0.46  %   10000     
6.366626e+02      28.98           3.21            1.11088     0.00549       0.49  %   10000     
6.367414e+02      31.59           3.76            1.11904     0.00403       0.36  %   20000     
6.368687e+02      35.71           4.08            1.11433     0.00404       0.36  %   20000     
6.368791e+02      36.19           3.87            1.10693     0.00553       0.50  %   10000     
6.370097e+02      41.97           5.13            1.12229     0.00425       0.38  %   20000     
6.370290e+02      42.79           5.73            1.13395     0.00447       0.39  %   20000     
6.371382e+02      49.33           6.16            1.12486     0.00438       0.39  %   20000     
6.371896e+02      52.25           7.05            1.13496     0.00461       0.41  %   20000     
6.372507e+02      57.23           7.73            1.13505     0.00463       0.41  %   20000     
6.373342e+02      63.63           9.27            1.14569     0.00490       0.43  %   20000     
6.373632e+02      66.76           8.87            1.13286     0.00469       0.41  %   20000     
6.374628e+02      76.73           10.52           1.13712     0.00487       0.43  %   20000     
6.374756e+02      78.53           11.25           1.14327     0.00497       0.43  %   20000     
6.375785e+02      91.63           14.27           1.15576     0.00527       0.46  %   20000     
6.375913e+02      93.08           14.26           1.15317     0.00525       0.46  %   20000     
6.376797e+02      106.79          15.55           1.14557     0.00519       0.45  %   20000     
6.377038e+02      109.97          18.00           1.16366     0.00554       0.48  %   20000     
6.377874e+02      124.89          18.77           1.15030     0.00536       0.47  %   20000     
6.378291e+02      130.83          19.69           1.15051     0.00543       0.47  %   20000     
6.379031e+02      144.93          23.06           1.15910     0.00560       0.48  %   20000     
6.379593e+02      152.80          24.56           1.16074     0.00572       0.49  %   20000     
6.380300e+02      165.78          27.58           1.16639     0.00582       0.50  %   20000     
6.381216e+02      176.38          30.83           1.17480     0.00495       0.42  %   30000     
6.381858e+02      184.63          31.83           1.17239     0.00494       0.42  %   30000     
6.385200e+02      201.65          38.64           1.19162     0.00535       0.45  %   30000     
6.385522e+02      200.44          38.69           1.19301     0.00540       0.45  %   30000     
6.386743e+02      201.84          41.08           1.20351     0.00556       0.46  %   30000     
6.387252e+02      198.75          43.69           1.21981     0.00582       0.48  %   30000     
6.388162e+02      199.14          42.38           1.21284     0.00574       0.47  %   30000     
6.388669e+02      195.54          42.39           1.21676     0.00585       0.48  %   30000     
6.389635e+02      194.70          47.94           1.24621     0.00622       0.50  %   30000     
6.390085e+02      191.09          45.51           1.23815     0.00617       0.50  %   30000     
6.391178e+02      188.28          46.16           1.24517     0.00543       0.44  %   40000     
6.391820e+02      182.69          47.22           1.25846     0.00563       0.45  %   40000     
6.395612e+02      147.03          46.34           1.31517     0.00644       0.49  %   40000     
6.396223e+02      140.44          44.06           1.31371     0.00643       0.49  %   40000     
6.397091e+02      126.42          42.32           1.33473     0.00605       0.45  %   50000     
6.397894e+02      116.13          39.30           1.33844     0.00611       0.46  %   50000     
6.398408e+02      107.38          37.37           1.34798     0.00628       0.47  %   50000     
6.399340e+02      95.21           34.78           1.36530     0.00649       0.48  %   50000     
6.399565e+02      91.63           34.26           1.37388     0.00662       0.48  %   50000     
6.400754e+02      77.29           29.85           1.38626     0.00685       0.49  %   50000     
6.400818e+02      76.73           30.15           1.39295     0.00691       0.50  %   50000     
6.402039e+02      64.25           27.28           1.42461     0.00671       0.47  %   60000     
6.402297e+02      62.37           26.64           1.42708     0.00672       0.47  %   60000     
6.403325e+02      53.84           24.22           1.44989     0.00706       0.49  %   60000     
6.403903e+02      50.34           23.37           1.46424     0.00719       0.49  %   60000     
6.404610e+02      45.64           21.88           1.47932     0.00689       0.47  %   70000     
6.405832e+02      39.81           19.21           1.48256     0.00700       0.47  %   70000     
6.406255e+02      37.62           19.16           1.50926     0.00727       0.48  %   70000     
6.407860e+02      31.83           16.52           1.51916     0.00750       0.49  %   70000     
6.408071e+02      31.02           16.58           1.53448     0.00765       0.50  %   70000     
6.410170e+02      25.38           13.89           1.54730     0.00747       0.48  %   80000     
6.410461e+02      24.83           13.61           1.54795     0.00748       0.48  %   80000     
6.412419e+02      20.93           12.28           1.58682     0.00752       0.47  %   90000     
6.413062e+02      20.02           11.50           1.57412     0.00747       0.47  %   90000     
6.415071e+02      17.07           9.79            1.57385     0.00773       0.49  %   90000     
6.416718e+02      15.34           8.79            1.57292     0.00783       0.50  %   90000     
6.417963e+02      13.99           8.30            1.59344     0.00773       0.49  %   100000    
6.421297e+02      11.41           7.20            1.63161     0.00826       0.51  %   100000    
6.421337e+02      11.37           6.93            1.60969     0.00813       0.51  %   100000    
6.424952e+02      9.32            6.15            1.65929     0.00883       0.53  %   100000    
6.427046e+02      8.46            5.78            1.68288     0.00911       0.54  %   100000    
6.428908e+02      7.68            5.56            1.72426     0.00963       0.56  %   100000    
6.433606e+02      6.26            5.16            1.82488     0.01071       0.59  %   100000    
6.434137e+02      6.15            4.97            1.80816     0.01063       0.59  %   100000    
6.439201e+02      5.05            4.62            1.91633     0.01188       0.62  %   100000    
6.441682e+02      4.66            4.39            1.94084     0.01221       0.63  %   100000    
6.444883e+02      4.16            4.21            2.01048     0.01308       0.65  %   100000    
6.451193e+02      3.45            3.81            2.10473     0.01431       0.68  %   100000    
6.452811e+02      3.32            3.68            2.10921     0.01444       0.68  %   100000    
6.459075e+02      2.81            3.49            2.24316     0.01603       0.71  %   100000    
6.466464e+02      2.38            3.17            2.33249     0.01727       0.74  %   100000    
6.466957e+02      2.35            3.23            2.37431     0.01760       0.74  %   100000    
6.477399e+02      1.92            2.91            2.52015     0.01963       0.78  %   100000    
6.485873e+02      1.67            2.67            2.59723     0.02077       0.80  %   100000    
6.487840e+02      1.62            2.64            2.63628     0.02126       0.81  %   100000    
6.500052e+02      1.37            2.30            2.68063     0.02260       0.84  %   100000    
6.506240e+02      1.28            2.08            2.62951     0.02257       0.86  %   100000    
6.513894e+02      1.17            1.70            2.45679     0.02201       0.90  %   100000    
6.527736e+02      1.04            0.84            1.81120     0.01706       0.94  %   100000    
6.538735e+02      0.97            0.48            1.49032     0.01339       0.90  %   100000    
6.545599e+02      0.93            0.38            1.40266     0.01222       0.87  %   100000    
6.556317e+02      0.91            0.28            1.30559     0.01051       0.81  %   100000    
6.564117e+02      0.95            0.22            1.23726     0.00894       0.72  %   100000    
6.568017e+02      1.01            0.21            1.20852     0.00807       0.67  %   100000    
6.570617e+02      1.09            0.20            1.18816     0.00734       0.62  %   100000    
6.572567e+02      1.21            0.19            1.15383     0.00627       0.54  %   100000    
6.573867e+02      1.37            0.19            1.13824     0.00558       0.49  %   100000    
6.574842e+02      1.57            0.19            1.11800     0.00539       0.48  %   80000     
6.575633e+02      1.83            0.18            1.10049     0.00533       0.48  %   60000     
6.575655e+02      1.84            0.19            1.10266     0.00538       0.49  %   60000     
6.576467e+02      2.23            0.17            1.07608     0.00516       0.48  %   40000     
6.577117e+02      2.69            0.18            1.06742     0.00514       0.48  %   30000     
6.577826e+02      3.37            0.17            1.04989     0.00488       0.46  %   20000     
6.578536e+02      4.30            0.19            1.04462     0.00413       0.40  %   20000     
6.579245e+02      5.55            0.14            1.02462     0.00389       0.38  %   10000     
6.579954e+02      7.17            0.19            1.02629     0.00360       0.35  %   10000     
6.580782e+02      9.64            0.12            1.01296     0.00225       0.22  %   10000     
6.581661e+02      12.97           0.18            1.01356     0.00206       0.20  %   10000     
6.582283e+02      15.93           0.17            1.01097     0.00173       0.17  %   10000     
6.582803e+02      18.39           0.14            1.00780     0.00140       0.14  %   10000     
6.585272e+02      32.26           0.12            1.00376     0.00084       0.08  %   10000     
6.586158e+02      37.18           0.19            1.00516     0.00096       0.10  %   10000     
6.587543e+02      42.46           0.27            1.00630     0.00103       0.10  %   10000     
6.588783e+02      44.10           0.26            1.00594     0.00100       0.10  %   10000     
6.589956e+02      42.58           0.33            1.00767     0.00115       0.11  %   10000     
6.591260e+02      37.75           0.31            1.00820     0.00123       0.12  %   10000     
6.591300e+02      37.60           0.33            1.00878     0.00128       0.13  %   10000     
6.592935e+02      28.52           0.35            1.01230     0.00163       0.16  %   10000     
6.593571e+02      24.97           0.36            1.01460     0.00183       0.18  %   10000     
6.595110e+02      16.56           0.28            1.01688     0.00223       0.22  %   10000     
6.596081e+02      12.19           0.40            1.03243     0.00342       0.33  %   10000     
6.596983e+02      8.94            0.35            1.03890     0.00420       0.40  %   10000     
6.597695e+02      6.92            0.37            1.05283     0.00382       0.36  %   20000     
6.598451e+02      5.24            0.32            1.06133     0.00462       0.43  %   20000     
6.599081e+02      4.17            0.34            1.08245     0.00481       0.44  %   30000     
6.599712e+02      3.35            0.34            1.10105     0.00507       0.46  %   40000     
6.600342e+02      2.72            0.31            1.11327     0.00526       0.47  %   50000     
6.600972e+02      2.26            0.32            1.14132     0.00540       0.47  %   70000     
6.601634e+02      1.90            0.32            1.16687     0.00559       0.48  %   90000     
6.602315e+02      1.64            0.30            1.18287     0.00593       0.50  %   100000    
6.602452e+02      1.59            0.31            1.19342     0.00619       0.52  %   100000    
6.603270e+02      1.38            0.31            1.22403     0.00711       0.58  %   100000    
6.604498e+02      1.19            0.30            1.25675     0.00816       0.65  %   100000    
6.605726e+02      1.07            0.30            1.27568     0.00885       0.69  %   100000    
6.607772e+02      0.96            0.29            1.30244     0.00970       0.75  %   100000    
6.611046e+02      0.87            0.28            1.31830     0.01037       0.79  %   100000    
6.612174e+02      0.85            0.28            1.32660     0.01056       0.80  %   100000    
6.616791e+02      0.79            0.27            1.33957     0.01113       0.83  %   100000    
6.624206e+02      0.74            0.27            1.35965     0.01170       0.86  %   100000    
6.634093e+02      0.70            0.22            1.31895     0.01110       0.84  %   100000    
6.657904e+02      0.68            0.20            1.30092     0.01056       0.81  %   100000    
6.661941e+02      0.68            0.19            1.27926     0.01011       0.79  %   100000    
6.669482e+02      0.68            0.19            1.28072     0.00996       0.78  %   100000    
6.697353e+02      0.70            0.17            1.24363     0.00872       0.70  %   100000    
6.729004e+02      0.77            0.06            1.07520     0.00523       0.49  %   70000     
6.759662e+02      0.89            0.03            1.03000     0.00442       0.43  %   30000     
6.769881e+02      0.96            0.03            1.02710     0.00486       0.47  %   20000     
6.781219e+02      1.03            0.02            1.01983     0.00389       0.38  %   20000     
6.800117e+02      1.21            0.02            1.01739     0.00449       0.44  %   10000     
6.812353e+02      1.38            0.03            1.01875     0.00419       0.41  %   10000     
6.814393e+02      1.41            0.02            1.01083     0.00312       0.31  %   10000     
6.824590e+02      1.63            0.02            1.00933     0.00259       0.26  %   10000     
6.830708e+02      1.83            0.02            1.00976     0.00244       0.24  %   10000     
6.836622e+02      2.12            0.02            1.01112     0.00237       0.23  %   10000     
6.838427e+02      2.27            0.02            1.00703     0.00182       0.18  %   10000     
6.840497e+02      2.44            0.02            1.00735     0.00178       0.18  %   10000     
6.842822e+02      2.76            0.01            1.00422     0.00127       0.13  %   10000     
6.844371e+02      3.09            0.02            1.00519     0.00134       0.13  %   10000     
6.845501e+02      3.46            0.02            1.00473     0.00122       0.12  %   10000     
6.846563e+02      3.99            0.02            1.00397     0.00106       0.11  %   10000     
6.847449e+02      4.65            0.01            1.00280     0.00085       0.08  %   10000     
6.847893e+02      5.13            0.01            1.00287     0.00083       0.08  %   10000     
6.848334e+02      5.61            0.02            1.00363     0.00091       0.09  %   10000     
6.848638e+02      6.09            0.02            1.00304     0.00081       0.08  %   10000     
6.849131e+02      6.86            0.02            1.00225     0.00068       0.07  %   10000     
6.849928e+02      8.59            0.02            1.00203     0.00061       0.06  %   10000     
6.850275e+02      9.63            0.03            1.00281     0.00070       0.07  %   10000     
6.850726e+02      10.97           0.01            1.00100     0.00041       0.04  %   10000     
6.851466e+02      13.92           0.02            1.00124     0.00044       0.04  %   10000     
6.851499e+02      14.05           0.02            1.00154     0.00049       0.05  %   10000     
6.852336e+02      18.39           0.02            1.00086     0.00035       0.04  %   10000     
6.852657e+02      20.55           0.02            1.00112     0.00040       0.04  %   10000     
6.853249e+02      24.49           0.03            1.00136     0.00043       0.04  %   10000     
6.854136e+02      31.99           0.05            1.00143     0.00043       0.04  %   10000     
6.854358e+02      33.86           0.04            1.00117     0.00039       0.04  %   10000     
6.855752e+02      48.21           0.10            1.00212     0.00051       0.05  %   10000     
6.855837e+02      49.08           0.06            1.00125     0.00039       0.04  %   10000     
6.858203e+02      74.27           0.04            1.00049     0.00024       0.02  %   10000     
6.858972e+02      80.07           0.13            1.00158     0.00044       0.04  %   10000     
6.859534e+02      84.31           0.12            1.00145     0.00042       0.04  %   10000     
6.860629e+02      87.73           0.14            1.00158     0.00044       0.04  %   10000     
6.860865e+02      88.48           0.12            1.00134     0.00040       0.04  %   10000     
6.861017e+02      88.52           0.15            1.00170     0.00045       0.05  %   10000     
6.861590e+02      87.23           0.18            1.00207     0.00050       0.05  %   10000     
6.862181e+02      85.92           0.18            1.00207     0.00050       0.05  %   10000     
6.863128e+02      79.90           0.13            1.00160     0.00044       0.04  %   10000     
6.863364e+02      78.39           0.25            1.00320     0.00063       0.06  %   10000     
6.864902e+02      63.20           0.15            1.00239     0.00055       0.05  %   10000     
6.865287e+02      59.36           0.16            1.00277     0.00059       0.06  %   10000     
6.867354e+02      37.33           0.14            1.00384     0.00071       0.07  %   10000     
6.868149e+02      30.30           0.13            1.00420     0.00075       0.07  %   10000     
6.868463e+02      27.49           0.14            1.00495     0.00082       0.08  %   10000     
6.869387e+02      20.90           0.13            1.00618     0.00094       0.09  %   10000     
6.869812e+02      18.53           0.11            1.00570     0.00091       0.09  %   10000     
6.870282e+02      15.91           0.11            1.00680     0.00101       0.10  %   10000     
6.871147e+02      12.29           0.10            1.00797     0.00112       0.11  %   10000     
6.871416e+02      11.45           0.10            1.00905     0.00121       0.12  %   10000     
6.871868e+02      10.03           0.09            1.00888     0.00122       0.12  %   10000     
6.872589e+02      8.34            0.09            1.01109     0.00139       0.14  %   10000     
6.873119e+02      7.45            0.09            1.01193     0.00146       0.14  %   10000     
6.873454e+02      6.89            0.07            1.01020     0.00137       0.14  %   10000     
6.874175e+02      6.04            0.06            1.01041     0.00141       0.14  %   10000     
6.875040e+02      5.34            0.06            1.01152     0.00151       0.15  %   10000     
6.875105e+02      5.31            0.07            1.01292     0.00160       0.16  %   10000     
6.876194e+02      4.77            0.07            1.01534     0.00176       0.17  %   10000     
6.877924e+02      4.33            0.07            1.01685     0.00185       0.18  %   10000     
6.878510e+02      4.27            0.08            1.01812     0.00191       0.19  %   10000     
6.880227e+02      4.10            0.06            1.01386     0.00166       0.16  %   10000     
6.881376e+02      4.07            0.06            1.01400     0.00166       0.16  %   10000     
6.884240e+02      4.11            0.06            1.01459     0.00164       0.16  %   10000     
6.886014e+02      4.14            0.06            1.01342     0.00154       0.15  %   10000     
6.890177e+02      4.42            0.05            1.01023     0.00128       0.13  %   10000     
6.892972e+02      4.61            0.04            1.00865     0.00115       0.11  %   10000     
6.894821e+02      4.82            0.03            1.00714     0.00103       0.10  %   10000     
6.898691e+02      5.26            0.04            1.00748     0.00102       0.10  %   10000     
6.899930e+02      5.40            0.05            1.00852     0.00109       0.11  %   10000     
6.900819e+02      5.54            0.03            1.00471     0.00081       0.08  %   10000     
6.903118e+02      5.91            0.03            1.00547     0.00086       0.09  %   10000     
6.905747e+02      6.34            0.05            1.00766     0.00102       0.10  %   10000     
6.905782e+02      6.35            0.04            1.00657     0.00095       0.09  %   10000     
6.908445e+02      6.95            0.05            1.00733     0.00100       0.10  %   10000     
6.910775e+02      7.47            0.05            1.00624     0.00094       0.09  %   10000     
6.911564e+02      7.65            0.07            1.00877     0.00112       0.11  %   10000     
6.913093e+02      8.13            0.07            1.00864     0.00112       0.11  %   10000     
6.915383e+02      8.84            0.09            1.00993     0.00123       0.12  %   10000     
6.916488e+02      9.18            0.10            1.01131     0.00133       0.13  %   10000     
6.917672e+02      9.69            0.11            1.01171     0.00137       0.13  %   10000     
6.919900e+02      10.65           0.14            1.01271     0.00146       0.14  %   10000     
6.921413e+02      11.30           0.16            1.01457     0.00160       0.16  %   10000     
6.922124e+02      11.74           0.16            1.01370     0.00157       0.15  %   10000     
6.924340e+02      13.10           0.23            1.01768     0.00183       0.18  %   10000     
6.925790e+02      13.98           0.26            1.01885     0.00195       0.19  %   10000     
6.926556e+02      14.64           0.33            1.02247     0.00214       0.21  %   10000     
6.928772e+02      16.56           0.43            1.02570     0.00237       0.23  %   10000     
6.929631e+02      17.30           0.41            1.02369     0.00232       0.23  %   10000     
6.930890e+02      18.80           0.47            1.02498     0.00243       0.24  %   10000     
6.932422e+02      20.61           0.56            1.02731     0.00261       0.25  %   10000     
6.932958e+02      21.47           0.63            1.02941     0.00273       0.26  %   10000     
6.934961e+02      24.66           0.83            1.03382     0.00303       0.29  %   10000     
6.935114e+02      24.90           0.90            1.03605     0.00314       0.30  %   10000     
6.936734e+02      28.44           1.05            1.03676     0.00325       0.31  %   10000     
6.937565e+02      30.21           1.56            1.05171     0.00393       0.37  %   10000     
6.938506e+02      33.05           1.60            1.04848     0.00385       0.37  %   10000     
6.939754e+02      36.69           1.87            1.05091     0.00406       0.39  %   10000     
6.940082e+02      38.05           1.73            1.04553     0.00385       0.37  %   10000     
6.941461e+02      43.58           2.60            1.05973     0.00451       0.43  %   10000     
6.941724e+02      44.58           2.25            1.05048     0.00419       0.40  %   10000     
6.942818e+02      50.55           3.46            1.06840     0.00494       0.46  %   10000     
6.943475e+02      53.91           3.77            1.06986     0.00509       0.48  %   10000     
6.944219e+02      59.24           3.90            1.06584     0.00498       0.47  %   10000     
6.945007e+02      64.47           4.36            1.06770     0.00515       0.48  %   10000     
6.945445e+02      68.49           5.31            1.07759     0.00390       0.36  %   20000     
6.946539e+02      77.62           6.09            1.07845     0.00401       0.37  %   20000     
6.946670e+02      79.13           6.06            1.07655     0.00396       0.37  %   20000     
6.948027e+02      92.93           8.31            1.08944     0.00438       0.40  %   20000     
6.948071e+02      93.30           8.88            1.09520     0.00452       0.41  %   20000     
6.949472e+02      109.51          10.64           1.09717     0.00465       0.42  %   20000     
6.949647e+02      111.11          11.67           1.10507     0.00486       0.44  %   20000     
6.951048e+02      127.89          13.71           1.10722     0.00497       0.45  %   20000     
6.951529e+02      132.05          14.34           1.10857     0.00506       0.46  %   20000     
6.953193e+02      147.56          18.49           1.12532     0.00551       0.49  %   20000     
6.956125e+02      163.79          23.10           1.14103     0.00487       0.43  %   30000     
6.956438e+02      163.60          25.38           1.15516     0.00513       0.44  %   30000     
6.957842e+02      166.48          26.00           1.15620     0.00517       0.45  %   30000     
6.958241e+02      165.21          27.14           1.16426     0.00534       0.46  %   30000     
6.959311e+02      165.77          28.66           1.17287     0.00548       0.47  %   30000     
6.959800e+02      163.27          28.89           1.17695     0.00559       0.48  %   30000     
6.960063e+02      162.51          29.69           1.18268     0.00569       0.48  %   30000     
6.961134e+02      161.88          28.54           1.17631     0.00559       0.47  %   30000     
6.961816e+02      157.58          28.82           1.18287     0.00575       0.49  %   30000     
6.963217e+02      153.05          30.54           1.19953     0.00520       0.43  %   40000     
6.963961e+02      147.96          28.46           1.19238     0.00515       0.43  %   40000     
6.967419e+02      121.42          28.89           1.23791     0.00582       0.47  %   40000     
6.968085e+02      116.90          26.35           1.22536     0.00565       0.46  %   40000     
6.969195e+02      106.49          27.23           1.25568     0.00607       0.48  %   40000     
6.970001e+02      101.47          27.25           1.26854     0.00619       0.49  %   40000     
6.970829e+02      94.72           24.42           1.25778     0.00612       0.49  %   40000     
6.971534e+02      91.57           22.63           1.24714     0.00597       0.48  %   40000     
6.972451e+02      86.29           23.25           1.26949     0.00627       0.49  %   40000     
6.972847e+02      85.32           22.59           1.26474     0.00619       0.49  %   40000     
6.973727e+02      82.29           22.23           1.27008     0.00629       0.50  %   40000     
6.974478e+02      81.79           22.10           1.27025     0.00626       0.49  %   40000     
6.974888e+02      81.26           21.18           1.26065     0.00616       0.49  %   40000     
6.974948e+02      81.16           22.53           1.27756     0.00635       0.50  %   40000     
6.976024e+02      82.49           22.94           1.27813     0.00635       0.50  %   40000     
6.976425e+02      82.68           23.40           1.28305     0.00576       0.45  %   50000     
6.977174e+02      85.37           24.66           1.28887     0.00580       0.45  %   50000     
6.977681e+02      86.61           24.89           1.28737     0.00583       0.45  %   50000     
6.978669e+02      92.31           27.28           1.29549     0.00588       0.45  %   50000     
6.979194e+02      94.40           27.60           1.29235     0.00591       0.46  %   50000     
6.979982e+02      100.60          31.35           1.31162     0.00607       0.46  %   50000     
6.980726e+02      104.65          31.72           1.30311     0.00607       0.47  %   50000     
6.981288e+02      109.79          35.96           1.32757     0.00628       0.47  %   50000     
6.982215e+02      115.27          36.81           1.31933     0.00629       0.48  %   50000     
6.982751e+02      120.14          41.30           1.34380     0.00650       0.48  %   50000     
6.984049e+02      126.45          43.02           1.34021     0.00657       0.49  %   50000     
6.984576e+02      129.61          45.92           1.35428     0.00670       0.49  %   50000     
6.988267e+02      136.79          51.33           1.37521     0.00645       0.47  %   60000     
6.988753e+02      135.50          53.88           1.39766     0.00668       0.48  %   60000     
6.989818e+02      136.00          53.78           1.39546     0.00667       0.48  %   60000     
6.990351e+02      133.94          53.87           1.40219     0.00679       0.48  %   60000     
6.991464e+02      134.11          55.88           1.41665     0.00691       0.49  %   60000     
6.991995e+02      131.47          56.93           1.43301     0.00711       0.50  %   60000     
6.993295e+02      130.70          57.70           1.44149     0.00719       0.50  %   60000     
6.993701e+02      128.47          56.72           1.44153     0.00671       0.47  %   70000     
6.995242e+02      125.34          58.77           1.46884     0.00696       0.47  %   70000     
6.995404e+02      124.51          57.80           1.46427     0.00695       0.47  %   70000     
6.999743e+02      102.82          56.62           1.55067     0.00734       0.47  %   80000     
7.000190e+02      100.59          54.81           1.54489     0.00731       0.47  %   80000     
7.001528e+02      89.36           52.40           1.58640     0.00774       0.49  %   80000     
7.002055e+02      86.12           49.12           1.57033     0.00763       0.49  %   80000     
7.002988e+02      77.80           47.13           1.60578     0.00801       0.50  %   80000     
7.003677e+02      73.40           44.41           1.60504     0.00802       0.50  %   80000     
7.004488e+02      66.54           42.20           1.63425     0.00788       0.48  %   90000     
7.005299e+02      61.65           39.39           1.63895     0.00794       0.48  %   90000     
7.005908e+02      57.16           38.03           1.66533     0.00822       0.49  %   90000     
7.006921e+02      51.91           33.97           1.65443     0.00821       0.50  %   90000     
7.007530e+02      48.17           32.90           1.68297     0.00808       0.48  %   100000    
7.008949e+02      42.04           29.87           1.71057     0.00834       0.49  %   100000    
7.009152e+02      41.04           29.37           1.71561     0.00842       0.49  %   100000    
7.010977e+02      34.70           26.28           1.75735     0.00884       0.50  %   100000    
7.013005e+02      29.23           23.46           1.80263     0.00933       0.52  %   100000    
7.013410e+02      28.47           22.96           1.80668     0.00935       0.52  %   100000    
7.015412e+02      24.33           20.87           1.85766     0.00990       0.53  %   100000    
7.016477e+02      22.79           19.18           1.84157     0.00985       0.53  %   100000    
7.018074e+02      20.30           18.57           1.91488     0.01050       0.55  %   100000    
7.020102e+02      18.07           17.13           1.94772     0.01080       0.55  %   100000    
7.021268e+02      16.72           16.31           1.97535     0.01115       0.56  %   100000    
7.024157e+02      14.38           14.66           2.01957     0.01162       0.58  %   100000    
7.024917e+02      13.74           14.63           2.06479     0.01200       0.58  %   100000    
7.028922e+02      11.34           12.76           2.12462     0.01272       0.60  %   100000    
7.029226e+02      11.22           12.70           2.13281     0.01277       0.60  %   100000    
7.033484e+02      9.35            11.86           2.26944     0.01399       0.62  %   100000    
7.035593e+02      8.68            11.01           2.26868     0.01410       0.62  %   100000    
7.038108e+02      7.86            10.65           2.35532     0.01491       0.63  %   100000    
7.043382e+02      6.60            9.39            2.42127     0.01570       0.65  %   100000    
7.043715e+02      6.52            9.29            2.42472     0.01578       0.65  %   100000    
7.050595e+02      5.35            8.36            2.56429     0.01721       0.67  %   100000    
7.053605e+02      4.99            8.10            2.62374     0.01763       0.67  %   100000    
7.058457e+02      4.40            7.49            2.70044     0.01859       0.69  %   100000    
7.066099e+02      3.77            6.73            2.78579     0.01949       0.70  %   100000    
7.066801e+02      3.71            6.60            2.78023     0.01955       0.70  %   100000    
7.076813e+02      3.14            5.86            2.86422     0.02055       0.72  %   100000    
7.081709e+02      2.96            5.47            2.84615     0.02045       0.72  %   100000    
7.085157e+02      2.84            5.27            2.85891     0.02066       0.72  %   100000    
7.094173e+02      2.64            4.57            2.73484     0.01988       0.73  %   100000    
7.103189e+02      2.58            3.62            2.40051     0.01733       0.72  %   100000    
7.107120e+02      2.63            3.27            2.24643     0.01591       0.71  %   100000    
7.109678e+02      2.65            2.99            2.12629     0.01486       0.70  %   100000    
7.116167e+02      2.87            2.54            1.88558     0.01227       0.65  %   100000    
7.121034e+02      3.18            2.22            1.69807     0.01010       0.59  %   100000    
7.125090e+02      3.60            1.99            1.55476     0.00829       0.53  %   100000    
7.127894e+02      4.05            1.77            1.43610     0.00684       0.48  %   100000    
7.129146e+02      4.26            1.66            1.39001     0.00659       0.47  %   90000     
7.131983e+02      4.97            1.48            1.29758     0.00641       0.49  %   60000     
7.134347e+02      5.83            1.32            1.22639     0.00558       0.46  %   50000     
7.136638e+02      7.04            1.20            1.16985     0.00563       0.48  %   30000     
7.136710e+02      7.08            1.21            1.17032     0.00562       0.48  %   30000     
7.138543e+02      8.54            1.09            1.12806     0.00542       0.48  %   20000     
7.140070e+02      10.33           0.89            1.08655     0.00408       0.38  %   20000     
7.141292e+02      12.42           0.91            1.07366     0.00490       0.46  %   10000     
7.142200e+02      14.62           0.80            1.05489     0.00397       0.38  %   10000     
7.142236e+02      14.70           0.83            1.05612     0.00400       0.38  %   10000     
7.143087e+02      17.51           0.72            1.04090     0.00323       0.31  %   10000     
7.143248e+02      18.23           0.86            1.04693     0.00341       0.33  %   10000     
7.143938e+02      21.33           0.74            1.03448     0.00281       0.27  %   10000     
7.144590e+02      25.34           0.75            1.02954     0.00250       0.24  %   10000     
7.144789e+02      26.56           0.79            1.02973     0.00249       0.24  %   10000     
7.145472e+02      32.26           0.97            1.02993     0.00241       0.23  %   10000     
7.145590e+02      33.23           0.81            1.02448     0.00218       0.21  %   10000     
7.146326e+02      41.25           0.92            1.02232     0.00203       0.20  %   10000     
7.146355e+02      41.67           0.77            1.01837     0.00184       0.18  %   10000     
7.147061e+02      51.51           0.94            1.01816     0.00180       0.18  %   10000     
7.147091e+02      52.04           1.36            1.02620     0.00215       0.21  %   10000     
7.147826e+02      65.05           1.12            1.01725     0.00173       0.17  %   10000     
7.147885e+02      66.07           1.30            1.01974     0.00185       0.18  %   10000     
7.148562e+02      81.26           1.67            1.02056     0.00188       0.18  %   10000     
7.148812e+02      86.71           1.76            1.02033     0.00188       0.18  %   10000     
7.149298e+02      100.20          1.89            1.01882     0.00180       0.18  %   10000     
7.149778e+02      113.03          2.01            1.01779     0.00176       0.17  %   10000     
7.150180e+02      126.39          2.55            1.02019     0.00187       0.18  %   10000     
7.150997e+02      151.89          2.82            1.01857     0.00181       0.18  %   10000     
7.151151e+02      157.73          3.40            1.02158     0.00195       0.19  %   10000     
7.152416e+02      201.37          4.92            1.02442     0.00210       0.20  %   10000     
7.152863e+02      215.15          4.60            1.02140     0.00198       0.19  %   10000     
7.155100e+02      275.19          7.54            1.02739     0.00227       0.22  %   10000     
7.155923e+02      286.25          8.48            1.02963     0.00239       0.23  %   10000     
7.156465e+02      294.15          9.10            1.03092     0.00245       0.24  %   10000     
7.157312e+02      295.71          10.34           1.03498     0.00264       0.25  %   10000     
7.157816e+02      297.86          12.39           1.04161     0.00288       0.28  %   10000     
7.158411e+02      292.45          9.82            1.03359     0.00262       0.25  %   10000     
7.158842e+02      289.29          11.20           1.03871     0.00282       0.27  %   10000     
7.159125e+02      287.72          10.25           1.03562     0.00271       0.26  %   10000     
7.160019e+02      271.27          12.03           1.04434     0.00307       0.29  %   10000     
7.160631e+02      261.04          10.78           1.04128     0.00297       0.29  %   10000     
7.161384e+02      240.62          11.90           1.04944     0.00330       0.31  %   10000     
7.164482e+02      146.29          10.70           1.07313     0.00432       0.40  %   10000     
7.165598e+02      112.95          9.44            1.08360     0.00480       0.44  %   10000     
7.165656e+02      111.07          10.11           1.09102     0.00501       0.46  %   10000     
7.166598e+02      86.44           8.54            1.09876     0.00547       0.50  %   10000     
7.167069e+02      76.37           7.52            1.09846     0.00394       0.36  %   20000     
7.167481e+02      67.19           7.10            1.10571     0.00420       0.38  %   20000     
7.168363e+02      51.74           7.48            1.14454     0.00517       0.45  %   20000     
7.168540e+02      49.33           6.38            1.12923     0.00494       0.44  %   20000     
7.169099e+02      41.51           5.87            1.14136     0.00540       0.47  %   20000     
7.169834e+02      33.45           5.89            1.17594     0.00517       0.44  %   30000     
7.170011e+02      31.97           5.71            1.17871     0.00526       0.45  %   30000     
7.170570e+02      27.17           5.33            1.19604     0.00578       0.48  %   30000     
7.171305e+02      22.34           5.28            1.23652     0.00580       0.47  %   40000     
7.171736e+02      20.24           4.97            1.24577     0.00606       0.49  %   40000     
7.172149e+02      18.18           4.98            1.27392     0.00592       0.46  %   50000     
7.173042e+02      14.97           4.54            1.30311     0.00604       0.46  %   60000     
7.173597e+02      13.51           4.40            1.32589     0.00645       0.49  %   60000     
7.173935e+02      12.61           4.28            1.33942     0.00624       0.47  %   70000     
7.174955e+02      10.64           4.16            1.39087     0.00662       0.48  %   80000     
7.176077e+02      9.11            3.95            1.43353     0.00689       0.48  %   90000     
7.176277e+02      8.83            3.95            1.44732     0.00708       0.49  %   90000     
7.177785e+02      7.38            3.84            1.52045     0.00771       0.51  %   100000    
7.179383e+02      6.29            3.54            1.56197     0.00843       0.54  %   100000    
7.179593e+02      6.15            3.51            1.57128     0.00857       0.55  %   100000    
7.181636e+02      5.16            3.37            1.65303     0.00977       0.59  %   100000    
7.184148e+02      4.29            3.22            1.75154     0.01117       0.64  %   100000    
7.185468e+02      3.96            3.08            1.77630     0.01163       0.65  %   100000    
7.187078e+02      3.57            3.01            1.84407     0.01263       0.69  %   100000    
7.190568e+02      2.96            2.86            1.96539     0.01446       0.74  %   100000    
7.194868e+02      2.45            2.68            2.09221     0.01641       0.78  %   100000    
7.195117e+02      2.43            2.66            2.09288     0.01645       0.79  %   100000    
7.199515e+02      2.07            2.57            2.24356     0.01866       0.83  %   100000    
7.204988e+02      1.76            2.43            2.38235     0.02085       0.88  %   100000    
7.207125e+02      1.67            2.43            2.45102     0.02167       0.88  %   100000    
7.212651e+02      1.46            2.32            2.58881     0.02392       0.92  %   100000    
7.221060e+02      1.24            2.17            2.74768     0.02654       0.97  %   100000    
7.229057e+02      1.11            2.08            2.88031     0.02851       0.99  %   100000    
7.231425e+02      1.07            2.03            2.90487     0.02912       1.00  %   100000    
7.243863e+02      0.93            1.85            2.99683     0.03132       1.05  %   100000    
7.261189e+02      0.80            1.76            3.19955     0.03421       1.07  %   100000    
7.265183e+02      0.78            1.77            3.25324     0.03473       1.07  %   100000    
7.283156e+02      0.71            1.59            3.25090     0.03581       1.10  %   100000    
7.303635e+02      0.66            1.06            2.61403     0.03085       1.18  %   100000    
7.326708e+02      0.63            0.22            1.34182     0.01415       1.05  %   100000    
7.337952e+02      0.65            0.16            1.24521     0.01168       0.94  %   100000    
7.343874e+02      0.66            0.13            1.20497     0.01052       0.87  %   100000    
7.352024e+02      0.70            0.13            1.19060     0.00972       0.82  %   100000    
7.358137e+02      0.77            0.13            1.17441     0.00880       0.75  %   100000    
7.361559e+02      0.83            0.12            1.14529     0.00767       0.67  %   100000    
7.364327e+02      0.92            0.12            1.12700     0.00679       0.60  %   100000    
7.366403e+02      1.04            0.11            1.10879     0.00593       0.53  %   100000    
7.368134e+02      1.19            0.11            1.08870     0.00526       0.48  %   90000     
7.369345e+02      1.37            0.11            1.07815     0.00521       0.48  %   70000     
7.370383e+02      1.62            0.12            1.07244     0.00500       0.47  %   60000     
7.371154e+02      1.89            0.08            1.04290     0.00505       0.48  %   30000     
7.371248e+02      1.93            0.11            1.05492     0.00490       0.46  %   40000     
7.371987e+02      2.30            0.12            1.05236     0.00508       0.48  %   30000     
7.372727e+02      2.83            0.11            1.04035     0.00496       0.48  %   20000     
7.373466e+02      3.55            0.12            1.03372     0.00408       0.39  %   20000     
7.374206e+02      4.52            0.09            1.02072     0.00406       0.40  %   10000     
7.374945e+02      5.82            0.11            1.01917     0.00350       0.34  %   10000     
7.375739e+02      7.66            0.11            1.01371     0.00264       0.26  %   10000     
7.376574e+02      10.18           0.09            1.00891     0.00190       0.19  %   10000     
7.376598e+02      10.26           0.11            1.01048     0.00205       0.20  %   10000     
7.377535e+02      13.90           0.14            1.00976     0.00178       0.18  %   10000     
7.378682e+02      19.53           0.13            1.00680     0.00133       0.13  %   10000     
7.379937e+02      27.07           0.13            1.00479     0.00102       0.10  %   10000     
7.380333e+02      29.43           0.12            1.00397     0.00091       0.09  %   10000     
7.382750e+02      44.05           0.20            1.00443     0.00088       0.09  %   10000     
7.384150e+02      49.65           0.19            1.00376     0.00080       0.08  %   10000     
7.385416e+02      51.39           0.39            1.00750     0.00113       0.11  %   10000     
7.386752e+02      49.39           0.33            1.00668     0.00108       0.11  %   10000     
7.386778e+02      49.28           0.32            1.00651     0.00107       0.11  %   10000     
7.388152e+02      43.60           0.25            1.00579     0.00104       0.10  %   10000     
7.388363e+02      42.34           0.38            1.00891     0.00130       0.13  %   10000     
7.391956e+02      20.55           0.34            1.01676     0.00216       0.21  %   10000     
7.392121e+02      19.72           0.29            1.01462     0.00204       0.20  %   10000     
7.393111e+02      14.70           0.32            1.02187     0.00275       0.27  %   10000     
7.394071e+02      10.82           0.36            1.03322     0.00377       0.37  %   10000     
7.394881e+02      8.24            0.32            1.03924     0.00454       0.44  %   10000     
7.395690e+02      6.23            0.29            1.04631     0.00390       0.37  %   20000     
7.396483e+02      4.75            0.32            1.06816     0.00432       0.40  %   30000     
7.397114e+02      3.87            0.34            1.08893     0.00538       0.49  %   30000     
7.397219e+02      3.72            0.32            1.08692     0.00541       0.50  %   30000     
7.397954e+02      2.96            0.32            1.10870     0.00519       0.47  %   50000     
7.398772e+02      2.36            0.30            1.12812     0.00528       0.47  %   70000     
7.399589e+02      1.93            0.32            1.16703     0.00582       0.50  %   90000     
7.400407e+02      1.64            0.31            1.18917     0.00635       0.53  %   100000    
7.401388e+02      1.40            0.33            1.23256     0.00756       0.61  %   100000    
7.402439e+02      1.23            0.30            1.24774     0.00828       0.66  %   100000    
7.403770e+02      1.09            0.31            1.28523     0.00937       0.73  %   100000    
7.405957e+02      0.96            0.30            1.31499     0.01042       0.79  %   100000    
7.405989e+02      0.95            0.29            1.30095     0.01019       0.78  %   100000    
7.408652e+02      0.86            0.29            1.33799     0.01133       0.85  %   100000    
7.412202e+02      0.78            0.30            1.38874     0.01265       0.91  %   100000    
7.418285e+02      0.72            0.30            1.41486     0.01355       0.96  %   100000    
7.425886e+02      0.68            0.26            1.38779     0.01332       0.96  %   100000    
7.436019e+02      0.66            0.25            1.38399     0.01321       0.95  %   100000    
7.452923e+02      0.68            0.23            1.33693     0.01194       0.89  %   100000    
7.474025e+02      0.74            0.21            1.28936     0.01023       0.79  %   100000    
7.490822e+02      0.84            0.21            1.24648     0.00867       0.70  %   100000    
7.503420e+02      0.95            0.21            1.21977     0.00755       0.62  %   100000    
7.516093e+02      1.11            0.19            1.17189     0.00605       0.52  %   100000    
7.519818e+02      1.18            0.19            1.15761     0.00558       0.48  %   100000    
7.526956e+02      1.32            0.18            1.13594     0.00541       0.48  %   80000     
7.536628e+02      1.60            0.15            1.09054     0.00499       0.46  %   50000     
7.544049e+02      1.93            0.07            1.03782     0.00461       0.44  %   20000     
7.550193e+02      2.32            0.04            1.01670     0.00393       0.39  %   10000     
7.550893e+02      2.36            0.06            1.02459     0.00334       0.33  %   20000     
7.556292e+02      2.86            0.06            1.02052     0.00394       0.39  %   10000     
7.560012e+02      3.34            0.06            1.01712     0.00335       0.33  %   10000     
7.560920e+02      3.46            0.04            1.01155     0.00272       0.27  %   10000     
7.565270e+02      4.26            0.04            1.01039     0.00238       0.24  %   10000     
7.566577e+02      4.60            0.05            1.00980     0.00225       0.22  %   10000     
7.568849e+02      5.19            0.05            1.01060     0.00226       0.22  %   10000     
7.571463e+02      6.13            0.05            1.00741     0.00180       0.18  %   10000     
7.571861e+02      6.27            0.05            1.00736     0.00178       0.18  %   10000     
7.574779e+02      7.75            0.10            1.01263     0.00223       0.22  %   10000     
7.574846e+02      7.78            0.06            1.00750     0.00172       0.17  %   10000     
7.577167e+02      9.42            0.09            1.01007     0.00194       0.19  %   10000     
7.577432e+02      9.68            0.07            1.00738     0.00165       0.16  %   10000     
7.579157e+02      11.35           0.13            1.01184     0.00206       0.20  %   10000     
7.579422e+02      11.71           0.12            1.00995     0.00188       0.19  %   10000     
7.581033e+02      13.86           0.15            1.01049     0.00191       0.19  %   10000     
7.581080e+02      13.95           0.16            1.01117     0.00197       0.19  %   10000     
7.582559e+02      16.71           0.18            1.01071     0.00192       0.19  %   10000     
7.582685e+02      16.94           0.09            1.00555     0.00139       0.14  %   10000     
7.583769e+02      19.74           0.24            1.01207     0.00204       0.20  %   10000     
7.584061e+02      20.48           0.21            1.01010     0.00187       0.19  %   10000     
7.584980e+02      23.73           0.26            1.01075     0.00193       0.19  %   10000     
7.585417e+02      25.25           0.39            1.01550     0.00233       0.23  %   10000     
7.586081e+02      28.45           0.26            1.00913     0.00179       0.18  %   10000     
7.586611e+02      30.95           0.40            1.01289     0.00215       0.21  %   10000     
7.587142e+02      34.39           0.59            1.01712     0.00246       0.24  %   10000     
7.587805e+02      38.54           0.62            1.01609     0.00242       0.24  %   10000     
7.588203e+02      41.96           0.58            1.01383     0.00224       0.22  %   10000     
7.588999e+02      48.49           0.73            1.01497     0.00236       0.23  %   10000     
7.589264e+02      51.44           0.88            1.01713     0.00252       0.25  %   10000     
7.590193e+02      61.16           1.31            1.02145     0.00286       0.28  %   10000     
7.590325e+02      62.98           1.37            1.02177     0.00288       0.28  %   10000     
7.591386e+02      76.50           2.07            1.02702     0.00324       0.32  %   10000     
7.592633e+02      95.08           2.55            1.02679     0.00326       0.32  %   10000     
7.592845e+02      97.82           2.85            1.02911     0.00342       0.33  %   10000     
7.594198e+02      119.33          3.42            1.02870     0.00342       0.33  %   10000     
7.594861e+02      128.02          3.53            1.02756     0.00338       0.33  %   10000     
7.597833e+02      160.43          5.56            1.03465     0.00386       0.37  %   10000     
7.598098e+02      161.53          6.70            1.04149     0.00424       0.41  %   10000     
7.599106e+02      167.22          7.20            1.04306     0.00433       0.41  %   10000     
7.599530e+02      166.99          8.34            1.04996     0.00469       0.45  %   10000     
7.600719e+02      169.63          9.49            1.05593     0.00497       0.47  %   10000     
7.600936e+02      169.19          8.45            1.04992     0.00471       0.45  %   10000     
7.601113e+02      168.11          8.69            1.05169     0.00481       0.46  %   10000     
7.601421e+02      166.87          8.54            1.05115     0.00481       0.46  %   10000     
7.602342e+02      164.37          10.83           1.06586     0.00387       0.36  %   20000     
7.602528e+02      164.30          10.11           1.06152     0.00373       0.35  %   20000     
7.603828e+02      154.83          10.68           1.06901     0.00400       0.37  %   20000     
7.604253e+02      152.54          10.20           1.06688     0.00393       0.37  %   20000     
7.605950e+02      133.86          9.21            1.06877     0.00406       0.38  %   20000     
7.608497e+02      99.09           9.59            1.09678     0.00494       0.45  %   20000     
7.608868e+02      94.44           9.00            1.09529     0.00491       0.45  %   20000     
7.610036e+02      77.48           8.05            1.10388     0.00524       0.47  %   20000     
7.610566e+02      71.28           7.33            1.10285     0.00523       0.47  %   20000     
7.611309e+02      61.64           6.90            1.11200     0.00556       0.50  %   20000     
7.611840e+02      56.34           5.92            1.10510     0.00541       0.49  %   20000     
7.612503e+02      49.17           6.05            1.12313     0.00487       0.43  %   30000     
7.613166e+02      43.77           5.55            1.12673     0.00497       0.44  %   30000     
7.613670e+02      39.41           4.76            1.12080     0.00495       0.44  %   30000     
7.614493e+02      34.16           4.85            1.14196     0.00541       0.47  %   30000     
7.614864e+02      31.68           4.29            1.13547     0.00537       0.47  %   30000     
7.615905e+02      26.61           3.91            1.14699     0.00570       0.50  %   30000     
7.616058e+02      25.84           3.97            1.15366     0.00508       0.44  %   40000     
7.617295e+02      21.30           3.73            1.17501     0.00556       0.47  %   40000     
7.617447e+02      20.89           3.35            1.16056     0.00533       0.46  %   40000     
7.618596e+02      17.74           3.01            1.16997     0.00565       0.48  %   40000     
7.619414e+02      16.12           2.85            1.17689     0.00581       0.49  %   40000     
7.620158e+02      14.62           2.82            1.19298     0.00554       0.46  %   50000     
7.621735e+02      12.35           2.56            1.20704     0.00587       0.49  %   50000     
7.621934e+02      12.06           2.57            1.21294     0.00599       0.49  %   50000     
7.623923e+02      10.00           2.18            1.21772     0.00572       0.47  %   60000     
7.624388e+02      9.66            2.14            1.22169     0.00578       0.47  %   60000     
7.626245e+02      8.27            1.91            1.23118     0.00610       0.50  %   60000     
7.627704e+02      7.49            1.77            1.23601     0.00578       0.47  %   70000     
7.628898e+02      6.85            1.85            1.26994     0.00631       0.50  %   70000     
7.632174e+02      5.63            1.63            1.29037     0.00634       0.49  %   80000     
7.632224e+02      5.61            1.64            1.29143     0.00635       0.49  %   80000     
7.635912e+02      4.66            1.51            1.32410     0.00656       0.50  %   90000     
7.638240e+02      4.26            1.36            1.31880     0.00657       0.50  %   90000     
7.640274e+02      3.90            1.32            1.33906     0.00657       0.49  %   100000    
7.644801e+02      3.37            1.21            1.35829     0.00689       0.51  %   100000    
7.645644e+02      3.30            1.17            1.35372     0.00685       0.51  %   100000    
7.649723e+02      2.98            1.12            1.37759     0.00719       0.52  %   100000    
7.654644e+02      2.72            1.04            1.38093     0.00722       0.52  %   100000    
7.656030e+02      2.68            0.99            1.36817     0.00706       0.52  %   100000    
7.661205e+02      2.54            0.95            1.37397     0.00706       0.51  %   100000    
7.667767e+02      2.48            0.84            1.33659     0.00646       0.48  %   100000    
7.671766e+02      2.52            0.79            1.31273     0.00632       0.48  %   90000     
7.674594e+02      2.55            0.78            1.30649     0.00648       0.50  %   80000     
7.681422e+02      2.76            0.70            1.25200     0.00580       0.46  %   70000     
7.688249e+02      3.14            0.63            1.20110     0.00550       0.46  %   50000     
7.694223e+02      3.70            0.52            1.14026     0.00528       0.46  %   30000     
7.699107e+02      4.39            0.48            1.10983     0.00512       0.46  %   20000     
7.699823e+02      4.54            0.49            1.10847     0.00499       0.45  %   20000     
7.703138e+02      5.23            0.46            1.08845     0.00417       0.38  %   20000     
7.705782e+02      5.99            0.51            1.08434     0.00538       0.50  %   10000     
7.706535e+02      6.21            0.48            1.07673     0.00506       0.47  %   10000     
7.710084e+02      7.68            0.44            1.05718     0.00402       0.38  %   10000     
7.710120e+02      7.70            0.44            1.05649     0.00400       0.38  %   10000     
7.712924e+02      9.38            0.44            1.04641     0.00344       0.33  %   10000     
7.713350e+02      9.74            0.45            1.04573     0.00338       0.32  %   10000     
7.715266e+02      11.35           0.45            1.03958     0.00307       0.29  %   10000     
7.715408e+02      11.47           0.51            1.04487     0.00326       0.31  %   10000     
7.717183e+02      13.57           0.54            1.04013     0.00303       0.29  %   10000     
7.717478e+02      13.92           0.55            1.03953     0.00302       0.29  %   10000     
7.718798e+02      16.08           0.64            1.03952     0.00300       0.29  %   10000     
7.719245e+02      16.80           0.70            1.04174     0.00309       0.30  %   10000     
7.720090e+02      18.68           0.69            1.03701     0.00291       0.28  %   10000     
7.720718e+02      20.07           0.83            1.04121     0.00310       0.30  %   10000     
7.721221e+02      21.59           0.84            1.03885     0.00301       0.29  %   10000     
7.722152e+02      24.38           1.05            1.04298     0.00321       0.31  %   10000     
7.722351e+02      25.20           1.14            1.04517     0.00329       0.31  %   10000     
7.723373e+02      29.36           1.52            1.05162     0.00358       0.34  %   10000     
7.723430e+02      29.59           1.35            1.04573     0.00338       0.32  %   10000     
7.724268e+02      34.18           1.74            1.05091     0.00361       0.34  %   10000     
7.724651e+02      36.23           1.88            1.05200     0.00370       0.35  %   10000     
7.725248e+02      40.55           2.36            1.05825     0.00394       0.37  %   10000     
7.725787e+02      44.34           2.68            1.06053     0.00408       0.39  %   10000     
7.726099e+02      47.27           2.42            1.05124     0.00377       0.36  %   10000     
7.726923e+02      54.72           3.52            1.06425     0.00431       0.41  %   10000     
7.727051e+02      56.24           3.50            1.06223     0.00425       0.40  %   10000     
7.727945e+02      66.41           4.92            1.07407     0.00472       0.44  %   10000     
7.728059e+02      67.63           4.68            1.06915     0.00459       0.43  %   10000     
7.728911e+02      79.58           5.86            1.07369     0.00480       0.45  %   10000     
7.729337e+02      85.06           6.95            1.08176     0.00513       0.47  %   10000     
7.730004e+02      96.10           6.93            1.07216     0.00486       0.45  %   10000     
7.730756e+02      107.14          10.01           1.09347     0.00398       0.36  %   20000     
7.731296e+02      116.93          10.48           1.08963     0.00391       0.36  %   20000     
7.732772e+02      139.11          12.69           1.09125     0.00405       0.37  %   20000     
7.732915e+02      141.17          13.57           1.09612     0.00416       0.38  %   20000     
7.735868e+02      174.02          20.71           1.11900     0.00476       0.43  %   20000     
7.736549e+02      175.96          19.92           1.11320     0.00472       0.42  %   20000     
7.737685e+02      181.01          23.39           1.12924     0.00507       0.45  %   20000     
7.737799e+02      180.72          24.59           1.13607     0.00521       0.46  %   20000     
7.739009e+02      180.86          23.14           1.12796     0.00511       0.45  %   20000     
7.739266e+02      179.56          25.62           1.14267     0.00541       0.47  %   20000     
7.739900e+02      177.82          26.82           1.15085     0.00559       0.49  %   20000     
7.739923e+02      177.63          24.50           1.13790     0.00535       0.47  %   20000     
7.741377e+02      168.90          25.61           1.15163     0.00570       0.49  %   20000     
7.741490e+02      168.53          25.01           1.14838     0.00564       0.49  %   20000     
7.743364e+02      149.88          25.62           1.17092     0.00505       0.43  %   30000     
7.743535e+02      148.28          27.17           1.18327     0.00522       0.44  %   30000     
7.746715e+02      104.11          21.19           1.20355     0.00580       0.48  %   30000     
7.747510e+02      93.46           19.44           1.20797     0.00592       0.49  %   30000     
7.748192e+02      83.05           18.30           1.22034     0.00538       0.44  %   40000     
7.749214e+02      70.30           16.37           1.23290     0.00563       0.46  %   40000     
7.749469e+02      66.78           15.51           1.23220     0.00568       0.46  %   40000     
7.750634e+02      54.38           13.40           1.24638     0.00601       0.48  %   40000     
7.750747e+02      53.07           13.39           1.25226     0.00611       0.49  %   40000     
7.751883e+02      43.22           11.90           1.27542     0.00589       0.46  %   50000     
7.752053e+02      42.11           11.10           1.26352     0.00577       0.46  %   50000     
7.753019e+02      35.41           10.43           1.29456     0.00629       0.49  %   50000     
7.753661e+02      32.13           9.72            1.30246     0.00644       0.49  %   50000     
7.754297e+02      28.72           8.93            1.31087     0.00611       0.47  %   60000     
7.755141e+02      25.46           7.96            1.31249     0.00623       0.47  %   60000     
7.755594e+02      23.65           7.78            1.32916     0.00650       0.49  %   60000     
7.756898e+02      19.92           7.02            1.35239     0.00640       0.47  %   70000     
7.757079e+02      19.38           6.79            1.35025     0.00643       0.48  %   70000     
7.758783e+02      15.86           5.76            1.36314     0.00637       0.47  %   80000     
7.758925e+02      15.66           5.68            1.36290     0.00637       0.47  %   80000     
7.760771e+02      12.94           5.07            1.39154     0.00690       0.50  %   80000     
7.761765e+02      11.92           4.64            1.38929     0.00656       0.47  %   90000     
7.763043e+02      10.59           4.28            1.40435     0.00690       0.49  %   90000     
7.765314e+02      8.92            3.81            1.42688     0.00694       0.49  %   100000    
7.765527e+02      8.76            3.72            1.42455     0.00696       0.49  %   100000    
7.768012e+02      7.43            3.16            1.42566     0.00725       0.51  %   100000    
7.769574e+02      6.84            3.03            1.44259     0.00748       0.52  %   100000    
7.771561e+02      6.08            3.01            1.49584     0.00816       0.55  %   100000    
7.775408e+02      5.07            2.59            1.51073     0.00859       0.57  %   100000    
7.775695e+02      5.02            2.47            1.49135     0.00844       0.57  %   100000    
7.779453e+02      4.35            2.34            1.53856     0.00913       0.59  %   100000    
7.782895e+02      3.94            2.13            1.53970     0.00925       0.60  %   100000    
7.784306e+02      3.77            2.08            1.55109     0.00945       0.61  %   100000    
7.789342e+02      3.40            1.86            1.54865     0.00955       0.62  %   100000    
7.793216e+02      3.24            1.78            1.54882     0.00946       0.61  %   100000    
7.794468e+02      3.20            1.73            1.54167     0.00940       0.61  %   100000    
7.799594e+02      3.15            1.62            1.51631     0.00897       0.59  %   100000    
7.804304e+02      3.25            1.54            1.47345     0.00822       0.56  %   100000    
7.809014e+02      3.52            1.45            1.41231     0.00716       0.51  %   100000    
7.809554e+02      3.58            1.47            1.41018     0.00706       0.50  %   100000    
7.812546e+02      3.89            1.42            1.36458     0.00664       0.49  %   90000     
7.816078e+02      4.49            1.37            1.30603     0.00634       0.49  %   70000     
7.819288e+02      5.34            1.25            1.23442     0.00597       0.48  %   50000     
7.821853e+02      6.39            1.21            1.18950     0.00547       0.46  %   40000     
7.823990e+02      7.71            1.22            1.15844     0.00527       0.45  %   30000     
7.825537e+02      9.12            1.12            1.12281     0.00527       0.47  %   20000     
7.825713e+02      9.35            1.21            1.12948     0.00535       0.47  %   20000     
7.826861e+02      10.85           1.10            1.10172     0.00447       0.41  %   20000     
7.827346e+02      11.74           1.11            1.09431     0.00417       0.38  %   20000     
7.827920e+02      12.79           1.16            1.09101     0.00398       0.37  %   20000     
7.828979e+02      15.53           1.32            1.08500     0.00510       0.47  %   10000     
7.829674e+02      18.09           1.26            1.06975     0.00441       0.41  %   10000     
7.829978e+02      19.20           1.16            1.06032     0.00405       0.38  %   10000     
7.830916e+02      24.04           1.38            1.05753     0.00374       0.35  %   10000     
7.831065e+02      25.08           1.41            1.05633     0.00366       0.35  %   10000     
7.831698e+02      29.48           1.32            1.04463     0.00317       0.30  %   10000     
7.832137e+02      33.47           1.46            1.04360     0.00306       0.29  %   10000     
7.832481e+02      36.58           1.53            1.04181     0.00296       0.28  %   10000     
7.833075e+02      43.55           1.57            1.03608     0.00269       0.26  %   10000     
7.833263e+02      45.72           1.79            1.03907     0.00278       0.27  %   10000     
7.834045e+02      57.28           1.78            1.03111     0.00243       0.24  %   10000     
7.834890e+02      72.77           2.31            1.03179     0.00242       0.23  %   10000     
7.834983e+02      74.95           2.37            1.03161     0.00240       0.23  %   10000     
7.835891e+02      95.41           3.27            1.03428     0.00248       0.24  %   10000     
7.835994e+02      98.33           2.91            1.02958     0.00230       0.22  %   10000     
7.837033e+02      126.42          4.34            1.03432     0.00246       0.24  %   10000     
7.837136e+02      129.81          3.51            1.02704     0.00218       0.21  %   10000     
7.838469e+02      170.74          5.70            1.03339     0.00242       0.23  %   10000     
7.838519e+02      172.17          5.85            1.03395     0.00244       0.24  %   10000     
7.841598e+02      258.46          9.30            1.03599     0.00253       0.24  %   10000     
7.842398e+02      270.72          9.64            1.03562     0.00253       0.24  %   10000     
7.843199e+02      283.50          11.18           1.03945     0.00266       0.26  %   10000     
7.843950e+02      286.00          12.06           1.04218     0.00277       0.27  %   10000     
7.844655e+02      289.80          13.08           1.04515     0.00287       0.27  %   10000     
7.845427e+02      283.77          14.41           1.05080     0.00307       0.29  %   10000     
7.846128e+02      279.88          12.85           1.04591     0.00292       0.28  %   10000     
7.846929e+02      265.74          13.97           1.05258     0.00316       0.30  %   10000     
7.847630e+02      254.22          15.69           1.06171     0.00342       0.32  %   10000     
7.848430e+02      233.58          13.93           1.05963     0.00341       0.32  %   10000     
7.851634e+02      140.68          10.47           1.07441     0.00402       0.37  %   10000     
7.852476e+02      117.53          10.15           1.08638     0.00439       0.40  %   10000     
7.852871e+02      106.00          9.61            1.09065     0.00457       0.42  %   10000     
7.853977e+02      79.69           8.59            1.10775     0.00517       0.47  %   10000     
7.854099e+02      77.38           8.02            1.10368     0.00509       0.46  %   10000     
7.854944e+02      60.94           7.38            1.12116     0.00405       0.36  %   20000     
7.855507e+02      52.32           6.85            1.13085     0.00431       0.38  %   20000     
7.855789e+02      47.90           6.24            1.13019     0.00438       0.39  %   20000     
7.856665e+02      37.32           5.52            1.14781     0.00491       0.43  %   20000     
7.856978e+02      34.44           5.54            1.16098     0.00519       0.45  %   20000     
7.857447e+02      30.04           5.30            1.17643     0.00562       0.48  %   20000     
7.858229e+02      24.44           5.31            1.21715     0.00533       0.44  %   30000     
7.858542e+02      22.76           4.74            1.20848     0.00531       0.44  %   30000     
7.859088e+02      19.80           4.51            1.22806     0.00578       0.47  %   30000     
7.860020e+02      16.11           4.46            1.27697     0.00582       0.46  %   40000     
7.860128e+02      15.80           4.53            1.28636     0.00594       0.46  %   40000     
7.860952e+02      13.43           4.36            1.32492     0.00595       0.45  %   50000     
7.862117e+02      11.04           3.80            1.34387     0.00650       0.48  %   50000     
7.862674e+02      10.27           3.92            1.38222     0.00636       0.46  %   60000     
7.863518e+02      9.08            3.81            1.41962     0.00694       0.49  %   60000     
7.865076e+02      7.58            3.60            1.47496     0.00724       0.49  %   70000     
7.866024e+02      6.96            3.50            1.50285     0.00714       0.47  %   80000     
7.866946e+02      6.34            3.48            1.54903     0.00771       0.50  %   80000     
7.869431e+02      5.21            3.30            1.63407     0.00791       0.48  %   100000    
7.872223e+02      4.35            3.10            1.71304     0.00886       0.52  %   100000    
7.872255e+02      4.35            3.08            1.70864     0.00884       0.52  %   100000    
7.875589e+02      3.65            3.00            1.82097     0.01011       0.56  %   100000    
7.879598e+02      3.11            2.78            1.89461     0.01111       0.59  %   100000    
7.882801e+02      2.83            2.68            1.94800     0.01171       0.60  %   100000    
7.884181e+02      2.71            2.58            1.95304     0.01193       0.61  %   100000    
7.888764e+02      2.46            2.44            1.99240     0.01251       0.63  %   100000    
7.893346e+02      2.31            2.19            1.94745     0.01236       0.63  %   100000    
7.899834e+02      2.23            1.85            1.82821     0.01145       0.63  %   100000    
7.901407e+02      2.25            1.77            1.78641     0.01105       0.62  %   100000    
7.906273e+02      2.28            1.52            1.66691     0.00992       0.59  %   100000    
7.912712e+02      2.47            1.32            1.53572     0.00835       0.54  %   100000    
7.917541e+02      2.72            1.26            1.46451     0.00726       0.50  %   100000    
7.922370e+02      3.12            1.14            1.36590     0.00663       0.49  %   80000     
7.926727e+02      3.68            1.08            1.29254     0.00623       0.48  %   60000     
7.930705e+02      4.44            0.98            1.22026     0.00599       0.49  %   40000     
7.931406e+02      4.64            1.01            1.21832     0.00583       0.48  %   40000     
7.934115e+02      5.42            1.03            1.18980     0.00579       0.49  %   30000     
7.936880e+02      6.58            0.96            1.14557     0.00566       0.49  %   20000     
7.939077e+02      7.90            1.02            1.12859     0.00490       0.43  %   20000     
7.940905e+02      9.46            0.91            1.09605     0.00394       0.36  %   20000     
7.941085e+02      9.61            0.90            1.09328     0.00546       0.50  %   10000     
7.942715e+02      11.60           0.92            1.07969     0.00472       0.44  %   10000     
7.942746e+02      11.65           0.98            1.08403     0.00484       0.45  %   10000     
7.944073e+02      13.94           0.80            1.05718     0.00380       0.36  %   10000     
7.944588e+02      15.19           0.95            1.06288     0.00389       0.37  %   10000     
7.945263e+02      16.82           0.94            1.05604     0.00360       0.34  %   10000     
7.945937e+02      19.12           1.04            1.05432     0.00344       0.33  %   10000     
7.946387e+02      20.65           0.83            1.04027     0.00294       0.28  %   10000     
7.946949e+02      23.31           0.99            1.04268     0.00297       0.28  %   10000     
7.947324e+02      25.07           1.11            1.04425     0.00300       0.29  %   10000     
7.947961e+02      29.15           1.36            1.04665     0.00302       0.29  %   10000     
7.948261e+02      31.05           1.16            1.03747     0.00271       0.26  %   10000     
7.948804e+02      35.75           1.34            1.03751     0.00267       0.26  %   10000     
7.949198e+02      39.12           1.44            1.03687     0.00265       0.26  %   10000     
7.949648e+02      44.34           1.59            1.03587     0.00259       0.25  %   10000     
7.950135e+02      49.90           2.01            1.04035     0.00275       0.26  %   10000     
7.950467e+02      54.93           1.77            1.03218     0.00245       0.24  %   10000     
7.951021e+02      63.12           2.27            1.03600     0.00259       0.25  %   10000     
7.951336e+02      69.18           2.45            1.03535     0.00256       0.25  %   10000     
7.951979e+02      81.18           3.12            1.03837     0.00268       0.26  %   10000     
7.952205e+02      86.55           3.11            1.03592     0.00259       0.25  %   10000     
7.952936e+02      103.32          4.23            1.04096     0.00278       0.27  %   10000     
7.953073e+02      107.26          3.95            1.03683     0.00263       0.25  %   10000     
7.954122e+02      135.82          6.08            1.04478     0.00292       0.28  %   10000     
7.955322e+02      173.13          7.24            1.04184     0.00284       0.27  %   10000     
7.955622e+02      181.54          8.79            1.04844     0.00307       0.29  %   10000     
7.957151e+02      226.81          10.74           1.04734     0.00307       0.29  %   10000     
7.958830e+02      267.99          13.56           1.05060     0.00319       0.30  %   10000     
7.959789e+02      281.51          16.10           1.05719     0.00343       0.32  %   10000     
7.960389e+02      290.65          16.68           1.05739     0.00343       0.32  %   10000     
7.961289e+02      295.01          17.82           1.06041     0.00355       0.34  %   10000     
7.961564e+02      297.12          19.27           1.06484     0.00367       0.35  %   10000     
7.962132e+02      297.27          20.05           1.06745     0.00376       0.35  %   10000     
7.962667e+02      293.14          18.55           1.06326     0.00367       0.35  %   10000     
7.963057e+02      290.93          19.66           1.06758     0.00380       0.36  %   10000     
7.963417e+02      289.56          22.18           1.07660     0.00404       0.38  %   10000     
7.964317e+02      276.15          21.95           1.07949     0.00416       0.39  %   10000     
7.964916e+02      268.52          21.13           1.07871     0.00415       0.38  %   10000     
7.966116e+02      240.38          20.51           1.08534     0.00439       0.40  %   10000     
7.967375e+02      209.27          18.98           1.09070     0.00458       0.42  %   10000     
7.969324e+02      151.89          16.47           1.10843     0.00519       0.47  %   10000     
7.970014e+02      133.49          15.97           1.11962     0.00549       0.49  %   10000     
7.970673e+02      114.37          14.95           1.13070     0.00415       0.37  %   20000     
7.971590e+02      92.66           12.28           1.13256     0.00428       0.38  %   20000     
7.971788e+02      87.70           11.92           1.13591     0.00437       0.38  %   20000     
7.972739e+02      68.84           11.29           1.16403     0.00496       0.43  %   20000     
7.972847e+02      67.17           10.92           1.16255     0.00495       0.43  %   20000     
7.973653e+02      54.18           9.34            1.17231     0.00529       0.45  %   20000     
7.974159e+02      47.84           8.87            1.18531     0.00558       0.47  %   20000     
7.974496e+02      43.50           8.07            1.18543     0.00570       0.48  %   20000     
7.975339e+02      35.14           7.40            1.21062     0.00516       0.43  %   30000     
7.975470e+02      34.16           7.52            1.22024     0.00529       0.43  %   30000     
7.976220e+02      28.43           6.85            1.24089     0.00578       0.47  %   30000     
7.976970e+02      24.19           6.46            1.26697     0.00627       0.50  %   30000     
7.977157e+02      23.11           6.44            1.27880     0.00562       0.44  %   40000     
7.978094e+02      19.15           5.93            1.30958     0.00621       0.47  %   40000     
7.978844e+02      16.83           5.51            1.32715     0.00656       0.49  %   40000     
7.979158e+02      15.85           5.48            1.34594     0.00614       0.46  %   50000     
7.980416e+02      13.06           5.14            1.39401     0.00691       0.50  %   50000     
7.981359e+02      11.61           4.96            1.42709     0.00674       0.47  %   60000     
7.981988e+02      10.63           4.82            1.45310     0.00714       0.49  %   60000     
7.983560e+02      8.92            4.52            1.50668     0.00736       0.49  %   70000     
7.985039e+02      7.79            4.35            1.55920     0.00748       0.48  %   80000     
7.985658e+02      7.31            4.25            1.58229     0.00780       0.49  %   80000     
7.988155e+02      5.96            4.07            1.68278     0.00804       0.48  %   100000    
7.989697e+02      5.39            3.77            1.69978     0.00837       0.49  %   100000    
7.991083e+02      4.87            3.79            1.77926     0.00914       0.51  %   100000    
7.994585e+02      3.97            3.53            1.89104     0.01045       0.55  %   100000    
7.996498e+02      3.62            3.38            1.93193     0.01096       0.57  %   100000    
7.998328e+02      3.30            3.20            1.97124     0.01159       0.59  %   100000    
8.002768e+02      2.75            2.80            2.01887     0.01266       0.63  %   100000    
8.006420e+02      2.44            2.49            2.02172     0.01316       0.65  %   100000    
8.007949e+02      2.31            2.27            1.98467     0.01321       0.67  %   100000    
8.012925e+02      2.01            1.96            1.97351     0.01380       0.70  %   100000    
8.019916e+02      1.73            1.60            1.92912     0.01414       0.73  %   100000    
8.020437e+02      1.71            1.60            1.93575     0.01421       0.73  %   100000    
8.028655e+02      1.50            1.49            1.99229     0.01523       0.76  %   100000    
8.037394e+02      1.37            1.41            2.03296     0.01584       0.78  %   100000    
8.043797e+02      1.32            1.33            2.01314     0.01567       0.78  %   100000    
8.049223e+02      1.27            1.28            2.00212     0.01563       0.78  %   100000    
8.061052e+02      1.25            1.25            2.00073     0.01528       0.76  %   100000    
8.074697e+02      1.29            1.12            1.86462     0.01345       0.72  %   100000    
8.088340e+02      1.42            1.02            1.72029     0.01125       0.65  %   100000    
8.097436e+02      1.59            0.91            1.57642     0.00929       0.59  %   100000    
8.102117e+02      1.72            0.90            1.52239     0.00837       0.55  %   100000    
8.104150e+02      1.78            0.86            1.48063     0.00783       0.53  %   100000    
8.109745e+02      2.05            0.83            1.40309     0.00690       0.49  %   90000     
8.113661e+02      2.36            0.74            1.31478     0.00636       0.48  %   70000     
8.113669e+02      2.36            0.76            1.32341     0.00645       0.49  %   70000     
8.115832e+02      2.65            0.70            1.26595     0.00591       0.47  %   60000     
8.117553e+02      3.02            0.66            1.21970     0.00549       0.45  %   50000     
8.118782e+02      3.44            0.62            1.18044     0.00521       0.44  %   40000     
8.119765e+02      3.94            0.60            1.15300     0.00520       0.45  %   30000     
8.120749e+02      4.69            0.61            1.12961     0.00542       0.48  %   20000     
8.121609e+02      5.63            0.53            1.09467     0.00430       0.39  %   20000     
8.122470e+02      6.96            0.56            1.08030     0.00515       0.48  %   10000     
8.123312e+02      8.74            0.46            1.05302     0.00386       0.37  %   10000     
8.124080e+02      10.93           0.44            1.03995     0.00311       0.30  %   10000     
8.124146e+02      11.12           0.40            1.03637     0.00296       0.29  %   10000     
8.124951e+02      14.14           0.37            1.02595     0.00233       0.23  %   10000     
8.124979e+02      14.25           0.44            1.03072     0.00253       0.25  %   10000     
8.125918e+02      18.81           0.40            1.02139     0.00198       0.19  %   10000     
8.126695e+02      23.62           0.35            1.01489     0.00158       0.16  %   10000     
8.126923e+02      25.03           0.45            1.01810     0.00172       0.17  %   10000     
8.128064e+02      33.73           0.40            1.01185     0.00134       0.13  %   10000     
8.128216e+02      35.14           0.35            1.01006     0.00123       0.12  %   10000     
8.129737e+02      49.06           0.40            1.00816     0.00107       0.11  %   10000     
8.130279e+02      53.95           0.39            1.00725     0.00100       0.10  %   10000     
8.131973e+02      68.64           0.49            1.00710     0.00098       0.10  %   10000     
8.132217e+02      70.72           0.47            1.00668     0.00095       0.09  %   10000     
8.133677e+02      79.07           0.55            1.00697     0.00097       0.10  %   10000     
8.134974e+02      81.55           0.55            1.00669     0.00096       0.10  %   10000     
8.134995e+02      81.59           0.63            1.00767     0.00103       0.10  %   10000     
8.136308e+02      78.90           0.46            1.00586     0.00091       0.09  %   10000     
8.136734e+02      76.41           0.52            1.00683     0.00099       0.10  %   10000     
8.137647e+02      71.09           0.63            1.00881     0.00114       0.11  %   10000     
8.137830e+02      70.03           0.65            1.00929     0.00118       0.12  %   10000     
8.139472e+02      55.74           0.55            1.00985     0.00126       0.12  %   10000     
8.141906e+02      34.16           0.49            1.01428     0.00164       0.16  %   10000     
8.143119e+02      25.20           0.55            1.02178     0.00216       0.21  %   10000     
8.144170e+02      19.03           0.37            1.01936     0.00217       0.21  %   10000     
8.145153e+02      14.60           0.45            1.03095     0.00292       0.28  %   10000     
8.145730e+02      12.65           0.40            1.03173     0.00307       0.30  %   10000     
8.146031e+02      11.63           0.38            1.03302     0.00321       0.31  %   10000     
8.146909e+02      9.44            0.43            1.04546     0.00399       0.38  %   10000     
8.147885e+02      7.74            0.36            1.04586     0.00425       0.41  %   10000     
8.148743e+02      6.75            0.33            1.04815     0.00452       0.43  %   10000     
8.148860e+02      6.62            0.38            1.05708     0.00495       0.47  %   10000     
8.150031e+02      5.80            0.29            1.04960     0.00482       0.46  %   10000     
8.151202e+02      5.35            0.33            1.06146     0.00386       0.36  %   20000     
8.152360e+02      5.16            0.27            1.05241     0.00506       0.48  %   10000     
8.152674e+02      5.10            0.30            1.05935     0.00382       0.36  %   20000     
8.154147e+02      5.05            0.29            1.05659     0.00525       0.50  %   10000     
8.156292e+02      5.20            0.33            1.06278     0.00381       0.36  %   20000     
8.157092e+02      5.25            0.32            1.06063     0.00526       0.50  %   10000     
8.161019e+02      5.90            0.28            1.04724     0.00440       0.42  %   10000     
8.162427e+02      6.29            0.27            1.04352     0.00411       0.39  %   10000     
8.163108e+02      6.48            0.29            1.04450     0.00411       0.39  %   10000     
8.164945e+02      6.99            0.28            1.03989     0.00380       0.37  %   10000     
8.166888e+02      7.79            0.30            1.03787     0.00357       0.34  %   10000     
8.168192e+02      8.33            0.32            1.03782     0.00352       0.34  %   10000     
8.170513e+02      9.73            0.33            1.03415     0.00322       0.31  %   10000     
8.171188e+02      10.14           0.33            1.03260     0.00313       0.30  %   10000     
8.172929e+02      11.63           0.31            1.02700     0.00279       0.27  %   10000     
8.173327e+02      11.97           0.34            1.02866     0.00287       0.28  %   10000     
8.175092e+02      14.04           0.44            1.03120     0.00293       0.28  %   10000     
8.175187e+02      14.15           0.44            1.03120     0.00293       0.28  %   10000     
8.176524e+02      16.32           0.45            1.02747     0.00272       0.26  %   10000     
8.176858e+02      16.86           0.44            1.02618     0.00266       0.26  %   10000     
8.178171e+02      19.87           0.59            1.02967     0.00280       0.27  %   10000     
8.178434e+02      20.47           0.54            1.02660     0.00266       0.26  %   10000     
8.179460e+02      23.80           0.66            1.02789     0.00271       0.26  %   10000     
8.179723e+02      24.64           0.74            1.03021     0.00283       0.27  %   10000     
8.180534e+02      28.24           0.74            1.02629     0.00263       0.26  %   10000     
8.180797e+02      29.39           0.78            1.02651     0.00265       0.26  %   10000     
8.181616e+02      34.28           1.01            1.02959     0.00279       0.27  %   10000     
8.181871e+02      35.77           0.96            1.02691     0.00268       0.26  %   10000     
8.182615e+02      41.79           1.17            1.02789     0.00272       0.26  %   10000     
8.182945e+02      44.38           1.36            1.03070     0.00287       0.28  %   10000     
8.183614e+02      51.63           1.66            1.03218     0.00293       0.28  %   10000     
8.184020e+02      55.87           1.98            1.03545     0.00310       0.30  %   10000     
8.184613e+02      64.22           2.30            1.03582     0.00311       0.30  %   10000     
8.185034e+02      69.88           2.35            1.03362     0.00304       0.29  %   10000     
8.185614e+02      80.13           2.72            1.03400     0.00305       0.29  %   10000     
8.186087e+02      87.98           3.14            1.03569     0.00315       0.30  %   10000     
8.186664e+02      100.44          3.62            1.03603     0.00315       0.30  %   10000     
8.187275e+02      112.55          4.13            1.03669     0.00321       0.31  %   10000     
8.187810e+02      125.99          4.98            1.03955     0.00332       0.32  %   10000     
8.188612e+02      143.94          5.51            1.03827     0.00330       0.32  %   10000     
8.189147e+02      158.44          6.38            1.04029     0.00337       0.32  %   10000     
8.190522e+02      189.39          9.61            1.05075     0.00381       0.36  %   10000     
8.191362e+02      206.89          9.20            1.04446     0.00358       0.34  %   10000     
8.193195e+02      238.29          12.45           1.05224     0.00388       0.37  %   10000     
8.193654e+02      242.26          13.13           1.05421     0.00397       0.38  %   10000     
8.194570e+02      252.32          14.64           1.05803     0.00409       0.39  %   10000     
8.195334e+02      253.79          14.05           1.05536     0.00403       0.38  %   10000     
8.196098e+02      258.22          15.73           1.06091     0.00421       0.40  %   10000     
8.196533e+02      257.86          17.40           1.06749     0.00444       0.42  %   10000     
8.196593e+02      257.39          16.33           1.06344     0.00431       0.41  %   10000     
8.197817e+02      252.65          16.62           1.06577     0.00441       0.41  %   10000     
8.198122e+02      252.58          18.40           1.07286     0.00462       0.43  %   10000     
8.199192e+02      242.13          14.67           1.06059     0.00424       0.40  %   10000     
8.199497e+02      239.99          17.29           1.07203     0.00460       0.43  %   10000     
8.201331e+02      210.17          16.16           1.07688     0.00479       0.44  %   10000     
8.202247e+02      192.96          15.87           1.08227     0.00496       0.46  %   10000     
8.204042e+02      152.58          13.53           1.08868     0.00515       0.47  %   10000     
8.204157e+02      149.48          13.49           1.09024     0.00520       0.48  %   10000     
8.205494e+02      118.75          11.44           1.09634     0.00539       0.49  %   10000     
8.205570e+02      117.32          10.00           1.08525     0.00507       0.47  %   10000     
8.206639e+02      95.08           8.78            1.09232     0.00529       0.48  %   10000     
8.206716e+02      93.85           9.14            1.09735     0.00542       0.49  %   10000     
8.207774e+02      75.37           6.90            1.09148     0.00527       0.48  %   10000     
8.207822e+02      74.75           6.31            1.08444     0.00506       0.47  %   10000     
8.208853e+02      60.45           6.06            1.10033     0.00550       0.50  %   10000     
8.208889e+02      60.08           5.25            1.08741     0.00514       0.47  %   10000     
8.209796e+02      50.27           4.39            1.08730     0.00513       0.47  %   10000     
8.209956e+02      48.98           4.40            1.08975     0.00518       0.48  %   10000     
8.210805e+02      41.93           3.97            1.09469     0.00531       0.49  %   10000     
8.210991e+02      40.85           3.94            1.09657     0.00534       0.49  %   10000     
8.212016e+02      34.69           3.08            1.08891     0.00510       0.47  %   10000     
8.212191e+02      33.98           2.94            1.08660     0.00501       0.46  %   10000     
8.213155e+02      29.93           2.76            1.09209     0.00512       0.47  %   10000     
8.213527e+02      28.92           2.40            1.08304     0.00482       0.45  %   10000     
8.214717e+02      25.62           2.06            1.08031     0.00467       0.43  %   10000     
8.214830e+02      25.44           2.02            1.07922     0.00463       0.43  %   10000     
8.216340e+02      22.95           1.82            1.07949     0.00450       0.42  %   10000     
8.216436e+02      22.79           1.70            1.07464     0.00437       0.41  %   10000     
8.218147e+02      21.24           1.52            1.07171     0.00413       0.39  %   10000     
8.218232e+02      21.16           1.45            1.06863     0.00404       0.38  %   10000     
8.220021e+02      20.62           1.29            1.06266     0.00371       0.35  %   10000     
8.220770e+02      20.38           1.21            1.05956     0.00358       0.34  %   10000     
8.222169e+02      20.74           1.05            1.05072     0.00320       0.30  %   10000     
8.223566e+02      21.09           0.95            1.04513     0.00297       0.28  %   10000     
8.224265e+02      21.62           0.89            1.04124     0.00280       0.27  %   10000     
8.224964e+02      22.14           1.00            1.04521     0.00291       0.28  %   10000     
8.225663e+02      22.65           0.92            1.04054     0.00275       0.26  %   10000     
8.226362e+02      23.51           1.03            1.04396     0.00284       0.27  %   10000     
8.227645e+02      25.07           1.00            1.03971     0.00270       0.26  %   10000     
8.227832e+02      25.43           1.11            1.04356     0.00283       0.27  %   10000     
8.229008e+02      27.65           1.10            1.03968     0.00272       0.26  %   10000     
8.229890e+02      29.29           1.45            1.04950     0.00307       0.29  %   10000     
8.230184e+02      30.13           1.44            1.04770     0.00302       0.29  %   10000     
8.231241e+02      33.12           1.70            1.05119     0.00318       0.30  %   10000     
8.231823e+02      34.74           1.97            1.05662     0.00339       0.32  %   10000     
8.232289e+02      36.65           1.97            1.05379     0.00333       0.32  %   10000     
8.233338e+02      40.86           2.17            1.05311     0.00341       0.32  %   10000     
8.233467e+02      41.36           2.68            1.06479     0.00378       0.35  %   10000     
8.234306e+02      46.07           3.04            1.06591     0.00389       0.37  %   10000     
8.234947e+02      49.55           3.94            1.07956     0.00437       0.40  %   10000     
8.235194e+02      51.48           3.94            1.07651     0.00431       0.40  %   10000     
8.236082e+02      58.15           5.12            1.08813     0.00475       0.44  %   10000     
8.236428e+02      60.61           5.98            1.09867     0.00510       0.46  %   10000     
8.237020e+02      66.64           6.52            1.09778     0.00515       0.47  %   10000     
8.237793e+02      74.00           7.72            1.10433     0.00548       0.50  %   10000     
8.237941e+02      75.96           7.77            1.10235     0.00544       0.49  %   10000     
8.238911e+02      87.87           9.91            1.11278     0.00416       0.37  %   20000     
8.239125e+02      90.23           10.77           1.11934     0.00432       0.39  %   20000     
8.239947e+02      102.56          13.19           1.12857     0.00456       0.40  %   20000     
8.240440e+02      108.97          15.16           1.13912     0.00484       0.42  %   20000     
8.241065e+02      119.70          16.69           1.13945     0.00489       0.43  %   20000     
8.241888e+02      131.35          20.45           1.15567     0.00529       0.46  %   20000     
8.242250e+02      137.93          21.48           1.15570     0.00531       0.46  %   20000     
8.243598e+02      156.63          28.08           1.17929     0.00586       0.50  %   20000     
8.243664e+02      157.64          27.80           1.17633     0.00475       0.40  %   30000     
8.245802e+02      179.23          37.41           1.20875     0.00535       0.44  %   30000     
8.247940e+02      190.76          43.41           1.22756     0.00571       0.47  %   30000     
8.248664e+02      189.95          44.52           1.23435     0.00587       0.48  %   30000     
8.249519e+02      191.80          46.30           1.24143     0.00598       0.48  %   30000     
8.250435e+02      188.67          48.79           1.25860     0.00628       0.50  %   30000     
8.250868e+02      189.27          46.70           1.24674     0.00614       0.49  %   30000     
8.251295e+02      188.31          47.02           1.24970     0.00620       0.50  %   30000     
8.252126e+02      183.02          52.61           1.28743     0.00583       0.45  %   40000     
8.252294e+02      182.43          49.82           1.27311     0.00570       0.45  %   40000     
8.252881e+02      181.64          50.46           1.27780     0.00575       0.45  %   40000     
8.253664e+02      175.82          50.02           1.28447     0.00591       0.46  %   40000     
8.254550e+02      172.38          50.82           1.29484     0.00603       0.47  %   40000     
8.255506e+02      163.49          52.70           1.32232     0.00641       0.48  %   40000     
8.259716e+02      119.49          46.21           1.38670     0.00668       0.48  %   50000     
8.260637e+02      108.94          43.47           1.39903     0.00685       0.49  %   50000     
8.261262e+02      99.86           43.16           1.43216     0.00662       0.46  %   60000     
8.262282e+02      87.91           40.63           1.46219     0.00695       0.48  %   60000     
8.262577e+02      83.79           37.76           1.45072     0.00695       0.48  %   60000     
8.263893e+02      69.46           35.09           1.50516     0.00700       0.47  %   70000     
8.263926e+02      69.20           34.55           1.49933     0.00696       0.46  %   70000     
8.265209e+02      57.25           31.26           1.54603     0.00753       0.49  %   70000     
8.265571e+02      54.77           30.55           1.55772     0.00763       0.49  %   70000     
8.266525e+02      47.45           27.57           1.58108     0.00750       0.47  %   80000     
8.267215e+02      43.65           26.48           1.60657     0.00773       0.48  %   80000     
8.268005e+02      38.89           25.11           1.64557     0.00818       0.50  %   80000     
8.269189e+02      33.69           23.16           1.68735     0.00813       0.48  %   90000     
8.269321e+02      33.07           22.64           1.68455     0.00816       0.48  %   90000     
8.270965e+02      27.44           20.68           1.75369     0.00842       0.48  %   100000    
8.271572e+02      25.97           19.52           1.75148     0.00846       0.48  %   100000    
8.272826e+02      22.74           18.62           1.81874     0.00909       0.50  %   100000    
8.274061e+02      20.49           17.45           1.85159     0.00941       0.51  %   100000    
8.274970e+02      18.76           17.16           1.91483     0.00997       0.52  %   100000    
8.277017e+02      15.99           15.54           1.97133     0.01057       0.54  %   100000    
8.277429e+02      15.42           15.32           1.99341     0.01080       0.54  %   100000    
8.280307e+02      12.58           13.58           2.07985     0.01178       0.57  %   100000    
8.281129e+02      12.01           13.43           2.11823     0.01205       0.57  %   100000    
8.283596e+02      10.24           12.41           2.21219     0.01308       0.59  %   100000    
8.286063e+02      8.97            11.70           2.30473     0.01392       0.60  %   100000    
8.286885e+02      8.53            11.29           2.32330     0.01423       0.61  %   100000    
8.290719e+02      7.06            10.34           2.46621     0.01567       0.64  %   100000    
8.291167e+02      6.93            10.18           2.46793     0.01573       0.64  %   100000    
8.295502e+02      5.72            9.25            2.61813     0.01742       0.67  %   100000    
8.298425e+02      5.13            8.85            2.72432     0.01839       0.68  %   100000    
8.300285e+02      4.75            8.41            2.76948     0.01912       0.69  %   100000    
8.306101e+02      3.89            7.48            2.92152     0.02108       0.72  %   100000    
8.308830e+02      3.60            6.93            2.92310     0.02146       0.73  %   100000    
8.312747e+02      3.19            6.74            3.11691     0.02342       0.75  %   100000    
8.319727e+02      2.65            6.30            3.37633     0.02612       0.77  %   100000    
8.321231e+02      2.57            6.07            3.36421     0.02625       0.78  %   100000    
8.328335e+02      2.17            5.90            3.71864     0.02970       0.80  %   100000    
8.337778e+02      1.80            5.38            3.98704     0.03287       0.82  %   100000    
8.337977e+02      1.79            5.31            3.96427     0.03281       0.83  %   100000    
8.348999e+02      1.48            4.90            4.30708     0.03695       0.86  %   100000    
8.360794e+02      1.25            4.16            4.33710     0.03922       0.90  %   100000    
8.361278e+02      1.24            4.18            4.37193     0.03946       0.90  %   100000    
8.374882e+02      1.04            2.98            3.85064     0.03882       1.01  %   100000    
8.389578e+02      0.90            2.51            3.80792     0.04045       1.06  %   100000    
8.391319e+02      0.88            2.50            3.84740     0.04104       1.07  %   100000    
8.410799e+02      0.74            2.00            3.69476     0.04242       1.15  %   100000    
8.427192e+02      0.66            1.15            2.72893     0.03532       1.29  %   100000    
8.435439e+02      0.63            0.74            2.18727     0.03006       1.37  %   100000    
8.462063e+02      0.54            0.40            1.73426     0.02483       1.43  %   100000    
8.495324e+02      0.48            0.22            1.46582     0.02043       1.39  %   100000    
8.519711e+02      0.45            0.16            1.36369     0.01831       1.34  %   100000    
8.548950e+02      0.44            0.10            1.22164     0.01420       1.16  %   100000    
8.566118e+02      0.45            0.08            1.17762     0.01236       1.05  %   100000    
8.572555e+02      0.47            0.07            1.15907     0.01141       0.98  %   100000    
8.575774e+02      0.49            0.06            1.12027     0.00965       0.86  %   100000    
8.577920e+02      0.53            0.07            1.13164     0.00970       0.86  %   100000    
8.579530e+02      0.60            0.07            1.11243     0.00847       0.76  %   100000    
8.580871e+02      0.69            0.06            1.09118     0.00709       0.65  %   100000    
8.581944e+02      0.80            0.06            1.07972     0.00615       0.57  %   100000    
8.583151e+02      0.99            0.07            1.06617     0.00506       0.47  %   100000    
8.584424e+02      1.26            0.06            1.04933     0.00500       0.48  %   60000     
8.585941e+02      1.69            0.05            1.03136     0.00490       0.47  %   30000     
8.589913e+02      3.03            0.06            1.01905     0.00354       0.35  %   20000     
8.591545e+02      3.39            0.07            1.02190     0.00360       0.35  %   20000     
8.592757e+02      3.47            0.06            1.01733     0.00447       0.44  %   10000     
8.594163e+02      3.36            0.05            1.01545     0.00428       0.42  %   10000     
8.595868e+02      2.96            0.06            1.01864     0.00352       0.35  %   20000     
8.599804e+02      1.67            0.06            1.03694     0.00458       0.44  %   40000     
8.601072e+02      1.34            0.06            1.04210     0.00486       0.47  %   50000     
8.602199e+02      1.11            0.07            1.06156     0.00507       0.48  %   80000     
8.603326e+02      0.95            0.06            1.06515     0.00504       0.47  %   100000    
8.604365e+02      0.85            0.06            1.06747     0.00541       0.51  %   100000    
8.604614e+02      0.83            0.06            1.07123     0.00561       0.52  %   100000    
8.605791e+02      0.76            0.06            1.07418     0.00595       0.55  %   100000    
8.607218e+02      0.73            0.06            1.07877     0.00626       0.58  %   100000    
8.608288e+02      0.72            0.06            1.08465     0.00651       0.60  %   100000    
8.610547e+02      0.74            0.05            1.06867     0.00576       0.54  %   100000    
8.613400e+02      0.81            0.06            1.06832     0.00548       0.51  %   100000    
8.616253e+02      0.91            0.06            1.06858     0.00515       0.48  %   100000    
8.619106e+02      1.07            0.05            1.04640     0.00503       0.48  %   60000     
8.621100e+02      1.24            0.05            1.04340     0.00494       0.47  %   50000     
8.622567e+02      1.42            0.05            1.03554     0.00466       0.45  %   40000     
8.622695e+02      1.44            0.04            1.02906     0.00484       0.47  %   30000     
8.624090e+02      1.70            0.04            1.02548     0.00509       0.50  %   20000     
8.625286e+02      2.05            0.05            1.02456     0.00456       0.44  %   20000     
8.626253e+02      2.46            0.05            1.02119     0.00387       0.38  %   20000     
8.627147e+02      3.02            0.06            1.02089     0.00492       0.48  %   10000     
8.627914e+02      3.70            0.05            1.01346     0.00359       0.35  %   10000     
8.628681e+02      4.62            0.04            1.00784     0.00248       0.25  %   10000     
8.629448e+02      5.88            0.05            1.00887     0.00237       0.23  %   10000     
8.630192e+02      7.53            0.06            1.00771     0.00199       0.20  %   10000     
8.630985e+02      9.86            0.06            1.00579     0.00155       0.15  %   10000     
8.631777e+02      12.92           0.06            1.00472     0.00126       0.13  %   10000     
8.632093e+02      14.52           0.06            1.00434     0.00116       0.12  %   10000     
8.632654e+02      17.35           0.05            1.00277     0.00087       0.09  %   10000     
8.633567e+02      23.27           0.05            1.00233     0.00074       0.07  %   10000     
8.633990e+02      26.73           0.05            1.00194     0.00065       0.06  %   10000     
8.634568e+02      31.44           0.04            1.00140     0.00053       0.05  %   10000     
8.635721e+02      42.92           0.08            1.00194     0.00058       0.06  %   10000     
8.636041e+02      46.75           0.09            1.00188     0.00057       0.06  %   10000     
8.637907e+02      68.68           0.12            1.00169     0.00051       0.05  %   10000     
8.638063e+02      70.45           0.14            1.00199     0.00055       0.06  %   10000     
8.639859e+02      90.44           0.24            1.00265     0.00062       0.06  %   10000     
8.641364e+02      101.67          0.34            1.00336     0.00070       0.07  %   10000     
8.642780e+02      105.22          0.41            1.00386     0.00076       0.08  %   10000     
8.642953e+02      104.73          0.50            1.00478     0.00084       0.08  %   10000     
8.644217e+02      101.19          0.56            1.00550     0.00092       0.09  %   10000     
8.645210e+02      93.54           0.46            1.00493     0.00088       0.09  %   10000     
8.645721e+02      89.62           0.58            1.00647     0.00102       0.10  %   10000     
8.645778e+02      88.98           0.66            1.00747     0.00110       0.11  %   10000     
8.648141e+02      61.95           0.55            1.00882     0.00128       0.13  %   10000     
8.648602e+02      56.59           0.66            1.01170     0.00151       0.15  %   10000     
8.650199e+02      38.74           0.57            1.01466     0.00184       0.18  %   10000     
8.651264e+02      28.78           0.61            1.02103     0.00239       0.23  %   10000     
8.652264e+02      21.19           0.56            1.02654     0.00294       0.29  %   10000     
8.653187e+02      15.69           0.62            1.03979     0.00396       0.38  %   10000     
8.653998e+02      11.93           0.61            1.05091     0.00492       0.47  %   10000     
8.654112e+02      11.53           0.65            1.05608     0.00369       0.35  %   20000     
8.654816e+02      9.02            0.61            1.06795     0.00446       0.42  %   20000     
8.655543e+02      7.06            0.57            1.08029     0.00437       0.40  %   30000     
8.656271e+02      5.56            0.50            1.08961     0.00509       0.47  %   30000     
8.657013e+02      4.42            0.57            1.12849     0.00519       0.46  %   50000     
8.657378e+02      4.00            0.60            1.14904     0.00531       0.46  %   60000     
8.657770e+02      3.55            0.56            1.15644     0.00574       0.50  %   60000     
8.658527e+02      2.92            0.55            1.18777     0.00560       0.47  %   90000     
8.659410e+02      2.39            0.58            1.24438     0.00663       0.53  %   100000    
8.660420e+02      1.98            0.55            1.27834     0.00771       0.60  %   100000    
8.661493e+02      1.68            0.53            1.31821     0.00888       0.67  %   100000    
8.662723e+02      1.44            0.51            1.35749     0.01007       0.74  %   100000    
8.664364e+02      1.23            0.49            1.39580     0.01136       0.81  %   100000    
8.664463e+02      1.22            0.53            1.43163     0.01189       0.83  %   100000    
8.666416e+02      1.05            0.50            1.47905     0.01343       0.91  %   100000    
8.668771e+02      0.91            0.50            1.54509     0.01528       0.99  %   100000    
8.671842e+02      0.79            0.51            1.65132     0.01784       1.08  %   100000    
8.675382e+02      0.69            0.53            1.76779     0.02047       1.16  %   100000    
8.675680e+02      0.68            0.50            1.73705     0.02018       1.16  %   100000    
8.680657e+02      0.60            0.50            1.84394     0.02295       1.24  %   100000    
8.686354e+02      0.54            0.51            1.95560     0.02561       1.31  %   100000    
8.693189e+02      0.49            0.50            2.00981     0.02730       1.36  %   100000    
8.702302e+02      0.46            0.50            2.07758     0.02890       1.39  %   100000    
8.715973e+02      0.44            0.48            2.08584     0.02910       1.40  %   100000    
8.728733e+02      0.46            0.48            2.04587     0.02779       1.36  %   100000    
8.737240e+02      0.48            0.47            1.96007     0.02567       1.31  %   100000    
8.745747e+02      0.53            0.44            1.81900     0.02239       1.23  %   100000    
8.751925e+02      0.60            0.46            1.77185     0.02047       1.16  %   100000    
8.757698e+02      0.69            0.43            1.61988     0.01701       1.05  %   100000    
8.758160e+02      0.70            0.45            1.64306     0.01717       1.04  %   100000    
8.762509e+02      0.81            0.42            1.51395     0.01414       0.93  %   100000    
8.766420e+02      0.96            0.42            1.43151     0.01178       0.82  %   100000    
8.769492e+02      1.15            0.41            1.35982     0.00980       0.72  %   100000    
8.772053e+02      1.38            0.40            1.29129     0.00803       0.62  %   100000    
8.773896e+02      1.63            0.42            1.25899     0.00696       0.55  %   100000    
8.774304e+02      1.71            0.40            1.23198     0.00644       0.52  %   100000    
8.775431e+02      1.93            0.39            1.20076     0.00593       0.49  %   90000     
8.776660e+02      2.28            0.41            1.17857     0.00583       0.49  %   70000     
8.777735e+02      2.72            0.36            1.13248     0.00545       0.48  %   50000     
8.778740e+02      3.34            0.39            1.11578     0.00517       0.46  %   40000     
8.779572e+02      4.06            0.36            1.08958     0.00479       0.44  %   30000     
8.780404e+02      5.06            0.39            1.07665     0.00492       0.46  %   20000     
8.781118e+02      6.24            0.38            1.06136     0.00402       0.38  %   20000     
8.781831e+02      7.79            0.38            1.04884     0.00463       0.44  %   10000     
8.782578e+02      9.95            0.45            1.04476     0.00403       0.39  %   10000     
8.782708e+02      10.44           0.35            1.03361     0.00343       0.33  %   10000     
8.783217e+02      12.36           0.41            1.03299     0.00320       0.31  %   10000     
8.783301e+02      12.68           0.34            1.02689     0.00287       0.28  %   10000     
8.784115e+02      16.68           0.32            1.01901     0.00222       0.22  %   10000     
8.784869e+02      21.47           0.49            1.02301     0.00227       0.22  %   10000     
8.784928e+02      21.85           0.36            1.01633     0.00190       0.19  %   10000     
8.785833e+02      29.17           0.52            1.01781     0.00186       0.18  %   10000     
8.786137e+02      32.29           0.42            1.01312     0.00156       0.15  %   10000     
8.786847e+02      39.50           0.53            1.01329     0.00152       0.15  %   10000     
8.787531e+02      48.17           0.32            1.00673     0.00105       0.10  %   10000     
8.788082e+02      55.05           0.55            1.01003     0.00126       0.12  %   10000     
8.789050e+02      69.67           0.65            1.00936     0.00119       0.12  %   10000     
8.789943e+02      82.83           0.75            1.00901     0.00115       0.11  %   10000     
8.791010e+02      98.49           0.66            1.00666     0.00098       0.10  %   10000     
8.792347e+02      117.55          0.92            1.00786     0.00106       0.10  %   10000     
8.793927e+02      132.36          1.41            1.01064     0.00123       0.12  %   10000     
8.794626e+02      134.45          1.16            1.00860     0.00112       0.11  %   10000     
8.795351e+02      136.73          1.60            1.01171     0.00130       0.13  %   10000     
8.796434e+02      133.11          1.44            1.01081     0.00127       0.13  %   10000     
8.796677e+02      132.33          1.50            1.01130     0.00130       0.13  %   10000     
8.797649e+02      123.48          1.69            1.01367     0.00145       0.14  %   10000     
8.798135e+02      119.09          1.70            1.01428     0.00149       0.15  %   10000     
8.799776e+02      96.09           1.66            1.01727     0.00170       0.17  %   10000     
8.800503e+02      85.75           1.73            1.02017     0.00187       0.18  %   10000     
8.802533e+02      55.54           1.69            1.03035     0.00249       0.24  %   10000     
8.803807e+02      39.57           1.47            1.03723     0.00297       0.29  %   10000     
8.804749e+02      29.94           1.40            1.04688     0.00356       0.34  %   10000     
8.805691e+02      22.23           1.56            1.07019     0.00471       0.44  %   10000     
8.805805e+02      21.51           1.44            1.06717     0.00465       0.44  %   10000     
8.806571e+02      16.62           1.31            1.07877     0.00387       0.36  %   20000     
8.807317e+02      12.94           1.39            1.10762     0.00491       0.44  %   20000     
8.808063e+02      10.08           1.29            1.12818     0.00477       0.42  %   30000     
8.808646e+02      8.38            1.21            1.14499     0.00542       0.47  %   30000     
8.808809e+02      7.90            1.23            1.15602     0.00576       0.50  %   30000     
8.809544e+02      6.27            1.25            1.19852     0.00551       0.46  %   50000     
8.810280e+02      5.06            1.19            1.23456     0.00597       0.48  %   60000     
8.811138e+02      4.02            1.20            1.29837     0.00640       0.49  %   80000     
8.811996e+02      3.29            1.10            1.33596     0.00660       0.49  %   100000    
8.812142e+02      3.20            1.14            1.35606     0.00687       0.51  %   100000    
8.812890e+02      2.74            1.13            1.41110     0.00790       0.56  %   100000    
8.813998e+02      2.27            1.09            1.48159     0.00930       0.63  %   100000    
8.815265e+02      1.91            1.05            1.54826     0.01071       0.69  %   100000    
8.816848e+02      1.60            1.01            1.63069     0.01240       0.76  %   100000    
8.818560e+02      1.37            0.97            1.70325     0.01396       0.82  %   100000    
8.818738e+02      1.35            0.93            1.68847     0.01393       0.82  %   100000    
8.821091e+02      1.14            0.89            1.78350     0.01605       0.90  %   100000    
8.823913e+02      0.96            0.78            1.81408     0.01765       0.97  %   100000    
8.827211e+02      0.82            0.70            1.85282     0.01938       1.05  %   100000    
8.827293e+02      0.82            0.65            1.79769     0.01878       1.04  %   100000    
8.831929e+02      0.69            0.65            1.94498     0.02215       1.14  %   100000    
8.836646e+02      0.60            0.60            2.00917     0.02435       1.21  %   100000    
8.842840e+02      0.52            0.58            2.10455     0.02705       1.29  %   100000    
8.850101e+02      0.46            0.58            2.24983     0.03020       1.34  %   100000    
8.850274e+02      0.46            0.60            2.28723     0.03066       1.34  %   100000    
8.859783e+02      0.42            0.58            2.39372     0.03347       1.40  %   100000    
8.874305e+02      0.38            0.57            2.50708     0.03634       1.45  %   100000    
8.889547e+02      0.35            0.54            2.53414     0.03755       1.48  %   100000    
8.920751e+02      0.33            0.53            2.61816     0.03908       1.49  %   100000    
8.939034e+02      0.33            0.51            2.56004     0.03813       1.49  %   100000    
8.957318e+02      0.32            0.50            2.54829     0.03782       1.48  %   100000    
9.004535e+02      0.33            0.05            1.14268     0.01117       0.98  %   100000    
9.059616e+02      0.36            0.03            1.08837     0.00820       0.75  %   100000    
9.100793e+02      0.40            0.02            1.06001     0.00625       0.59  %   100000    
9.103582e+02      0.40            0.03            1.06446     0.00644       0.61  %   100000    
9.138553e+02      0.47            0.02            1.05303     0.00527       0.50  %   100000    
9.165740e+02      0.55            0.02            1.03768     0.00517       0.50  %   60000     
9.180330e+02      0.61            0.02            1.04012     0.00497       0.48  %   60000     
9.185838e+02      0.64            0.02            1.02709     0.00486       0.47  %   40000     
9.204283e+02      0.76            0.02            1.02196     0.00448       0.44  %   30000     
9.218879e+02      0.91            0.01            1.01529     0.00409       0.40  %   20000     
9.225567e+02      1.02            0.02            1.01733     0.00408       0.40  %   20000     
9.231417e+02      1.10            0.02            1.01974     0.00411       0.40  %   20000     
9.242164e+02      1.34            0.01            1.00935     0.00353       0.35  %   10000     
9.251156e+02      1.63            0.01            1.00422     0.00211       0.21  %   10000     
9.255278e+02      1.81            0.02            1.00838     0.00279       0.28  %   10000     
9.259025e+02      1.98            0.02            1.00834     0.00264       0.26  %   10000     
9.265623e+02      2.39            0.02            1.00935     0.00250       0.25  %   10000     
9.272010e+02      2.95            0.02            1.00741     0.00198       0.20  %   10000     
9.277236e+02      3.59            0.02            1.00604     0.00161       0.16  %   10000     
9.281716e+02      4.36            0.03            1.00609     0.00148       0.15  %   10000     
9.282213e+02      4.44            0.02            1.00529     0.00137       0.14  %   10000     
9.286759e+02      5.55            0.02            1.00417     0.00111       0.11  %   10000     
9.286848e+02      5.58            0.03            1.00474     0.00119       0.12  %   10000     
9.290011e+02      6.66            0.01            1.00214     0.00076       0.08  %   10000     
9.290360e+02      6.78            0.04            1.00557     0.00122       0.12  %   10000     
9.293463e+02      8.24            0.04            1.00465     0.00106       0.11  %   10000     
9.293637e+02      8.32            0.03            1.00415     0.00101       0.10  %   10000     
9.295895e+02      9.79            0.03            1.00304     0.00084       0.08  %   10000     
9.296459e+02      10.15           0.04            1.00350     0.00090       0.09  %   10000     
9.298012e+02      11.53           0.03            1.00274     0.00079       0.08  %   10000     
9.298894e+02      12.32           0.05            1.00436     0.00100       0.10  %   10000     
9.299776e+02      13.39           0.07            1.00523     0.00109       0.11  %   10000     
9.301116e+02      15.02           0.06            1.00369     0.00092       0.09  %   10000     
9.301399e+02      15.50           0.07            1.00460     0.00103       0.10  %   10000     
9.302810e+02      17.86           0.08            1.00468     0.00104       0.10  %   10000     
9.303022e+02      18.21           0.09            1.00495     0.00108       0.11  %   10000     
9.304221e+02      20.96           0.11            1.00503     0.00110       0.11  %   10000     
9.304687e+02      22.01           0.16            1.00732     0.00133       0.13  %   10000     
9.305350e+02      24.09           0.15            1.00615     0.00123       0.12  %   10000     
9.306232e+02      26.82           0.13            1.00484     0.00111       0.11  %   10000     
9.306514e+02      28.02           0.20            1.00715     0.00135       0.13  %   10000     
9.307485e+02      32.07           0.23            1.00715     0.00137       0.14  %   10000     
9.307520e+02      32.21           0.24            1.00743     0.00140       0.14  %   10000     
9.308455e+02      37.49           0.30            1.00792     0.00147       0.15  %   10000     
9.308906e+02      39.97           0.39            1.00984     0.00166       0.16  %   10000     
9.309443e+02      44.06           0.49            1.01108     0.00177       0.18  %   10000     
9.310177e+02      49.45           0.41            1.00828     0.00156       0.15  %   10000     
9.310430e+02      52.00           0.60            1.01155     0.00185       0.18  %   10000     
9.311418e+02      61.48           0.61            1.00990     0.00175       0.17  %   10000     
9.311447e+02      61.74           0.98            1.01581     0.00221       0.22  %   10000     
9.312406e+02      73.55           1.18            1.01600     0.00226       0.22  %   10000     
9.312717e+02      77.09           1.16            1.01503     0.00221       0.22  %   10000     
9.313479e+02      88.52           1.62            1.01827     0.00246       0.24  %   10000     
9.313987e+02      95.42           1.66            1.01743     0.00243       0.24  %   10000     
9.314622e+02      106.46          2.46            1.02308     0.00281       0.27  %   10000     
9.315398e+02      118.26          2.61            1.02211     0.00280       0.27  %   10000     
9.315906e+02      127.93          3.38            1.02643     0.00306       0.30  %   10000     
9.317261e+02      148.86          4.05            1.02723     0.00318       0.31  %   10000     
9.317600e+02      154.42          3.81            1.02468     0.00303       0.30  %   10000     
9.321212e+02      193.92          6.94            1.03580     0.00376       0.36  %   10000     
9.322002e+02      196.03          8.22            1.04195     0.00411       0.39  %   10000     
9.322906e+02      200.78          8.92            1.04444     0.00423       0.41  %   10000     
9.323900e+02      199.19          9.19            1.04615     0.00438       0.42  %   10000     
9.324622e+02      200.90          10.34           1.05148     0.00461       0.44  %   10000     
9.324835e+02      200.52          9.94            1.04955     0.00453       0.43  %   10000     
9.325481e+02      196.63          11.48           1.05839     0.00497       0.47  %   10000     
9.326575e+02      194.03          11.49           1.05924     0.00503       0.47  %   10000     
9.326801e+02      191.88          12.56           1.06545     0.00375       0.35  %   20000     
9.328607e+02      180.11          12.48           1.06927     0.00390       0.37  %   20000     
9.328776e+02      178.13          13.18           1.07400     0.00405       0.38  %   20000     
9.333179e+02      122.46          10.90           1.08903     0.00467       0.43  %   20000     
9.333970e+02      111.79          10.82           1.09677     0.00489       0.45  %   20000     
9.334845e+02      97.63           10.14           1.10391     0.00518       0.47  %   20000     
9.335663e+02      87.02           9.70            1.11142     0.00540       0.49  %   20000     
9.336256e+02      78.27           9.34            1.11933     0.00464       0.41  %   30000     
9.337074e+02      68.92           7.82            1.11344     0.00458       0.41  %   30000     
9.337526e+02      63.24           8.26            1.13057     0.00499       0.44  %   30000     
9.338486e+02      54.11           7.16            1.13225     0.00510       0.45  %   30000     
9.338796e+02      50.92           7.06            1.13866     0.00529       0.46  %   30000     
9.339897e+02      42.57           5.86            1.13771     0.00539       0.47  %   30000     
9.340066e+02      41.20           6.69            1.16232     0.00510       0.44  %   40000     
9.341336e+02      33.70           5.55            1.16469     0.00531       0.46  %   40000     
9.341594e+02      32.61           5.31            1.16282     0.00529       0.45  %   40000     
9.342756e+02      27.40           4.87            1.17787     0.00571       0.49  %   40000     
9.343582e+02      24.76           4.43            1.17888     0.00579       0.49  %   40000     
9.344291e+02      22.41           4.41            1.19672     0.00556       0.46  %   50000     
9.345570e+02      19.38           4.06            1.20937     0.00586       0.48  %   50000     
9.345888e+02      18.61           4.00            1.21505     0.00600       0.49  %   50000     
9.347793e+02      15.28           3.70            1.24241     0.00604       0.49  %   60000     
9.348392e+02      14.54           3.63            1.24999     0.00617       0.49  %   60000     
9.350015e+02      12.48           3.31            1.26538     0.00610       0.48  %   70000     
9.351850e+02      10.83           3.01            1.27754     0.00598       0.47  %   80000     
9.352556e+02      10.18           2.97            1.29132     0.00624       0.48  %   80000     
9.355096e+02      8.49            2.69            1.31696     0.00639       0.49  %   90000     
9.356295e+02      7.91            2.62            1.33173     0.00661       0.50  %   90000     
9.358231e+02      6.96            2.51            1.36009     0.00677       0.50  %   100000    
9.361550e+02      5.78            2.29            1.39577     0.00741       0.53  %   100000    
9.361730e+02      5.71            2.23            1.39104     0.00739       0.53  %   100000    
9.365809e+02      4.66            2.11            1.45235     0.00841       0.58  %   100000    
9.368868e+02      4.10            1.95            1.47477     0.00886       0.60  %   100000    
9.370658e+02      3.77            1.90            1.50348     0.00938       0.62  %   100000    
9.375681e+02      3.11            1.84            1.59173     0.01072       0.67  %   100000    
9.377119e+02      2.97            1.80            1.60597     0.01096       0.68  %   100000    
9.381745e+02      2.53            1.74            1.68539     0.01227       0.73  %   100000    
9.388676e+02      2.07            1.57            1.75865     0.01366       0.78  %   100000    
9.388826e+02      2.07            1.55            1.75037     0.01360       0.78  %   100000    
9.396003e+02      1.73            1.46            1.84471     0.01530       0.83  %   100000    
9.403330e+02      1.48            1.41            1.95229     0.01701       0.87  %   100000    
9.405382e+02      1.43            1.40            1.98228     0.01742       0.88  %   100000    
9.412336e+02      1.25            1.31            2.04731     0.01879       0.92  %   100000    
9.423285e+02      1.07            1.21            2.13461     0.02049       0.96  %   100000    
9.424701e+02      1.04            1.23            2.17568     0.02103       0.97  %   100000    
9.437066e+02      0.90            1.18            2.30897     0.02324       1.01  %   100000    
9.450036e+02      0.81            1.08            2.33619     0.02420       1.04  %   100000    
9.458885e+02      0.77            1.07            2.40369     0.02495       1.04  %   100000    
9.467734e+02      0.72            1.01            2.39248     0.02521       1.05  %   100000    
9.486006e+02      0.68            0.98            2.42795     0.02551       1.05  %   100000    
9.495429e+02      0.68            0.89            2.30447     0.02412       1.05  %   100000    
9.509348e+02      0.70            0.71            2.01548     0.02060       1.02  %   100000    
9.523266e+02      0.75            0.34            1.44603     0.01291       0.89  %   100000    
9.532545e+02      0.83            0.18            1.21771     0.00845       0.69  %   100000    
9.538854e+02      0.94            0.14            1.15111     0.00657       0.57  %   100000    
9.540194e+02      0.98            0.13            1.13653     0.00611       0.54  %   100000    
9.542008e+02      1.03            0.14            1.13461     0.00588       0.52  %   100000    
9.544111e+02      1.13            0.13            1.11302     0.00539       0.48  %   90000     
9.545688e+02      1.26            0.12            1.09313     0.00524       0.48  %   70000     
9.547003e+02      1.43            0.11            1.07831     0.00533       0.49  %   50000     
9.548054e+02      1.65            0.10            1.06258     0.00497       0.47  %   40000     
9.549105e+02      1.98            0.11            1.05453     0.00491       0.47  %   30000     
9.550023e+02      2.39            0.11            1.04713     0.00510       0.49  %   20000     
9.550842e+02      2.91            0.07            1.02406     0.00471       0.46  %   10000     
9.551662e+02      3.59            0.09            1.02595     0.00444       0.43  %   10000     
9.552481e+02      4.50            0.08            1.01754     0.00331       0.33  %   10000     
9.553463e+02      5.93            0.09            1.01488     0.00271       0.27  %   10000     
9.554446e+02      7.79            0.12            1.01516     0.00245       0.24  %   10000     
9.555509e+02      10.34           0.14            1.01389     0.00211       0.21  %   10000     
9.555883e+02      11.45           0.13            1.01113     0.00183       0.18  %   10000     
9.556859e+02      14.34           0.10            1.00676     0.00132       0.13  %   10000     
9.557136e+02      15.30           0.10            1.00674     0.00130       0.13  %   10000     
9.560913e+02      28.20           0.12            1.00442     0.00090       0.09  %   10000     
9.561218e+02      28.89           0.12            1.00419     0.00087       0.09  %   10000     
9.562567e+02      31.92           0.14            1.00440     0.00088       0.09  %   10000     
9.563948e+02      32.98           0.18            1.00544     0.00097       0.10  %   10000     
9.565403e+02      31.84           0.15            1.00468     0.00092       0.09  %   10000     
9.566827e+02      28.58           0.19            1.00670     0.00113       0.11  %   10000     
9.567081e+02      27.99           0.18            1.00638     0.00111       0.11  %   10000     
9.567978e+02      25.01           0.21            1.00820     0.00129       0.13  %   10000     
9.571326e+02      13.78           0.23            1.01660     0.00217       0.21  %   10000     
9.572359e+02      10.94           0.20            1.01798     0.00244       0.24  %   10000     
9.572680e+02      10.06           0.15            1.01515     0.00231       0.23  %   10000     
9.573805e+02      7.64            0.18            1.02393     0.00319       0.31  %   10000     
9.574768e+02      6.06            0.18            1.02894     0.00382       0.37  %   10000     
9.575732e+02      4.87            0.20            1.04081     0.00493       0.47  %   10000     
9.576696e+02      4.02            0.17            1.04148     0.00379       0.36  %   20000     
9.577681e+02      3.44            0.14            1.04183     0.00405       0.39  %   20000     
9.578593e+02      3.08            0.18            1.05788     0.00496       0.47  %   20000     
9.579688e+02      2.84            0.15            1.05135     0.00482       0.46  %   20000     
9.581148e+02      2.72            0.16            1.05922     0.00426       0.40  %   30000     
9.581806e+02      2.72            0.15            1.05454     0.00498       0.47  %   20000     
9.581878e+02      2.72            0.13            1.04808     0.00468       0.45  %   20000     
9.584067e+02      2.88            0.13            1.04675     0.00445       0.42  %   20000     
9.586256e+02      3.21            0.14            1.04443     0.00408       0.39  %   20000     
9.588811e+02      3.82            0.12            1.03208     0.00448       0.43  %   10000     
9.590649e+02      4.48            0.13            1.02912     0.00395       0.38  %   10000     
9.591821e+02      5.10            0.12            1.02301     0.00331       0.32  %   10000     
9.592490e+02      5.45            0.12            1.02218     0.00316       0.31  %   10000     
9.593964e+02      6.61            0.13            1.01935     0.00273       0.27  %   10000     
9.594109e+02      6.78            0.15            1.02239     0.00291       0.28  %   10000     
9.595254e+02      8.09            0.14            1.01782     0.00244       0.24  %   10000     
9.596366e+02      9.91            0.16            1.01620     0.00218       0.21  %   10000     
9.596377e+02      9.93            0.15            1.01470     0.00207       0.20  %   10000     
9.597293e+02      11.98           0.19            1.01601     0.00206       0.20  %   10000     
9.597738e+02      13.31           0.16            1.01187     0.00173       0.17  %   10000     
9.598220e+02      14.76           0.17            1.01141     0.00166       0.16  %   10000     
9.598850e+02      17.28           0.23            1.01321     0.00173       0.17  %   10000     
9.599146e+02      18.46           0.16            1.00873     0.00140       0.14  %   10000     
9.599962e+02      22.76           0.17            1.00756     0.00126       0.12  %   10000     
9.600073e+02      23.34           0.17            1.00711     0.00122       0.12  %   10000     
9.600944e+02      29.30           0.27            1.00936     0.00136       0.13  %   10000     
9.601000e+02      29.68           0.25            1.00836     0.00129       0.13  %   10000     
9.601979e+02      38.29           0.32            1.00824     0.00125       0.12  %   10000     
9.602038e+02      38.80           0.30            1.00786     0.00122       0.12  %   10000     
9.603076e+02      50.32           0.37            1.00730     0.00117       0.12  %   10000     
9.603076e+02      50.32           0.38            1.00749     0.00118       0.12  %   10000     
9.604173e+02      65.42           0.56            1.00850     0.00125       0.12  %   10000     
9.604392e+02      68.36           0.51            1.00742     0.00117       0.12  %   10000     
9.605508e+02      86.86           0.72            1.00828     0.00123       0.12  %   10000     
9.606042e+02      95.36           0.76            1.00799     0.00122       0.12  %   10000     
9.607287e+02      117.01          1.00            1.00858     0.00126       0.13  %   10000     
9.609511e+02      152.71          2.12            1.01385     0.00162       0.16  %   10000     
9.610461e+02      162.97          2.23            1.01371     0.00162       0.16  %   10000     
9.611054e+02      169.46          2.49            1.01469     0.00168       0.17  %   10000     
9.612121e+02      173.96          2.75            1.01581     0.00176       0.17  %   10000     
9.612719e+02      176.84          2.69            1.01522     0.00173       0.17  %   10000     
9.613012e+02      176.87          3.16            1.01787     0.00188       0.18  %   10000     
9.613684e+02      173.82          2.89            1.01661     0.00183       0.18  %   10000     
9.614168e+02      171.86          3.02            1.01755     0.00188       0.19  %   10000     
9.614642e+02      170.13          3.58            1.02106     0.00206       0.20  %   10000     
9.615472e+02      161.48          3.28            1.02028     0.00205       0.20  %   10000     
9.616125e+02      154.96          3.55            1.02293     0.00218       0.21  %   10000     
9.617430e+02      134.77          3.49            1.02593     0.00237       0.23  %   10000     
9.618972e+02      110.19          2.58            1.02342     0.00231       0.23  %   10000     
9.621048e+02      75.35           2.77            1.03681     0.00303       0.29  %   10000     
9.622061e+02      60.89           2.02            1.03314     0.00296       0.29  %   10000     
9.622409e+02      55.77           2.51            1.04497     0.00349       0.33  %   10000     
9.623613e+02      41.62           2.07            1.04977     0.00385       0.37  %   10000     
9.623887e+02      39.11           1.94            1.04967     0.00388       0.37  %   10000     
9.624651e+02      31.95           1.84            1.05770     0.00436       0.41  %   10000     
9.625541e+02      25.50           1.83            1.07163     0.00507       0.47  %   10000     
9.625652e+02      24.68           1.62            1.06579     0.00490       0.46  %   10000     
9.626579e+02      19.49           1.47            1.07541     0.00393       0.37  %   20000     
9.627395e+02      16.01           1.31            1.08175     0.00428       0.40  %   20000     
9.627506e+02      15.53           1.39            1.08950     0.00451       0.41  %   20000     
9.628433e+02      12.54           1.17            1.09300     0.00489       0.45  %   20000     
9.629248e+02      10.58           1.20            1.11374     0.00461       0.41  %   30000     
9.629359e+02      10.31           1.23            1.11919     0.00476       0.43  %   30000     
9.630472e+02      8.35            1.21            1.14524     0.00560       0.49  %   30000     
9.631576e+02      6.96            1.10            1.15784     0.00534       0.46  %   40000     
9.631629e+02      6.89            1.16            1.16839     0.00553       0.47  %   40000     
9.632832e+02      5.81            1.10            1.18899     0.00555       0.47  %   50000     
9.634111e+02      4.99            1.00            1.20034     0.00547       0.46  %   60000     
9.634336e+02      4.84            1.03            1.21285     0.00570       0.47  %   60000     
9.636277e+02      3.98            0.96            1.24026     0.00599       0.48  %   70000     
9.637490e+02      3.61            0.94            1.25951     0.00601       0.48  %   80000     
9.638466e+02      3.31            0.94            1.28444     0.00613       0.48  %   90000     
9.641093e+02      2.75            0.90            1.32828     0.00667       0.50  %   100000    
9.644219e+02      2.29            0.86            1.37617     0.00760       0.55  %   100000    
9.644572e+02      2.25            0.84            1.37464     0.00762       0.55  %   100000    
9.647657e+02      1.94            0.84            1.43354     0.00868       0.61  %   100000    
9.651783e+02      1.64            0.81            1.49669     0.00986       0.66  %   100000    
9.655430e+02      1.46            0.78            1.53069     0.01057       0.69  %   100000    
9.656775e+02      1.40            0.76            1.54308     0.01088       0.71  %   100000    
9.662634e+02      1.21            0.72            1.59182     0.01197       0.75  %   100000    
9.668493e+02      1.09            0.72            1.65756     0.01304       0.79  %   100000    
9.674706e+02      1.01            0.68            1.67533     0.01346       0.80  %   100000    
9.677281e+02      0.97            0.67            1.68641     0.01373       0.81  %   100000    
9.689132e+02      0.89            0.64            1.71407     0.01420       0.83  %   100000    
9.700983e+02      0.87            0.61            1.69673     0.01384       0.82  %   100000    
9.714588e+02      0.89            0.56            1.63352     0.01265       0.77  %   100000    
9.728194e+02      0.94            0.53            1.56156     0.01115       0.71  %   100000    
9.741816e+02      1.05            0.47            1.44801     0.00912       0.63  %   100000    
9.755470e+02      1.22            0.44            1.35948     0.00730       0.54  %   100000    
9.766012e+02      1.42            0.36            1.25381     0.00617       0.49  %   80000     
9.766848e+02      1.44            0.36            1.24719     0.00604       0.48  %   80000     
9.775849e+02      1.70            0.31            1.18531     0.00541       0.46  %   60000     
9.784548e+02      2.07            0.31            1.14968     0.00527       0.46  %   40000     
9.791893e+02      2.53            0.28            1.11008     0.00465       0.42  %   30000     
9.797638e+02      3.06            0.28            1.09042     0.00466       0.43  %   20000     
9.797939e+02      3.10            0.27            1.08662     0.00453       0.42  %   20000     
9.802563e+02      3.69            0.23            1.06152     0.00500       0.47  %   10000     
9.805035e+02      4.15            0.21            1.05026     0.00431       0.41  %   10000     
9.806936e+02      4.50            0.18            1.03989     0.00375       0.36  %   10000     
9.809932e+02      5.27            0.20            1.03794     0.00347       0.33  %   10000     
9.810761e+02      5.49            0.17            1.03038     0.00309       0.30  %   10000     
9.813540e+02      6.52            0.17            1.02544     0.00272       0.26  %   10000     
9.814150e+02      6.74            0.13            1.01890     0.00234       0.23  %   10000     
9.816547e+02      8.00            0.11            1.01436     0.00199       0.20  %   10000     
9.816961e+02      8.22            0.14            1.01712     0.00217       0.21  %   10000     
9.818814e+02      9.60            0.11            1.01127     0.00174       0.17  %   10000     
9.819369e+02      10.01           0.10            1.00971     0.00161       0.16  %   10000     
9.820757e+02      11.46           0.14            1.01223     0.00180       0.18  %   10000     
9.821312e+02      12.03           0.12            1.01020     0.00165       0.16  %   10000     
9.822422e+02      13.63           0.15            1.01094     0.00171       0.17  %   10000     
9.822977e+02      14.43           0.16            1.01109     0.00173       0.17  %   10000     
9.823810e+02      16.11           0.17            1.01053     0.00168       0.17  %   10000     
9.824559e+02      17.62           0.16            1.00883     0.00156       0.15  %   10000     
9.825059e+02      19.02           0.20            1.01047     0.00170       0.17  %   10000     
9.825808e+02      21.09           0.25            1.01186     0.00183       0.18  %   10000     
9.826225e+02      22.68           0.28            1.01241     0.00187       0.18  %   10000     
9.827057e+02      25.80           0.27            1.01044     0.00174       0.17  %   10000     
9.827196e+02      26.52           0.31            1.01187     0.00185       0.18  %   10000     
9.828168e+02      31.45           0.42            1.01339     0.00199       0.20  %   10000     
9.828212e+02      31.67           0.42            1.01314     0.00198       0.20  %   10000     
9.829139e+02      37.83           0.45            1.01192     0.00190       0.19  %   10000     
9.829225e+02      38.38           0.57            1.01475     0.00212       0.21  %   10000     
9.830055e+02      45.38           0.55            1.01221     0.00195       0.19  %   10000     
9.830238e+02      46.87           0.50            1.01076     0.00184       0.18  %   10000     
9.830971e+02      54.71           0.66            1.01215     0.00197       0.19  %   10000     
9.831382e+02      58.89           1.04            1.01766     0.00240       0.24  %   10000     
9.832026e+02      67.50           1.13            1.01673     0.00234       0.23  %   10000     
9.832603e+02      74.72           1.28            1.01716     0.00240       0.24  %   10000     
9.833136e+02      83.32           1.74            1.02083     0.00264       0.26  %   10000     
9.833935e+02      95.11           1.74            1.01830     0.00251       0.25  %   10000     
9.834357e+02      102.89          1.59            1.01549     0.00230       0.23  %   10000     
9.835490e+02      121.29          2.45            1.02020     0.00267       0.26  %   10000     
9.835934e+02      129.59          3.57            1.02758     0.00311       0.30  %   10000     
9.840286e+02      186.69          4.51            1.02416     0.00299       0.29  %   10000     
9.840463e+02      187.46          5.04            1.02691     0.00316       0.31  %   10000     
9.841884e+02      196.10          6.49            1.03308     0.00351       0.34  %   10000     
9.842240e+02      195.67          7.52            1.03842     0.00380       0.37  %   10000     
9.843633e+02      198.16          8.86            1.04471     0.00411       0.39  %   10000     
9.843742e+02      197.62          8.03            1.04065     0.00393       0.38  %   10000     
9.844860e+02      195.46          9.04            1.04623     0.00419       0.40  %   10000     
9.845126e+02      193.30          9.01            1.04662     0.00423       0.40  %   10000     
9.846547e+02      185.50          11.67           1.06291     0.00492       0.46  %   10000     
9.846725e+02      183.41          9.15            1.04992     0.00440       0.42  %   10000     
9.849034e+02      158.62          7.74            1.04882     0.00439       0.42  %   10000     
9.849101e+02      157.72          10.80           1.06850     0.00519       0.49  %   10000     
9.851832e+02      115.66          7.38            1.06379     0.00510       0.48  %   10000     
9.852098e+02      111.90          7.58            1.06772     0.00525       0.49  %   10000     
9.853386e+02      91.01           6.39            1.07023     0.00382       0.36  %   20000     
9.853653e+02      87.48           6.56            1.07502     0.00394       0.37  %   20000     
9.854630e+02      73.20           5.23            1.07142     0.00389       0.36  %   20000     
9.855052e+02      68.35           5.07            1.07422     0.00396       0.37  %   20000     
9.855850e+02      58.41           4.61            1.07889     0.00413       0.38  %   20000     
9.856362e+02      53.54           4.44            1.08300     0.00422       0.39  %   20000     
9.856971e+02      47.40           4.50            1.09487     0.00455       0.42  %   20000     
9.857497e+02      43.48           3.27            1.07520     0.00404       0.38  %   20000     
9.858171e+02      38.21           3.49            1.09130     0.00449       0.41  %   20000     
9.858670e+02      35.45           2.91            1.08216     0.00424       0.39  %   20000     
9.859420e+02      31.12           2.89            1.09290     0.00455       0.42  %   20000     
9.860077e+02      28.49           2.57            1.09015     0.00445       0.41  %   20000     
9.860670e+02      26.04           2.57            1.09875     0.00467       0.43  %   20000     
9.861530e+02      23.61           2.01            1.08511     0.00430       0.40  %   20000     
9.861946e+02      22.40           2.06            1.09201     0.00447       0.41  %   20000     
9.863029e+02      20.36           1.60            1.07880     0.00407       0.38  %   20000     
9.863334e+02      19.77           1.61            1.08122     0.00413       0.38  %   20000     
9.864777e+02      18.20           1.33            1.07292     0.00536       0.50  %   10000     
9.864999e+02      17.95           1.14            1.06376     0.00500       0.47  %   10000     
9.866776e+02      17.35           1.13            1.06517     0.00477       0.45  %   10000     
9.867886e+02      17.71           0.92            1.05210     0.00410       0.39  %   10000     
9.868774e+02      18.56           0.95            1.05121     0.00388       0.37  %   10000     
9.868930e+02      18.70           1.03            1.05534     0.00401       0.38  %   10000     
9.870191e+02      21.05           0.88            1.04178     0.00327       0.31  %   10000     
9.870235e+02      21.13           1.02            1.04838     0.00350       0.33  %   10000     
9.871278e+02      24.39           0.89            1.03666     0.00290       0.28  %   10000     
9.871609e+02      25.96           0.90            1.03453     0.00276       0.27  %   10000     
9.872369e+02      29.53           0.94            1.03192     0.00258       0.25  %   10000     
9.872554e+02      30.76           0.82            1.02655     0.00233       0.23  %   10000     
9.873292e+02      35.66           0.93            1.02598     0.00226       0.22  %   10000     
9.873477e+02      37.30           0.96            1.02578     0.00223       0.22  %   10000     
9.874215e+02      43.79           1.20            1.02733     0.00226       0.22  %   10000     
9.874400e+02      45.96           1.07            1.02326     0.00208       0.20  %   10000     
9.875292e+02      56.23           1.46            1.02596     0.00217       0.21  %   10000     
9.875323e+02      56.70           1.29            1.02280     0.00203       0.20  %   10000     
9.876246e+02      70.32           1.51            1.02150     0.00197       0.19  %   10000     
9.876369e+02      72.09           1.70            1.02357     0.00206       0.20  %   10000     
9.877169e+02      86.68           2.07            1.02387     0.00207       0.20  %   10000     
9.877608e+02      94.39           2.28            1.02413     0.00209       0.20  %   10000     
9.878335e+02      110.15          2.45            1.02227     0.00201       0.20  %   10000     
9.879225e+02      128.32          3.83            1.02986     0.00235       0.23  %   10000     
9.879779e+02      140.67          3.87            1.02752     0.00226       0.22  %   10000     
9.882819e+02      200.28          6.99            1.03489     0.00260       0.25  %   10000     
9.884025e+02      213.93          7.16            1.03345     0.00258       0.25  %   10000     
9.884493e+02      219.46          7.53            1.03430     0.00262       0.25  %   10000     
9.885576e+02      223.05          9.10            1.04080     0.00289       0.28  %   10000     
9.886031e+02      225.07          9.76            1.04335     0.00297       0.29  %   10000     
9.886203e+02      224.97          9.12            1.04054     0.00288       0.28  %   10000     
9.886824e+02      221.39          9.62            1.04344     0.00301       0.29  %   10000     
9.887274e+02      219.17          9.92            1.04528     0.00308       0.30  %   10000     
9.887767e+02      217.19          9.99            1.04599     0.00311       0.30  %   10000     
9.888752e+02      204.44          10.04           1.04910     0.00326       0.31  %   10000     
9.889564e+02      194.57          9.64            1.04954     0.00329       0.31  %   10000     
9.890229e+02      182.10          8.89            1.04883     0.00330       0.31  %   10000     
9.893577e+02      114.74          8.74            1.07616     0.00431       0.40  %   10000     
9.893927e+02      106.86          7.04            1.06589     0.00406       0.38  %   10000     
9.895386e+02      78.98           6.37            1.08070     0.00464       0.43  %   10000     
9.895698e+02      74.16           6.12            1.08250     0.00471       0.43  %   10000     
9.896617e+02      59.40           5.44            1.09163     0.00511       0.47  %   10000     
9.897232e+02      51.67           5.09            1.09854     0.00380       0.35  %   20000     
9.897694e+02      45.70           4.82            1.10548     0.00401       0.36  %   20000     
9.898617e+02      36.42           4.14            1.11357     0.00429       0.39  %   20000     
9.898771e+02      35.23           3.86            1.10946     0.00423       0.38  %   20000     
9.899540e+02      29.17           3.64            1.12487     0.00466       0.41  %   20000     
9.900309e+02      24.65           3.16            1.12829     0.00483       0.43  %   20000     
9.900553e+02      23.19           3.39            1.14634     0.00522       0.46  %   20000     
9.901585e+02      18.78           2.88            1.15339     0.00553       0.48  %   20000     
9.901870e+02      17.92           2.70            1.15066     0.00551       0.48  %   20000     
9.902616e+02      15.65           2.47            1.15783     0.00472       0.41  %   30000     
9.903761e+02      13.26           2.40            1.18129     0.00515       0.44  %   30000     
9.903819e+02      13.14           2.38            1.18141     0.00516       0.44  %   30000     
9.905194e+02      11.26           2.11            1.18769     0.00536       0.45  %   30000     
9.906125e+02      10.48           1.94            1.18555     0.00531       0.45  %   30000     
9.906805e+02      9.90            1.87            1.18878     0.00539       0.45  %   30000     
9.908953e+02      8.87            1.58            1.17814     0.00517       0.44  %   30000     
9.908985e+02      8.86            1.54            1.17418     0.00511       0.44  %   30000     
9.911637e+02      8.25            1.34            1.16259     0.00479       0.41  %   30000     
9.912959e+02      8.15            1.29            1.15779     0.00562       0.49  %   20000     
9.913785e+02      8.08            1.14            1.14119     0.00526       0.46  %   20000     
9.917227e+02      8.28            1.04            1.12543     0.00456       0.41  %   20000     
9.917651e+02      8.30            0.98            1.11806     0.00439       0.39  %   20000     
9.921185e+02      9.06            0.72            1.07990     0.00466       0.43  %   10000     
9.921517e+02      9.14            0.80            1.08756     0.00483       0.44  %   10000     
9.924334e+02      10.23           0.68            1.06620     0.00390       0.37  %   10000     
9.924647e+02      10.35           0.67            1.06516     0.00385       0.36  %   10000     
9.926681e+02      11.59           0.61            1.05296     0.00331       0.31  %   10000     
9.927777e+02      12.25           0.57            1.04623     0.00304       0.29  %   10000     
9.927855e+02      12.32           0.70            1.05688     0.00336       0.32  %   10000     
9.929498e+02      13.81           0.72            1.05225     0.00315       0.30  %   10000     
9.930241e+02      14.47           0.69            1.04735     0.00299       0.29  %   10000     
9.930907e+02      15.33           0.69            1.04487     0.00290       0.28  %   10000     
9.931998e+02      16.72           0.80            1.04805     0.00300       0.29  %   10000     
9.932354e+02      17.17           0.88            1.05120     0.00311       0.30  %   10000     
9.933272e+02      18.81           0.95            1.05062     0.00310       0.30  %   10000     
9.934221e+02      20.49           1.01            1.04920     0.00311       0.30  %   10000     
9.934363e+02      20.84           1.01            1.04867     0.00310       0.30  %   10000     
9.935455e+02      23.52           1.35            1.05728     0.00343       0.32  %   10000     
9.935840e+02      24.45           1.51            1.06174     0.00360       0.34  %   10000     
9.936365e+02      26.24           1.56            1.05939     0.00357       0.34  %   10000     
9.937355e+02      29.56           1.98            1.06681     0.00389       0.37  %   10000     
9.937460e+02      29.91           2.12            1.07078     0.00402       0.38  %   10000     
9.938293e+02      33.83           2.58            1.07630     0.00427       0.40  %   10000     
9.938982e+02      36.97           2.85            1.07706     0.00442       0.41  %   10000     
9.939233e+02      38.59           3.14            1.08148     0.00456       0.42  %   10000     
9.940109e+02      44.07           4.21            1.09552     0.00508       0.46  %   10000     
9.940391e+02      45.77           4.68            1.10225     0.00533       0.48  %   10000     
9.940985e+02      50.67           5.01            1.09893     0.00533       0.49  %   10000     
9.941643e+02      55.82           6.04            1.10812     0.00404       0.36  %   20000     
9.941893e+02      58.47           6.62            1.11327     0.00415       0.37  %   20000     
9.942879e+02      68.26           8.93            1.13082     0.00460       0.41  %   20000     
9.943020e+02      69.55           9.37            1.13472     0.00470       0.41  %   20000     
9.943975e+02      81.24           11.47           1.14121     0.00492       0.43  %   20000     
9.944428e+02      86.19           13.18           1.15287     0.00521       0.45  %   20000     
9.945117e+02      95.96           14.57           1.15187     0.00525       0.46  %   20000     
9.945978e+02      106.44          17.17           1.16135     0.00556       0.48  %   20000     
9.946432e+02      113.36          20.12           1.17746     0.00477       0.40  %   30000     
9.947997e+02      132.26          25.93           1.19601     0.00517       0.43  %   30000     
9.948059e+02      133.04          25.79           1.19382     0.00515       0.43  %   30000     
9.951784e+02      162.92          35.71           1.21921     0.00575       0.47  %   30000     
9.952817e+02      164.35          39.30           1.23912     0.00611       0.49  %   30000     
9.953506e+02      166.70          41.15           1.24686     0.00539       0.43  %   40000     
9.954583e+02      165.25          41.28           1.24981     0.00551       0.44  %   40000     
9.954933e+02      165.94          41.13           1.24786     0.00549       0.44  %   40000     
9.955571e+02      165.02          43.11           1.26125     0.00566       0.45  %   40000     
9.956414e+02      160.46          43.59           1.27166     0.00587       0.46  %   40000     
9.956884e+02      159.03          44.26           1.27828     0.00596       0.47  %   40000     
9.957337e+02      158.65          43.35           1.27327     0.00590       0.46  %   40000     
9.958701e+02      149.79          44.97           1.30023     0.00631       0.49  %   40000     
9.959328e+02      147.38          44.68           1.30317     0.00635       0.49  %   40000     
9.961080e+02      132.37          43.18           1.32623     0.00605       0.46  %   50000     
9.964335e+02      98.66           37.61           1.38122     0.00690       0.50  %   50000     
9.965337e+02      88.34           35.97           1.40718     0.00658       0.47  %   60000     
9.965995e+02      80.20           35.51           1.44279     0.00700       0.49  %   60000     
9.967215e+02      67.84           31.09           1.45825     0.00729       0.50  %   60000     
9.967403e+02      65.66           31.16           1.47457     0.00692       0.47  %   70000     
9.968812e+02      52.96           27.45           1.51832     0.00750       0.49  %   70000     
9.969093e+02      51.03           26.72           1.52362     0.00755       0.50  %   70000     
9.970063e+02      43.63           24.49           1.56139     0.00755       0.48  %   80000     
9.970658e+02      40.26           23.03           1.57206     0.00769       0.49  %   80000     
9.971472e+02      35.26           22.07           1.62583     0.00781       0.48  %   90000     
9.972536e+02      30.41           19.82           1.65184     0.00815       0.49  %   90000     
9.972724e+02      29.50           19.22           1.65136     0.00822       0.50  %   90000     
9.974289e+02      23.99           17.57           1.73237     0.00862       0.50  %   100000    
9.974747e+02      22.83           17.05           1.74700     0.00875       0.50  %   100000    
9.975768e+02      20.11           16.15           1.80335     0.00935       0.52  %   100000    
9.977329e+02      17.08           14.53           1.85065     0.00991       0.54  %   100000    
9.977517e+02      16.70           14.45           1.86492     0.01006       0.54  %   100000    
9.979657e+02      13.66           13.03           1.95396     0.01103       0.56  %   100000    
9.980048e+02      13.27           12.85           1.96839     0.01115       0.57  %   100000    
9.982005e+02      11.25           11.90           2.05740     0.01215       0.59  %   100000    
9.983961e+02      9.82            11.04           2.12499     0.01285       0.60  %   100000    
9.984743e+02      9.23            10.81           2.17106     0.01335       0.61  %   100000    
9.987873e+02      7.56            9.87            2.30620     0.01478       0.64  %   100000    
9.988656e+02      7.26            9.54            2.31553     0.01494       0.64  %   100000    
9.991004e+02      6.33            9.15            2.44532     0.01627       0.67  %   100000    
9.995037e+02      5.18            8.22            2.58739     0.01788       0.69  %   100000    
9.995240e+02      5.14            8.25            2.60538     0.01800       0.69  %   100000    
9.999589e+02      4.24            7.52            2.77304     0.02000       0.72  %   100000    
1.000387e+03      3.61            7.02            2.94470     0.02175       0.74  %   100000    
1.000456e+03      3.50            6.98            2.99299     0.02224       0.74  %   100000    
1.001089e+03      2.84            6.47            3.28092     0.02530       0.77  %   100000    
1.001520e+03      2.52            6.06            3.40136     0.02668       0.78  %   100000    
1.001808e+03      2.31            5.89            3.54921     0.02832       0.80  %   100000    
1.002563e+03      1.92            5.48            3.85650     0.03162       0.82  %   100000    
1.002811e+03      1.83            5.36            3.92942     0.03236       0.82  %   100000    
1.003528e+03      1.57            4.92            4.13306     0.03524       0.85  %   100000    
1.004464e+03      1.34            4.25            4.18152     0.03721       0.89  %   100000    
1.004641e+03      1.29            4.24            4.27835     0.03823       0.89  %   100000    
1.005753e+03      1.10            3.38            4.08115     0.03928       0.96  %   100000    
1.007173e+03      0.93            2.99            4.21307     0.04201       1.00  %   100000    
1.007324e+03      0.91            3.01            4.30418     0.04289       1.00  %   100000    
1.008894e+03      0.78            2.44            4.10841     0.04384       1.07  %   100000    
1.010989e+03      0.67            1.62            3.41725     0.04051       1.19  %   100000    
1.011153e+03      0.66            1.62            3.43133     0.04067       1.19  %   100000    
1.013609e+03      0.58            1.46            3.51145     0.04296       1.22  %   100000    
1.016202e+03      0.53            0.84            2.58231     0.03486       1.35  %   100000    
1.016998e+03      0.52            0.54            2.04114     0.02831       1.39  %   100000    
1.019299e+03      0.49            0.29            1.58014     0.02128       1.35  %   100000    
1.022380e+03      0.49            0.17            1.34586     0.01611       1.20  %   100000    
1.025500e+03      0.50            0.11            1.22199     0.01229       1.01  %   100000    
1.027574e+03      0.54            0.09            1.15979     0.00990       0.85  %   100000    
1.029642e+03      0.59            0.06            1.10479     0.00746       0.68  %   100000    
1.031131e+03      0.66            0.06            1.08614     0.00631       0.58  %   100000    
1.032653e+03      0.77            0.05            1.07050     0.00521       0.49  %   100000    
1.032726e+03      0.77            0.05            1.06021     0.00505       0.48  %   90000     
1.033866e+03      0.90            0.05            1.05224     0.00485       0.46  %   70000     
1.034810e+03      1.05            0.04            1.03642     0.00486       0.47  %   40000     
1.035663e+03      1.26            0.04            1.03374     0.00487       0.47  %   30000     
1.035753e+03      1.30            0.03            1.01946     0.00446       0.44  %   20000     
1.036352e+03      1.52            0.04            1.02538     0.00463       0.45  %   20000     
1.036902e+03      1.84            0.03            1.01640     0.00473       0.47  %   10000     
1.037223e+03      2.12            0.02            1.00939     0.00332       0.33  %   10000     
1.037296e+03      2.18            0.04            1.01925     0.00466       0.46  %   10000     
1.037577e+03      2.55            0.03            1.01044     0.00314       0.31  %   10000     
1.037759e+03      2.93            0.03            1.01069     0.00296       0.29  %   10000     
1.037919e+03      3.43            0.03            1.00983     0.00263       0.26  %   10000     
1.038033e+03      3.98            0.02            1.00611     0.00193       0.19  %   10000     
1.038088e+03      4.37            0.04            1.00955     0.00231       0.23  %   10000     
1.038147e+03      4.79            0.04            1.00880     0.00213       0.21  %   10000     
1.038238e+03      5.71            0.04            1.00712     0.00178       0.18  %   10000     
1.038334e+03      7.07            0.03            1.00412     0.00124       0.12  %   10000     
1.038422e+03      8.78            0.03            1.00381     0.00110       0.11  %   10000     
1.038511e+03      11.05           0.04            1.00379     0.00101       0.10  %   10000     
1.038595e+03      13.89           0.03            1.00234     0.00074       0.07  %   10000     
1.038599e+03      14.03           0.04            1.00255     0.00077       0.08  %   10000     
1.038625e+03      15.15           0.01            1.00067     0.00039       0.04  %   10000     
1.038702e+03      18.55           0.04            1.00201     0.00063       0.06  %   10000     
1.038810e+03      24.65           0.05            1.00212     0.00061       0.06  %   10000     
1.038812e+03      24.79           0.04            1.00159     0.00053       0.05  %   10000     
1.038935e+03      33.57           0.06            1.00191     0.00055       0.05  %   10000     
1.038967e+03      36.36           0.05            1.00124     0.00044       0.04  %   10000     
1.039096e+03      47.60           0.06            1.00131     0.00044       0.04  %   10000     
1.039118e+03      49.76           0.04            1.00072     0.00032       0.03  %   10000     
1.039298e+03      66.59           0.15            1.00223     0.00056       0.06  %   10000     
1.039460e+03      81.41           0.15            1.00179     0.00049       0.05  %   10000     
1.039627e+03      91.53           0.11            1.00124     0.00041       0.04  %   10000     
1.039786e+03      94.77           0.28            1.00297     0.00065       0.06  %   10000     
1.039799e+03      94.50           0.35            1.00369     0.00072       0.07  %   10000     
1.039932e+03      91.74           0.31            1.00335     0.00070       0.07  %   10000     
1.040020e+03      86.71           0.42            1.00480     0.00085       0.08  %   10000     
1.040090e+03      82.73           0.42            1.00505     0.00088       0.09  %   10000     
1.040185e+03      74.71           0.39            1.00526     0.00091       0.09  %   10000     
1.040550e+03      43.09           0.50            1.01163     0.00152       0.15  %   10000     
1.040686e+03      33.38           0.44            1.01325     0.00173       0.17  %   10000     
1.040806e+03      26.90           0.53            1.01958     0.00224       0.22  %   10000     
1.040810e+03      26.72           0.59            1.02224     0.00239       0.23  %   10000     
1.040907e+03      22.91           0.57            1.02503     0.00267       0.26  %   10000     
1.040992e+03      20.68           0.61            1.02950     0.00301       0.29  %   10000     
1.041007e+03      20.28           0.51            1.02530     0.00282       0.27  %   10000     
1.041107e+03      18.79           0.59            1.03129     0.00327       0.32  %   10000     
1.041174e+03      18.50           0.61            1.03301     0.00341       0.33  %   10000     
1.041207e+03      18.34           0.56            1.03059     0.00332       0.32  %   10000     
1.041307e+03      18.81           0.60            1.03175     0.00345       0.33  %   10000     
1.041329e+03      19.12           0.77            1.04004     0.00387       0.37  %   10000     
1.041428e+03      20.51           0.73            1.03576     0.00371       0.36  %   10000     
1.041465e+03      21.45           0.90            1.04213     0.00401       0.39  %   10000     
1.041564e+03      23.92           0.73            1.03040     0.00345       0.33  %   10000     
1.041598e+03      25.20           0.81            1.03213     0.00353       0.34  %   10000     
1.041698e+03      28.93           1.12            1.03867     0.00391       0.38  %   10000     
1.041719e+03      30.06           1.22            1.04043     0.00398       0.38  %   10000     
1.041834e+03      35.99           1.30            1.03625     0.00380       0.37  %   10000     
1.041837e+03      36.20           1.51            1.04185     0.00408       0.39  %   10000     
1.041960e+03      44.52           1.89            1.04241     0.00414       0.40  %   10000     
1.041970e+03      45.20           1.82            1.04019     0.00404       0.39  %   10000     
1.042089e+03      55.23           2.40            1.04351     0.00422       0.40  %   10000     
1.042113e+03      57.15           3.33            1.05824     0.00491       0.46  %   10000     
1.042225e+03      68.54           3.06            1.04470     0.00432       0.41  %   10000     
1.042279e+03      73.57           3.96            1.05380     0.00478       0.45  %   10000     
1.042391e+03      86.34           4.66            1.05394     0.00479       0.45  %   10000     
1.042531e+03      99.99           5.57            1.05568     0.00495       0.47  %   10000     
1.042840e+03      125.76          8.33            1.06627     0.00388       0.36  %   20000     
1.042900e+03      128.00          8.75            1.06838     0.00397       0.37  %   20000     
1.043021e+03      133.65          8.04            1.06014     0.00528       0.50  %   10000     
1.043104e+03      133.57          9.21            1.06893     0.00405       0.38  %   20000     
1.043204e+03      135.17          10.62           1.07857     0.00432       0.40  %   20000     
1.043273e+03      133.38          9.66            1.07244     0.00419       0.39  %   20000     
1.043321e+03      132.91          10.28           1.07734     0.00432       0.40  %   20000     
1.043415e+03      128.42          11.36           1.08848     0.00467       0.43  %   20000     
1.043488e+03      126.00          11.51           1.09137     0.00475       0.43  %   20000     
1.043627e+03      115.49          11.09           1.09599     0.00496       0.45  %   20000     
1.043727e+03      108.50          11.31           1.10428     0.00518       0.47  %   20000     
1.044084e+03      73.17           8.91            1.12174     0.00481       0.43  %   30000     
1.044184e+03      64.09           7.88            1.12298     0.00488       0.43  %   30000     
1.044266e+03      55.87           7.67            1.13736     0.00527       0.46  %   30000     
1.044366e+03      47.94           6.90            1.14390     0.00547       0.48  %   30000     
1.044418e+03      43.53           5.96            1.13697     0.00544       0.48  %   30000     
1.044548e+03      34.93           5.63            1.16126     0.00525       0.45  %   40000     
1.044554e+03      34.50           5.29            1.15335     0.00513       0.45  %   40000     
1.044690e+03      27.35           4.94            1.18070     0.00577       0.49  %   40000     
1.044699e+03      27.00           4.63            1.17153     0.00563       0.48  %   40000     
1.044826e+03      21.88           4.34            1.19858     0.00563       0.47  %   50000     
1.044881e+03      20.24           3.92            1.19360     0.00561       0.47  %   50000     
1.044947e+03      18.17           3.97            1.21860     0.00558       0.46  %   60000     
1.045063e+03      15.52           3.52            1.22655     0.00583       0.47  %   60000     
1.045095e+03      14.78           3.42            1.23133     0.00597       0.48  %   60000     
1.045264e+03      11.96           3.07            1.25635     0.00608       0.48  %   70000     
1.045307e+03      11.45           2.86            1.24981     0.00604       0.48  %   70000     
1.045433e+03      9.93            2.78            1.27989     0.00619       0.48  %   80000     
1.045565e+03      8.77            2.52            1.28693     0.00642       0.50  %   80000     
1.045626e+03      8.23            2.59            1.31423     0.00645       0.49  %   90000     
1.045864e+03      6.72            2.39            1.35566     0.00684       0.50  %   100000    
1.045906e+03      6.53            2.37            1.36261     0.00694       0.51  %   100000    
1.046148e+03      5.44            2.09            1.38356     0.00751       0.54  %   100000    
1.046277e+03      5.03            2.03            1.40341     0.00784       0.56  %   100000    
1.046413e+03      4.58            2.01            1.43866     0.00842       0.59  %   100000    
1.046753e+03      3.77            1.83            1.48441     0.00935       0.63  %   100000    
1.046862e+03      3.58            1.77            1.49479     0.00955       0.64  %   100000    
1.047148e+03      3.09            1.77            1.57110     0.01077       0.69  %   100000    
1.047618e+03      2.52            1.63            1.64784     0.01219       0.74  %   100000    
1.047708e+03      2.44            1.63            1.66589     0.01245       0.75  %   100000    
1.048146e+03      2.07            1.54            1.74604     0.01394       0.80  %   100000    
1.048593e+03      1.80            1.47            1.81559     0.01519       0.84  %   100000    
1.048749e+03      1.71            1.39            1.81256     0.01549       0.85  %   100000    
1.049462e+03      1.41            1.37            1.96862     0.01806       0.92  %   100000    
1.050172e+03      1.20            1.30            2.08112     0.02005       0.96  %   100000    
1.050175e+03      1.20            1.27            2.05557     0.01982       0.96  %   100000    
1.051065e+03      1.02            1.26            2.23353     0.02272       1.02  %   100000    
1.052104e+03      0.87            1.15            2.31562     0.02466       1.07  %   100000    
1.052254e+03      0.86            1.18            2.37417     0.02530       1.07  %   100000    
1.053143e+03      0.77            1.16            2.49900     0.02743       1.10  %   100000    
1.054493e+03      0.69            1.11            2.60763     0.02946       1.13  %   100000    
1.056047e+03      0.63            1.04            2.66234     0.03053       1.15  %   100000    
1.056283e+03      0.62            1.03            2.65696     0.03046       1.15  %   100000    
1.057601e+03      0.60            1.03            2.72573     0.03117       1.14  %   100000    
1.058398e+03      0.59            1.00            2.68147     0.03054       1.14  %   100000    
1.059758e+03      0.61            0.94            2.53362     0.02822       1.11  %   100000    
1.060603e+03      0.65            0.85            2.30439     0.02496       1.08  %   100000    
1.061236e+03      0.72            0.78            2.07869     0.02145       1.03  %   100000    
1.061404e+03      0.75            0.72            1.96071     0.01976       1.01  %   100000    
1.061553e+03      0.78            0.69            1.88540     0.01856       0.98  %   100000    
1.061816e+03      0.88            0.65            1.74138     0.01598       0.92  %   100000    
1.062001e+03      1.00            0.61            1.61375     0.01362       0.84  %   100000    
1.062132e+03      1.14            0.59            1.51608     0.01167       0.77  %   100000    
1.062238e+03      1.32            0.59            1.44556     0.01010       0.70  %   100000    
1.062343e+03      1.58            0.57            1.35955     0.00830       0.61  %   100000    
1.062435e+03      1.92            0.58            1.30125     0.00692       0.53  %   100000    
1.062527e+03      2.39            0.58            1.24372     0.00591       0.48  %   90000     
1.062620e+03      3.05            0.54            1.17865     0.00554       0.47  %   60000     
1.062712e+03      3.93            0.54            1.13748     0.00530       0.47  %   40000     
1.062808e+03      5.17            0.55            1.10733     0.00480       0.43  %   30000     
1.062904e+03      6.78            0.53            1.07862     0.00449       0.42  %   20000     
1.063010e+03      9.06            0.56            1.06232     0.00503       0.47  %   10000     
1.063023e+03      9.40            0.49            1.05215     0.00454       0.43  %   10000     
1.063140e+03      12.56           0.53            1.04255     0.00371       0.36  %   10000     
1.063315e+03      18.44           0.60            1.03262     0.00288       0.28  %   10000     
1.063426e+03      22.37           0.59            1.02625     0.00244       0.24  %   10000     
1.063640e+03      29.97           0.57            1.01893     0.00194       0.19  %   10000     
1.063805e+03      34.00           0.55            1.01614     0.00175       0.17  %   10000     
1.063959e+03      35.48           0.68            1.01910     0.00190       0.19  %   10000     
1.063973e+03      35.49           0.60            1.01682     0.00179       0.18  %   10000     
1.064117e+03      34.36           0.64            1.01850     0.00190       0.19  %   10000     
1.064171e+03      33.17           0.60            1.01812     0.00190       0.19  %   10000     
1.064267e+03      31.04           0.51            1.01651     0.00185       0.18  %   10000     
1.064341e+03      28.55           0.51            1.01797     0.00198       0.19  %   10000     
1.064504e+03      23.04           0.56            1.02436     0.00244       0.24  %   10000     
1.064751e+03      14.26           0.52            1.03619     0.00345       0.33  %   10000     
1.064808e+03      12.61           0.43            1.03434     0.00351       0.34  %   10000     
1.064893e+03      10.13           0.44            1.04312     0.00425       0.41  %   10000     
1.065005e+03      7.54            0.45            1.05943     0.00394       0.37  %   20000     
1.065106e+03      5.69            0.41            1.07268     0.00487       0.45  %   20000     
1.065199e+03      4.38            0.47            1.10781     0.00540       0.49  %   30000     
1.065294e+03      3.37            0.39            1.11675     0.00544       0.49  %   40000     
1.065389e+03      2.63            0.38            1.14528     0.00552       0.48  %   60000     
1.065483e+03      2.10            0.37            1.17566     0.00581       0.49  %   80000     
1.065549e+03      1.83            0.35            1.19331     0.00579       0.49  %   100000    
1.065567e+03      1.76            0.33            1.18893     0.00584       0.49  %   100000    
1.065673e+03      1.46            0.32            1.21862     0.00685       0.56  %   100000    
1.065778e+03      1.26            0.32            1.25435     0.00790       0.63  %   100000    
1.065920e+03      1.09            0.29            1.26929     0.00869       0.68  %   100000    
1.066071e+03      0.98            0.29            1.29407     0.00951       0.73  %   100000    
1.066322e+03      0.89            0.27            1.30304     0.01008       0.77  %   100000    
1.066623e+03      0.83            0.24            1.29260     0.01016       0.79  %   100000    
1.067225e+03      0.79            0.22            1.27589     0.00999       0.78  %   100000    
1.067425e+03      0.78            0.22            1.28230     0.01008       0.79  %   100000    
1.067493e+03      0.78            0.21            1.27150     0.00986       0.78  %   100000    
1.068411e+03      0.80            0.18            1.22824     0.00877       0.71  %   100000    
1.069643e+03      0.89            0.18            1.20720     0.00772       0.64  %   100000    
1.070629e+03      1.02            0.14            1.14025     0.00582       0.51  %   100000    
1.071580e+03      1.21            0.15            1.12361     0.00549       0.49  %   80000     
1.071764e+03      1.27            0.16            1.12556     0.00539       0.48  %   80000     
1.072319e+03      1.44            0.16            1.10763     0.00530       0.48  %   60000     
1.072953e+03      1.73            0.13            1.07618     0.00489       0.45  %   40000     
1.073485e+03      2.08            0.12            1.05989     0.00450       0.42  %   30000     
1.073983e+03      2.56            0.11            1.04473     0.00425       0.41  %   20000     
1.074297e+03      3.00            0.11            1.03655     0.00501       0.48  %   10000     
1.074398e+03      3.14            0.11            1.03357     0.00469       0.45  %   10000     
1.074752e+03      3.84            0.11            1.02815     0.00389       0.38  %   10000     
1.075063e+03      4.74            0.12            1.02596     0.00340       0.33  %   10000     
1.075177e+03      5.21            0.13            1.02477     0.00319       0.31  %   10000     
1.075236e+03      5.46            0.12            1.02191     0.00295       0.29  %   10000     
1.075332e+03      5.86            0.12            1.02014     0.00276       0.27  %   10000     
1.075505e+03      6.88            0.13            1.01878     0.00252       0.25  %   10000     
1.075534e+03      7.05            0.12            1.01721     0.00240       0.24  %   10000     
1.075722e+03      8.61            0.15            1.01740     0.00230       0.23  %   10000     
1.075731e+03      8.71            0.14            1.01638     0.00222       0.22  %   10000     
1.075883e+03      10.49           0.13            1.01225     0.00186       0.18  %   10000     
1.075892e+03      10.64           0.12            1.01105     0.00177       0.17  %   10000     
1.076017e+03      12.67           0.16            1.01256     0.00185       0.18  %   10000     
1.076026e+03      12.87           0.19            1.01467     0.00199       0.20  %   10000     
1.076135e+03      15.28           0.19            1.01224     0.00180       0.18  %   10000     
1.076152e+03      15.66           0.17            1.01094     0.00171       0.17  %   10000     
1.076243e+03      18.45           0.19            1.01027     0.00164       0.16  %   10000     
1.076273e+03      19.33           0.26            1.01328     0.00187       0.18  %   10000     
1.076352e+03      22.56           0.33            1.01478     0.00197       0.19  %   10000     
1.076389e+03      24.05           0.29            1.01203     0.00179       0.18  %   10000     
1.076447e+03      27.16           0.43            1.01573     0.00204       0.20  %   10000     
1.076504e+03      30.15           0.36            1.01196     0.00180       0.18  %   10000     
1.076547e+03      33.19           0.30            1.00894     0.00155       0.15  %   10000     
1.076626e+03      38.54           0.47            1.01224     0.00184       0.18  %   10000     
1.076654e+03      41.10           0.64            1.01554     0.00207       0.20  %   10000     
1.076757e+03      49.98           0.84            1.01684     0.00219       0.22  %   10000     
1.076762e+03      50.52           0.65            1.01284     0.00191       0.19  %   10000     
1.076881e+03      63.17           1.45            1.02288     0.00258       0.25  %   10000     
1.076888e+03      63.90           1.26            1.01973     0.00240       0.24  %   10000     
1.077024e+03      80.81           1.56            1.01934     0.00241       0.24  %   10000     
1.077055e+03      84.38           1.73            1.02054     0.00250       0.25  %   10000     
1.077213e+03      105.06          2.71            1.02581     0.00284       0.28  %   10000     
1.077518e+03      138.63          4.59            1.03312     0.00330       0.32  %   10000     
1.077604e+03      143.83          4.05            1.02818     0.00308       0.30  %   10000     
1.077690e+03      149.46          4.34            1.02903     0.00314       0.30  %   10000     
1.077747e+03      150.42          6.01            1.03997     0.00371       0.36  %   10000     
1.077844e+03      153.07          6.21            1.04056     0.00374       0.36  %   10000     
1.077889e+03      152.80          5.67            1.03709     0.00360       0.35  %   10000     
1.077914e+03      151.71          6.12            1.04033     0.00377       0.36  %   10000     
1.077985e+03      149.24          6.93            1.04645     0.00408       0.39  %   10000     
1.078076e+03      146.90          6.38            1.04342     0.00396       0.38  %   10000     
1.078124e+03      142.99          6.32            1.04419     0.00403       0.39  %   10000     
1.078276e+03      131.98          7.30            1.05529     0.00454       0.43  %   10000     
1.078343e+03      124.59          6.53            1.05241     0.00448       0.43  %   10000     
1.078758e+03      75.35           4.60            1.06104     0.00516       0.49  %   10000     
1.078868e+03      63.35           4.67            1.07379     0.00407       0.38  %   20000     
1.078923e+03      56.87           4.28            1.07522     0.00419       0.39  %   20000     
1.079044e+03      45.49           3.92            1.08606     0.00461       0.42  %   20000     
1.079058e+03      44.20           4.21            1.09522     0.00487       0.44  %   20000     
1.079180e+03      34.73           3.81            1.10962     0.00543       0.49  %   20000     
1.079207e+03      33.17           3.36            1.10115     0.00524       0.48  %   20000     
1.079300e+03      27.46           3.18            1.11577     0.00475       0.43  %   30000     
1.079381e+03      23.68           2.91            1.12275     0.00499       0.44  %   30000     
1.079424e+03      21.64           2.64            1.12216     0.00509       0.45  %   30000     
1.079535e+03      17.71           2.38            1.13417     0.00555       0.49  %   30000     
1.079562e+03      17.02           2.27            1.13312     0.00555       0.49  %   30000     
1.079669e+03      14.19           2.13            1.15037     0.00533       0.46  %   40000     
1.079751e+03      12.64           1.96            1.15474     0.00552       0.48  %   40000     
1.079810e+03      11.50           1.86            1.16162     0.00579       0.50  %   40000     
1.079959e+03      9.48            1.76            1.18599     0.00581       0.49  %   50000     
1.079989e+03      9.20            1.78            1.19311     0.00594       0.50  %   50000     
1.080138e+03      7.76            1.72            1.22197     0.00609       0.50  %   60000     
1.080287e+03      6.77            1.41            1.20885     0.00563       0.47  %   70000     
1.080347e+03      6.37            1.48            1.23227     0.00605       0.49  %   70000     
1.080585e+03      5.26            1.38            1.26241     0.00595       0.47  %   90000     
1.080645e+03      5.07            1.25            1.24588     0.00616       0.49  %   80000     
1.080876e+03      4.32            1.30            1.30088     0.00638       0.49  %   100000    
1.081171e+03      3.67            1.16            1.31554     0.00680       0.52  %   100000    
1.081222e+03      3.56            1.16            1.32574     0.00698       0.53  %   100000    
1.081568e+03      3.03            1.13            1.37166     0.00779       0.57  %   100000    
1.081869e+03      2.71            0.99            1.36634     0.00793       0.58  %   100000    
1.082011e+03      2.56            1.03            1.40060     0.00844       0.60  %   100000    
1.082565e+03      2.18            0.90            1.41410     0.00892       0.63  %   100000    
1.082724e+03      2.11            0.91            1.43204     0.00914       0.64  %   100000    
1.083119e+03      1.95            0.87            1.44669     0.00948       0.66  %   100000    
1.083677e+03      1.80            0.85            1.47359     0.00982       0.67  %   100000    
1.084091e+03      1.75            0.78            1.44359     0.00942       0.65  %   100000    
1.084350e+03      1.72            0.80            1.46249     0.00960       0.66  %   100000    
1.084686e+03      1.71            0.75            1.44018     0.00926       0.64  %   100000    
1.085358e+03      1.75            0.69            1.39604     0.00844       0.60  %   100000    
1.086198e+03      1.91            0.59            1.31202     0.00693       0.53  %   100000    
1.086870e+03      2.14            0.53            1.24742     0.00595       0.48  %   90000     
1.087537e+03      2.52            0.48            1.19135     0.00575       0.48  %   60000     
1.088107e+03      3.03            0.43            1.14205     0.00542       0.47  %   40000     
1.088595e+03      3.67            0.44            1.11865     0.00511       0.46  %   30000     
1.088847e+03      4.15            0.40            1.09663     0.00528       0.48  %   20000     
1.089002e+03      4.45            0.39            1.08742     0.00486       0.45  %   20000     
1.089382e+03      5.50            0.38            1.06982     0.00393       0.37  %   20000     
1.089518e+03      6.05            0.33            1.05496     0.00473       0.45  %   10000     
1.089680e+03      6.69            0.41            1.06124     0.00480       0.45  %   10000     
1.089743e+03      7.04            0.38            1.05379     0.00442       0.42  %   10000     
1.089950e+03      8.21            0.44            1.05324     0.00420       0.40  %   10000     
1.090086e+03      9.28            0.46            1.04980     0.00392       0.37  %   10000     
1.090178e+03      10.01           0.42            1.04240     0.00357       0.34  %   10000     
1.090282e+03      11.18           0.41            1.03640     0.00324       0.31  %   10000     
1.090361e+03      12.06           0.46            1.03818     0.00329       0.32  %   10000     
1.090441e+03      13.28           0.56            1.04211     0.00340       0.33  %   10000     
1.090514e+03      14.39           0.59            1.04115     0.00336       0.32  %   10000     
1.090594e+03      16.08           0.65            1.04024     0.00328       0.32  %   10000     
1.090674e+03      17.75           0.57            1.03203     0.00294       0.29  %   10000     
1.090717e+03      18.99           0.69            1.03609     0.00311       0.30  %   10000     
1.090796e+03      21.28           0.88            1.04122     0.00334       0.32  %   10000     
1.090824e+03      22.35           0.76            1.03420     0.00304       0.29  %   10000     
1.090915e+03      25.83           0.98            1.03784     0.00322       0.31  %   10000     
1.090919e+03      25.99           1.09            1.04212     0.00340       0.33  %   10000     
1.091015e+03      30.95           1.31            1.04227     0.00344       0.33  %   10000     
1.091043e+03      32.32           1.32            1.04093     0.00341       0.33  %   10000     
1.091116e+03      37.25           1.50            1.04023     0.00340       0.33  %   10000     
1.091155e+03      39.80           1.78            1.04471     0.00362       0.35  %   10000     
1.091216e+03      45.17           2.14            1.04743     0.00374       0.36  %   10000     
1.091279e+03      50.41           2.50            1.04955     0.00389       0.37  %   10000     
1.091313e+03      54.20           2.66            1.04899     0.00387       0.37  %   10000     
1.091402e+03      63.47           3.69            1.05821     0.00429       0.41  %   10000     
1.091424e+03      66.47           3.80            1.05720     0.00425       0.40  %   10000     
1.091534e+03      80.44           3.78            1.04698     0.00393       0.38  %   10000     
1.091536e+03      80.72           4.88            1.06040     0.00445       0.42  %   10000     
1.091664e+03      99.40           6.23            1.06270     0.00461       0.43  %   10000     
1.091684e+03      101.95          5.79            1.05674     0.00441       0.42  %   10000     
1.091813e+03      122.39          7.58            1.06195     0.00466       0.44  %   10000     
1.091894e+03      133.00          8.73            1.06565     0.00486       0.46  %   10000     
1.092081e+03      155.62          11.23           1.07219     0.00519       0.48  %   10000     
1.092237e+03      171.13          13.29           1.07768     0.00384       0.36  %   20000     
1.092316e+03      174.12          15.41           1.08851     0.00414       0.38  %   20000     
1.092443e+03      180.37          16.80           1.09313     0.00427       0.39  %   20000     
1.092463e+03      180.04          14.82           1.08233     0.00403       0.37  %   20000     
1.092610e+03      180.95          16.76           1.09262     0.00431       0.39  %   20000     
1.092634e+03      179.47          17.47           1.09734     0.00444       0.40  %   20000     
1.092718e+03      176.17          17.65           1.10017     0.00455       0.41  %   20000     
1.092801e+03      174.45          18.16           1.10409     0.00463       0.42  %   20000     
1.092870e+03      168.57          18.11           1.10744     0.00476       0.43  %   20000     
1.093007e+03      159.39          17.00           1.10669     0.00478       0.43  %   20000     
1.093076e+03      151.63          17.14           1.11304     0.00498       0.45  %   20000     
1.093478e+03      100.79          14.60           1.14483     0.00486       0.42  %   30000     
1.093571e+03      89.08           12.89           1.14473     0.00491       0.43  %   30000     
1.093649e+03      77.84           12.84           1.16492     0.00536       0.46  %   30000     
1.093767e+03      64.08           11.02           1.17201     0.00560       0.48  %   30000     
1.093784e+03      61.87           11.57           1.18695     0.00587       0.49  %   30000     
1.093907e+03      49.48           10.25           1.20720     0.00554       0.46  %   40000     
1.093938e+03      46.97           9.20            1.19588     0.00541       0.45  %   40000     
1.094027e+03      39.54           8.67            1.21919     0.00591       0.48  %   40000     
1.094089e+03      35.59           8.07            1.22677     0.00609       0.50  %   40000     
1.094151e+03      31.52           7.50            1.23804     0.00573       0.46  %   50000     
1.094248e+03      26.66           6.95            1.26072     0.00616       0.49  %   50000     
1.094264e+03      25.84           6.86            1.26560     0.00627       0.50  %   50000     
1.094387e+03      21.13           5.88            1.27818     0.00611       0.48  %   60000     
1.094434e+03      19.79           5.76            1.29107     0.00630       0.49  %   60000     
1.094509e+03      17.58           5.82            1.33129     0.00641       0.48  %   70000     
1.094644e+03      14.68           5.05            1.34389     0.00634       0.47  %   80000     
1.094650e+03      14.55           5.08            1.34929     0.00640       0.47  %   80000     
1.094803e+03      12.11           4.61            1.38035     0.00659       0.48  %   90000     
1.094889e+03      11.14           4.53            1.40675     0.00691       0.49  %   90000     
1.094987e+03      10.00           4.21            1.42096     0.00689       0.48  %   100000    
1.095196e+03      8.28            3.96            1.47783     0.00766       0.52  %   100000    
1.095202e+03      8.23            3.81            1.46334     0.00757       0.52  %   100000    
1.095416e+03      6.93            3.64            1.52550     0.00844       0.55  %   100000    
1.095557e+03      6.32            3.47            1.54859     0.00880       0.57  %   100000    
1.095719e+03      5.60            3.45            1.61655     0.00969       0.60  %   100000    
1.096035e+03      4.62            3.20            1.69284     0.01084       0.64  %   100000    
1.096140e+03      4.38            3.08            1.70403     0.01105       0.65  %   100000    
1.096384e+03      3.83            2.88            1.75173     0.01195       0.68  %   100000    
1.096815e+03      3.12            2.75            1.88072     0.01372       0.73  %   100000    
1.096922e+03      3.00            2.63            1.87732     0.01383       0.74  %   100000    
1.097330e+03      2.53            2.51            1.99032     0.01556       0.78  %   100000    
1.097836e+03      2.13            2.35            2.10398     0.01730       0.82  %   100000    
1.097922e+03      2.06            2.37            2.15131     0.01789       0.83  %   100000    
1.098597e+03      1.69            2.24            2.32810     0.02059       0.88  %   100000    
1.099344e+03      1.40            1.99            2.41619     0.02255       0.93  %   100000    
1.099347e+03      1.40            1.97            2.40616     0.02248       0.93  %   100000    
1.100091e+03      1.20            1.69            2.40930     0.02387       0.99  %   100000    
1.100999e+03      1.02            1.32            2.29341     0.02418       1.05  %   100000    
1.101357e+03      0.97            1.25            2.28822     0.02445       1.07  %   100000    
1.102228e+03      0.86            1.16            2.35047     0.02628       1.12  %   100000    
1.103458e+03      0.75            1.05            2.40129     0.02805       1.17  %   100000    
1.104936e+03      0.66            1.00            2.51423     0.03020       1.20  %   100000    
1.107073e+03      0.58            0.94            2.61667     0.03244       1.24  %   100000    
1.109007e+03      0.54            0.89            2.65410     0.03322       1.25  %   100000    
1.111458e+03      0.52            0.84            2.59666     0.03219       1.24  %   100000    
1.111606e+03      0.52            0.82            2.56121     0.03182       1.24  %   100000    
1.113591e+03      0.54            0.73            2.35776     0.02865       1.22  %   100000    
1.115081e+03      0.57            0.48            1.83609     0.02145       1.17  %   100000    
1.116148e+03      0.63            0.23            1.35887     0.01328       0.98  %   100000    
1.116862e+03      0.71            0.17            1.24055     0.01020       0.82  %   100000    
1.117361e+03      0.80            0.14            1.17727     0.00817       0.69  %   100000    
1.117384e+03      0.81            0.14            1.16693     0.00790       0.68  %   100000    
1.117647e+03      0.90            0.12            1.13849     0.00680       0.60  %   100000    
1.117861e+03      1.01            0.12            1.11819     0.00590       0.53  %   100000    
1.118004e+03      1.13            0.11            1.09751     0.00533       0.49  %   90000     
1.118146e+03      1.31            0.11            1.08402     0.00520       0.48  %   70000     
1.118265e+03      1.55            0.12            1.07497     0.00488       0.45  %   60000     
1.118360e+03      1.83            0.11            1.05889     0.00488       0.46  %   40000     
1.118455e+03      2.24            0.11            1.04786     0.00462       0.44  %   30000     
1.118550e+03      2.81            0.10            1.03628     0.00442       0.43  %   20000     
1.118635e+03      3.52            0.10            1.02822     0.00352       0.34  %   20000     
1.118716e+03      4.40            0.10            1.02379     0.00414       0.40  %   10000     
1.118810e+03      5.78            0.14            1.02510     0.00378       0.37  %   10000     
1.118904e+03      7.59            0.07            1.00911     0.00204       0.20  %   10000     
1.118998e+03      9.92            0.07            1.00741     0.00165       0.16  %   10000     
1.119068e+03      12.11           0.08            1.00673     0.00147       0.15  %   10000     
1.119111e+03      13.47           0.12            1.00866     0.00161       0.16  %   10000     
1.119244e+03      18.74           0.07            1.00366     0.00094       0.09  %   10000     
1.119402e+03      26.40           0.10            1.00366     0.00086       0.09  %   10000     
1.119430e+03      27.77           0.13            1.00478     0.00097       0.10  %   10000     
1.119734e+03      43.27           0.15            1.00338     0.00075       0.08  %   10000     
1.119785e+03      45.13           0.14            1.00317     0.00073       0.07  %   10000     
1.119898e+03      49.25           0.24            1.00490     0.00089       0.09  %   10000     
1.120064e+03      51.82           0.21            1.00407     0.00081       0.08  %   10000     
1.120088e+03      51.86           0.15            1.00294     0.00069       0.07  %   10000     
1.120251e+03      49.85           0.24            1.00490     0.00091       0.09  %   10000     
1.120256e+03      49.66           0.15            1.00305     0.00072       0.07  %   10000     
1.120409e+03      44.56           0.24            1.00535     0.00098       0.10  %   10000     
1.120511e+03      39.53           0.22            1.00549     0.00102       0.10  %   10000     
1.120682e+03      31.04           0.32            1.01040     0.00148       0.15  %   10000     
1.120895e+03      20.39           0.23            1.01125     0.00173       0.17  %   10000     
1.120933e+03      18.78           0.28            1.01492     0.00204       0.20  %   10000     
1.121034e+03      14.59           0.22            1.01486     0.00221       0.22  %   10000     
1.121150e+03      10.76           0.24            1.02278     0.00304       0.30  %   10000     
1.121256e+03      8.01            0.24            1.03029     0.00390       0.38  %   10000     
1.121352e+03      6.10            0.28            1.04551     0.00375       0.36  %   20000     
1.121440e+03      4.77            0.26            1.05545     0.00457       0.43  %   20000     
1.121486e+03      4.22            0.26            1.06164     0.00507       0.48  %   20000     
1.121519e+03      3.85            0.26            1.06752     0.00450       0.42  %   30000     
1.121606e+03      3.07            0.22            1.07209     0.00513       0.48  %   30000     
1.121694e+03      2.51            0.25            1.09977     0.00511       0.46  %   50000     
1.121781e+03      2.10            0.23            1.11022     0.00531       0.48  %   60000     
1.121880e+03      1.78            0.25            1.14182     0.00561       0.49  %   80000     
1.121986e+03      1.54            0.23            1.15129     0.00552       0.48  %   100000    
1.122113e+03      1.36            0.22            1.16177     0.00603       0.52  %   100000    
1.122178e+03      1.30            0.25            1.18831     0.00661       0.56  %   100000    
1.122283e+03      1.21            0.25            1.20370     0.00709       0.59  %   100000    
1.122495e+03      1.11            0.22            1.19984     0.00728       0.61  %   100000    
1.122835e+03      1.04            0.24            1.22894     0.00798       0.65  %   100000    
1.123331e+03      1.01            0.21            1.21329     0.00771       0.64  %   100000    
1.123801e+03      1.02            0.22            1.21737     0.00762       0.63  %   100000    
1.124428e+03      1.10            0.20            1.18175     0.00660       0.56  %   100000    
1.125054e+03      1.25            0.19            1.15481     0.00563       0.49  %   100000    
1.125524e+03      1.43            0.17            1.12211     0.00551       0.49  %   70000     
1.125871e+03      1.65            0.18            1.11177     0.00527       0.47  %   60000     
1.125909e+03      1.67            0.17            1.10446     0.00506       0.46  %   60000     
1.126194e+03      1.95            0.17            1.08942     0.00525       0.48  %   40000     
1.126393e+03      2.27            0.18            1.07887     0.00456       0.42  %   40000     
1.126536e+03      2.60            0.18            1.06738     0.00454       0.42  %   30000     
1.126662e+03      3.05            0.17            1.05699     0.00473       0.45  %   20000     
1.126784e+03      3.70            0.14            1.03905     0.00507       0.49  %   10000     
1.126888e+03      4.52            0.18            1.03932     0.00465       0.45  %   10000     
1.126974e+03      5.48            0.16            1.02869     0.00366       0.36  %   10000     
1.127050e+03      6.60            0.18            1.02668     0.00327       0.32  %   10000     
1.127061e+03      6.77            0.14            1.02140     0.00290       0.28  %   10000     
1.127141e+03      8.37            0.14            1.01626     0.00234       0.23  %   10000     
1.127148e+03      8.51            0.18            1.02144     0.00267       0.26  %   10000     
1.127236e+03      10.84           0.13            1.01228     0.00187       0.18  %   10000     
1.127323e+03      13.88           0.17            1.01204     0.00172       0.17  %   10000     
1.127324e+03      13.92           0.14            1.01006     0.00157       0.16  %   10000     
1.127421e+03      18.31           0.19            1.01050     0.00150       0.15  %   10000     
1.127525e+03      24.36           0.18            1.00756     0.00119       0.12  %   10000     
1.127529e+03      24.61           0.19            1.00771     0.00120       0.12  %   10000     
1.127635e+03      32.38           0.24            1.00757     0.00114       0.11  %   10000     
1.127693e+03      37.63           0.25            1.00673     0.00105       0.10  %   10000     
1.127779e+03      45.40           0.19            1.00426     0.00082       0.08  %   10000     
1.127857e+03      53.98           0.18            1.00334     0.00071       0.07  %   10000     
1.128012e+03      70.59           0.37            1.00529     0.00088       0.09  %   10000     
1.128086e+03      78.38           0.32            1.00407     0.00077       0.08  %   10000     
1.128272e+03      97.55           0.35            1.00358     0.00071       0.07  %   10000     
1.128443e+03      108.98          0.56            1.00518     0.00086       0.09  %   10000     
1.128457e+03      109.27          0.69            1.00635     0.00095       0.09  %   10000     
1.128598e+03      112.48          0.57            1.00510     0.00086       0.09  %   10000     
1.128649e+03      111.24          0.77            1.00692     0.00101       0.10  %   10000     
1.128751e+03      108.84          0.73            1.00670     0.00100       0.10  %   10000     
1.128781e+03      106.84          0.83            1.00780     0.00108       0.11  %   10000     
1.128919e+03      97.62           0.87            1.00892     0.00117       0.12  %   10000     
1.128978e+03      91.60           0.73            1.00800     0.00112       0.11  %   10000     
1.129185e+03      70.30           0.78            1.01106     0.00136       0.13  %   10000     
1.129260e+03      62.31           0.79            1.01267     0.00148       0.15  %   10000     
1.129402e+03      46.99           0.71            1.01514     0.00169       0.17  %   10000     
1.129545e+03      34.03           0.65            1.01924     0.00201       0.20  %   10000     
1.129638e+03      27.25           0.59            1.02178     0.00222       0.22  %   10000     
1.129665e+03      25.30           0.62            1.02465     0.00241       0.23  %   10000     
1.129771e+03      19.19           0.50            1.02610     0.00264       0.26  %   10000     
1.129863e+03      15.04           0.58            1.03874     0.00340       0.33  %   10000     
1.129903e+03      13.67           0.45            1.03262     0.00320       0.31  %   10000     
1.129956e+03      11.84           0.55            1.04612     0.00396       0.38  %   10000     
1.130048e+03      9.47            0.51            1.05336     0.00454       0.43  %   10000     
1.130140e+03      7.72            0.49            1.06344     0.00372       0.35  %   20000     
1.130188e+03      7.09            0.52            1.07322     0.00409       0.38  %   20000     
1.130246e+03      6.33            0.45            1.07127     0.00419       0.39  %   20000     
1.130351e+03      5.39            0.44            1.08088     0.00470       0.43  %   20000     
1.130482e+03      4.67            0.44            1.09361     0.00527       0.48  %   20000     
1.130575e+03      4.39            0.46            1.10456     0.00460       0.42  %   30000     
1.130640e+03      4.20            0.41            1.09674     0.00448       0.41  %   30000     
1.130798e+03      3.99            0.41            1.10149     0.00462       0.42  %   30000     
1.130979e+03      3.93            0.37            1.09346     0.00537       0.49  %   20000     
1.131159e+03      3.98            0.37            1.09239     0.00522       0.48  %   20000     
1.131373e+03      4.18            0.32            1.07736     0.00457       0.42  %   20000     
1.131521e+03      4.32            0.33            1.07679     0.00444       0.41  %   20000     
1.131882e+03      4.96            0.31            1.06172     0.00516       0.49  %   10000     
1.132198e+03      5.81            0.31            1.05388     0.00441       0.42  %   10000     
1.132445e+03      6.79            0.29            1.04203     0.00361       0.35  %   10000     
1.132507e+03      7.03            0.30            1.04227     0.00356       0.34  %   10000     
1.132771e+03      8.56            0.25            1.02919     0.00274       0.27  %   10000     
1.132855e+03      9.26            0.28            1.03055     0.00273       0.26  %   10000     
1.132913e+03      9.75            0.27            1.02746     0.00255       0.25  %   10000     
1.133005e+03      10.52           0.27            1.02527     0.00240       0.23  %   10000     
1.133086e+03      11.49           0.25            1.02176     0.00218       0.21  %   10000     
1.133178e+03      12.59           0.31            1.02434     0.00227       0.22  %   10000     
1.133259e+03      13.95           0.35            1.02510     0.00226       0.22  %   10000     
1.133352e+03      15.50           0.31            1.02027     0.00202       0.20  %   10000     
1.133389e+03      16.39           0.35            1.02120     0.00205       0.20  %   10000     
1.133487e+03      18.70           0.42            1.02225     0.00209       0.20  %   10000     
1.133493e+03      18.88           0.33            1.01765     0.00186       0.18  %   10000     
1.133597e+03      22.22           0.47            1.02103     0.00203       0.20  %   10000     
1.133618e+03      22.87           0.46            1.02018     0.00200       0.20  %   10000     
1.133688e+03      26.00           0.55            1.02103     0.00204       0.20  %   10000     
1.133747e+03      28.59           0.56            1.01962     0.00199       0.20  %   10000     
1.133779e+03      30.48           0.65            1.02147     0.00208       0.20  %   10000     
1.133864e+03      35.49           0.81            1.02275     0.00218       0.21  %   10000     
1.133874e+03      36.27           0.84            1.02316     0.00220       0.21  %   10000     
1.133969e+03      43.61           1.21            1.02782     0.00244       0.24  %   10000     
1.133980e+03      44.46           0.99            1.02234     0.00220       0.22  %   10000     
1.134064e+03      52.79           1.36            1.02581     0.00239       0.23  %   10000     
1.134096e+03      55.93           1.61            1.02885     0.00255       0.25  %   10000     
1.134163e+03      64.33           1.67            1.02600     0.00244       0.24  %   10000     
1.134228e+03      72.18           2.13            1.02951     0.00264       0.26  %   10000     
1.134267e+03      78.34           2.34            1.02987     0.00267       0.26  %   10000     
1.134366e+03      93.06           3.57            1.03835     0.00308       0.30  %   10000     
1.134385e+03      96.51           3.10            1.03210     0.00282       0.27  %   10000     
1.134505e+03      117.28          4.66            1.03974     0.00319       0.31  %   10000     
1.134528e+03      120.93          4.51            1.03733     0.00311       0.30  %   10000     
1.134664e+03      146.60          6.88            1.04695     0.00353       0.34  %   10000     
1.134794e+03      167.26          6.79            1.04058     0.00335       0.32  %   10000     
1.135069e+03      202.51          10.22           1.05046     0.00381       0.36  %   10000     
1.135143e+03      206.47          11.34           1.05494     0.00402       0.38  %   10000     
1.135249e+03      213.50          12.35           1.05785     0.00415       0.39  %   10000     
1.135318e+03      213.13          14.46           1.06783     0.00453       0.42  %   10000     
1.135419e+03      214.84          13.60           1.06332     0.00440       0.41  %   10000     
1.135482e+03      211.14          13.67           1.06473     0.00450       0.42  %   10000     
1.135522e+03      209.44          15.88           1.07583     0.00488       0.45  %   10000     
1.135600e+03      207.08          14.23           1.06873     0.00466       0.44  %   10000     
1.135665e+03      200.77          14.29           1.07116     0.00479       0.45  %   10000     
1.135767e+03      192.76          14.62           1.07582     0.00496       0.46  %   10000     
1.135878e+03      177.44          14.78           1.08329     0.00530       0.49  %   10000     
1.136081e+03      149.02          14.46           1.09702     0.00413       0.38  %   20000     
1.136331e+03      107.41          12.31           1.11457     0.00470       0.42  %   20000     
1.136432e+03      92.27           12.31           1.13346     0.00514       0.45  %   20000     
1.136492e+03      82.45           10.92           1.13247     0.00524       0.46  %   20000     
1.136617e+03      66.01           9.22            1.13965     0.00554       0.49  %   20000     
1.136631e+03      64.07           9.45            1.14742     0.00572       0.50  %   20000     
1.136756e+03      50.38           7.67            1.15216     0.00494       0.43  %   30000     
1.136779e+03      48.47           7.90            1.16288     0.00513       0.44  %   30000     
1.136873e+03      40.17           6.85            1.17049     0.00545       0.47  %   30000     
1.136944e+03      35.30           6.83            1.19345     0.00592       0.50  %   30000     
1.136980e+03      32.78           6.54            1.19937     0.00530       0.44  %   40000     
1.137095e+03      26.57           5.87            1.22105     0.00582       0.48  %   40000     
1.137115e+03      25.79           5.66            1.21937     0.00582       0.48  %   40000     
1.137211e+03      21.83           5.41            1.24774     0.00576       0.46  %   50000     
1.137315e+03      18.68           4.68            1.25077     0.00598       0.48  %   50000     
1.137344e+03      17.78           4.90            1.27564     0.00635       0.50  %   50000     
1.137488e+03      14.58           4.36            1.29897     0.00634       0.49  %   60000     
1.137546e+03      13.67           4.27            1.31240     0.00656       0.50  %   60000     
1.137662e+03      11.84           4.18            1.35356     0.00673       0.50  %   70000     
1.137835e+03      9.93            3.79            1.38185     0.00682       0.49  %   80000     
1.137864e+03      9.61            3.65            1.38023     0.00688       0.50  %   80000     
1.138095e+03      7.82            3.44            1.43929     0.00700       0.49  %   100000    
1.138182e+03      7.35            3.26            1.44305     0.00713       0.49  %   100000    
1.138351e+03      6.42            3.24            1.50535     0.00794       0.53  %   100000    
1.138625e+03      5.34            3.01            1.56389     0.00882       0.56  %   100000    
1.138646e+03      5.26            3.05            1.58034     0.00899       0.57  %   100000    
1.138969e+03      4.34            2.81            1.64649     0.01011       0.61  %   100000    
1.139359e+03      3.54            2.60            1.73299     0.01142       0.66  %   100000    
1.139363e+03      3.54            2.64            1.74658     0.01153       0.66  %   100000    
1.139832e+03      2.86            2.46            1.85927     0.01328       0.71  %   100000    
1.140125e+03      2.56            2.36            1.92099     0.01421       0.74  %   100000    
1.140325e+03      2.36            2.30            1.97741     0.01511       0.76  %   100000    
1.140901e+03      1.94            2.26            2.16351     0.01764       0.82  %   100000    
1.141400e+03      1.68            2.11            2.25438     0.01916       0.85  %   100000    
1.141580e+03      1.59            2.11            2.32267     0.02011       0.87  %   100000    
1.142300e+03      1.33            2.06            2.54745     0.02320       0.91  %   100000    
1.142943e+03      1.17            1.87            2.59652     0.02462       0.95  %   100000    
1.143222e+03      1.10            1.79            2.62952     0.02551       0.97  %   100000    
1.144244e+03      0.92            1.66            2.79602     0.02860       1.02  %   100000    
1.145262e+03      0.80            1.60            2.99278     0.03155       1.05  %   100000    
1.145436e+03      0.78            1.50            2.91627     0.03130       1.07  %   100000    
1.146903e+03      0.67            1.51            3.26867     0.03611       1.10  %   100000    
1.148369e+03      0.59            1.44            3.44498     0.03906       1.13  %   100000    
1.149106e+03      0.57            1.41            3.50107     0.03993       1.14  %   100000    
1.150727e+03      0.51            1.37            3.68863     0.04295       1.16  %   100000    
1.153715e+03      0.46            0.92            3.02184     0.03862       1.28  %   100000    
1.157472e+03      0.43            0.78            2.82193     0.03672       1.30  %   100000    
1.160034e+03      0.42            0.22            1.51886     0.01946       1.28  %   100000    
1.163999e+03      0.44            0.08            1.19224     0.01125       0.94  %   100000    
1.167194e+03      0.48            0.07            1.14986     0.00923       0.80  %   100000    
1.169284e+03      0.53            0.06            1.11759     0.00763       0.68  %   100000    
1.170821e+03      0.59            0.04            1.07598     0.00569       0.53  %   100000    
1.172358e+03      0.68            0.04            1.06178     0.00522       0.49  %   80000     
1.173350e+03      0.77            0.04            1.05094     0.00506       0.48  %   60000     
1.173846e+03      0.84            0.03            1.03913     0.00518       0.50  %   40000     
1.174176e+03      0.89            0.04            1.04918     0.00501       0.48  %   50000     
1.174838e+03      1.02            0.04            1.03640     0.00509       0.49  %   30000     
1.175217e+03      1.15            0.03            1.02716     0.00504       0.49  %   20000     
1.175502e+03      1.31            0.03            1.02032     0.00406       0.40  %   20000     
1.175680e+03      1.49            0.02            1.01426     0.00451       0.44  %   10000     
1.175823e+03      1.72            0.04            1.02098     0.00508       0.50  %   10000     
1.175865e+03      1.83            0.03            1.01629     0.00435       0.43  %   10000     
1.175947e+03      2.04            0.04            1.01776     0.00431       0.42  %   10000     
1.176054e+03      2.45            0.03            1.01406     0.00351       0.35  %   10000     
1.176160e+03      3.03            0.04            1.01304     0.00307       0.30  %   10000     
1.176257e+03      3.77            0.02            1.00597     0.00189       0.19  %   10000     
1.176355e+03      4.75            0.03            1.00687     0.00183       0.18  %   10000     
1.176453e+03      6.03            0.04            1.00648     0.00162       0.16  %   10000     
1.176567e+03      7.94            0.03            1.00361     0.00109       0.11  %   10000     
1.176615e+03      8.97            0.04            1.00391     0.00108       0.11  %   10000     
1.176693e+03      10.63           0.03            1.00269     0.00085       0.08  %   10000     
1.176834e+03      14.38           0.05            1.00314     0.00084       0.08  %   10000     
1.176861e+03      15.08           0.03            1.00219     0.00069       0.07  %   10000     
1.177263e+03      26.96           0.07            1.00253     0.00065       0.07  %   10000     
1.177323e+03      28.14           0.07            1.00232     0.00062       0.06  %   10000     
1.177448e+03      30.59           0.03            1.00113     0.00043       0.04  %   10000     
1.177604e+03      31.67           0.04            1.00112     0.00042       0.04  %   10000     
1.177765e+03      30.63           0.07            1.00212     0.00059       0.06  %   10000     
1.177860e+03      28.81           0.09            1.00319     0.00073       0.07  %   10000     
1.177874e+03      28.55           0.09            1.00320     0.00073       0.07  %   10000     
1.177945e+03      27.19           0.07            1.00258     0.00066       0.07  %   10000     
1.178266e+03      18.13           0.07            1.00410     0.00092       0.09  %   10000     
1.178433e+03      13.40           0.08            1.00617     0.00121       0.12  %   10000     
1.178578e+03      10.09           0.08            1.00748     0.00144       0.14  %   10000     
1.178695e+03      7.99            0.08            1.01049     0.00182       0.18  %   10000     
1.178812e+03      6.41            0.08            1.01314     0.00219       0.22  %   10000     
1.178932e+03      5.25            0.06            1.01119     0.00215       0.21  %   10000     
1.179058e+03      4.46            0.07            1.01654     0.00275       0.27  %   10000     
1.179184e+03      3.99            0.06            1.01418     0.00263       0.26  %   10000     
1.179310e+03      3.76            0.07            1.01899     0.00307       0.30  %   10000     
1.179436e+03      3.70            0.07            1.01973     0.00311       0.31  %   10000     
1.179449e+03      3.70            0.08            1.02210     0.00329       0.32  %   10000     
1.179646e+03      3.82            0.08            1.01992     0.00303       0.30  %   10000     
1.179898e+03      4.22            0.06            1.01437     0.00242       0.24  %   10000     
1.180192e+03      4.95            0.04            1.00796     0.00166       0.16  %   10000     
1.180468e+03      5.96            0.05            1.00870     0.00159       0.16  %   10000     
1.180481e+03      6.03            0.06            1.01005     0.00170       0.17  %   10000     
1.180703e+03      7.18            0.08            1.01137     0.00169       0.17  %   10000     
1.180821e+03      8.06            0.07            1.00818     0.00138       0.14  %   10000     
1.180911e+03      8.73            0.06            1.00653     0.00121       0.12  %   10000     
1.181026e+03      9.95            0.05            1.00466     0.00099       0.10  %   10000     
1.181093e+03      10.67           0.05            1.00499     0.00102       0.10  %   10000     
1.181151e+03      11.54           0.08            1.00708     0.00119       0.12  %   10000     
1.181250e+03      13.05           0.09            1.00656     0.00114       0.11  %   10000     
1.181276e+03      13.61           0.09            1.00649     0.00113       0.11  %   10000     
1.181383e+03      15.92           0.09            1.00546     0.00103       0.10  %   10000     
1.181393e+03      16.14           0.06            1.00391     0.00087       0.09  %   10000     
1.181477e+03      18.62           0.11            1.00566     0.00105       0.10  %   10000     
1.181511e+03      19.62           0.13            1.00671     0.00115       0.11  %   10000     
1.181571e+03      22.03           0.16            1.00711     0.00118       0.12  %   10000     
1.181628e+03      24.31           0.11            1.00464     0.00097       0.10  %   10000     
1.181664e+03      26.25           0.12            1.00445     0.00095       0.09  %   10000     
1.181735e+03      29.95           0.27            1.00893     0.00136       0.13  %   10000     
1.181755e+03      31.33           0.22            1.00707     0.00121       0.12  %   10000     
1.181839e+03      37.03           0.18            1.00493     0.00103       0.10  %   10000     
1.181845e+03      37.56           0.28            1.00751     0.00127       0.13  %   10000     
1.181936e+03      45.30           0.40            1.00886     0.00140       0.14  %   10000     
1.181943e+03      45.95           0.37            1.00802     0.00133       0.13  %   10000     
1.182036e+03      55.89           0.55            1.00985     0.00150       0.15  %   10000     
1.182062e+03      58.58           0.59            1.01001     0.00152       0.15  %   10000     
1.182139e+03      68.93           0.73            1.01065     0.00158       0.16  %   10000     
1.182189e+03      75.29           0.93            1.01239     0.00173       0.17  %   10000     
1.182254e+03      85.62           0.73            1.00858     0.00145       0.14  %   10000     
1.182335e+03      97.79           1.29            1.01318     0.00182       0.18  %   10000     
1.182390e+03      107.76          1.32            1.01222     0.00176       0.17  %   10000     
1.182544e+03      133.33          2.20            1.01647     0.00209       0.21  %   10000     
1.182552e+03      134.76          2.19            1.01622     0.00207       0.20  %   10000     
1.182911e+03      186.26          5.56            1.02982     0.00290       0.28  %   10000     
1.182982e+03      191.55          5.21            1.02722     0.00279       0.27  %   10000     
1.183082e+03      199.74          4.54            1.02274     0.00256       0.25  %   10000     
1.183174e+03      201.25          5.24            1.02604     0.00278       0.27  %   10000     
1.183259e+03      204.24          6.49            1.03179     0.00307       0.30  %   10000     
1.183299e+03      203.85          6.22            1.03052     0.00302       0.29  %   10000     
1.183351e+03      201.01          6.62            1.03294     0.00317       0.31  %   10000     
1.183406e+03      198.81          5.19            1.02612     0.00284       0.28  %   10000     
1.183478e+03      196.81          5.89            1.02991     0.00304       0.29  %   10000     
1.183562e+03      188.68          8.20            1.04348     0.00370       0.35  %   10000     
1.183679e+03      178.91          7.75            1.04332     0.00372       0.36  %   10000     
1.183754e+03      168.59          7.38            1.04377     0.00378       0.36  %   10000     
1.184179e+03      104.12          6.49            1.06236     0.00480       0.45  %   10000     
1.184309e+03      84.97           5.59            1.06574     0.00503       0.47  %   10000     
1.184346e+03      78.94           5.01            1.06349     0.00501       0.47  %   10000     
1.184488e+03      60.46           3.70            1.06127     0.00511       0.48  %   10000     
1.184496e+03      59.66           4.89            1.08192     0.00417       0.39  %   20000     
1.184606e+03      47.77           4.21            1.08806     0.00449       0.41  %   20000     
1.184664e+03      42.88           3.59            1.08379     0.00443       0.41  %   20000     
1.184728e+03      37.30           3.60            1.09642     0.00489       0.45  %   20000     
1.184832e+03      30.24           3.19            1.10556     0.00530       0.48  %   20000     
1.184936e+03      24.66           2.83            1.11472     0.00471       0.42  %   30000     
1.184996e+03      22.24           2.71            1.12207     0.00494       0.44  %   30000     
1.185051e+03      19.97           2.68            1.13444     0.00532       0.47  %   30000     
1.185160e+03      16.67           2.33            1.14006     0.00564       0.49  %   30000     
1.185181e+03      16.03           2.37            1.14772     0.00507       0.44  %   40000     
1.185312e+03      13.17           2.15            1.16342     0.00559       0.48  %   40000     
1.185364e+03      12.36           2.14            1.17318     0.00582       0.50  %   40000     
1.185468e+03      10.71           1.95            1.18223     0.00556       0.47  %   50000     
1.185625e+03      9.00            1.87            1.20756     0.00563       0.47  %   60000     
1.185651e+03      8.72            1.77            1.20284     0.00563       0.47  %   60000     
1.185833e+03      7.29            1.65            1.22590     0.00578       0.47  %   70000     
1.186013e+03      6.28            1.58            1.25205     0.00592       0.47  %   80000     
1.186046e+03      6.09            1.60            1.26290     0.00611       0.48  %   80000     
1.186302e+03      5.04            1.51            1.29942     0.00616       0.47  %   100000    
1.186554e+03      4.31            1.43            1.33118     0.00674       0.51  %   100000    
1.186622e+03      4.11            1.40            1.34021     0.00695       0.52  %   100000    
1.186996e+03      3.35            1.29            1.38588     0.00789       0.57  %   100000    
1.187316e+03      2.89            1.24            1.42845     0.00865       0.61  %   100000    
1.187370e+03      2.81            1.23            1.43903     0.00884       0.61  %   100000    
1.187815e+03      2.34            1.18            1.50220     0.01004       0.67  %   100000    
1.188260e+03      2.00            1.07            1.53309     0.01083       0.71  %   100000    
1.188313e+03      1.98            1.06            1.53880     0.01092       0.71  %   100000    
1.188826e+03      1.69            1.07            1.63433     0.01247       0.76  %   100000    
1.189467e+03      1.45            0.99            1.68049     0.01351       0.80  %   100000    
1.189502e+03      1.44            0.97            1.67597     0.01352       0.81  %   100000    
1.190177e+03      1.26            0.96            1.76756     0.01504       0.85  %   100000    
1.191220e+03      1.07            0.88            1.82075     0.01621       0.89  %   100000    
1.191638e+03      1.03            0.86            1.83585     0.01646       0.90  %   100000    
1.192226e+03      0.97            0.86            1.88467     0.01721       0.91  %   100000    
1.193735e+03      0.89            0.76            1.85247     0.01700       0.92  %   100000    
1.194741e+03      0.87            0.72            1.82949     0.01649       0.90  %   100000    
1.196409e+03      0.89            0.67            1.75446     0.01478       0.84  %   100000    
1.197521e+03      0.95            0.63            1.65715     0.01293       0.78  %   100000    
1.198633e+03      1.06            0.60            1.56631     0.01100       0.70  %   100000    
1.199335e+03      1.16            0.54            1.46704     0.00932       0.63  %   100000    
1.199776e+03      1.23            0.52            1.42449     0.00846       0.59  %   100000    
1.200656e+03      1.45            0.48            1.33416     0.00666       0.50  %   100000    
1.201315e+03      1.68            0.43            1.25534     0.00626       0.50  %   70000     
1.201389e+03      1.71            0.43            1.25278     0.00615       0.49  %   70000     
1.202070e+03      2.07            0.35            1.17068     0.00582       0.50  %   40000     
1.202604e+03      2.48            0.32            1.12911     0.00517       0.46  %   30000     
1.202803e+03      2.69            0.27            1.10159     0.00533       0.48  %   20000     
1.203082e+03      3.00            0.26            1.08713     0.00459       0.42  %   20000     
1.203511e+03      3.66            0.24            1.06645     0.00501       0.47  %   10000     
1.203879e+03      4.47            0.22            1.05028     0.00389       0.37  %   10000     
1.204085e+03      5.12            0.19            1.03776     0.00316       0.30  %   10000     
1.204192e+03      5.45            0.20            1.03651     0.00302       0.29  %   10000     
1.204359e+03      6.19            0.19            1.03122     0.00266       0.26  %   10000     
1.204486e+03      6.75            0.18            1.02628     0.00237       0.23  %   10000     
1.204492e+03      6.79            0.19            1.02749     0.00242       0.24  %   10000     
1.204690e+03      8.07            0.20            1.02483     0.00222       0.22  %   10000     
1.204732e+03      8.34            0.20            1.02390     0.00217       0.21  %   10000     
1.204853e+03      9.47            0.20            1.02120     0.00201       0.20  %   10000     
1.204944e+03      10.32           0.20            1.01948     0.00193       0.19  %   10000     
1.204980e+03      10.81           0.23            1.02108     0.00200       0.20  %   10000     
1.205085e+03      12.23           0.27            1.02243     0.00207       0.20  %   10000     
1.205122e+03      12.72           0.24            1.01863     0.00190       0.19  %   10000     
1.205191e+03      14.03           0.36            1.02553     0.00223       0.22  %   10000     
1.205257e+03      15.27           0.34            1.02199     0.00210       0.21  %   10000     
1.205282e+03      15.89           0.39            1.02453     0.00223       0.22  %   10000     
1.205372e+03      18.19           0.51            1.02831     0.00244       0.24  %   10000     
1.205393e+03      18.73           0.50            1.02661     0.00238       0.23  %   10000     
1.205460e+03      21.06           0.61            1.02886     0.00252       0.24  %   10000     
1.205529e+03      23.46           0.70            1.02983     0.00262       0.25  %   10000     
1.205550e+03      24.47           0.74            1.03023     0.00264       0.26  %   10000     
1.205641e+03      28.73           1.18            1.04109     0.00316       0.30  %   10000     
1.205654e+03      29.34           1.10            1.03736     0.00304       0.29  %   10000     
1.205735e+03      34.36           1.20            1.03496     0.00300       0.29  %   10000     
1.205779e+03      37.05           1.39            1.03758     0.00317       0.31  %   10000     
1.205821e+03      40.49           1.84            1.04548     0.00350       0.33  %   10000     
1.205910e+03      47.52           2.01            1.04228     0.00347       0.33  %   10000     
1.205920e+03      48.53           2.14            1.04408     0.00355       0.34  %   10000     
1.206029e+03      59.31           3.23            1.05441     0.00404       0.38  %   10000     
1.206043e+03      60.68           2.95            1.04856     0.00385       0.37  %   10000     
1.206142e+03      72.46           3.81            1.05257     0.00407       0.39  %   10000     
1.206176e+03      76.20           3.60            1.04718     0.00390       0.37  %   10000     
1.206265e+03      88.41           5.21            1.05896     0.00440       0.42  %   10000     
1.206345e+03      98.21           6.80            1.06926     0.00486       0.45  %   10000     
1.206417e+03      108.59          6.50            1.05987     0.00455       0.43  %   10000     
1.206664e+03      137.23          10.13           1.07379     0.00523       0.49  %   10000     
1.206866e+03      155.75          11.28           1.07240     0.00527       0.49  %   10000     
1.206934e+03      158.62          13.09           1.08254     0.00402       0.37  %   20000     
1.207026e+03      163.48          13.33           1.08155     0.00401       0.37  %   20000     
1.207118e+03      163.40          13.87           1.08489     0.00415       0.38  %   20000     
1.207226e+03      165.52          13.80           1.08335     0.00413       0.38  %   20000     
1.207242e+03      165.27          15.24           1.09221     0.00434       0.40  %   20000     
1.207308e+03      162.49          14.23           1.08755     0.00428       0.39  %   20000     
1.207349e+03      161.38          14.19           1.08792     0.00431       0.40  %   20000     
1.207393e+03      160.73          15.18           1.09442     0.00446       0.41  %   20000     
1.207499e+03      153.98          14.19           1.09213     0.00448       0.41  %   20000     
1.207566e+03      150.85          12.71           1.08426     0.00429       0.40  %   20000     
1.207721e+03      136.17          13.20           1.09697     0.00470       0.43  %   20000     
1.207837e+03      125.54          12.23           1.09743     0.00476       0.43  %   20000     
1.208136e+03      89.44           8.68            1.09709     0.00500       0.46  %   20000     
1.208252e+03      76.25           8.64            1.11334     0.00549       0.49  %   20000     
1.208305e+03      69.54           7.38            1.10607     0.00540       0.49  %   20000     
1.208445e+03      55.03           6.07            1.11033     0.00464       0.42  %   30000     
1.208450e+03      54.49           6.64            1.12178     0.00488       0.44  %   30000     
1.208583e+03      42.87           5.47            1.12764     0.00519       0.46  %   30000     
1.208614e+03      40.75           5.64            1.13851     0.00543       0.48  %   30000     
1.208711e+03      33.83           4.51            1.13339     0.00553       0.49  %   30000     
1.208793e+03      29.29           4.30            1.14683     0.00513       0.45  %   40000     
1.208820e+03      27.74           3.78            1.13612     0.00501       0.44  %   40000     
1.208952e+03      22.07           3.34            1.15159     0.00552       0.48  %   40000     
1.208980e+03      21.15           3.26            1.15407     0.00559       0.48  %   40000     
1.209072e+03      18.15           3.15            1.17342     0.00549       0.47  %   50000     
1.209174e+03      15.67           2.97            1.18940     0.00589       0.49  %   50000     
1.209207e+03      14.85           2.76            1.18595     0.00592       0.50  %   50000     
1.209343e+03      12.40           2.55            1.20523     0.00592       0.49  %   60000     
1.209416e+03      11.47           2.33            1.20343     0.00597       0.50  %   60000     
1.209512e+03      10.20           2.30            1.22566     0.00601       0.49  %   70000     
1.209693e+03      8.51            2.02            1.23745     0.00600       0.48  %   80000     
1.209717e+03      8.35            2.07            1.24734     0.00613       0.49  %   80000     
1.209905e+03      7.09            1.89            1.26673     0.00627       0.49  %   90000     
1.210080e+03      6.26            1.72            1.27434     0.00619       0.49  %   100000    
1.210162e+03      5.86            1.66            1.28332     0.00641       0.50  %   100000    
1.210479e+03      4.80            1.51            1.31443     0.00710       0.54  %   100000    
1.210612e+03      4.48            1.55            1.34661     0.00754       0.56  %   100000    
1.210804e+03      4.03            1.43            1.35367     0.00787       0.58  %   100000    
1.211235e+03      3.32            1.27            1.38188     0.00856       0.62  %   100000    
1.211283e+03      3.27            1.24            1.38036     0.00856       0.62  %   100000    
1.211737e+03      2.77            1.22            1.44104     0.00964       0.67  %   100000    
1.212246e+03      2.41            1.04            1.43325     0.00982       0.68  %   100000    
1.212305e+03      2.36            1.11            1.47066     0.01028       0.70  %   100000    
1.212967e+03      2.07            0.99            1.47980     0.01065       0.72  %   100000    
1.213346e+03      1.97            0.97            1.49335     0.01079       0.72  %   100000    
1.213464e+03      1.94            0.93            1.48133     0.01069       0.72  %   100000    
1.214125e+03      1.85            0.87            1.47191     0.01048       0.71  %   100000    
1.214456e+03      1.85            0.85            1.46307     0.01022       0.70  %   100000    
1.215010e+03      1.90            0.77            1.40603     0.00917       0.65  %   100000    
1.215564e+03      2.05            0.76            1.37103     0.00818       0.60  %   100000    
1.215979e+03      2.30            0.72            1.31075     0.00692       0.53  %   100000    
1.216187e+03      2.53            0.70            1.27720     0.00618       0.48  %   100000    
1.216360e+03      2.82            0.66            1.23537     0.00598       0.48  %   80000     
1.216498e+03      3.20            0.66            1.20469     0.00558       0.46  %   70000     
1.216550e+03      3.42            0.70            1.20374     0.00582       0.48  %   60000     
1.216619e+03      3.70            0.68            1.18388     0.00581       0.49  %   50000     
1.216726e+03      4.36            0.65            1.14915     0.00540       0.47  %   40000     
1.216836e+03      5.34            0.67            1.12578     0.00520       0.46  %   30000     
1.216928e+03      6.48            0.61            1.09414     0.00505       0.46  %   20000     
1.217020e+03      8.03            0.60            1.07480     0.00411       0.38  %   20000     
1.217111e+03      10.08           0.71            1.07046     0.00513       0.48  %   10000     
1.217196e+03      12.54           0.61            1.04895     0.00394       0.38  %   10000     
1.217203e+03      12.75           0.61            1.04806     0.00388       0.37  %   10000     
1.217310e+03      16.77           0.51            1.03018     0.00281       0.27  %   10000     
1.217325e+03      17.51           0.57            1.03245     0.00287       0.28  %   10000     
1.217424e+03      22.29           0.55            1.02477     0.00235       0.23  %   10000     
1.217547e+03      29.79           0.61            1.02046     0.00199       0.19  %   10000     
1.217548e+03      29.84           0.54            1.01811     0.00187       0.18  %   10000     
1.217700e+03      41.14           0.66            1.01605     0.00166       0.16  %   10000     
1.217707e+03      41.73           0.65            1.01565     0.00163       0.16  %   10000     
1.217897e+03      57.46           0.76            1.01314     0.00144       0.14  %   10000     
1.218125e+03      75.83           0.89            1.01175     0.00133       0.13  %   10000     
1.218264e+03      83.50           0.97            1.01159     0.00132       0.13  %   10000     
1.218302e+03      85.57           1.06            1.01234     0.00137       0.13  %   10000     
1.218466e+03      89.07           1.27            1.01426     0.00148       0.15  %   10000     
1.218484e+03      89.08           1.23            1.01384     0.00146       0.14  %   10000     
1.218569e+03      87.38           1.35            1.01544     0.00156       0.15  %   10000     
1.218651e+03      85.79           1.44            1.01679     0.00164       0.16  %   10000     
1.218790e+03      78.36           1.66            1.02121     0.00188       0.18  %   10000     
1.218828e+03      76.33           1.64            1.02146     0.00191       0.19  %   10000     
1.218853e+03      74.37           1.69            1.02276     0.00198       0.19  %   10000     
1.219094e+03      55.41           1.40            1.02520     0.00221       0.22  %   10000     
1.219312e+03      38.00           1.47            1.03868     0.00298       0.29  %   10000     
1.219471e+03      27.37           1.27            1.04634     0.00354       0.34  %   10000     
1.219592e+03      21.01           1.36            1.06496     0.00451       0.42  %   10000     
1.219697e+03      16.66           1.22            1.07344     0.00514       0.48  %   10000     
1.219773e+03      14.30           1.36            1.09500     0.00432       0.39  %   20000     
1.219803e+03      13.36           1.19            1.08920     0.00429       0.39  %   20000     
1.219910e+03      10.92           1.17            1.10682     0.00502       0.45  %   20000     
1.220025e+03      9.14            1.18            1.12879     0.00478       0.42  %   30000     
1.220042e+03      8.98            1.08            1.11992     0.00464       0.41  %   30000     
1.220136e+03      8.05            1.16            1.14389     0.00529       0.46  %   30000     
1.220247e+03      7.43            1.13            1.15277     0.00560       0.49  %   30000     
1.220338e+03      7.23            1.17            1.16217     0.00580       0.50  %   30000     
1.220396e+03      7.10            1.10            1.15463     0.00571       0.49  %   30000     
1.220470e+03      7.10            1.18            1.16603     0.00511       0.44  %   40000     
1.220486e+03      7.14            1.16            1.16288     0.00506       0.43  %   40000     
1.220692e+03      7.55            1.14            1.15051     0.00552       0.48  %   30000     
1.220849e+03      8.27            1.18            1.14323     0.00521       0.46  %   30000     
1.220915e+03      8.56            1.17            1.13673     0.00506       0.45  %   30000     
1.221137e+03      10.18           1.33            1.13101     0.00473       0.42  %   30000     
1.221145e+03      10.27           1.24            1.12117     0.00557       0.50  %   20000     
1.221315e+03      12.08           1.51            1.12460     0.00548       0.49  %   20000     
1.221372e+03      12.97           1.46            1.11263     0.00513       0.46  %   20000     
1.221496e+03      14.85           1.66            1.11160     0.00503       0.45  %   20000     
1.221543e+03      15.87           1.76            1.11070     0.00495       0.45  %   20000     
1.221659e+03      18.37           1.98            1.10763     0.00484       0.44  %   20000     
1.221699e+03      19.56           2.07            1.10605     0.00476       0.43  %   20000     
1.221807e+03      22.76           2.41            1.10569     0.00473       0.43  %   20000     
1.221830e+03      23.69           2.40            1.10142     0.00461       0.42  %   20000     
1.221949e+03      28.34           2.73            1.09635     0.00449       0.41  %   20000     
1.221972e+03      29.57           2.80            1.09484     0.00443       0.40  %   20000     
1.222097e+03      35.94           3.56            1.09903     0.00453       0.41  %   20000     
1.222112e+03      36.95           4.09            1.11059     0.00477       0.43  %   20000     
1.222242e+03      45.28           4.58            1.10109     0.00459       0.42  %   20000     
1.222254e+03      46.24           4.98            1.10777     0.00473       0.43  %   20000     
1.222405e+03      57.94           5.72            1.09866     0.00456       0.41  %   20000     
1.222409e+03      58.26           6.18            1.10611     0.00472       0.43  %   20000     
1.222586e+03      74.24           7.65            1.10301     0.00469       0.42  %   20000     
1.222628e+03      77.55           8.59            1.11076     0.00489       0.44  %   20000     
1.222884e+03      99.19           11.52           1.11610     0.00507       0.45  %   20000     
1.223075e+03      112.96          15.16           1.13419     0.00548       0.48  %   20000     
1.223174e+03      116.41          15.59           1.13392     0.00554       0.49  %   20000     
1.223313e+03      121.97          17.12           1.14036     0.00465       0.41  %   30000     
1.223339e+03      121.93          16.60           1.13612     0.00563       0.50  %   20000     
1.223486e+03      123.39          18.17           1.14726     0.00480       0.42  %   30000     
1.223545e+03      121.57          17.45           1.14355     0.00479       0.42  %   30000     
1.223573e+03      120.93          17.79           1.14708     0.00486       0.42  %   30000     
1.223685e+03      119.12          18.44           1.15482     0.00499       0.43  %   30000     
1.223741e+03      115.99          18.53           1.15974     0.00512       0.44  %   30000     
1.223899e+03      108.64          17.44           1.16056     0.00517       0.45  %   30000     
1.223978e+03      102.65          18.30           1.17828     0.00551       0.47  %   30000     
1.224453e+03      63.86           12.57           1.19689     0.00533       0.44  %   40000     
1.224532e+03      57.87           12.04           1.20799     0.00551       0.46  %   40000     
1.224634e+03      49.44           11.46           1.23176     0.00596       0.48  %   40000     
1.224729e+03      43.17           9.99            1.23144     0.00604       0.49  %   40000     
1.224798e+03      38.32           9.57            1.24977     0.00574       0.46  %   50000     
1.224927e+03      31.38           8.28            1.26379     0.00605       0.48  %   50000     
1.224947e+03      30.25           7.91            1.26139     0.00608       0.48  %   50000     
1.225095e+03      23.92           6.97            1.29128     0.00610       0.47  %   60000     
1.225124e+03      22.99           6.97            1.30331     0.00624       0.48  %   60000     
1.225243e+03      19.11           6.18            1.32335     0.00620       0.47  %   70000     
1.225322e+03      17.22           5.89            1.34232     0.00648       0.48  %   70000     
1.225389e+03      15.58           5.58            1.35817     0.00636       0.47  %   80000     
1.225535e+03      12.96           5.00            1.38597     0.00683       0.49  %   80000     
1.225555e+03      12.60           5.05            1.40068     0.00661       0.47  %   90000     
1.225741e+03      10.22           4.54            1.44396     0.00693       0.48  %   100000    
1.225778e+03      9.88            4.60            1.46579     0.00713       0.49  %   100000    
1.225938e+03      8.40            4.24            1.50395     0.00775       0.52  %   100000    
1.226103e+03      7.31            4.04            1.55334     0.00837       0.54  %   100000    
1.226144e+03      7.03            3.78            1.53699     0.00835       0.54  %   100000    
1.226391e+03      5.83            3.59            1.61567     0.00939       0.58  %   100000    
1.226432e+03      5.68            3.51            1.61686     0.00945       0.58  %   100000    
1.226679e+03      4.81            3.35            1.69673     0.01055       0.62  %   100000    
1.226926e+03      4.18            3.12            1.74554     0.01131       0.65  %   100000    
1.227009e+03      3.97            3.03            1.76312     0.01165       0.66  %   100000    
1.227420e+03      3.23            2.86            1.88361     0.01335       0.71  %   100000    
1.227633e+03      2.97            2.66            1.89580     0.01375       0.73  %   100000    
1.227903e+03      2.63            2.74            2.04103     0.01545       0.76  %   100000    
1.228466e+03      2.14            2.40            2.11909     0.01712       0.81  %   100000    
1.228695e+03      2.00            2.46            2.22879     0.01823       0.82  %   100000    
1.229044e+03      1.79            2.33            2.29876     0.01954       0.85  %   100000    
1.229720e+03      1.50            2.19            2.45549     0.02193       0.89  %   100000    
1.230186e+03      1.37            2.09            2.53079     0.02312       0.91  %   100000    
1.230508e+03      1.27            2.09            2.64492     0.02461       0.93  %   100000    
1.231526e+03      1.07            1.85            2.73111     0.02679       0.98  %   100000    
1.231961e+03      1.01            1.70            2.68114     0.02682       1.00  %   100000    
1.232545e+03      0.93            1.46            2.56448     0.02668       1.04  %   100000    
1.233768e+03      0.83            1.19            2.44303     0.02661       1.09  %   100000    
1.235185e+03      0.76            1.11            2.46003     0.02715       1.10  %   100000    
1.235278e+03      0.76            1.08            2.43547     0.02696       1.11  %   100000    
1.236788e+03      0.73            1.00            2.36548     0.02606       1.10  %   100000    
1.238293e+03      0.76            0.96            2.26839     0.02400       1.06  %   100000    
1.239296e+03      0.82            0.91            2.11303     0.02125       1.01  %   100000    
1.240048e+03      0.90            0.90            1.99816     0.01892       0.95  %   100000    
1.240529e+03      0.99            0.86            1.86890     0.01670       0.89  %   100000    
1.240801e+03      1.05            0.85            1.81106     0.01562       0.86  %   100000    
1.241386e+03      1.23            0.83            1.67618     0.01295       0.77  %   100000    
1.241805e+03      1.43            0.79            1.55065     0.01073       0.69  %   100000    
1.241895e+03      1.49            0.81            1.54495     0.01042       0.67  %   100000    
1.242190e+03      1.71            0.77            1.44955     0.00875       0.60  %   100000    
1.242496e+03      2.03            0.71            1.34868     0.00699       0.52  %   100000    
1.242751e+03      2.43            0.68            1.27991     0.00635       0.50  %   80000     
1.242955e+03      2.92            0.68            1.23148     0.00607       0.49  %   60000     
1.243011e+03      3.11            0.67            1.21535     0.00567       0.47  %   60000     
1.243120e+03      3.50            0.62            1.17789     0.00532       0.45  %   50000     
1.243252e+03      4.18            0.59            1.14194     0.00563       0.49  %   30000     
1.243367e+03      5.04            0.61            1.12097     0.00476       0.43  %   30000     
1.243483e+03      6.25            0.57            1.09167     0.00462       0.42  %   20000     
1.243585e+03      7.77            0.57            1.07288     0.00532       0.50  %   10000     
1.243656e+03      9.23            0.53            1.05711     0.00442       0.42  %   10000     
1.243687e+03      9.87            0.53            1.05319     0.00417       0.40  %   10000     
1.243777e+03      12.34           0.56            1.04503     0.00357       0.34  %   10000     
1.243797e+03      13.09           0.59            1.04532     0.00351       0.34  %   10000     
1.243866e+03      15.56           0.51            1.03274     0.00285       0.28  %   10000     
1.243959e+03      19.87           0.54            1.02737     0.00245       0.24  %   10000     
1.243960e+03      19.93           0.48            1.02422     0.00231       0.23  %   10000     
1.244062e+03      26.08           0.65            1.02483     0.00222       0.22  %   10000     
1.244080e+03      27.42           0.60            1.02200     0.00207       0.20  %   10000     
1.244165e+03      33.89           0.62            1.01815     0.00182       0.18  %   10000     
1.244204e+03      37.66           0.71            1.01886     0.00183       0.18  %   10000     
1.244290e+03      45.92           0.76            1.01666     0.00169       0.17  %   10000     
1.244343e+03      52.30           0.75            1.01435     0.00155       0.15  %   10000     
1.244438e+03      63.49           1.00            1.01576     0.00161       0.16  %   10000     
1.244483e+03      69.95           1.22            1.01751     0.00168       0.17  %   10000     
1.244641e+03      92.18           1.15            1.01246     0.00141       0.14  %   10000     
1.244657e+03      94.31           1.22            1.01296     0.00144       0.14  %   10000     
1.244948e+03      134.28          2.05            1.01523     0.00157       0.15  %   10000     
1.244957e+03      135.10          2.28            1.01689     0.00166       0.16  %   10000     
1.245149e+03      152.46          2.60            1.01704     0.00168       0.17  %   10000     
1.245220e+03      154.50          2.73            1.01768     0.00172       0.17  %   10000     
1.245327e+03      157.83          2.49            1.01580     0.00164       0.16  %   10000     
1.245336e+03      157.80          3.42            1.02168     0.00192       0.19  %   10000     
1.245405e+03      155.35          3.19            1.02054     0.00189       0.18  %   10000     
1.245503e+03      152.17          3.80            1.02497     0.00210       0.20  %   10000     
1.245530e+03      149.73          3.05            1.02034     0.00190       0.19  %   10000     
1.245700e+03      134.60          3.24            1.02404     0.00211       0.21  %   10000     
1.245709e+03      133.42          3.37            1.02526     0.00217       0.21  %   10000     
1.245932e+03      103.73          3.50            1.03377     0.00261       0.25  %   10000     
1.246196e+03      66.67           2.44            1.03666     0.00293       0.28  %   10000     
1.246348e+03      48.35           2.82            1.05842     0.00392       0.37  %   10000     
1.246435e+03      39.88           2.51            1.06293     0.00423       0.40  %   10000     
1.246474e+03      35.98           2.58            1.07168     0.00462       0.43  %   10000     
1.246586e+03      27.14           2.20            1.08090     0.00526       0.49  %   10000     
1.246655e+03      22.96           2.05            1.08946     0.00407       0.37  %   20000     
1.246692e+03      20.64           2.05            1.09934     0.00443       0.40  %   20000     
1.246788e+03      16.07           1.76            1.10977     0.00501       0.45  %   20000     
1.246864e+03      13.27           1.74            1.13096     0.00473       0.42  %   30000     
1.246879e+03      12.73           1.74            1.13642     0.00490       0.43  %   30000     
1.246976e+03      9.99            1.63            1.16298     0.00503       0.43  %   40000     
1.247074e+03      7.97            1.66            1.20868     0.00550       0.45  %   50000     
1.247126e+03      7.18            1.53            1.21288     0.00575       0.47  %   50000     
1.247172e+03      6.48            1.52            1.23510     0.00574       0.46  %   60000     
1.247284e+03      5.26            1.52            1.28866     0.00636       0.49  %   70000     
1.247399e+03      4.38            1.45            1.33215     0.00644       0.48  %   90000     
1.247442e+03      4.15            1.46            1.35111     0.00640       0.47  %   100000    
1.247530e+03      3.68            1.39            1.37796     0.00698       0.51  %   100000    
1.247661e+03      3.19            1.35            1.42348     0.00781       0.55  %   100000    
1.247836e+03      2.73            1.24            1.45225     0.00856       0.59  %   100000    
1.248058e+03      2.35            1.23            1.52278     0.00971       0.64  %   100000    
1.248071e+03      2.33            1.21            1.51739     0.00968       0.64  %   100000    
1.248295e+03      2.07            1.17            1.56576     0.01060       0.68  %   100000    
1.248581e+03      1.85            1.05            1.56756     0.01108       0.71  %   100000    
1.248961e+03      1.67            0.93            1.55761     0.01132       0.73  %   100000    
1.249114e+03      1.64            0.93            1.57026     0.01146       0.73  %   100000    
1.249341e+03      1.59            0.81            1.50903     0.01091       0.72  %   100000    
1.249531e+03      1.58            0.77            1.49035     0.01067       0.72  %   100000    
1.249919e+03      1.62            0.74            1.45795     0.01002       0.69  %   100000    
1.250308e+03      1.77            0.68            1.38236     0.00865       0.63  %   100000    
1.250600e+03      2.00            0.63            1.31595     0.00735       0.56  %   100000    
1.250842e+03      2.32            0.61            1.26400     0.00621       0.49  %   100000    
1.251013e+03      2.68            0.62            1.23056     0.00602       0.49  %   80000     
1.251158e+03      3.15            0.61            1.19287     0.00587       0.49  %   60000     
1.251286e+03      3.76            0.61            1.16186     0.00541       0.47  %   50000     
1.251365e+03      4.31            0.60            1.13867     0.00525       0.46  %   40000     
1.251395e+03      4.52            0.57            1.12560     0.00490       0.44  %   40000     
1.251504e+03      5.60            0.56            1.10013     0.00461       0.42  %   30000     
1.251514e+03      5.73            0.57            1.09853     0.00452       0.41  %   30000     
1.251595e+03      6.83            0.59            1.08624     0.00484       0.45  %   20000     
1.251688e+03      8.48            0.60            1.07039     0.00403       0.38  %   20000     
1.251739e+03      9.70            0.60            1.06162     0.00508       0.48  %   10000     
1.251784e+03      10.77           0.59            1.05460     0.00463       0.44  %   10000     
1.251890e+03      14.11           0.73            1.05139     0.00414       0.39  %   10000     
1.251930e+03      15.74           0.66            1.04182     0.00362       0.35  %   10000     
1.251992e+03      18.26           0.65            1.03554     0.00322       0.31  %   10000     
1.252103e+03      24.15           0.76            1.03156     0.00285       0.28  %   10000     
1.252106e+03      24.30           0.76            1.03124     0.00284       0.27  %   10000     
1.252235e+03      32.88           0.83            1.02516     0.00242       0.24  %   10000     
1.252247e+03      33.84           0.78            1.02304     0.00230       0.23  %   10000     
1.252393e+03      45.86           1.17            1.02560     0.00234       0.23  %   10000     
1.252419e+03      48.43           1.06            1.02181     0.00215       0.21  %   10000     
1.252640e+03      69.87           1.66            1.02379     0.00219       0.21  %   10000     
1.252696e+03      75.05           1.87            1.02487     0.00223       0.22  %   10000     
1.252920e+03      94.39           1.85            1.01962     0.00197       0.19  %   10000     
1.253040e+03      100.63          2.07            1.02054     0.00203       0.20  %   10000     
1.253109e+03      104.31          2.50            1.02392     0.00219       0.21  %   10000     
1.253251e+03      106.45          2.45            1.02299     0.00217       0.21  %   10000     
1.253252e+03      106.43          2.67            1.02507     0.00227       0.22  %   10000     
1.253396e+03      103.50          2.77            1.02677     0.00237       0.23  %   10000     
1.253405e+03      103.33          2.33            1.02253     0.00218       0.21  %   10000     
1.253570e+03      93.75           3.16            1.03371     0.00271       0.26  %   10000     
1.253598e+03      92.18           3.14            1.03404     0.00273       0.26  %   10000     
1.253790e+03      74.88           2.83            1.03784     0.00299       0.29  %   10000     
1.253893e+03      65.52           2.41            1.03671     0.00301       0.29  %   10000     
1.254129e+03      43.31           2.19            1.05046     0.00380       0.36  %   10000     
1.254278e+03      31.49           1.72            1.05476     0.00423       0.40  %   10000     
1.254284e+03      31.13           1.92            1.06166     0.00449       0.42  %   10000     
1.254407e+03      23.20           1.68            1.07226     0.00370       0.35  %   20000     
1.254522e+03      17.42           1.68            1.09652     0.00460       0.42  %   20000     
1.254528e+03      17.17           1.72            1.09988     0.00469       0.43  %   20000     
1.254622e+03      13.46           1.57            1.11635     0.00546       0.49  %   20000     
1.254722e+03      10.42           1.45            1.13911     0.00528       0.46  %   30000     
1.254746e+03      9.87            1.48            1.15028     0.00557       0.48  %   30000     
1.254821e+03      8.12            1.40            1.17212     0.00554       0.47  %   40000     
1.254921e+03      6.40            1.37            1.21403     0.00602       0.50  %   50000     
1.254997e+03      5.42            1.29            1.23824     0.00614       0.50  %   60000     
1.255020e+03      5.13            1.29            1.25180     0.00598       0.48  %   70000     
1.255121e+03      4.19            1.28            1.30506     0.00629       0.48  %   90000     
1.255239e+03      3.40            1.24            1.36365     0.00707       0.52  %   100000    
1.255326e+03      3.00            1.17            1.38884     0.00767       0.55  %   100000    
1.255357e+03      2.86            1.22            1.42828     0.00822       0.58  %   100000    
1.255492e+03      2.41            1.14            1.47420     0.00929       0.63  %   100000    
1.255666e+03      2.03            1.13            1.55581     0.01081       0.70  %   100000    
1.255879e+03      1.71            1.10            1.64440     0.01246       0.76  %   100000    
1.255951e+03      1.64            1.12            1.68168     0.01301       0.77  %   100000    
1.256145e+03      1.44            1.10            1.75950     0.01450       0.82  %   100000    
1.256506e+03      1.21            1.08            1.89363     0.01697       0.90  %   100000    
1.256885e+03      1.04            0.99            1.95773     0.01867       0.95  %   100000    
1.257030e+03      0.99            1.02            2.02877     0.01965       0.97  %   100000    
1.257359e+03      0.90            1.00            2.11584     0.02141       1.01  %   100000    
1.257927e+03      0.78            1.02            2.30098     0.02443       1.06  %   100000    
1.258699e+03      0.68            0.95            2.38776     0.02659       1.11  %   100000    
1.258887e+03      0.67            0.97            2.44809     0.02733       1.12  %   100000    
1.259728e+03      0.60            0.93            2.53497     0.02933       1.16  %   100000    
1.261015e+03      0.55            0.93            2.68484     0.03173       1.18  %   100000    
1.262685e+03      0.52            0.87            2.69460     0.03224       1.20  %   100000    
1.264474e+03      0.51            0.84            2.66273     0.03155       1.18  %   100000    
1.264608e+03      0.51            0.82            2.62396     0.03117       1.19  %   100000    
1.266663e+03      0.52            0.80            2.53255     0.02921       1.15  %   100000    
1.268719e+03      0.56            0.75            2.33464     0.02567       1.10  %   100000    
1.270353e+03      0.62            0.66            2.07107     0.02150       1.04  %   100000    
1.271987e+03      0.72            0.38            1.52644     0.01383       0.91  %   100000    
1.272195e+03      0.73            0.35            1.48257     0.01305       0.88  %   100000    
1.273076e+03      0.82            0.33            1.40176     0.01112       0.79  %   100000    
1.274139e+03      0.96            0.30            1.31705     0.00894       0.68  %   100000    
1.275050e+03      1.14            0.27            1.23931     0.00701       0.57  %   100000    
1.275804e+03      1.37            0.28            1.20743     0.00590       0.49  %   100000    
1.276379e+03      1.61            0.26            1.16135     0.00568       0.49  %   70000     
1.276501e+03      1.66            0.29            1.17269     0.00577       0.49  %   70000     
1.277098e+03      2.04            0.27            1.13048     0.00533       0.47  %   50000     
1.277611e+03      2.51            0.24            1.09750     0.00535       0.49  %   30000     
1.277780e+03      2.73            0.25            1.08990     0.00492       0.45  %   30000     
1.278061e+03      3.11            0.22            1.06974     0.00501       0.47  %   20000     
1.278307e+03      3.57            0.24            1.06630     0.00458       0.43  %   20000     
1.278429e+03      3.81            0.21            1.05433     0.00405       0.38  %   20000     
1.278732e+03      4.62            0.23            1.04894     0.00505       0.48  %   10000     
1.278793e+03      4.84            0.22            1.04617     0.00482       0.46  %   10000     
1.278998e+03      5.60            0.17            1.03122     0.00380       0.37  %   10000     
1.279157e+03      6.43            0.15            1.02357     0.00317       0.31  %   10000     
1.279226e+03      6.78            0.16            1.02394     0.00316       0.31  %   10000     
1.279385e+03      7.92            0.18            1.02267     0.00297       0.29  %   10000     
1.279430e+03      8.25            0.20            1.02443     0.00307       0.30  %   10000     
1.279574e+03      9.71            0.15            1.01578     0.00240       0.24  %   10000     
1.279612e+03      10.09           0.15            1.01501     0.00234       0.23  %   10000     
1.279726e+03      11.67           0.19            1.01662     0.00242       0.24  %   10000     
1.279764e+03      12.19           0.14            1.01134     0.00200       0.20  %   10000     
1.279872e+03      14.25           0.16            1.01140     0.00198       0.20  %   10000     
1.279922e+03      15.18           0.22            1.01460     0.00225       0.22  %   10000     
1.280002e+03      17.26           0.17            1.00959     0.00181       0.18  %   10000     
1.280057e+03      18.66           0.22            1.01178     0.00202       0.20  %   10000     
1.280126e+03      21.01           0.25            1.01167     0.00200       0.20  %   10000     
1.280195e+03      23.36           0.26            1.01117     0.00197       0.19  %   10000     
1.280247e+03      25.69           0.30            1.01179     0.00202       0.20  %   10000     
1.280332e+03      29.43           0.36            1.01239     0.00209       0.21  %   10000     
1.280368e+03      31.56           0.31            1.00986     0.00186       0.18  %   10000     
1.280484e+03      38.11           0.48            1.01264     0.00213       0.21  %   10000     
1.280490e+03      38.56           0.61            1.01587     0.00239       0.24  %   10000     
1.280626e+03      48.27           0.68            1.01404     0.00227       0.22  %   10000     
1.280635e+03      48.88           0.65            1.01336     0.00222       0.22  %   10000     
1.280778e+03      61.05           0.97            1.01590     0.00245       0.24  %   10000     
1.280818e+03      64.17           1.01            1.01577     0.00246       0.24  %   10000     
1.280960e+03      77.95           1.15            1.01480     0.00240       0.24  %   10000     
1.281121e+03      91.73           1.85            1.02018     0.00285       0.28  %   10000     
1.281409e+03      112.89          2.61            1.02308     0.00310       0.30  %   10000     
1.281446e+03      114.31          3.20            1.02799     0.00343       0.33  %   10000     
1.281592e+03      120.59          3.73            1.03096     0.00364       0.35  %   10000     
1.281640e+03      120.76          2.69            1.02230     0.00311       0.30  %   10000     
1.281799e+03      122.77          4.03            1.03282     0.00380       0.37  %   10000     
1.281828e+03      121.89          3.88            1.03183     0.00376       0.36  %   10000     
1.281907e+03      120.12          4.43            1.03687     0.00408       0.39  %   10000     
1.281986e+03      118.91          4.82            1.04056     0.00428       0.41  %   10000     
1.282071e+03      114.27          5.56            1.04863     0.00474       0.45  %   10000     
1.282205e+03      107.98          4.44            1.04113     0.00439       0.42  %   10000     
1.282284e+03      101.87          4.30            1.04220     0.00450       0.43  %   10000     
1.282775e+03      60.99           3.56            1.05832     0.00399       0.38  %   20000     
1.282879e+03      53.09           3.50            1.06590     0.00429       0.40  %   20000     
1.282957e+03      46.61           2.65            1.05679     0.00408       0.39  %   20000     
1.283085e+03      38.30           2.83            1.07381     0.00475       0.44  %   20000     
1.283121e+03      35.82           2.58            1.07205     0.00476       0.44  %   20000     
1.283265e+03      28.20           2.26            1.08000     0.00519       0.48  %   20000     
1.283279e+03      27.63           2.28            1.08259     0.00528       0.49  %   20000     
1.283405e+03      22.40           1.93            1.08597     0.00457       0.42  %   30000     
1.283461e+03      20.66           1.92            1.09269     0.00478       0.44  %   30000     
1.283553e+03      17.76           1.88            1.10613     0.00528       0.48  %   30000     
1.283641e+03      15.75           1.64            1.10425     0.00533       0.48  %   30000     
1.283706e+03      14.24           1.69            1.11859     0.00504       0.45  %   40000     
1.283841e+03      12.02           1.50            1.12510     0.00533       0.47  %   40000     
1.283862e+03      11.67           1.40            1.12035     0.00527       0.47  %   40000     
1.284033e+03      9.68            1.27            1.13109     0.00512       0.45  %   50000     
1.284093e+03      9.21            1.19            1.12894     0.00510       0.45  %   50000     
1.284204e+03      8.33            1.27            1.15228     0.00567       0.49  %   50000     
1.284340e+03      7.62            1.13            1.14871     0.00567       0.49  %   50000     
1.284430e+03      7.37            1.03            1.14029     0.00548       0.48  %   50000     
1.284477e+03      7.24            1.12            1.15485     0.00526       0.46  %   60000     
1.284545e+03      7.18            1.04            1.14451     0.00553       0.48  %   50000     
1.284682e+03      7.36            0.98            1.13243     0.00512       0.45  %   50000     
1.284812e+03      8.04            0.96            1.11961     0.00511       0.46  %   40000     
1.284818e+03      8.07            0.95            1.11792     0.00506       0.45  %   40000     
1.284940e+03      9.25            0.99            1.10713     0.00517       0.47  %   30000     
1.285061e+03      11.08           0.89            1.07997     0.00500       0.46  %   20000     
1.285180e+03      13.58           0.83            1.06098     0.00395       0.37  %   20000     
1.285182e+03      13.66           0.79            1.05806     0.00385       0.36  %   20000     
1.285322e+03      17.59           0.65            1.03702     0.00391       0.38  %   10000     
1.285505e+03      24.26           0.82            1.03382     0.00328       0.32  %   10000     
1.285612e+03      28.72           0.86            1.02982     0.00290       0.28  %   10000     
1.285791e+03      36.09           0.79            1.02181     0.00230       0.23  %   10000     
1.285908e+03      40.89           0.94            1.02306     0.00228       0.22  %   10000     
1.286102e+03      46.32           0.99            1.02139     0.00213       0.21  %   10000     
1.286273e+03      47.94           0.88            1.01833     0.00196       0.19  %   10000     
1.286436e+03      46.32           1.05            1.02262     0.00220       0.21  %   10000     
1.286476e+03      45.20           0.91            1.02011     0.00209       0.20  %   10000     
1.286625e+03      41.03           1.02            1.02478     0.00237       0.23  %   10000     
1.286917e+03      28.61           0.91            1.03196     0.00299       0.29  %   10000     
1.286953e+03      27.08           1.00            1.03682     0.00326       0.31  %   10000     
1.287170e+03      18.05           1.04            1.05768     0.00464       0.44  %   10000     
1.287312e+03      13.25           0.71            1.05388     0.00502       0.48  %   10000     
1.287441e+03      9.80            0.87            1.08848     0.00509       0.47  %   20000     
1.287555e+03      7.44            0.99            1.13261     0.00566       0.50  %   30000     
1.287665e+03      5.72            0.89            1.15637     0.00530       0.46  %   50000     
1.287716e+03      5.11            0.92            1.18074     0.00545       0.46  %   60000     
1.287763e+03      4.56            0.90            1.19776     0.00554       0.46  %   70000     
1.287873e+03      3.61            0.91            1.25208     0.00611       0.49  %   90000     
1.287983e+03      2.94            0.92            1.31272     0.00705       0.54  %   100000    
1.288093e+03      2.47            0.88            1.35571     0.00812       0.60  %   100000    
1.288225e+03      2.09            0.83            1.39569     0.00920       0.66  %   100000    
1.288392e+03      1.79            0.82            1.46076     0.01059       0.73  %   100000    
1.288399e+03      1.78            0.84            1.47190     0.01073       0.73  %   100000    
1.288587e+03      1.58            0.84            1.52982     0.01199       0.78  %   100000    
1.288830e+03      1.41            0.83            1.58957     0.01324       0.83  %   100000    
1.289218e+03      1.24            0.76            1.61487     0.01421       0.88  %   100000    
1.289751e+03      1.09            0.74            1.68416     0.01567       0.93  %   100000    
1.289802e+03      1.07            0.74            1.69087     0.01583       0.94  %   100000    
1.290468e+03      0.94            0.74            1.77917     0.01760       0.99  %   100000    
1.291578e+03      0.81            0.70            1.85991     0.01939       1.04  %   100000    
1.291757e+03      0.80            0.68            1.84925     0.01934       1.05  %   100000    
1.292911e+03      0.72            0.66            1.92850     0.02093       1.09  %   100000    
1.294252e+03      0.66            0.64            1.96707     0.02173       1.10  %   100000    
1.296046e+03      0.63            0.59            1.93750     0.02127       1.10  %   100000    
1.296638e+03      0.62            0.55            1.88923     0.02054       1.09  %   100000    
1.296943e+03      0.62            0.58            1.92693     0.02088       1.08  %   100000    
1.298662e+03      0.64            0.54            1.84191     0.01912       1.04  %   100000    
1.300381e+03      0.68            0.51            1.74817     0.01685       0.96  %   100000    
1.301921e+03      0.77            0.49            1.63241     0.01419       0.87  %   100000    
1.302477e+03      0.82            0.45            1.55102     0.01269       0.82  %   100000    
1.303107e+03      0.88            0.46            1.51978     0.01169       0.77  %   100000    
1.304094e+03      1.03            0.42            1.40687     0.00930       0.66  %   100000    
1.304854e+03      1.21            0.39            1.32161     0.00748       0.57  %   100000    
1.304886e+03      1.21            0.38            1.31136     0.00733       0.56  %   100000    
1.305583e+03      1.46            0.35            1.24062     0.00601       0.48  %   90000     
1.306181e+03      1.77            0.33            1.18682     0.00574       0.48  %   60000     
1.306501e+03      2.02            0.31            1.15413     0.00529       0.46  %   50000     
1.306646e+03      2.13            0.30            1.13925     0.00543       0.48  %   40000     
1.307073e+03      2.61            0.25            1.09437     0.00457       0.42  %   30000     
1.307397e+03      3.13            0.25            1.07929     0.00463       0.43  %   20000     
1.307678e+03      3.76            0.19            1.04919     0.00469       0.45  %   10000     
1.307913e+03      4.50            0.19            1.04237     0.00398       0.38  %   10000     
1.307940e+03      4.63            0.15            1.03249     0.00345       0.33  %   10000     
1.308111e+03      5.38            0.18            1.03397     0.00331       0.32  %   10000     
1.308216e+03      6.04            0.16            1.02633     0.00280       0.27  %   10000     
1.308285e+03      6.47            0.18            1.02762     0.00281       0.27  %   10000     
1.308400e+03      7.50            0.14            1.01851     0.00220       0.22  %   10000     
1.308441e+03      7.86            0.17            1.02106     0.00233       0.23  %   10000     
1.308536e+03      9.08            0.14            1.01495     0.00191       0.19  %   10000     
1.308585e+03      9.70            0.15            1.01552     0.00193       0.19  %   10000     
1.308669e+03      11.22           0.20            1.01746     0.00201       0.20  %   10000     
1.308718e+03      12.10           0.24            1.02022     0.00216       0.21  %   10000     
1.308780e+03      13.65           0.20            1.01435     0.00180       0.18  %   10000     
1.308829e+03      14.86           0.17            1.01168     0.00163       0.16  %   10000     
1.308882e+03      16.64           0.25            1.01518     0.00185       0.18  %   10000     
1.308940e+03      18.55           0.26            1.01421     0.00180       0.18  %   10000     
1.308973e+03      20.02           0.32            1.01619     0.00191       0.19  %   10000     
1.309051e+03      23.43           0.34            1.01439     0.00182       0.18  %   10000     
1.309062e+03      24.07           0.32            1.01344     0.00176       0.17  %   10000     
1.309150e+03      29.15           0.44            1.01513     0.00188       0.19  %   10000     
1.309161e+03      29.78           0.46            1.01547     0.00191       0.19  %   10000     
1.309250e+03      36.27           0.48            1.01332     0.00179       0.18  %   10000     
1.309272e+03      37.86           0.61            1.01618     0.00199       0.20  %   10000     
1.309353e+03      45.33           1.00            1.02210     0.00233       0.23  %   10000     
1.309402e+03      49.69           0.61            1.01219     0.00176       0.17  %   10000     
1.309452e+03      55.49           0.96            1.01733     0.00209       0.21  %   10000     
1.309549e+03      66.26           1.21            1.01820     0.00218       0.21  %   10000     
1.309577e+03      70.19           1.52            1.02162     0.00238       0.23  %   10000     
1.309719e+03      88.78           1.70            1.01912     0.00228       0.22  %   10000     
1.309726e+03      89.65           1.77            1.01974     0.00232       0.23  %   10000     
1.309914e+03      115.79          3.23            1.02788     0.00280       0.27  %   10000     
1.310212e+03      150.60          3.64            1.02419     0.00268       0.26  %   10000     
1.310276e+03      154.83          3.91            1.02523     0.00276       0.27  %   10000     
1.310389e+03      162.90          5.24            1.03217     0.00312       0.30  %   10000     
1.310478e+03      164.19          5.53            1.03367     0.00324       0.31  %   10000     
1.310583e+03      167.01          5.17            1.03098     0.00311       0.30  %   10000     
1.310602e+03      166.84          7.20            1.04316     0.00368       0.35  %   10000     
1.310650e+03      165.08          5.70            1.03450     0.00332       0.32  %   10000     
1.310710e+03      163.39          6.60            1.04038     0.00360       0.35  %   10000     
1.310755e+03      162.59          6.93            1.04263     0.00370       0.35  %   10000     
1.310896e+03      152.75          5.96            1.03904     0.00360       0.35  %   10000     
1.310932e+03      150.65          5.32            1.03534     0.00343       0.33  %   10000     
1.311095e+03      133.10          6.04            1.04536     0.00397       0.38  %   10000     
1.311191e+03      122.75          6.04            1.04922     0.00416       0.40  %   10000     
1.311506e+03      81.04           4.78            1.05898     0.00481       0.45  %   10000     
1.311627e+03      66.71           4.56            1.06837     0.00528       0.49  %   10000     
1.311680e+03      59.94           3.87            1.06456     0.00523       0.49  %   10000     
1.311815e+03      46.22           3.23            1.06984     0.00398       0.37  %   20000     
1.311825e+03      45.17           3.32            1.07355     0.00410       0.38  %   20000     
1.311945e+03      35.15           2.81            1.08009     0.00447       0.41  %   20000     
1.311990e+03      32.24           3.01            1.09335     0.00487       0.45  %   20000     
1.312065e+03      27.22           2.62            1.09637     0.00513       0.47  %   20000     
1.312145e+03      23.19           2.30            1.09917     0.00534       0.49  %   20000     
1.312185e+03      21.12           2.39            1.11324     0.00477       0.43  %   30000     
1.312291e+03      16.98           1.83            1.10764     0.00487       0.44  %   30000     
1.312322e+03      16.08           1.83            1.11410     0.00506       0.45  %   30000     
1.312402e+03      13.71           1.73            1.12617     0.00554       0.49  %   30000     
1.312499e+03      11.55           1.63            1.14092     0.00527       0.46  %   40000     
1.312513e+03      11.25           1.58            1.14074     0.00531       0.47  %   40000     
1.312632e+03      9.29            1.50            1.16184     0.00536       0.46  %   50000     
1.312721e+03      8.24            1.39            1.16911     0.00562       0.48  %   50000     
1.312773e+03      7.62            1.34            1.17549     0.00587       0.50  %   50000     
1.312931e+03      6.30            1.30            1.20600     0.00565       0.47  %   70000     
1.312950e+03      6.19            1.21            1.19596     0.00553       0.46  %   70000     
1.313107e+03      5.27            1.12            1.21180     0.00604       0.50  %   70000     
1.313293e+03      4.49            1.07            1.23858     0.00589       0.48  %   90000     
1.313295e+03      4.48            1.04            1.23154     0.00581       0.47  %   90000     
1.313549e+03      3.73            0.96            1.25695     0.00614       0.49  %   100000    
1.313801e+03      3.21            0.84            1.26258     0.00645       0.51  %   100000    
1.313854e+03      3.10            0.86            1.27888     0.00673       0.53  %   100000    
1.314193e+03      2.61            0.79            1.30262     0.00738       0.57  %   100000    
1.314463e+03      2.34            0.78            1.33332     0.00796       0.60  %   100000    
1.314589e+03      2.21            0.74            1.33372     0.00812       0.61  %   100000    
1.315064e+03      1.89            0.67            1.35280     0.00874       0.65  %   100000    
1.315432e+03      1.72            0.63            1.36346     0.00905       0.66  %   100000    
1.315620e+03      1.64            0.67            1.40750     0.00974       0.69  %   100000    
1.316218e+03      1.46            0.61            1.41512     0.01011       0.71  %   100000    
1.316816e+03      1.35            0.58            1.43203     0.01041       0.73  %   100000    
1.316853e+03      1.34            0.60            1.44821     0.01060       0.73  %   100000    
1.317613e+03      1.26            0.56            1.44584     0.01061       0.73  %   100000    
1.318410e+03      1.23            0.52            1.42045     0.01013       0.71  %   100000    
1.319241e+03      1.25            0.47            1.37764     0.00922       0.67  %   100000    
1.319318e+03      1.26            0.48            1.38054     0.00923       0.67  %   100000    
1.320454e+03      1.37            0.44            1.31948     0.00784       0.59  %   100000    
1.321362e+03      1.53            0.42            1.27534     0.00668       0.52  %   100000    
1.322256e+03      1.80            0.37            1.20621     0.00581       0.48  %   80000     
1.323003e+03      2.14            0.35            1.16363     0.00537       0.46  %   60000     
1.323432e+03      2.43            0.36            1.14917     0.00521       0.45  %   50000     
1.323643e+03      2.57            0.35            1.13512     0.00538       0.47  %   40000     
1.324215e+03      3.13            0.32            1.10322     0.00492       0.45  %   30000     
1.324536e+03      3.60            0.33            1.09227     0.00534       0.49  %   20000     
1.324577e+03      3.66            0.33            1.08945     0.00522       0.48  %   20000     
1.324701e+03      3.83            0.35            1.09017     0.00515       0.47  %   20000     
1.325032e+03      4.52            0.34            1.07510     0.00442       0.41  %   20000     
1.325114e+03      4.69            0.34            1.07285     0.00431       0.40  %   20000     
1.325445e+03      5.65            0.37            1.06568     0.00387       0.36  %   20000     
1.325461e+03      5.69            0.32            1.05675     0.00509       0.48  %   10000     
1.325740e+03      6.84            0.42            1.06137     0.00508       0.48  %   10000     
1.325786e+03      7.03            0.33            1.04714     0.00445       0.42  %   10000     
1.326004e+03      8.31            0.41            1.04964     0.00445       0.42  %   10000     
1.326065e+03      8.68            0.48            1.05574     0.00471       0.45  %   10000     
1.326223e+03      9.99            0.56            1.05655     0.00468       0.44  %   10000     
1.326293e+03      10.56           0.55            1.05253     0.00452       0.43  %   10000     
1.326396e+03      11.74           0.64            1.05410     0.00456       0.43  %   10000     
1.326492e+03      12.83           0.75            1.05876     0.00478       0.45  %   10000     
1.326562e+03      13.93           0.66            1.04728     0.00427       0.41  %   10000     
1.326686e+03      15.88           0.77            1.04825     0.00436       0.42  %   10000     
1.326706e+03      16.32           0.98            1.06003     0.00485       0.46  %   10000     
1.326851e+03      19.41           1.24            1.06395     0.00506       0.48  %   10000     
1.326996e+03      23.52           1.45            1.06186     0.00505       0.48  %   10000     
1.327016e+03      24.09           1.62            1.06721     0.00529       0.50  %   10000     
1.327140e+03      28.73           1.70            1.05907     0.00501       0.47  %   10000     
1.327182e+03      30.21           1.94            1.06431     0.00374       0.35  %   20000     
1.327285e+03      35.17           2.25            1.06405     0.00375       0.35  %   20000     
1.327347e+03      38.00           2.47            1.06499     0.00384       0.36  %   20000     
1.327430e+03      42.94           2.96            1.06887     0.00396       0.37  %   20000     
1.327529e+03      48.48           3.68            1.07589     0.00424       0.39  %   20000     
1.327595e+03      53.21           4.01            1.07531     0.00422       0.39  %   20000     
1.327744e+03      62.85           4.84            1.07696     0.00437       0.41  %   20000     
1.327785e+03      66.01           5.85            1.08865     0.00468       0.43  %   20000     
1.328083e+03      85.28           8.31            1.09743     0.00507       0.46  %   20000     
1.328306e+03      97.21           9.98            1.10271     0.00528       0.48  %   20000     
1.328414e+03      100.25          10.85           1.10826     0.00448       0.40  %   30000     
1.328505e+03      103.35          11.38           1.11013     0.00554       0.50  %   20000     
1.328637e+03      104.42          12.53           1.12001     0.00479       0.43  %   30000     
1.328673e+03      105.08          12.14           1.11555     0.00470       0.42  %   30000     
1.328752e+03      104.99          12.15           1.11571     0.00473       0.42  %   30000     
1.328829e+03      103.20          12.31           1.11932     0.00486       0.43  %   30000     
1.328864e+03      102.62          12.92           1.12588     0.00500       0.44  %   30000     
1.328948e+03      101.78          12.21           1.12000     0.00489       0.44  %   30000     
1.329075e+03      96.68           13.01           1.13454     0.00526       0.46  %   30000     
1.329175e+03      93.58           12.82           1.13697     0.00531       0.47  %   30000     
1.329340e+03      84.24           11.97           1.14214     0.00554       0.48  %   30000     
1.329803e+03      55.37           10.15           1.18331     0.00575       0.49  %   40000     
1.329911e+03      49.24           9.23            1.18747     0.00586       0.49  %   40000     
1.330010e+03      43.00           8.46            1.19669     0.00550       0.46  %   50000     
1.330159e+03      35.62           7.47            1.20972     0.00578       0.48  %   50000     
1.330196e+03      33.64           7.13            1.21185     0.00588       0.49  %   50000     
1.330361e+03      26.94           6.24            1.23157     0.00578       0.47  %   60000     
1.330366e+03      26.82           6.19            1.23073     0.00577       0.47  %   60000     
1.330527e+03      21.68           5.49            1.25322     0.00625       0.50  %   60000     
1.330572e+03      20.62           5.30            1.25699     0.00585       0.47  %   70000     
1.330692e+03      17.68           4.82            1.27238     0.00620       0.49  %   70000     
1.330779e+03      16.15           4.50            1.27874     0.00632       0.49  %   70000     
1.330878e+03      14.35           4.23            1.29496     0.00624       0.48  %   80000     
1.331011e+03      12.65           3.78            1.29857     0.00638       0.49  %   80000     
1.331072e+03      11.83           3.61            1.30547     0.00618       0.47  %   90000     
1.331259e+03      10.06           3.40            1.33823     0.00667       0.50  %   90000     
1.331293e+03      9.82            3.37            1.34278     0.00638       0.48  %   100000    
1.331503e+03      8.37            3.00            1.35819     0.00673       0.50  %   100000    
1.331606e+03      7.89            2.90            1.36726     0.00684       0.50  %   100000    
1.331796e+03      6.98            2.70            1.38692     0.00720       0.52  %   100000    
1.332061e+03      6.16            2.45            1.39852     0.00739       0.53  %   100000    
1.332133e+03      5.93            2.47            1.41673     0.00762       0.54  %   100000    
1.332412e+03      5.35            2.17            1.40535     0.00759       0.54  %   100000    
1.332619e+03      5.10            2.08            1.40754     0.00754       0.54  %   100000    
1.332784e+03      4.90            2.03            1.41427     0.00761       0.54  %   100000    
1.333094e+03      4.79            1.83            1.38158     0.00712       0.52  %   100000    
1.333363e+03      4.97            1.74            1.34977     0.00649       0.48  %   100000    
1.333418e+03      5.00            1.75            1.35040     0.00644       0.48  %   100000    
1.333638e+03      5.46            1.63            1.29948     0.00626       0.48  %   80000     
1.333803e+03      6.12            1.53            1.25038     0.00618       0.49  %   60000     
1.333933e+03      6.99            1.59            1.22716     0.00599       0.49  %   50000     
1.333940e+03      7.04            1.50            1.21244     0.00578       0.48  %   50000     
1.334050e+03      8.14            1.48            1.18174     0.00559       0.47  %   40000     
1.334161e+03      9.74            1.42            1.14592     0.00534       0.47  %   30000     
1.334261e+03      11.75           1.47            1.12482     0.00558       0.50  %   20000     
1.334275e+03      12.13           1.59            1.13121     0.00563       0.50  %   20000     
1.334361e+03      14.48           1.52            1.10486     0.00473       0.43  %   20000     
1.334443e+03      17.51           1.50            1.08558     0.00400       0.37  %   20000     
1.334461e+03      18.13           1.56            1.08631     0.00397       0.37  %   20000     
1.334561e+03      22.90           1.57            1.06865     0.00469       0.44  %   10000     
1.334612e+03      26.10           1.70            1.06522     0.00440       0.41  %   10000     
1.334668e+03      29.48           1.51            1.05130     0.00381       0.36  %   10000     
1.334782e+03      38.41           1.77            1.04603     0.00341       0.33  %   10000     
1.334911e+03      50.87           1.95            1.03839     0.00298       0.29  %   10000     
1.334925e+03      52.59           2.42            1.04611     0.00324       0.31  %   10000     
1.335068e+03      69.30           2.82            1.04067     0.00296       0.28  %   10000     
1.335096e+03      73.32           2.75            1.03749     0.00283       0.27  %   10000     
1.335331e+03      104.68          4.18            1.03990     0.00285       0.27  %   10000     
1.335395e+03      112.82          4.01            1.03557     0.00269       0.26  %   10000     
1.335614e+03      137.55          4.90            1.03564     0.00269       0.26  %   10000     
1.335719e+03      144.42          5.59            1.03871     0.00282       0.27  %   10000     
1.335806e+03      150.32          5.37            1.03570     0.00271       0.26  %   10000     
1.335934e+03      152.46          7.25            1.04753     0.00315       0.30  %   10000     
1.335948e+03      152.74          6.97            1.04560     0.00308       0.29  %   10000     
1.336074e+03      148.89          6.30            1.04235     0.00301       0.29  %   10000     
1.336120e+03      147.70          5.97            1.04042     0.00294       0.28  %   10000     
1.336284e+03      134.33          5.97            1.04446     0.00315       0.30  %   10000     
1.336321e+03      131.46          6.23            1.04737     0.00326       0.31  %   10000     
1.336513e+03      108.14          5.95            1.05501     0.00363       0.34  %   10000     
1.336842e+03      65.55           5.06            1.07718     0.00466       0.43  %   10000     
1.336988e+03      49.15           4.33            1.08814     0.00524       0.48  %   10000     
1.337000e+03      47.83           4.41            1.09220     0.00539       0.49  %   10000     
1.337128e+03      35.88           3.90            1.10867     0.00441       0.40  %   20000     
1.337198e+03      30.73           3.42            1.11134     0.00462       0.42  %   20000     
1.337248e+03      27.01           3.31            1.12272     0.00502       0.45  %   20000     
1.337357e+03      20.71           3.18            1.15367     0.00492       0.43  %   30000     
1.337399e+03      18.83           3.16            1.16787     0.00526       0.45  %   30000     
1.337465e+03      15.87           2.97            1.18728     0.00587       0.49  %   30000     
1.337562e+03      12.61           2.59            1.20584     0.00574       0.48  %   40000     
1.337640e+03      10.62           2.43            1.22908     0.00570       0.46  %   50000     
1.337668e+03      9.91            2.47            1.24866     0.00609       0.49  %   50000     
1.337766e+03      8.07            2.31            1.28649     0.00642       0.50  %   60000     
1.337881e+03      6.51            2.11            1.32336     0.00637       0.48  %   80000     
1.337996e+03      5.40            2.11            1.38968     0.00671       0.48  %   100000    
1.338136e+03      4.47            1.94            1.43318     0.00759       0.53  %   100000    
1.338227e+03      4.06            1.90            1.46868     0.00816       0.56  %   100000    
1.338287e+03      3.79            1.84            1.48581     0.00854       0.57  %   100000    
1.338464e+03      3.25            1.78            1.54738     0.00961       0.62  %   100000    
1.338716e+03      2.74            1.64            1.60083     0.01071       0.67  %   100000    
1.338786e+03      2.64            1.58            1.59864     0.01081       0.68  %   100000    
1.339005e+03      2.35            1.54            1.65441     0.01183       0.72  %   100000    
1.339353e+03      2.03            1.44            1.70858     0.01298       0.76  %   100000    
1.339788e+03      1.76            1.35            1.76585     0.01414       0.80  %   100000    
1.339930e+03      1.70            1.36            1.80137     0.01458       0.81  %   100000    
1.340310e+03      1.54            1.33            1.86511     0.01569       0.84  %   100000    
1.340921e+03      1.38            1.29            1.93770     0.01690       0.87  %   100000    
1.341533e+03      1.27            1.17            1.92138     0.01707       0.89  %   100000    
1.341930e+03      1.23            1.14            1.93324     0.01721       0.89  %   100000    
1.342347e+03      1.18            1.09            1.92185     0.01722       0.90  %   100000    
1.343570e+03      1.13            1.05            1.92170     0.01699       0.88  %   100000    
1.344583e+03      1.15            0.98            1.85240     0.01573       0.85  %   100000    
1.345850e+03      1.25            0.91            1.72954     0.01344       0.78  %   100000    
1.346864e+03      1.41            0.87            1.61777     0.01128       0.70  %   100000    
1.347624e+03      1.60            0.83            1.51562     0.00945       0.62  %   100000    
1.348406e+03      1.89            0.79            1.41943     0.00765       0.54  %   100000    
1.348696e+03      2.06            0.73            1.35708     0.00672       0.50  %   100000    
1.349076e+03      2.27            0.69            1.30458     0.00651       0.50  %   80000     
1.349627e+03      2.73            0.68            1.24731     0.00607       0.49  %   60000     
1.350129e+03      3.34            0.64            1.19232     0.00585       0.49  %   40000     
1.350559e+03      4.09            0.58            1.14110     0.00520       0.46  %   30000     
1.350908e+03      4.96            0.59            1.11815     0.00528       0.47  %   20000     
1.351003e+03      5.30            0.57            1.10703     0.00488       0.44  %   20000     
1.351207e+03      6.01            0.59            1.09799     0.00442       0.40  %   20000     
1.351308e+03      6.52            0.52            1.08051     0.00389       0.36  %   20000     
1.351485e+03      7.40            0.56            1.07607     0.00512       0.48  %   10000     
1.351613e+03      8.31            0.67            1.08085     0.00507       0.47  %   10000     
1.351709e+03      8.99            0.60            1.06695     0.00454       0.43  %   10000     
1.351819e+03      10.09           0.58            1.05722     0.00408       0.39  %   10000     
1.351902e+03      10.93           0.62            1.05704     0.00402       0.38  %   10000     
1.351973e+03      11.92           0.74            1.06217     0.00413       0.39  %   10000     
1.352063e+03      13.17           0.71            1.05403     0.00382       0.36  %   10000     
1.352127e+03      14.42           0.76            1.05266     0.00372       0.35  %   10000     
1.352223e+03      16.29           0.84            1.05186     0.00369       0.35  %   10000     
1.352261e+03      17.31           0.78            1.04488     0.00341       0.33  %   10000     
1.352368e+03      20.19           1.05            1.05194     0.00367       0.35  %   10000     
1.352385e+03      20.84           1.02            1.04905     0.00356       0.34  %   10000     
1.352494e+03      24.82           1.36            1.05487     0.00378       0.36  %   10000     
1.352498e+03      24.94           1.39            1.05576     0.00382       0.36  %   10000     
1.352603e+03      30.10           1.40            1.04640     0.00351       0.34  %   10000     
1.352635e+03      31.60           1.77            1.05612     0.00388       0.37  %   10000     
1.352713e+03      36.59           1.82            1.04987     0.00367       0.35  %   10000     
1.352761e+03      39.65           2.53            1.06390     0.00419       0.39  %   10000     
1.352818e+03      44.31           2.85            1.06433     0.00421       0.40  %   10000     
1.352903e+03      51.07           3.18            1.06232     0.00421       0.40  %   10000     
1.352934e+03      54.30           3.25            1.05992     0.00413       0.39  %   10000     
1.353057e+03      66.61           3.92            1.05881     0.00417       0.39  %   10000     
1.353062e+03      67.27           4.24            1.06301     0.00431       0.41  %   10000     
1.353197e+03      83.32           5.26            1.06315     0.00439       0.41  %   10000     
1.353211e+03      84.88           6.22            1.07331     0.00474       0.44  %   10000     
1.353365e+03      105.51          7.70            1.07300     0.00479       0.45  %   10000     
1.353434e+03      113.68          9.00            1.07914     0.00505       0.47  %   10000     
1.353632e+03      136.91          10.90           1.07964     0.00516       0.48  %   10000     
1.353858e+03      159.12          13.33           1.08380     0.00536       0.49  %   10000     
1.353961e+03      164.08          15.87           1.09670     0.00412       0.38  %   20000     
1.354043e+03      168.89          16.88           1.09994     0.00419       0.38  %   20000     
1.354167e+03      169.48          16.10           1.09500     0.00415       0.38  %   20000     
1.354251e+03      171.42          18.05           1.10529     0.00436       0.39  %   20000     
1.354260e+03      171.35          17.39           1.10150     0.00429       0.39  %   20000     
1.354368e+03      167.03          17.55           1.10510     0.00443       0.40  %   20000     
1.354459e+03      165.17          19.10           1.11564     0.00465       0.42  %   20000     
1.354562e+03      157.45          18.21           1.11569     0.00472       0.42  %   20000     
1.354675e+03      150.51          16.96           1.11271     0.00468       0.42  %   20000     
1.354798e+03      137.74          17.54           1.12731     0.00506       0.45  %   20000     
1.355225e+03      88.46           13.11           1.14816     0.00473       0.41  %   30000     
1.355325e+03      77.39           12.00           1.15509     0.00489       0.42  %   30000     
1.355394e+03      69.02           11.26           1.16316     0.00512       0.44  %   30000     
1.355538e+03      54.82           9.31            1.16982     0.00538       0.46  %   30000     
1.355551e+03      53.45           10.36           1.19386     0.00576       0.48  %   30000     
1.355692e+03      41.85           8.43            1.20151     0.00529       0.44  %   40000     
1.355714e+03      40.46           8.01            1.19787     0.00526       0.44  %   40000     
1.355824e+03      33.19           7.20            1.21681     0.00572       0.47  %   40000     
1.355890e+03      29.89           6.70            1.22423     0.00589       0.48  %   40000     
1.355956e+03      26.46           6.12            1.23137     0.00551       0.45  %   50000     
1.356073e+03      21.94           5.54            1.25233     0.00594       0.47  %   50000     
1.356088e+03      21.37           5.43            1.25412     0.00600       0.48  %   50000     
1.356218e+03      17.56           4.80            1.27319     0.00593       0.47  %   60000     
1.356275e+03      16.33           4.53            1.27753     0.00604       0.47  %   60000     
1.356362e+03      14.43           4.23            1.29310     0.00641       0.50  %   60000     
1.356507e+03      12.13           3.89            1.32021     0.00642       0.49  %   70000     
1.356699e+03      9.94            3.49            1.35110     0.00660       0.49  %   80000     
1.356828e+03      8.97            3.37            1.37601     0.00655       0.48  %   90000     
1.356924e+03      8.22            3.15            1.38294     0.00678       0.49  %   90000     
1.357145e+03      7.07            2.81            1.39743     0.00677       0.48  %   100000    
1.357270e+03      6.64            2.77            1.41660     0.00697       0.49  %   100000    
1.357353e+03      6.36            2.70            1.42542     0.00711       0.50  %   100000    
1.357519e+03      6.02            2.45            1.40756     0.00699       0.50  %   100000    
1.357685e+03      5.95            2.34            1.39313     0.00675       0.48  %   100000    
1.357816e+03      6.19            2.18            1.35167     0.00648       0.48  %   90000     
1.357850e+03      6.26            2.25            1.35915     0.00650       0.48  %   90000     
1.357988e+03      6.94            2.13            1.30682     0.00640       0.49  %   70000     
1.358098e+03      7.88            2.02            1.25597     0.00590       0.47  %   60000     
1.358206e+03      9.26            2.07            1.22313     0.00556       0.45  %   50000     
1.358326e+03      11.46           2.02            1.17608     0.00575       0.49  %   30000     
1.358342e+03      11.88           1.99            1.16749     0.00551       0.47  %   30000     
1.358446e+03      14.49           1.89            1.13065     0.00548       0.48  %   20000     
1.358567e+03      18.45           1.90            1.10278     0.00440       0.40  %   20000     
1.358727e+03      25.21           1.92            1.07616     0.00476       0.44  %   10000     
1.358737e+03      25.73           1.89            1.07354     0.00464       0.43  %   10000     
1.358813e+03      29.69           1.76            1.05920     0.00398       0.38  %   10000     
1.358956e+03      37.15           1.95            1.05247     0.00351       0.33  %   10000     
1.359112e+03      45.48           1.98            1.04349     0.00303       0.29  %   10000     
1.359258e+03      53.15           2.02            1.03792     0.00274       0.26  %   10000     
1.359458e+03      60.25           1.96            1.03251     0.00249       0.24  %   10000     
1.359632e+03      62.36           1.97            1.03157     0.00245       0.24  %   10000     
1.359801e+03      60.24           2.11            1.03510     0.00263       0.25  %   10000     
1.359828e+03      59.26           1.84            1.03104     0.00249       0.24  %   10000     
1.359997e+03      53.24           2.35            1.04406     0.00305       0.29  %   10000     
1.360013e+03      52.40           2.34            1.04469     0.00309       0.30  %   10000     
1.360354e+03      34.05           2.18            1.06397     0.00416       0.39  %   10000     
1.360403e+03      31.51           2.41            1.07639     0.00465       0.43  %   10000     
1.360563e+03      23.18           2.22            1.09578     0.00405       0.37  %   20000     
1.360713e+03      16.81           2.23            1.13255     0.00530       0.47  %   20000     
1.360837e+03      12.63           2.27            1.17963     0.00557       0.47  %   30000     
1.360944e+03      9.82            2.15            1.21897     0.00586       0.48  %   40000     
1.361051e+03      7.65            2.10            1.27462     0.00590       0.46  %   60000     
1.361158e+03      6.02            2.06            1.34124     0.00669       0.50  %   70000     
1.361247e+03      5.02            2.01            1.40069     0.00687       0.49  %   90000     
1.361259e+03      4.88            1.99            1.40825     0.00702       0.50  %   90000     
1.361350e+03      4.12            1.93            1.46871     0.00767       0.52  %   100000    
1.361454e+03      3.49            1.97            1.56359     0.00901       0.58  %   100000    
1.361584e+03      2.95            1.90            1.64467     0.01033       0.63  %   100000    
1.361713e+03      2.61            1.87            1.71639     0.01144       0.67  %   100000    
1.361869e+03      2.34            1.89            1.80550     0.01260       0.70  %   100000    
1.361944e+03      2.27            1.80            1.79111     0.01261       0.70  %   100000    
1.362076e+03      2.14            1.75            1.81744     0.01309       0.72  %   100000    
1.362387e+03      2.00            1.68            1.83962     0.01352       0.73  %   100000    
1.362906e+03      1.92            1.55            1.80724     0.01314       0.73  %   100000    
1.363317e+03      1.96            1.38            1.70751     0.01192       0.70  %   100000    
1.363831e+03      2.12            1.19            1.56300     0.00995       0.64  %   100000    
1.364242e+03      2.37            1.06            1.44585     0.00819       0.57  %   100000    
1.364605e+03      2.74            0.93            1.33953     0.00653       0.49  %   100000    
1.364724e+03      2.92            0.90            1.30924     0.00632       0.48  %   90000     
1.364878e+03      3.17            0.86            1.27085     0.00598       0.47  %   80000     
1.365096e+03      3.67            0.83            1.22542     0.00579       0.47  %   60000     
1.365287e+03      4.30            0.83            1.19359     0.00538       0.45  %   50000     
1.365456e+03      5.14            0.80            1.15477     0.00567       0.49  %   30000     
1.365583e+03      6.05            0.75            1.12429     0.00470       0.42  %   30000     
1.365709e+03      7.31            0.71            1.09767     0.00468       0.43  %   20000     
1.365711e+03      7.33            0.71            1.09701     0.00466       0.42  %   20000     
1.365817e+03      8.82            0.76            1.08606     0.00408       0.38  %   20000     
1.365823e+03      8.90            0.73            1.08179     0.00396       0.37  %   20000     
1.365935e+03      11.07           0.73            1.06553     0.00466       0.44  %   10000     
1.365968e+03      11.94           0.75            1.06260     0.00444       0.42  %   10000     
1.366041e+03      13.87           0.77            1.05547     0.00402       0.38  %   10000     
1.366118e+03      16.62           0.85            1.05123     0.00368       0.35  %   10000     
1.366147e+03      17.63           0.86            1.04887     0.00356       0.34  %   10000     
1.366253e+03      22.59           0.94            1.04179     0.00314       0.30  %   10000     
1.366253e+03      22.61           0.82            1.03625     0.00293       0.28  %   10000     
1.366361e+03      29.12           1.00            1.03440     0.00276       0.27  %   10000     
1.366375e+03      30.21           0.97            1.03223     0.00266       0.26  %   10000     
1.366483e+03      38.54           1.38            1.03574     0.00274       0.26  %   10000     
1.366496e+03      39.92           1.31            1.03290     0.00262       0.25  %   10000     
1.366614e+03      51.45           1.66            1.03222     0.00257       0.25  %   10000     
1.366618e+03      51.88           1.42            1.02740     0.00237       0.23  %   10000     
1.366739e+03      66.49           2.20            1.03307     0.00259       0.25  %   10000     
1.366771e+03      70.13           1.96            1.02790     0.00238       0.23  %   10000     
1.366889e+03      86.97           2.70            1.03107     0.00251       0.24  %   10000     
1.366999e+03      101.88          2.71            1.02660     0.00235       0.23  %   10000     
1.367077e+03      112.55          3.16            1.02804     0.00242       0.23  %   10000     
1.367343e+03      146.37          5.21            1.03558     0.00276       0.27  %   10000     
1.367499e+03      158.34          7.60            1.04800     0.00325       0.31  %   10000     
1.367532e+03      161.01          6.94            1.04308     0.00308       0.30  %   10000     
1.367705e+03      165.08          7.57            1.04584     0.00323       0.31  %   10000     
1.367719e+03      165.50          6.89            1.04164     0.00308       0.30  %   10000     
1.367731e+03      165.47          8.91            1.05382     0.00350       0.33  %   10000     
1.367885e+03      160.45          7.83            1.04880     0.00340       0.32  %   10000     
1.367896e+03      160.14          8.02            1.05008     0.00344       0.33  %   10000     
1.367907e+03      159.25          8.70            1.05463     0.00360       0.34  %   10000     
1.368073e+03      146.40          8.64            1.05902     0.00381       0.36  %   10000     
1.368112e+03      141.67          8.11            1.05724     0.00379       0.36  %   10000     
1.368329e+03      115.61          8.35            1.07219     0.00440       0.41  %   10000     
1.368340e+03      114.25          7.77            1.06801     0.00428       0.40  %   10000     
1.368626e+03      75.20           6.23            1.08284     0.00508       0.47  %   10000     
1.368791e+03      55.20           6.25            1.11317     0.00443       0.40  %   20000     
1.368808e+03      53.49           5.56            1.10398     0.00427       0.39  %   20000     
1.368931e+03      41.02           4.94            1.12030     0.00487       0.43  %   20000     
1.369016e+03      34.18           4.96            1.14513     0.00554       0.48  %   20000     
1.369051e+03      31.32           4.64            1.14803     0.00573       0.50  %   20000     
1.369155e+03      24.57           4.19            1.17058     0.00534       0.46  %   30000     
1.369225e+03      21.06           3.72            1.17678     0.00565       0.48  %   30000     
1.369264e+03      19.04           3.89            1.20454     0.00542       0.45  %   40000     
1.369369e+03      14.93           3.58            1.23972     0.00564       0.45  %   50000     
1.369435e+03      13.00           3.44            1.26431     0.00615       0.49  %   50000     
1.369475e+03      11.83           3.33            1.28167     0.00599       0.47  %   60000     
1.369580e+03      9.51            3.14            1.33030     0.00645       0.48  %   70000     
1.369646e+03      8.46            3.01            1.35540     0.00649       0.48  %   80000     
1.369697e+03      7.63            2.92            1.38279     0.00660       0.48  %   90000     
1.369816e+03      6.25            2.88            1.46078     0.00737       0.50  %   100000    
1.369944e+03      5.21            2.82            1.54226     0.00850       0.55  %   100000    
1.369952e+03      5.14            2.68            1.52093     0.00838       0.55  %   100000    
1.370089e+03      4.35            2.71            1.62324     0.00977       0.60  %   100000    
1.370281e+03      3.58            2.57            1.71799     0.01126       0.66  %   100000    
1.370442e+03      3.14            2.50            1.79497     0.01237       0.69  %   100000    
1.370505e+03      2.97            2.43            1.81646     0.01283       0.71  %   100000    
1.370774e+03      2.47            2.40            1.96980     0.01500       0.76  %   100000    
1.371108e+03      2.04            2.21            2.08180     0.01699       0.82  %   100000    
1.371196e+03      1.97            2.21            2.12538     0.01754       0.83  %   100000    
1.371507e+03      1.69            2.15            2.26833     0.01978       0.87  %   100000    
1.371973e+03      1.41            2.14            2.51445     0.02313       0.92  %   100000    
1.372238e+03      1.30            2.05            2.57563     0.02426       0.94  %   100000    
1.372528e+03      1.18            1.99            2.67971     0.02607       0.97  %   100000    
1.373194e+03      1.00            1.95            2.95297     0.03002       1.02  %   100000    
1.373915e+03      0.86            1.87            3.16829     0.03331       1.05  %   100000    
1.373963e+03      0.86            1.92            3.24260     0.03401       1.05  %   100000    
1.375032e+03      0.72            1.77            3.43954     0.03789       1.10  %   100000    
1.376314e+03      0.63            1.68            3.68312     0.04182       1.14  %   100000    
1.376569e+03      0.61            1.78            3.89561     0.04363       1.12  %   100000    
1.377707e+03      0.56            1.67            4.00454     0.04612       1.15  %   100000    
1.379321e+03      0.51            1.58            4.12923     0.04858       1.18  %   100000    
1.381472e+03      0.46            1.40            4.01542     0.04870       1.21  %   100000    
1.384636e+03      0.44            0.90            3.07106     0.04073       1.33  %   100000    
1.385690e+03      0.43            0.83            2.90509     0.03881       1.34  %   100000    
1.387917e+03      0.45            0.68            2.51911     0.03351       1.33  %   100000    
1.389587e+03      0.49            0.60            2.22426     0.02849       1.28  %   100000    
1.390426e+03      0.53            0.57            2.07648     0.02551       1.23  %   100000    
1.391228e+03      0.59            0.56            1.93859     0.02230       1.15  %   100000    
1.391273e+03      0.60            0.55            1.91833     0.02197       1.15  %   100000    
1.391838e+03      0.68            0.52            1.76920     0.01868       1.06  %   100000    
1.392261e+03      0.77            0.54            1.69823     0.01653       0.97  %   100000    
1.392638e+03      0.91            0.52            1.57104     0.01372       0.87  %   100000    
1.392873e+03      1.04            0.50            1.48615     0.01180       0.79  %   100000    
1.393034e+03      1.17            0.51            1.43097     0.01044       0.73  %   100000    
1.393079e+03      1.21            0.50            1.41399     0.01006       0.71  %   100000    
1.393226e+03      1.40            0.51            1.36157     0.00872       0.64  %   100000    
1.393361e+03      1.66            0.50            1.29814     0.00728       0.56  %   100000    
1.393483e+03      2.01            0.49            1.24319     0.00599       0.48  %   100000    
1.393587e+03      2.44            0.51            1.20993     0.00566       0.47  %   80000     
1.393692e+03      3.04            0.48            1.15744     0.00559       0.48  %   50000     
1.393779e+03      3.73            0.48            1.12938     0.00516       0.46  %   40000     
1.393866e+03      4.65            0.50            1.10746     0.00492       0.44  %   30000     
1.393958e+03      5.94            0.47            1.07908     0.00465       0.43  %   20000     
1.394051e+03      7.64            0.48            1.06335     0.00375       0.35  %   20000     
1.394099e+03      8.78            0.50            1.05659     0.00475       0.45  %   10000     
1.394144e+03      9.84            0.44            1.04510     0.00408       0.39  %   10000     
1.394248e+03      13.02           0.49            1.03732     0.00337       0.33  %   10000     
1.394358e+03      17.31           0.63            1.03646     0.00305       0.29  %   10000     
1.394396e+03      19.14           0.47            1.02440     0.00243       0.24  %   10000     
1.394480e+03      23.26           0.46            1.01958     0.00208       0.20  %   10000     
1.394632e+03      32.43           0.44            1.01369     0.00162       0.16  %   10000     
1.394648e+03      33.64           0.70            1.02071     0.00197       0.19  %   10000     
1.394878e+03      50.38           0.66            1.01304     0.00148       0.15  %   10000     
1.394895e+03      51.57           0.55            1.01061     0.00133       0.13  %   10000     
1.395166e+03      70.94           0.75            1.01056     0.00130       0.13  %   10000     
1.395350e+03      79.91           0.84            1.01052     0.00129       0.13  %   10000     
1.395498e+03      82.78           1.01            1.01216     0.00140       0.14  %   10000     
1.395519e+03      83.20           0.85            1.01022     0.00128       0.13  %   10000     
1.395544e+03      83.24           0.80            1.00959     0.00125       0.12  %   10000     
1.395717e+03      80.30           0.84            1.01042     0.00132       0.13  %   10000     
1.395753e+03      78.63           0.92            1.01175     0.00141       0.14  %   10000     
1.395864e+03      73.52           1.05            1.01425     0.00158       0.16  %   10000     
1.395891e+03      72.28           1.18            1.01628     0.00169       0.17  %   10000     
1.396148e+03      54.35           0.88            1.01618     0.00179       0.18  %   10000     
1.396181e+03      52.04           0.67            1.01280     0.00161       0.16  %   10000     
1.396440e+03      33.18           0.68            1.02045     0.00225       0.22  %   10000     
1.396593e+03      23.84           0.70            1.02944     0.00294       0.29  %   10000     
1.396710e+03      18.00           0.67            1.03714     0.00359       0.35  %   10000     
1.396811e+03      13.97           0.61            1.04346     0.00420       0.40  %   10000     
1.396823e+03      13.49           0.56            1.04159     0.00416       0.40  %   10000     
1.396932e+03      10.10           0.56            1.05592     0.00378       0.36  %   20000     
1.397028e+03      7.77            0.54            1.06943     0.00463       0.43  %   20000     
1.397125e+03      5.98            0.47            1.07838     0.00444       0.41  %   30000     
1.397175e+03      5.28            0.52            1.09919     0.00524       0.48  %   30000     
1.397215e+03      4.72            0.45            1.09506     0.00538       0.49  %   30000     
1.397300e+03      3.81            0.41            1.10774     0.00544       0.49  %   40000     
1.397385e+03      3.11            0.43            1.13810     0.00548       0.48  %   60000     
1.397487e+03      2.49            0.42            1.16986     0.00578       0.49  %   80000     
1.397590e+03      2.05            0.41            1.20110     0.00612       0.51  %   100000    
1.397634e+03      1.92            0.42            1.21610     0.00652       0.54  %   100000    
1.397709e+03      1.70            0.40            1.23649     0.00722       0.58  %   100000    
1.397835e+03      1.44            0.39            1.27111     0.00833       0.66  %   100000    
1.397988e+03      1.23            0.38            1.30957     0.00955       0.73  %   100000    
1.398172e+03      1.07            0.40            1.37406     0.01119       0.81  %   100000    
1.398417e+03      0.92            0.36            1.39235     0.01220       0.88  %   100000    
1.398646e+03      0.83            0.36            1.43808     0.01344       0.93  %   100000    
1.398723e+03      0.80            0.37            1.46564     0.01409       0.96  %   100000    
1.399175e+03      0.69            0.36            1.52508     0.01600       1.05  %   100000    
1.399776e+03      0.60            0.33            1.54563     0.01732       1.12  %   100000    
1.400529e+03      0.54            0.35            1.65036     0.01978       1.20  %   100000    
1.401498e+03      0.49            0.33            1.67315     0.02068       1.24  %   100000    
1.401680e+03      0.48            0.31            1.63265     0.02019       1.24  %   100000    
1.403327e+03      0.45            0.30            1.66838     0.02114       1.27  %   100000    
1.405524e+03      0.44            0.28            1.62718     0.02026       1.25  %   100000    
1.408776e+03      0.46            0.25            1.54747     0.01790       1.16  %   100000    
1.410983e+03      0.50            0.24            1.48583     0.01590       1.07  %   100000    
1.413229e+03      0.55            0.22            1.39061     0.01318       0.95  %   100000    
1.413623e+03      0.57            0.22            1.38598     0.01285       0.93  %   100000    
1.415462e+03      0.65            0.19            1.29895     0.01028       0.79  %   100000    
1.417128e+03      0.76            0.19            1.25156     0.00844       0.67  %   100000    
1.418176e+03      0.86            0.18            1.20468     0.00699       0.58  %   100000    
1.418515e+03      0.90            0.18            1.19582     0.00664       0.56  %   100000    
1.419702e+03      1.08            0.16            1.15129     0.00574       0.50  %   80000     
1.420610e+03      1.29            0.16            1.12140     0.00530       0.47  %   60000     
1.420710e+03      1.32            0.16            1.11957     0.00518       0.46  %   60000     
1.421399e+03      1.55            0.14            1.09311     0.00503       0.46  %   40000     
1.422130e+03      1.90            0.13            1.06718     0.00531       0.50  %   20000     
1.422745e+03      2.33            0.10            1.04159     0.00369       0.35  %   20000     
1.423214e+03      2.81            0.10            1.03531     0.00433       0.42  %   10000     
1.423547e+03      3.31            0.10            1.03074     0.00372       0.36  %   10000     
1.423616e+03      3.41            0.08            1.02418     0.00325       0.32  %   10000     
1.423905e+03      4.03            0.09            1.02128     0.00284       0.28  %   10000     
1.424111e+03      4.67            0.07            1.01585     0.00231       0.23  %   10000     
1.424111e+03      4.68            0.07            1.01450     0.00221       0.22  %   10000     
1.424292e+03      5.49            0.06            1.01009     0.00175       0.17  %   10000     
1.424393e+03      6.16            0.09            1.01484     0.00205       0.20  %   10000     
1.424447e+03      6.51            0.08            1.01284     0.00189       0.19  %   10000     
1.424576e+03      7.75            0.09            1.01136     0.00171       0.17  %   10000     
1.424604e+03      8.14            0.05            1.00605     0.00123       0.12  %   10000     
1.424699e+03      9.41            0.07            1.00699     0.00130       0.13  %   10000     
1.424752e+03      10.43           0.05            1.00510     0.00109       0.11  %   10000     
1.424821e+03      11.75           0.06            1.00496     0.00106       0.11  %   10000     
1.424868e+03      12.97           0.07            1.00526     0.00107       0.11  %   10000     
1.424927e+03      14.49           0.06            1.00387     0.00091       0.09  %   10000     
1.425003e+03      17.12           0.07            1.00414     0.00092       0.09  %   10000     
1.425032e+03      18.11           0.07            1.00371     0.00087       0.09  %   10000     
1.425138e+03      22.94           0.10            1.00415     0.00091       0.09  %   10000     
1.425154e+03      23.63           0.08            1.00356     0.00084       0.08  %   10000     
1.425269e+03      30.43           0.08            1.00268     0.00072       0.07  %   10000     
1.425274e+03      30.78           0.12            1.00402     0.00088       0.09  %   10000     
1.425401e+03      40.26           0.13            1.00318     0.00077       0.08  %   10000     
1.425428e+03      42.79           0.12            1.00278     0.00072       0.07  %   10000     
1.425549e+03      53.98           0.21            1.00385     0.00084       0.08  %   10000     
1.425616e+03      61.59           0.21            1.00343     0.00079       0.08  %   10000     
1.425751e+03      76.42           0.29            1.00376     0.00082       0.08  %   10000     
1.426122e+03      118.76          0.48            1.00402     0.00084       0.08  %   10000     
1.426165e+03      123.51          0.51            1.00417     0.00085       0.08  %   10000     
1.426350e+03      137.17          1.00            1.00727     0.00112       0.11  %   10000     
1.426372e+03      138.79          0.84            1.00603     0.00102       0.10  %   10000     
1.426563e+03      144.06          0.69            1.00482     0.00091       0.09  %   10000     
1.426572e+03      144.31          0.62            1.00430     0.00086       0.09  %   10000     
1.426592e+03      143.91          0.97            1.00672     0.00107       0.11  %   10000     
1.426770e+03      140.50          1.04            1.00743     0.00113       0.11  %   10000     
1.426975e+03      128.58          1.13            1.00876     0.00125       0.12  %   10000     
1.427123e+03      119.51          1.48            1.01236     0.00152       0.15  %   10000     
1.427262e+03      110.56          1.66            1.01501     0.00174       0.17  %   10000     
1.427308e+03      107.42          1.52            1.01416     0.00172       0.17  %   10000     
1.427375e+03      105.17          1.56            1.01486     0.00181       0.18  %   10000     
1.427473e+03      101.53          1.83            1.01807     0.00209       0.21  %   10000     
1.427484e+03      101.56          2.30            1.02264     0.00235       0.23  %   10000     
1.427618e+03      101.34          2.53            1.02495     0.00263       0.26  %   10000     
1.427636e+03      101.21          2.32            1.02292     0.00255       0.25  %   10000     
1.427760e+03      105.37          3.58            1.03396     0.00327       0.32  %   10000     
1.427807e+03      106.54          3.83            1.03592     0.00344       0.33  %   10000     
1.427943e+03      114.82          3.64            1.03169     0.00336       0.33  %   10000     
1.428039e+03      119.54          6.27            1.05247     0.00445       0.42  %   10000     
1.428444e+03      139.65          7.62            1.05455     0.00487       0.46  %   10000     
1.428641e+03      142.40          9.04            1.06348     0.00380       0.36  %   20000     
1.428651e+03      142.68          9.68            1.06785     0.00393       0.37  %   20000     
1.428754e+03      142.33          9.69            1.06807     0.00397       0.37  %   20000     
1.428841e+03      139.61          10.52           1.07538     0.00423       0.39  %   20000     
1.428885e+03      138.73          10.26           1.07397     0.00421       0.39  %   20000     
1.428901e+03      138.56          11.09           1.08007     0.00438       0.41  %   20000     
1.429053e+03      131.86          10.51           1.07968     0.00445       0.41  %   20000     
1.429065e+03      131.51          9.62            1.07312     0.00426       0.40  %   20000     
1.429273e+03      117.60          12.44           1.10578     0.00525       0.47  %   20000     
1.429314e+03      115.15          9.49            1.08238     0.00465       0.43  %   20000     
1.429737e+03      77.02           9.47            1.12300     0.00495       0.44  %   30000     
1.429928e+03      60.10           7.73            1.12857     0.00523       0.46  %   30000     
1.429940e+03      58.96           8.07            1.13686     0.00542       0.48  %   30000     
1.430099e+03      46.45           7.16            1.15409     0.00517       0.45  %   40000     
1.430131e+03      44.47           6.10            1.13726     0.00566       0.50  %   30000     
1.430244e+03      36.94           5.92            1.16015     0.00548       0.47  %   40000     
1.430334e+03      32.32           5.86            1.18124     0.00530       0.45  %   50000     
1.430390e+03      29.29           5.12            1.17492     0.00533       0.45  %   50000     
1.430513e+03      24.32           5.12            1.21075     0.00602       0.50  %   50000     
1.430536e+03      23.31           4.76            1.20404     0.00599       0.50  %   50000     
1.430668e+03      19.18           3.98            1.20752     0.00574       0.48  %   60000     
1.430714e+03      18.10           4.23            1.23344     0.00612       0.50  %   60000     
1.430812e+03      15.71           3.64            1.23198     0.00585       0.48  %   70000     
1.430948e+03      13.28           3.45            1.26002     0.00598       0.47  %   80000     
1.430957e+03      13.11           3.46            1.26404     0.00605       0.48  %   80000     
1.431139e+03      10.72           3.22            1.30039     0.00637       0.49  %   90000     
1.431211e+03      10.04           2.94            1.29259     0.00635       0.49  %   90000     
1.431334e+03      8.87            2.75            1.31038     0.00642       0.49  %   100000    
1.431537e+03      7.50            2.47            1.32881     0.00684       0.51  %   100000    
1.431562e+03      7.32            2.61            1.35603     0.00716       0.53  %   100000    
1.431849e+03      5.95            2.46            1.41246     0.00812       0.57  %   100000    
1.431972e+03      5.55            2.24            1.40426     0.00814       0.58  %   100000    
1.432175e+03      4.86            2.11            1.43421     0.00876       0.61  %   100000    
1.432437e+03      4.25            2.06            1.48326     0.00951       0.64  %   100000    
1.432571e+03      3.94            1.94            1.49249     0.00984       0.66  %   100000    
1.433024e+03      3.20            1.76            1.55083     0.01097       0.71  %   100000    
1.433076e+03      3.14            1.73            1.55149     0.01101       0.71  %   100000    
1.433479e+03      2.68            1.63            1.61024     0.01215       0.75  %   100000    
1.433953e+03      2.29            1.52            1.66660     0.01319       0.79  %   100000    
1.434037e+03      2.22            1.52            1.68446     0.01351       0.80  %   100000    
1.434721e+03      1.83            1.42            1.77851     0.01522       0.86  %   100000    
1.435068e+03      1.69            1.35            1.79634     0.01565       0.87  %   100000    
1.435450e+03      1.54            1.34            1.86948     0.01684       0.90  %   100000    
1.436301e+03      1.32            1.24            1.94573     0.01832       0.94  %   100000    
1.436821e+03      1.22            1.17            1.95777     0.01869       0.95  %   100000    
1.437149e+03      1.16            1.16            2.00316     0.01941       0.97  %   100000    
1.438281e+03      1.03            1.07            2.03752     0.02024       0.99  %   100000    
1.439213e+03      0.97            1.01            2.03757     0.02018       0.99  %   100000    
1.439696e+03      0.94            0.99            2.05652     0.02041       0.99  %   100000    
1.440828e+03      0.92            0.91            1.99612     0.01941       0.97  %   100000    
1.441972e+03      0.94            0.87            1.92659     0.01787       0.93  %   100000    
1.443116e+03      1.02            0.79            1.77943     0.01522       0.86  %   100000    
1.443974e+03      1.13            0.74            1.65346     0.01287       0.78  %   100000    
1.444776e+03      1.30            0.72            1.55412     0.01074       0.69  %   100000    
1.444832e+03      1.31            0.73            1.55903     0.01071       0.69  %   100000    
1.445490e+03      1.54            0.68            1.44067     0.00849       0.59  %   100000    
1.446007e+03      1.81            0.62            1.34282     0.00674       0.50  %   100000    
1.446265e+03      2.01            0.59            1.29443     0.00618       0.48  %   90000     
1.446437e+03      2.14            0.58            1.27026     0.00601       0.47  %   80000     
1.446832e+03      2.57            0.56            1.21819     0.00606       0.50  %   50000     
1.447186e+03      3.14            0.49            1.15662     0.00510       0.44  %   40000     
1.447324e+03      3.46            0.50            1.14464     0.00535       0.47  %   30000     
1.447438e+03      3.72            0.44            1.11935     0.00466       0.42  %   30000     
1.447665e+03      4.45            0.46            1.10422     0.00484       0.44  %   20000     
1.447854e+03      5.31            0.39            1.07371     0.00527       0.49  %   10000     
1.447892e+03      5.55            0.41            1.07478     0.00519       0.48  %   10000     
1.448005e+03      6.27            0.41            1.06604     0.00465       0.44  %   10000     
1.448150e+03      7.56            0.35            1.04690     0.00365       0.35  %   10000     
1.448156e+03      7.61            0.41            1.05391     0.00391       0.37  %   10000     
1.448279e+03      9.13            0.42            1.04576     0.00342       0.33  %   10000     
1.448284e+03      9.18            0.41            1.04463     0.00337       0.32  %   10000     
1.448409e+03      11.34           0.36            1.03168     0.00273       0.26  %   10000     
1.448418e+03      11.49           0.44            1.03802     0.00298       0.29  %   10000     
1.448520e+03      13.91           0.48            1.03456     0.00277       0.27  %   10000     
1.448529e+03      14.12           0.47            1.03342     0.00273       0.26  %   10000     
1.448632e+03      17.32           0.57            1.03264     0.00265       0.26  %   10000     
1.448641e+03      17.60           0.51            1.02894     0.00250       0.24  %   10000     
1.448722e+03      20.95           0.59            1.02831     0.00246       0.24  %   10000     
1.448764e+03      22.70           0.69            1.03027     0.00255       0.25  %   10000     
1.448806e+03      25.04           0.76            1.03049     0.00255       0.25  %   10000     
1.448887e+03      29.43           1.02            1.03471     0.00274       0.26  %   10000     
1.448907e+03      30.87           1.07            1.03460     0.00273       0.26  %   10000     
1.449007e+03      37.99           1.42            1.03729     0.00286       0.28  %   10000     
1.449016e+03      38.61           1.26            1.03252     0.00268       0.26  %   10000     
1.449104e+03      46.55           1.78            1.03816     0.00292       0.28  %   10000     
1.449159e+03      51.40           1.97            1.03835     0.00296       0.29  %   10000     
1.449218e+03      58.01           2.15            1.03710     0.00292       0.28  %   10000     
1.449318e+03      68.73           2.65            1.03857     0.00303       0.29  %   10000     
1.449349e+03      72.84           3.22            1.04414     0.00323       0.31  %   10000     
1.449508e+03      92.82           4.05            1.04361     0.00328       0.31  %   10000     
1.449535e+03      95.96           3.96            1.04130     0.00321       0.31  %   10000     
1.449764e+03      123.79          5.87            1.04740     0.00352       0.34  %   10000     
1.449935e+03      142.46          7.97            1.05592     0.00387       0.37  %   10000     
1.450067e+03      150.96          8.15            1.05397     0.00387       0.37  %   10000     
1.450150e+03      156.58          9.20            1.05874     0.00404       0.38  %   10000     
1.450278e+03      158.30          11.41           1.07205     0.00455       0.42  %   10000     
1.450349e+03      159.90          11.65           1.07287     0.00458       0.43  %   10000     
1.450356e+03      159.85          10.11           1.06322     0.00428       0.40  %   10000     
1.450445e+03      156.68          11.99           1.07654     0.00476       0.44  %   10000     
1.450511e+03      154.81          11.17           1.07215     0.00465       0.43  %   10000     
1.450539e+03      154.18          10.75           1.06973     0.00458       0.43  %   10000     
1.450675e+03      144.57          11.10           1.07676     0.00488       0.45  %   10000     
1.450718e+03      141.86          10.56           1.07441     0.00482       0.45  %   10000     
1.450918e+03      120.56          10.36           1.08595     0.00378       0.35  %   20000     
1.451025e+03      108.96          9.21            1.08454     0.00380       0.35  %   20000     
1.451312e+03      73.91           7.86            1.10632     0.00453       0.41  %   20000     
1.451469e+03      56.81           7.27            1.12792     0.00515       0.46  %   20000     
1.451492e+03      54.25           6.86            1.12638     0.00517       0.46  %   20000     
1.451635e+03      41.21           6.10            1.14812     0.00481       0.42  %   30000     
1.451693e+03      36.99           5.82            1.15737     0.00503       0.43  %   30000     
1.451760e+03      31.96           5.49            1.17172     0.00544       0.46  %   30000     
1.451879e+03      24.98           4.98            1.19938     0.00533       0.44  %   40000     
1.451894e+03      24.28           5.00            1.20607     0.00544       0.45  %   40000     
1.452002e+03      19.36           4.34            1.22410     0.00601       0.49  %   40000     
1.452073e+03      16.88           4.12            1.24398     0.00578       0.46  %   50000     
1.452113e+03      15.47           4.00            1.25853     0.00610       0.48  %   50000     
1.452225e+03      12.50           3.75            1.29972     0.00634       0.49  %   60000     
1.452259e+03      11.82           3.68            1.31108     0.00655       0.50  %   60000     
1.452337e+03      10.26           3.50            1.34056     0.00663       0.49  %   70000     
1.452471e+03      8.29            3.19            1.38463     0.00661       0.48  %   90000     
1.452521e+03      7.76            3.09            1.39870     0.00683       0.49  %   90000     
1.452609e+03      6.83            3.02            1.44270     0.00713       0.49  %   100000    
1.452764e+03      5.67            2.90            1.51163     0.00812       0.54  %   100000    
1.452860e+03      5.17            2.71            1.52305     0.00841       0.55  %   100000    
1.452958e+03      4.66            2.68            1.57620     0.00916       0.58  %   100000    
1.453168e+03      3.90            2.47            1.63372     0.01018       0.62  %   100000    
1.453328e+03      3.49            2.44            1.69747     0.01100       0.65  %   100000    
1.453440e+03      3.21            2.43            1.75630     0.01182       0.67  %   100000    
1.453767e+03      2.64            2.25            1.85168     0.01338       0.72  %   100000    
1.453922e+03      2.45            2.14            1.87166     0.01382       0.74  %   100000    
1.454147e+03      2.18            2.18            1.99772     0.01543       0.77  %   100000    
1.454551e+03      1.84            1.97            2.07356     0.01699       0.82  %   100000    
1.455002e+03      1.57            1.85            2.17895     0.01868       0.86  %   100000    
1.455037e+03      1.55            1.86            2.19820     0.01893       0.86  %   100000    
1.455692e+03      1.29            1.70            2.31798     0.02123       0.92  %   100000    
1.456380e+03      1.10            1.42            2.29012     0.02207       0.96  %   100000    
1.456513e+03      1.08            1.35            2.25022     0.02185       0.97  %   100000    
1.457206e+03      0.96            1.16            2.21001     0.02247       1.02  %   100000    
1.458320e+03      0.83            0.92            2.09868     0.02231       1.06  %   100000    
1.459292e+03      0.78            0.76            1.97948     0.02130       1.08  %   100000    
1.459717e+03      0.75            0.69            1.92034     0.02085       1.09  %   100000    
1.461394e+03      0.71            0.58            1.81740     0.01957       1.08  %   100000    
1.461953e+03      0.70            0.58            1.82013     0.01940       1.07  %   100000    
1.463593e+03      0.73            0.51            1.69542     0.01693       1.00  %   100000    
1.464685e+03      0.79            0.50            1.63044     0.01513       0.93  %   100000    
1.465505e+03      0.88            0.46            1.52470     0.01287       0.84  %   100000    
1.465800e+03      0.93            0.46            1.49522     0.01206       0.81  %   100000    
1.466051e+03      0.98            0.44            1.45410     0.01117       0.77  %   100000    
1.466468e+03      1.10            0.44            1.40400     0.00979       0.70  %   100000    
1.466755e+03      1.24            0.42            1.34011     0.00840       0.63  %   100000    
1.467006e+03      1.43            0.41            1.28473     0.00710       0.55  %   100000    
1.467007e+03      1.43            0.43            1.29859     0.00727       0.56  %   100000    
1.467186e+03      1.67            0.41            1.24441     0.00606       0.49  %   100000    
1.467329e+03      1.97            0.39            1.19713     0.00559       0.47  %   80000     
1.467455e+03      2.37            0.38            1.16229     0.00534       0.46  %   60000     
1.467562e+03      2.87            0.39            1.13571     0.00546       0.48  %   40000     
1.467670e+03      3.59            0.38            1.10564     0.00502       0.45  %   30000     
1.467759e+03      4.40            0.34            1.07729     0.00480       0.45  %   20000     
1.467849e+03      5.47            0.41            1.07558     0.00432       0.40  %   20000     
1.467939e+03      6.85            0.40            1.05776     0.00487       0.46  %   10000     
1.467988e+03      7.86            0.32            1.04106     0.00389       0.37  %   10000     
1.468046e+03      9.03            0.34            1.03777     0.00355       0.34  %   10000     
1.468053e+03      9.20            0.40            1.04360     0.00378       0.36  %   10000     
1.468158e+03      12.02           0.40            1.03303     0.00302       0.29  %   10000     
1.468282e+03      16.28           0.40            1.02459     0.00239       0.23  %   10000     
1.468309e+03      17.51           0.33            1.01868     0.00204       0.20  %   10000     
1.468419e+03      22.33           0.39            1.01738     0.00187       0.18  %   10000     
1.468541e+03      29.03           0.42            1.01455     0.00162       0.16  %   10000     
1.468587e+03      31.53           0.44            1.01386     0.00156       0.15  %   10000     
1.468761e+03      42.57           0.44            1.01031     0.00130       0.13  %   10000     
1.469098e+03      63.49           0.59            1.00928     0.00119       0.12  %   10000     
1.469111e+03      63.99           0.53            1.00835     0.00113       0.11  %   10000     
1.469300e+03      71.59           0.69            1.00959     0.00121       0.12  %   10000     
1.469456e+03      73.64           0.79            1.01073     0.00130       0.13  %   10000     
1.469474e+03      73.88           1.07            1.01452     0.00151       0.15  %   10000     
1.469651e+03      71.27           0.81            1.01139     0.00136       0.13  %   10000     
1.469701e+03      69.21           0.95            1.01374     0.00150       0.15  %   10000     
1.469794e+03      65.36           1.11            1.01698     0.00169       0.17  %   10000     
1.469856e+03      62.80           0.88            1.01394     0.00154       0.15  %   10000     
1.470042e+03      51.40           1.04            1.02032     0.00194       0.19  %   10000     
1.470398e+03      29.24           0.97            1.03321     0.00277       0.27  %   10000     
1.470553e+03      21.26           0.89            1.04204     0.00336       0.32  %   10000     
1.470685e+03      15.76           0.84            1.05313     0.00409       0.39  %   10000     
1.470805e+03      11.88           0.80            1.06728     0.00498       0.47  %   10000     
1.470870e+03      10.25           0.66            1.06429     0.00509       0.48  %   10000     
1.470911e+03      9.20            0.70            1.07651     0.00407       0.38  %   20000     
1.471018e+03      7.17            0.70            1.09771     0.00499       0.45  %   20000     
1.471125e+03      5.68            0.71            1.12416     0.00497       0.44  %   30000     
1.471232e+03      4.61            0.66            1.14220     0.00495       0.43  %   40000     
1.471238e+03      4.57            0.62            1.13678     0.00562       0.49  %   30000     
1.471339e+03      3.87            0.65            1.16678     0.00571       0.49  %   40000     
1.471445e+03      3.37            0.63            1.18634     0.00566       0.48  %   50000     
1.471552e+03      3.05            0.60            1.19722     0.00549       0.46  %   60000     
1.471680e+03      2.84            0.58            1.20499     0.00568       0.47  %   60000     
1.471762e+03      2.80            0.56            1.20139     0.00561       0.47  %   60000     
1.471830e+03      2.77            0.56            1.20271     0.00562       0.47  %   60000     
1.471979e+03      2.83            0.52            1.18179     0.00568       0.48  %   50000     
1.472128e+03      3.04            0.54            1.17602     0.00533       0.45  %   50000     
1.472277e+03      3.43            0.50            1.14517     0.00505       0.44  %   40000     
1.472389e+03      3.88            0.48            1.12289     0.00503       0.45  %   30000     
1.472502e+03      4.55            0.51            1.11326     0.00546       0.49  %   20000     
1.472544e+03      4.91            0.51            1.10391     0.00505       0.46  %   20000     
1.472613e+03      5.50            0.44            1.08011     0.00423       0.39  %   20000     
1.472726e+03      6.87            0.47            1.06856     0.00505       0.47  %   10000     
1.472828e+03      8.60            0.48            1.05618     0.00420       0.40  %   10000     
1.472857e+03      9.26            0.43            1.04631     0.00372       0.36  %   10000     
1.472924e+03      10.77           0.36            1.03367     0.00303       0.29  %   10000     
1.473034e+03      14.07           0.48            1.03436     0.00283       0.27  %   10000     
1.473042e+03      14.38           0.43            1.02974     0.00262       0.25  %   10000     
1.473143e+03      18.40           0.44            1.02415     0.00224       0.22  %   10000     
1.473165e+03      19.49           0.54            1.02746     0.00236       0.23  %   10000     
1.473254e+03      24.00           0.44            1.01822     0.00186       0.18  %   10000     
1.473319e+03      28.16           0.65            1.02315     0.00204       0.20  %   10000     
1.473384e+03      32.29           0.60            1.01846     0.00180       0.18  %   10000     
1.473450e+03      37.60           0.65            1.01715     0.00171       0.17  %   10000     
1.473533e+03      44.15           0.71            1.01601     0.00163       0.16  %   10000     
1.473600e+03      50.72           0.92            1.01815     0.00172       0.17  %   10000     
1.473738e+03      63.83           1.04            1.01633     0.00162       0.16  %   10000     
1.473773e+03      67.31           1.15            1.01709     0.00166       0.16  %   10000     
1.474042e+03      93.61           1.60            1.01707     0.00166       0.16  %   10000     
1.474126e+03      101.58          1.62            1.01594     0.00161       0.16  %   10000     
1.474318e+03      113.90          2.32            1.02034     0.00184       0.18  %   10000     
1.474364e+03      115.07          2.15            1.01869     0.00177       0.17  %   10000     
1.474485e+03      118.28          2.20            1.01858     0.00178       0.17  %   10000     
1.474522e+03      118.36          2.69            1.02270     0.00197       0.19  %   10000     
1.474585e+03      116.91          2.50            1.02135     0.00193       0.19  %   10000     
1.474689e+03      114.69          2.94            1.02562     0.00213       0.21  %   10000     
1.474758e+03      110.51          2.29            1.02069     0.00194       0.19  %   10000     
1.474890e+03      102.55          2.64            1.02576     0.00219       0.21  %   10000     
1.474978e+03      94.31           2.92            1.03096     0.00244       0.24  %   10000     
1.475206e+03      72.90           2.51            1.03437     0.00267       0.26  %   10000     
1.475260e+03      67.61           2.50            1.03701     0.00281       0.27  %   10000     
1.475456e+03      48.31           2.28            1.04711     0.00336       0.32  %   10000     
1.475619e+03      34.80           2.00            1.05739     0.00395       0.37  %   10000     
1.475712e+03      28.55           1.80            1.06322     0.00431       0.41  %   10000     
1.475754e+03      25.71           2.05            1.07956     0.00495       0.46  %   10000     
1.475869e+03      19.60           1.85            1.09465     0.00408       0.37  %   20000     
1.475967e+03      15.50           1.50            1.09710     0.00439       0.40  %   20000     
1.475983e+03      14.82           1.60            1.10814     0.00469       0.42  %   20000     
1.476080e+03      11.69           1.52            1.12961     0.00551       0.49  %   20000     
1.476179e+03      9.23            1.34            1.14485     0.00512       0.45  %   30000     
1.476239e+03      8.10            1.27            1.15648     0.00553       0.48  %   30000     
1.476278e+03      7.36            1.40            1.19052     0.00545       0.46  %   40000     
1.476376e+03      5.97            1.27            1.21350     0.00556       0.46  %   50000     
1.476491e+03      4.79            1.28            1.26641     0.00610       0.48  %   60000     
1.476521e+03      4.58            1.21            1.26551     0.00618       0.49  %   60000     
1.476604e+03      3.98            1.16            1.29157     0.00633       0.49  %   70000     
1.476729e+03      3.35            1.15            1.34405     0.00645       0.48  %   90000     
1.476887e+03      2.83            1.06            1.37465     0.00678       0.49  %   100000    
1.476973e+03      2.65            1.09            1.41344     0.00726       0.51  %   100000    
1.477044e+03      2.49            1.08            1.43425     0.00761       0.53  %   100000    
1.477296e+03      2.16            1.01            1.46744     0.00829       0.57  %   100000    
1.477647e+03      1.89            0.97            1.51401     0.00900       0.59  %   100000    
1.477656e+03      1.89            0.95            1.50215     0.00890       0.59  %   100000    
1.478141e+03      1.69            0.89            1.52733     0.00937       0.61  %   100000    
1.478734e+03      1.59            0.83            1.52481     0.00933       0.61  %   100000    
1.479022e+03      1.57            0.81            1.51534     0.00914       0.60  %   100000    
1.479130e+03      1.57            0.79            1.50223     0.00900       0.60  %   100000    
1.480090e+03      1.61            0.65            1.40147     0.00765       0.55  %   100000    
1.481051e+03      1.76            0.49            1.27801     0.00618       0.48  %   90000     
1.481556e+03      1.89            0.43            1.22589     0.00597       0.49  %   70000     
1.482011e+03      2.02            0.40            1.19675     0.00574       0.48  %   60000     
1.482971e+03      2.42            0.35            1.14341     0.00533       0.47  %   40000     
1.483408e+03      2.69            0.34            1.12504     0.00538       0.48  %   30000     
1.483747e+03      2.90            0.34            1.11690     0.00500       0.45  %   30000     
1.484412e+03      3.48            0.33            1.09559     0.00505       0.46  %   20000     
1.484521e+03      3.62            0.33            1.09244     0.00488       0.45  %   20000     
1.484707e+03      3.84            0.28            1.07241     0.00421       0.39  %   20000     
1.485065e+03      4.29            0.32            1.07385     0.00410       0.38  %   20000     
1.485241e+03      4.60            0.31            1.06744     0.00382       0.36  %   20000     
1.485625e+03      5.27            0.35            1.06561     0.00516       0.48  %   10000     
1.485764e+03      5.61            0.36            1.06349     0.00500       0.47  %   10000     
1.486087e+03      6.40            0.35            1.05461     0.00457       0.43  %   10000     
1.486200e+03      6.79            0.33            1.04816     0.00425       0.41  %   10000     
1.486518e+03      7.86            0.42            1.05336     0.00445       0.42  %   10000     
1.486565e+03      8.08            0.38            1.04739     0.00418       0.40  %   10000     
1.486843e+03      9.39            0.52            1.05537     0.00452       0.43  %   10000     
1.486888e+03      9.60            0.48            1.05015     0.00432       0.41  %   10000     
1.487121e+03      11.11           0.75            1.06786     0.00503       0.47  %   10000     
1.487225e+03      11.79           0.68            1.05730     0.00468       0.44  %   10000     
1.487353e+03      12.96           0.76            1.05855     0.00473       0.45  %   10000     
1.487525e+03      14.51           1.00            1.06898     0.00521       0.49  %   10000     
1.487566e+03      15.04           0.84            1.05566     0.00469       0.44  %   10000     
1.487772e+03      17.68           1.23            1.06932     0.00532       0.50  %   10000     
1.487783e+03      17.82           1.22            1.06839     0.00530       0.50  %   10000     
1.487946e+03      20.71           1.46            1.07065     0.00385       0.36  %   20000     
1.487986e+03      21.41           1.57            1.07332     0.00395       0.37  %   20000     
1.488120e+03      24.69           1.68            1.06807     0.00384       0.36  %   20000     
1.488189e+03      26.34           2.04            1.07751     0.00414       0.38  %   20000     
1.488276e+03      29.29           1.84            1.06275     0.00529       0.50  %   10000     
1.488363e+03      32.13           2.39            1.07437     0.00412       0.38  %   20000     
1.488438e+03      35.49           2.69            1.07568     0.00416       0.39  %   20000     
1.488508e+03      38.45           2.95            1.07678     0.00424       0.39  %   20000     
1.488597e+03      43.53           3.60            1.08279     0.00439       0.41  %   20000     
1.488666e+03      47.24           3.87            1.08185     0.00442       0.41  %   20000     
1.488752e+03      53.39           4.22            1.07895     0.00434       0.40  %   20000     
1.488814e+03      57.47           5.51            1.09592     0.00482       0.44  %   20000     
1.488911e+03      65.89           6.15            1.09331     0.00475       0.43  %   20000     
1.488986e+03      71.64           7.43            1.10372     0.00506       0.46  %   20000     
1.489074e+03      80.51           7.72            1.09589     0.00485       0.44  %   20000     
1.489171e+03      88.94           8.58            1.09647     0.00493       0.45  %   20000     
1.489259e+03      98.39           10.27           1.10440     0.00511       0.46  %   20000     
1.489403e+03      110.70          11.93           1.10773     0.00527       0.48  %   20000     
1.489491e+03      118.42          12.81           1.10817     0.00529       0.48  %   20000     
1.489871e+03      140.52          16.98           1.12087     0.00467       0.42  %   30000     
1.490029e+03      142.66          17.98           1.12601     0.00486       0.43  %   30000     
1.490066e+03      143.69          19.17           1.13339     0.00500       0.44  %   30000     
1.490275e+03      141.57          20.29           1.14332     0.00531       0.46  %   30000     
1.490289e+03      141.75          20.43           1.14410     0.00532       0.47  %   30000     
1.490304e+03      141.58          20.53           1.14502     0.00535       0.47  %   30000     
1.490493e+03      135.27          20.80           1.15373     0.00566       0.49  %   30000     
1.490525e+03      134.68          21.69           1.16107     0.00580       0.50  %   30000     
1.490556e+03      132.96          20.96           1.15766     0.00578       0.50  %   30000     
1.490746e+03      125.02          22.49           1.17990     0.00547       0.46  %   40000     
1.490815e+03      120.08          22.06           1.18373     0.00563       0.48  %   40000     
1.491129e+03      101.06          22.82           1.22584     0.00589       0.48  %   50000     
1.491418e+03      80.41           21.16           1.26310     0.00618       0.49  %   60000     
1.491630e+03      66.15           19.99           1.30223     0.00642       0.49  %   70000     
1.491728e+03      60.66           18.67           1.30772     0.00615       0.47  %   80000     
1.491820e+03      54.64           17.46           1.31958     0.00644       0.49  %   80000     
1.492010e+03      44.87           15.95           1.35541     0.00663       0.49  %   90000     
1.492179e+03      37.50           14.84           1.39573     0.00689       0.49  %   100000    
1.492282e+03      34.16           13.85           1.40537     0.00704       0.50  %   100000    
1.492377e+03      30.69           13.12           1.42742     0.00741       0.52  %   100000    
1.492535e+03      26.43           11.71           1.44289     0.00771       0.53  %   100000    
1.492557e+03      25.82           11.71           1.45338     0.00784       0.54  %   100000    
1.492772e+03      21.29           10.55           1.49574     0.00845       0.57  %   100000    
1.492779e+03      21.13           10.34           1.48913     0.00842       0.57  %   100000    
1.493004e+03      17.52           9.52            1.54366     0.00917       0.59  %   100000    
1.493054e+03      16.95           9.18            1.54150     0.00917       0.59  %   100000    
1.493251e+03      14.53           8.60            1.59187     0.00990       0.62  %   100000    
1.493406e+03      13.16           7.67            1.58290     0.00994       0.63  %   100000    
1.493533e+03      11.99           7.53            1.62860     0.01055       0.65  %   100000    
1.493815e+03      10.08           6.64            1.65844     0.01113       0.67  %   100000    
1.493829e+03      10.01           6.56            1.65587     0.01111       0.67  %   100000    
1.494160e+03      8.31            6.24            1.75097     0.01236       0.71  %   100000    
1.494322e+03      7.71            5.75            1.74547     0.01244       0.71  %   100000    
1.494541e+03      6.88            5.59            1.81259     0.01336       0.74  %   100000    
1.494830e+03      6.08            5.02            1.82588     0.01377       0.75  %   100000    
1.494959e+03      5.71            5.08            1.89057     0.01454       0.77  %   100000    
1.495456e+03      4.69            4.36            1.92966     0.01551       0.80  %   100000    
1.495496e+03      4.63            4.41            1.95121     0.01571       0.81  %   100000    
1.496057e+03      3.81            4.02            2.05472     0.01737       0.85  %   100000    
1.496321e+03      3.54            3.91            2.10402     0.01799       0.85  %   100000    
1.496691e+03      3.15            3.76            2.19522     0.01934       0.88  %   100000    
1.497326e+03      2.68            3.31            2.23493     0.02039       0.91  %   100000    
1.497431e+03      2.62            3.39            2.29151     0.02089       0.91  %   100000    
1.498119e+03      2.27            3.19            2.40401     0.02258       0.94  %   100000    
1.498558e+03      2.13            2.97            2.39773     0.02275       0.95  %   100000    
1.498979e+03      2.05            2.83            2.37704     0.02244       0.94  %   100000    
1.499119e+03      2.05            2.79            2.35646     0.02210       0.94  %   100000    
1.499124e+03      2.06            2.82            2.37353     0.02222       0.94  %   100000    
1.499399e+03      2.13            2.68            2.26060     0.02069       0.92  %   100000    
1.499610e+03      2.32            2.56            2.10511     0.01842       0.88  %   100000    
1.499736e+03      2.54            2.53            1.99669     0.01664       0.83  %   100000    
1.499862e+03      2.89            2.41            1.83382     0.01422       0.78  %   100000    
1.499988e+03      3.44            2.38            1.69190     0.01186       0.70  %   100000    
1.500094e+03      4.09            2.36            1.57777     0.00993       0.63  %   100000    
1.500199e+03      4.98            2.34            1.46926     0.00812       0.55  %   100000    
1.500304e+03      6.16            2.24            1.36312     0.00679       0.50  %   90000     
1.500430e+03      8.02            2.21            1.27499     0.00591       0.46  %   70000     
1.500556e+03      10.45           2.12            1.20293     0.00595       0.49  %   40000     
1.500609e+03      11.71           2.07            1.17675     0.00528       0.45  %   40000     
1.500704e+03      14.00           2.22            1.15822     0.00535       0.46  %   30000     
1.500824e+03      17.58           2.13            1.12112     0.00523       0.47  %   20000     
1.500921e+03      20.47           2.15            1.10486     0.00460       0.42  %   20000     
1.501281e+03      31.81           2.31            1.07273     0.00468       0.44  %   10000     
1.501312e+03      32.49           2.30            1.07091     0.00459       0.43  %   10000     
1.501493e+03      36.43           2.20            1.06050     0.00412       0.39  %   10000     
1.501686e+03      37.90           2.26            1.05971     0.00408       0.38  %   10000     
1.501868e+03      36.53           2.34            1.06400     0.00431       0.40  %   10000     
1.501968e+03      34.40           2.55            1.07413     0.00475       0.44  %   10000     
1.502074e+03      32.16           2.44            1.07591     0.00493       0.46  %   10000     
1.502155e+03      29.64           2.61            1.08807     0.00386       0.35  %   20000     
1.502617e+03      15.19           2.40            1.15780     0.00540       0.47  %   30000     
1.502620e+03      15.09           2.56            1.16972     0.00561       0.48  %   30000     
1.502785e+03      10.84           2.41            1.22236     0.00568       0.46  %   50000     
1.502921e+03      8.06            2.33            1.28907     0.00620       0.48  %   70000     
1.503043e+03      6.11            2.38            1.38923     0.00678       0.49  %   100000    
1.503156e+03      4.72            2.28            1.48267     0.00846       0.57  %   100000    
1.503271e+03      3.66            2.31            1.63161     0.01083       0.66  %   100000    
1.503387e+03      2.89            2.25            1.77774     0.01336       0.75  %   100000    
1.503502e+03      2.34            2.26            1.96219     0.01633       0.83  %   100000    
1.503609e+03      1.99            2.17            2.09172     0.01872       0.90  %   100000    
1.503617e+03      1.96            2.18            2.11094     0.01901       0.90  %   100000    
1.503761e+03      1.64            2.16            2.32186     0.02254       0.97  %   100000    
1.503877e+03      1.46            2.16            2.47244     0.02502       1.01  %   100000    
1.504064e+03      1.28            2.11            2.64188     0.02802       1.06  %   100000    
1.504282e+03      1.16            2.06            2.77809     0.03047       1.10  %   100000    
1.504663e+03      1.03            1.92            2.85918     0.03257       1.14  %   100000    
1.504717e+03      1.02            1.91            2.88452     0.03304       1.15  %   100000    
1.505443e+03      0.88            1.67            2.88704     0.03502       1.21  %   100000    
1.506313e+03      0.79            1.46            2.85981     0.03630       1.27  %   100000    
1.507565e+03      0.69            1.35            2.94672     0.03856       1.31  %   100000    
1.507648e+03      0.69            1.33            2.92859     0.03852       1.32  %   100000    
1.509650e+03      0.60            1.31            3.20788     0.04328       1.35  %   100000    
1.512273e+03      0.52            1.17            3.26384     0.04544       1.39  %   100000    
1.512344e+03      0.52            1.15            3.22308     0.04505       1.40  %   100000    
1.515377e+03      0.46            1.16            3.49287     0.04917       1.41  %   100000    
1.518738e+03      0.43            0.99            3.29809     0.04764       1.44  %   100000    
1.520732e+03      0.43            0.80            2.88683     0.04284       1.48  %   100000    
1.520857e+03      0.43            0.74            2.73611     0.04110       1.50  %   100000    
1.523211e+03      0.44            0.39            1.90326     0.02879       1.51  %   100000    
1.524682e+03      0.47            0.32            1.68390     0.02395       1.42  %   100000    
1.525564e+03      0.51            0.28            1.55546     0.02058       1.32  %   100000    
1.526315e+03      0.57            0.28            1.48822     0.01809       1.22  %   100000    
1.526813e+03      0.64            0.26            1.40435     0.01544       1.10  %   100000    
1.526816e+03      0.64            0.27            1.41529     0.01564       1.11  %   100000    
1.527192e+03      0.73            0.26            1.35487     0.01344       0.99  %   100000    
1.527442e+03      0.83            0.26            1.31546     0.01186       0.90  %   100000    
1.527664e+03      0.97            0.26            1.26733     0.01008       0.80  %   100000    
1.527833e+03      1.14            0.25            1.21506     0.00832       0.69  %   100000    
1.527955e+03      1.33            0.24            1.17821     0.00703       0.60  %   100000    
1.528076e+03      1.60            0.23            1.14494     0.00578       0.51  %   100000    
1.528173e+03      1.90            0.23            1.12149     0.00544       0.48  %   80000     
1.528282e+03      2.38            0.25            1.10570     0.00526       0.48  %   60000     
1.528385e+03      3.00            0.22            1.07479     0.00485       0.45  %   40000     
1.528485e+03      3.82            0.26            1.06819     0.00478       0.45  %   30000     
1.528586e+03      4.91            0.26            1.05243     0.00458       0.44  %   20000     
1.528652e+03      5.86            0.21            1.03658     0.00501       0.48  %   10000     
1.528686e+03      6.34            0.16            1.02460     0.00398       0.39  %   10000     
1.528801e+03      8.45            0.30            1.03544     0.00425       0.41  %   10000     
1.528911e+03      11.07           0.21            1.01923     0.00283       0.28  %   10000     
1.528958e+03      12.44           0.21            1.01727     0.00257       0.25  %   10000     
1.529041e+03      14.90           0.21            1.01402     0.00218       0.22  %   10000     
1.529206e+03      20.98           0.15            1.00697     0.00139       0.14  %   10000     
1.529254e+03      23.15           0.26            1.01108     0.00171       0.17  %   10000     
1.529468e+03      32.69           0.29            1.00887     0.00142       0.14  %   10000     
1.529586e+03      37.93           0.26            1.00688     0.00121       0.12  %   10000     
1.529752e+03      45.22           0.30            1.00673     0.00117       0.12  %   10000     
1.529948e+03      51.22           0.40            1.00779     0.00124       0.12  %   10000     
1.530137e+03      53.47           0.56            1.01055     0.00146       0.14  %   10000     
1.530154e+03      53.48           0.41            1.00772     0.00125       0.12  %   10000     
1.530338e+03      51.53           0.57            1.01116     0.00153       0.15  %   10000     
1.530418e+03      49.19           0.59            1.01196     0.00161       0.16  %   10000     
1.530488e+03      47.17           0.47            1.01003     0.00149       0.15  %   10000     
1.530523e+03      46.17           0.64            1.01395     0.00177       0.17  %   10000     
1.530796e+03      34.34           0.53            1.01532     0.00201       0.20  %   10000     
1.530831e+03      32.81           0.45            1.01379     0.00193       0.19  %   10000     
1.531089e+03      21.32           0.53            1.02464     0.00291       0.28  %   10000     
1.531255e+03      15.16           0.54            1.03554     0.00391       0.38  %   10000     
1.531388e+03      11.20           0.46            1.04122     0.00468       0.45  %   10000     
1.531502e+03      8.51            0.44            1.05176     0.00410       0.39  %   20000     
1.531618e+03      6.36            0.51            1.07950     0.00466       0.43  %   30000     
1.531719e+03      4.92            0.51            1.10351     0.00512       0.46  %   40000     
1.531820e+03      3.82            0.44            1.11407     0.00536       0.48  %   50000     
1.531922e+03      2.99            0.47            1.15584     0.00550       0.48  %   80000     
1.532018e+03      2.42            0.42            1.17583     0.00573       0.49  %   100000    
1.532025e+03      2.37            0.43            1.17972     0.00584       0.50  %   100000    
1.532134e+03      1.90            0.44            1.23122     0.00734       0.60  %   100000    
1.532254e+03      1.53            0.43            1.27764     0.00888       0.69  %   100000    
1.532375e+03      1.28            0.42            1.33087     0.01052       0.79  %   100000    
1.532520e+03      1.08            0.42            1.38389     0.01225       0.88  %   100000    
1.532688e+03      0.93            0.39            1.42285     0.01376       0.97  %   100000    
1.532898e+03      0.81            0.33            1.40685     0.01434       1.02  %   100000    
1.532912e+03      0.81            0.34            1.42729     0.01473       1.03  %   100000    
1.533168e+03      0.71            0.31            1.43848     0.01579       1.10  %   100000    
1.533599e+03      0.62            0.31            1.49670     0.01794       1.20  %   100000    
1.534030e+03      0.56            0.30            1.53997     0.01954       1.27  %   100000    
1.534703e+03      0.50            0.28            1.54749     0.02055       1.33  %   100000    
1.535425e+03      0.47            0.26            1.56405     0.02140       1.37  %   100000    
1.535540e+03      0.47            0.27            1.57906     0.02172       1.38  %   100000    
1.536389e+03      0.44            0.25            1.56446     0.02182       1.39  %   100000    
1.538316e+03      0.43            0.24            1.56409     0.02185       1.40  %   100000    
1.540217e+03      0.44            0.24            1.55420     0.02106       1.35  %   100000    
1.542117e+03      0.47            0.20            1.43539     0.01771       1.23  %   100000    
1.543788e+03      0.53            0.21            1.39494     0.01567       1.12  %   100000    
1.544999e+03      0.60            0.20            1.33071     0.01329       1.00  %   100000    
1.545006e+03      0.60            0.20            1.32654     0.01320       1.00  %   100000    
1.546008e+03      0.70            0.17            1.24366     0.01039       0.84  %   100000    
1.546807e+03      0.83            0.19            1.23094     0.00919       0.75  %   100000    
1.547463e+03      0.98            0.18            1.18218     0.00741       0.63  %   100000    
1.547483e+03      0.99            0.17            1.17443     0.00723       0.62  %   100000    
1.547966e+03      1.16            0.17            1.14553     0.00600       0.52  %   100000    
1.548406e+03      1.38            0.16            1.11946     0.00550       0.49  %   80000     
1.548776e+03      1.64            0.16            1.09936     0.00525       0.48  %   60000     
1.549008e+03      1.88            0.15            1.08234     0.00487       0.45  %   50000     
1.549084e+03      1.96            0.16            1.08263     0.00533       0.49  %   40000     
1.549355e+03      2.35            0.14            1.06063     0.00477       0.45  %   30000     
1.549564e+03      2.78            0.15            1.05289     0.00498       0.47  %   20000     
1.549732e+03      3.26            0.16            1.04812     0.00438       0.42  %   20000     
1.549885e+03      3.88            0.15            1.03793     0.00357       0.34  %   20000     
1.550023e+03      4.66            0.13            1.02851     0.00402       0.39  %   10000     
1.550161e+03      5.78            0.13            1.02214     0.00322       0.32  %   10000     
1.550190e+03      6.12            0.15            1.02469     0.00332       0.32  %   10000     
1.550235e+03      6.63            0.12            1.01855     0.00279       0.27  %   10000     
1.550281e+03      7.16            0.14            1.01995     0.00281       0.28  %   10000     
1.550393e+03      8.91            0.13            1.01474     0.00224       0.22  %   10000     
1.550418e+03      9.45            0.18            1.01878     0.00248       0.24  %   10000     
1.550506e+03      11.34           0.16            1.01402     0.00204       0.20  %   10000     
1.550570e+03      13.15           0.15            1.01128     0.00176       0.17  %   10000     
1.550620e+03      14.60           0.15            1.01005     0.00163       0.16  %   10000     
1.550721e+03      18.45           0.22            1.01178     0.00168       0.17  %   10000     
1.550734e+03      18.93           0.20            1.01076     0.00160       0.16  %   10000     
1.550842e+03      24.22           0.17            1.00714     0.00126       0.13  %   10000     
1.550859e+03      25.32           0.22            1.00858     0.00137       0.14  %   10000     
1.550964e+03      31.84           0.24            1.00741     0.00125       0.12  %   10000     
1.550981e+03      33.23           0.32            1.00964     0.00142       0.14  %   10000     
1.551098e+03      42.38           0.31            1.00736     0.00122       0.12  %   10000     
1.551104e+03      42.90           0.31            1.00734     0.00122       0.12  %   10000     
1.551243e+03      56.36           0.49            1.00864     0.00131       0.13  %   10000     
1.551256e+03      57.51           0.57            1.00986     0.00141       0.14  %   10000     
1.551396e+03      73.69           0.46            1.00620     0.00111       0.11  %   10000     
1.551472e+03      81.99           0.90            1.01094     0.00148       0.15  %   10000     
1.551619e+03      99.05           1.07            1.01083     0.00148       0.15  %   10000     
1.551881e+03      127.49          1.81            1.01421     0.00172       0.17  %   10000     
1.552035e+03      137.60          1.72            1.01250     0.00164       0.16  %   10000     
1.552105e+03      142.31          2.15            1.01511     0.00180       0.18  %   10000     
1.552256e+03      144.95          1.97            1.01360     0.00174       0.17  %   10000     
1.552295e+03      145.81          1.59            1.01093     0.00156       0.15  %   10000     
1.552449e+03      141.19          2.32            1.01642     0.00194       0.19  %   10000     
1.552471e+03      140.58          2.22            1.01578     0.00191       0.19  %   10000     
1.552493e+03      140.04          2.99            1.02136     0.00222       0.22  %   10000     
1.552684e+03      126.49          3.11            1.02458     0.00243       0.24  %   10000     
1.552907e+03      102.88          2.37            1.02303     0.00244       0.24  %   10000     
1.553008e+03      91.99           2.31            1.02515     0.00260       0.25  %   10000     
1.553280e+03      60.98           2.32            1.03805     0.00342       0.33  %   10000     
1.553441e+03      45.35           1.79            1.03948     0.00368       0.35  %   10000     
1.553448e+03      44.65           1.98            1.04431     0.00391       0.37  %   10000     
1.553584e+03      33.70           1.60            1.04739     0.00430       0.41  %   10000     
1.553686e+03      27.17           1.53            1.05624     0.00490       0.46  %   10000     
1.553706e+03      25.80           1.75            1.06788     0.00386       0.36  %   20000     
1.553823e+03      19.82           1.22            1.06158     0.00394       0.37  %   20000     
1.553884e+03      17.38           1.28            1.07391     0.00446       0.42  %   20000     
1.553926e+03      15.70           1.31            1.08312     0.00488       0.45  %   20000     
1.554028e+03      12.48           1.27            1.10205     0.00473       0.43  %   30000     
1.554120e+03      10.28           1.21            1.11762     0.00538       0.48  %   30000     
1.554140e+03      9.80            1.23            1.12564     0.00490       0.43  %   40000     
1.554255e+03      7.77            1.09            1.13998     0.00560       0.49  %   40000     
1.554369e+03      6.29            1.07            1.17065     0.00542       0.46  %   60000     
1.554399e+03      6.01            1.04            1.17351     0.00554       0.47  %   60000     
1.554497e+03      5.09            0.99            1.19459     0.00579       0.48  %   70000     
1.554630e+03      4.21            0.99            1.23618     0.00603       0.49  %   90000     
1.554702e+03      3.87            0.96            1.24710     0.00602       0.48  %   100000    
1.554775e+03      3.52            0.92            1.26052     0.00642       0.51  %   100000    
1.554941e+03      2.97            0.94            1.31757     0.00756       0.57  %   100000    
1.555107e+03      2.58            0.90            1.34821     0.00833       0.62  %   100000    
1.555149e+03      2.48            0.90            1.36166     0.00863       0.63  %   100000    
1.555402e+03      2.08            0.82            1.39421     0.00968       0.69  %   100000    
1.555718e+03      1.72            0.78            1.45426     0.01116       0.77  %   100000    
1.555884e+03      1.60            0.81            1.50896     0.01212       0.80  %   100000    
1.556123e+03      1.42            0.81            1.57199     0.01351       0.86  %   100000    
1.556564e+03      1.19            0.76            1.64315     0.01536       0.93  %   100000    
1.556885e+03      1.08            0.76            1.71023     0.01674       0.98  %   100000    
1.557093e+03      1.00            0.75            1.74791     0.01771       1.01  %   100000    
1.557642e+03      0.87            0.75            1.85574     0.02008       1.08  %   100000    
1.558427e+03      0.74            0.74            1.99426     0.02300       1.15  %   100000    
1.559378e+03      0.65            0.69            2.06581     0.02495       1.21  %   100000    
1.559408e+03      0.65            0.68            2.04787     0.02479       1.21  %   100000    
1.560585e+03      0.58            0.66            2.13315     0.02687       1.26  %   100000    
1.562050e+03      0.54            0.55            2.02599     0.02612       1.29  %   100000    
1.563514e+03      0.52            0.47            1.88727     0.02415       1.28  %   100000    
1.564970e+03      0.54            0.46            1.85584     0.02296       1.24  %   100000    
1.565941e+03      0.57            0.43            1.75586     0.02074       1.18  %   100000    
1.566669e+03      0.62            0.41            1.67127     0.01863       1.11  %   100000    
1.567060e+03      0.67            0.43            1.64511     0.01748       1.06  %   100000    
1.567154e+03      0.68            0.41            1.60429     0.01675       1.04  %   100000    
1.567397e+03      0.74            0.43            1.58552     0.01573       0.99  %   100000    
1.567613e+03      0.84            0.41            1.48840     0.01346       0.90  %   100000    
1.567757e+03      0.95            0.42            1.43771     0.01194       0.83  %   100000    
1.567865e+03      1.08            0.41            1.37659     0.01041       0.76  %   100000    
1.567991e+03      1.29            0.39            1.30371     0.00854       0.65  %   100000    
1.568099e+03      1.56            0.39            1.25081     0.00708       0.57  %   100000    
1.568207e+03      1.93            0.41            1.21351     0.00589       0.49  %   100000    
1.568315e+03      2.42            0.41            1.16908     0.00562       0.48  %   70000     
1.568422e+03      3.08            0.40            1.13011     0.00522       0.46  %   50000     
1.568549e+03      4.08            0.36            1.08901     0.00490       0.45  %   30000     
1.568687e+03      5.52            0.36            1.06559     0.00451       0.42  %   20000     
1.568851e+03      7.70            0.43            1.05559     0.00511       0.48  %   10000     
1.568973e+03      9.71            0.36            1.03679     0.00380       0.37  %   10000     
1.569077e+03      11.40           0.41            1.03602     0.00355       0.34  %   10000     
1.569428e+03      17.42           0.45            1.02582     0.00262       0.26  %   10000     
1.569596e+03      19.44           0.48            1.02454     0.00248       0.24  %   10000     
1.569629e+03      19.83           0.36            1.01828     0.00213       0.21  %   10000     
1.569820e+03      20.72           0.39            1.01872     0.00214       0.21  %   10000     
1.569834e+03      20.73           0.40            1.01948     0.00218       0.21  %   10000     
1.570011e+03      20.05           0.47            1.02363     0.00244       0.24  %   10000     
1.570197e+03      18.04           0.39            1.02166     0.00243       0.24  %   10000     
1.570292e+03      16.47           0.47            1.02838     0.00287       0.28  %   10000     
1.570429e+03      14.23           0.43            1.03009     0.00311       0.30  %   10000     
1.570503e+03      13.00           0.48            1.03712     0.00355       0.34  %   10000     
1.570771e+03      8.49            0.48            1.05655     0.00511       0.48  %   10000     
1.570936e+03      6.20            0.55            1.08889     0.00512       0.47  %   20000     
1.571082e+03      4.59            0.49            1.10616     0.00518       0.47  %   30000     
1.571211e+03      3.51            0.46            1.13219     0.00561       0.50  %   40000     
1.571328e+03      2.77            0.46            1.16654     0.00570       0.49  %   60000     
1.571437e+03      2.26            0.44            1.19495     0.00585       0.49  %   80000     
1.571531e+03      1.94            0.46            1.23546     0.00616       0.50  %   100000    
1.571545e+03      1.89            0.47            1.24707     0.00638       0.51  %   100000    
1.571676e+03      1.58            0.46            1.29414     0.00755       0.58  %   100000    
1.571806e+03      1.38            0.43            1.30997     0.00823       0.63  %   100000    
1.571937e+03      1.26            0.46            1.36802     0.00933       0.68  %   100000    
1.572119e+03      1.18            0.43            1.36739     0.00959       0.70  %   100000    
1.572396e+03      1.14            0.45            1.39380     0.00999       0.72  %   100000    
1.572812e+03      1.18            0.44            1.37177     0.00943       0.69  %   100000    
1.573367e+03      1.32            0.41            1.30997     0.00804       0.61  %   100000    
1.573921e+03      1.54            0.39            1.25635     0.00668       0.53  %   100000    
1.574397e+03      1.82            0.38            1.20861     0.00579       0.48  %   90000     
1.574861e+03      2.21            0.36            1.16127     0.00561       0.48  %   60000     
1.574953e+03      2.33            0.36            1.15644     0.00538       0.47  %   60000     
1.575259e+03      2.71            0.36            1.13235     0.00563       0.50  %   40000     
1.575592e+03      3.31            0.37            1.11135     0.00541       0.49  %   30000     
1.575644e+03      3.44            0.35            1.10145     0.00508       0.46  %   30000     
1.575851e+03      3.97            0.35            1.08712     0.00445       0.41  %   30000     
1.576073e+03      4.76            0.37            1.07861     0.00482       0.45  %   20000     
1.576087e+03      4.83            0.35            1.07325     0.00462       0.43  %   20000     
1.576257e+03      5.66            0.37            1.06546     0.00417       0.39  %   20000     
1.576339e+03      6.21            0.39            1.06243     0.00395       0.37  %   20000     
1.576443e+03      6.91            0.44            1.06432     0.00392       0.37  %   20000     
1.576539e+03      7.83            0.39            1.05040     0.00476       0.45  %   10000     
1.576620e+03      8.60            0.47            1.05454     0.00489       0.46  %   10000     
1.576705e+03      9.72            0.51            1.05289     0.00470       0.45  %   10000     
1.576768e+03      10.55           0.60            1.05660     0.00484       0.46  %   10000     
1.576862e+03      12.23           0.59            1.04834     0.00439       0.42  %   10000     
1.576916e+03      13.18           0.67            1.05111     0.00451       0.43  %   10000     
1.576986e+03      14.86           0.73            1.04911     0.00437       0.42  %   10000     
1.577061e+03      16.62           0.73            1.04414     0.00415       0.40  %   10000     
1.577110e+03      18.16           0.78            1.04272     0.00405       0.39  %   10000     
1.577206e+03      21.12           0.98            1.04620     0.00423       0.40  %   10000     
1.577238e+03      22.43           1.13            1.05047     0.00440       0.42  %   10000     
1.577354e+03      26.98           1.26            1.04679     0.00426       0.41  %   10000     
1.577372e+03      27.88           1.39            1.04974     0.00439       0.42  %   10000     
1.577517e+03      35.00           1.90            1.05424     0.00462       0.44  %   10000     
1.577520e+03      35.18           1.79            1.05102     0.00448       0.43  %   10000     
1.577682e+03      44.87           2.68            1.05975     0.00489       0.46  %   10000     
1.577709e+03      46.38           2.55            1.05503     0.00472       0.45  %   10000     
1.577892e+03      58.96           3.50            1.05933     0.00494       0.47  %   10000     
1.578034e+03      67.86           4.06            1.05986     0.00504       0.48  %   10000     
1.578378e+03      86.78           6.15            1.07084     0.00397       0.37  %   20000     
1.578437e+03      88.56           5.48            1.06193     0.00529       0.50  %   10000     
1.578555e+03      92.51           5.90            1.06378     0.00381       0.36  %   20000     
1.578674e+03      93.23           7.22            1.07745     0.00427       0.40  %   20000     
1.578779e+03      94.53           6.86            1.07255     0.00414       0.39  %   20000     
1.578896e+03      92.29           7.41            1.08029     0.00442       0.41  %   20000     
1.578910e+03      92.06           7.80            1.08469     0.00455       0.42  %   20000     
1.578987e+03      91.14           7.14            1.07829     0.00438       0.41  %   20000     
1.579129e+03      85.27           7.18            1.08423     0.00463       0.43  %   20000     
1.579236e+03      81.34           7.31            1.08987     0.00480       0.44  %   20000     
1.579378e+03      73.09           7.43            1.10161     0.00522       0.47  %   20000     
1.579839e+03      44.45           5.73            1.12892     0.00518       0.46  %   30000     
1.579969e+03      37.28           5.01            1.13440     0.00540       0.48  %   30000     
1.580032e+03      33.67           4.53            1.13467     0.00552       0.49  %   30000     
1.580194e+03      26.07           4.09            1.15702     0.00538       0.47  %   40000     
1.580206e+03      25.64           4.18            1.16322     0.00550       0.47  %   40000     
1.580342e+03      20.47           3.65            1.17808     0.00538       0.46  %   50000     
1.580413e+03      18.38           3.40            1.18527     0.00558       0.47  %   50000     
1.580482e+03      16.30           3.20            1.19602     0.00591       0.49  %   50000     
1.580630e+03      12.91           2.63            1.20349     0.00577       0.48  %   60000     
1.580634e+03      12.82           2.74            1.21385     0.00593       0.49  %   60000     
1.580786e+03      10.22           2.59            1.25305     0.00590       0.47  %   80000     
1.580822e+03      9.77            2.35            1.24013     0.00620       0.50  %   70000     
1.580936e+03      8.32            2.28            1.27348     0.00611       0.48  %   90000     
1.581088e+03      6.93            2.13            1.30741     0.00642       0.49  %   100000    
1.581103e+03      6.79            2.08            1.30668     0.00646       0.49  %   100000    
1.581269e+03      5.67            1.97            1.34758     0.00724       0.54  %   100000    
1.581384e+03      5.11            1.96            1.38328     0.00779       0.56  %   100000    
1.581480e+03      4.65            1.83            1.39420     0.00816       0.59  %   100000    
1.581739e+03      3.78            1.63            1.43057     0.00906       0.63  %   100000    
1.581754e+03      3.74            1.74            1.46406     0.00941       0.64  %   100000    
1.582007e+03      3.14            1.55            1.49255     0.01029       0.69  %   100000    
1.582329e+03      2.60            1.52            1.58336     0.01183       0.75  %   100000    
1.582341e+03      2.59            1.52            1.58802     0.01189       0.75  %   100000    
1.582697e+03      2.16            1.37            1.63387     0.01314       0.80  %   100000    
1.583056e+03      1.86            1.27            1.68359     0.01428       0.85  %   100000    
1.583165e+03      1.77            1.31            1.73973     0.01514       0.87  %   100000    
1.583710e+03      1.46            1.13            1.77243     0.01657       0.93  %   100000    
1.584234e+03      1.26            1.01            1.80536     0.01776       0.98  %   100000    
1.584291e+03      1.24            0.96            1.77327     0.01746       0.98  %   100000    
1.584959e+03      1.06            0.76            1.71791     0.01783       1.04  %   100000    
1.585684e+03      0.94            0.60            1.64341     0.01758       1.07  %   100000    
1.585872e+03      0.92            0.60            1.65212     0.01777       1.08  %   100000    
1.586688e+03      0.83            0.56            1.67415     0.01862       1.11  %   100000    
1.587535e+03      0.79            0.54            1.67826     0.01875       1.12  %   100000    
1.587959e+03      0.79            0.55            1.68856     0.01873       1.11  %   100000    
1.588687e+03      0.82            0.51            1.61749     0.01713       1.06  %   100000    
1.589172e+03      0.87            0.51            1.58526     0.01598       1.01  %   100000    
1.589658e+03      0.97            0.49            1.49989     0.01386       0.92  %   100000    
1.590026e+03      1.10            0.48            1.43516     0.01206       0.84  %   100000    
1.590254e+03      1.23            0.46            1.37390     0.01053       0.77  %   100000    
1.590277e+03      1.24            0.46            1.36987     0.01041       0.76  %   100000    
1.590465e+03      1.41            0.47            1.33598     0.00929       0.70  %   100000    
1.590621e+03      1.61            0.46            1.28540     0.00798       0.62  %   100000    
1.590778e+03      1.92            0.44            1.23137     0.00656       0.53  %   100000    
1.590903e+03      2.30            0.44            1.19302     0.00578       0.48  %   90000     
1.591022e+03      2.82            0.43            1.15374     0.00572       0.50  %   60000     
1.591124e+03      3.45            0.39            1.11220     0.00545       0.49  %   40000     
1.591226e+03      4.31            0.43            1.09995     0.00535       0.49  %   30000     
1.591327e+03      5.47            0.39            1.07180     0.00499       0.47  %   20000     
1.591395e+03      6.51            0.43            1.06676     0.00446       0.42  %   20000     
1.591429e+03      7.02            0.42            1.06027     0.00411       0.39  %   20000     
1.591537e+03      9.22            0.43            1.04710     0.00462       0.44  %   10000     
1.591652e+03      12.28           0.47            1.03850     0.00376       0.36  %   10000     
1.591736e+03      15.20           0.42            1.02746     0.00295       0.29  %   10000     
1.591766e+03      16.23           0.40            1.02489     0.00275       0.27  %   10000     
1.591899e+03      22.07           0.47            1.02147     0.00235       0.23  %   10000     
1.591979e+03      26.52           0.47            1.01787     0.00204       0.20  %   10000     
1.592056e+03      30.74           0.49            1.01595     0.00187       0.18  %   10000     
1.592198e+03      40.39           0.48            1.01177     0.00153       0.15  %   10000     
1.592269e+03      45.17           0.65            1.01434     0.00166       0.16  %   10000     
1.592481e+03      60.31           0.72            1.01193     0.00146       0.14  %   10000     
1.592665e+03      73.14           0.83            1.01138     0.00141       0.14  %   10000     
1.592865e+03      82.86           0.95            1.01151     0.00141       0.14  %   10000     
1.592990e+03      85.43           1.23            1.01436     0.00159       0.16  %   10000     
1.593042e+03      86.53           1.20            1.01383     0.00156       0.15  %   10000     
1.593083e+03      86.64           1.14            1.01318     0.00153       0.15  %   10000     
1.593253e+03      83.74           0.96            1.01146     0.00145       0.14  %   10000     
1.593271e+03      83.44           1.14            1.01370     0.00159       0.16  %   10000     
1.593378e+03      78.59           1.22            1.01550     0.00171       0.17  %   10000     
1.593460e+03      74.88           0.92            1.01229     0.00154       0.15  %   10000     
1.593603e+03      65.19           1.18            1.01811     0.00193       0.19  %   10000     
1.593776e+03      53.42           1.39            1.02593     0.00240       0.23  %   10000     
1.594026e+03      35.71           1.27            1.03555     0.00310       0.30  %   10000     
1.594040e+03      34.75           1.39            1.03995     0.00330       0.32  %   10000     
1.594210e+03      24.69           1.31            1.05316     0.00418       0.40  %   10000     
1.594345e+03      18.22           1.12            1.06128     0.00492       0.46  %   10000     
1.594412e+03      15.70           0.92            1.05881     0.00505       0.48  %   10000     
1.594462e+03      13.80           1.07            1.07732     0.00427       0.40  %   20000     
1.594567e+03      10.63           1.07            1.10036     0.00534       0.49  %   20000     
1.594672e+03      8.15            1.02            1.12503     0.00537       0.48  %   30000     
1.594777e+03      6.26            0.95            1.15216     0.00567       0.49  %   40000     
1.594785e+03      6.15            0.93            1.15173     0.00570       0.49  %   40000     
1.594882e+03      4.84            0.91            1.18793     0.00572       0.48  %   60000     
1.594975e+03      3.90            0.94            1.23974     0.00613       0.49  %   80000     
1.595068e+03      3.19            0.88            1.27574     0.00641       0.50  %   100000    
1.595179e+03      2.56            0.92            1.35911     0.00802       0.59  %   100000    
1.595248e+03      2.29            0.85            1.37170     0.00856       0.62  %   100000    
1.595291e+03      2.12            0.87            1.40817     0.00928       0.66  %   100000    
1.595402e+03      1.80            0.85            1.47318     0.01075       0.73  %   100000    
1.595540e+03      1.53            0.87            1.56987     0.01270       0.81  %   100000    
1.595699e+03      1.31            0.84            1.64347     0.01441       0.88  %   100000    
1.595815e+03      1.21            0.86            1.70787     0.01563       0.92  %   100000    
1.595922e+03      1.12            0.87            1.78267     0.01706       0.96  %   100000    
1.596177e+03      0.97            0.83            1.85100     0.01895       1.02  %   100000    
1.596567e+03      0.83            0.82            1.98607     0.02189       1.10  %   100000    
1.597070e+03      0.71            0.79            2.11002     0.02476       1.17  %   100000    
1.597490e+03      0.65            0.76            2.17082     0.02634       1.21  %   100000    
1.597645e+03      0.63            0.76            2.21019     0.02721       1.23  %   100000    
1.598508e+03      0.55            0.76            2.37416     0.03063       1.29  %   100000    
1.599782e+03      0.49            0.77            2.55630     0.03400       1.33  %   100000    
1.600768e+03      0.47            0.77            2.63713     0.03535       1.34  %   100000    
1.602741e+03      0.45            0.67            2.47691     0.03344       1.35  %   100000    
1.603130e+03      0.46            0.64            2.40816     0.03243       1.35  %   100000    
1.604444e+03      0.47            0.62            2.32935     0.03075       1.32  %   100000    
1.606146e+03      0.51            0.58            2.14017     0.02684       1.25  %   100000    
1.607282e+03      0.56            0.59            2.05226     0.02427       1.18  %   100000    
1.608204e+03      0.62            0.55            1.88275     0.02081       1.11  %   100000    
1.608246e+03      0.63            0.55            1.88244     0.02074       1.10  %   100000    
1.609050e+03      0.72            0.53            1.73650     0.01745       1.00  %   100000    
1.609694e+03      0.83            0.50            1.60488     0.01457       0.91  %   100000    
1.610296e+03      0.97            0.47            1.48599     0.01190       0.80  %   100000    
1.610412e+03      1.02            0.48            1.47681     0.01151       0.78  %   100000    
1.610826e+03      1.17            0.42            1.35745     0.00918       0.68  %   100000    
1.611267e+03      1.41            0.38            1.26687     0.00712       0.56  %   100000    
1.611598e+03      1.68            0.34            1.20065     0.00593       0.49  %   90000     
1.611644e+03      1.73            0.33            1.19196     0.00571       0.48  %   90000     
1.611874e+03      1.98            0.32            1.16186     0.00549       0.47  %   70000     
1.612095e+03      2.33            0.29            1.12357     0.00521       0.46  %   50000     
1.612299e+03      2.79            0.28            1.09947     0.00476       0.43  %   40000     
1.612486e+03      3.40            0.25            1.07253     0.00521       0.49  %   20000     
1.612635e+03      4.12            0.22            1.05350     0.00409       0.39  %   20000     
1.612700e+03      4.56            0.22            1.04845     0.00371       0.35  %   20000     
1.612762e+03      4.99            0.22            1.04369     0.00480       0.46  %   10000     
1.612883e+03      6.14            0.23            1.03744     0.00409       0.39  %   10000     
1.612884e+03      6.15            0.25            1.04103     0.00428       0.41  %   10000     
1.613006e+03      7.75            0.21            1.02736     0.00324       0.31  %   10000     
1.613068e+03      8.87            0.24            1.02715     0.00308       0.30  %   10000     
1.613112e+03      9.66            0.22            1.02293     0.00277       0.27  %   10000     
1.613190e+03      11.52           0.29            1.02515     0.00277       0.27  %   10000     
1.613218e+03      12.19           0.21            1.01683     0.00224       0.22  %   10000     
1.613330e+03      15.64           0.31            1.01982     0.00231       0.23  %   10000     
1.613344e+03      16.24           0.28            1.01736     0.00215       0.21  %   10000     
1.613445e+03      20.31           0.33            1.01635     0.00202       0.20  %   10000     
1.613478e+03      22.06           0.31            1.01421     0.00186       0.18  %   10000     
1.613558e+03      26.15           0.40            1.01525     0.00190       0.19  %   10000     
1.613599e+03      28.88           0.48            1.01675     0.00197       0.19  %   10000     
1.613696e+03      35.16           0.58            1.01646     0.00193       0.19  %   10000     
1.613720e+03      37.15           0.55            1.01493     0.00183       0.18  %   10000     
1.613844e+03      47.21           0.71            1.01500     0.00183       0.18  %   10000     
1.613858e+03      48.60           0.62            1.01270     0.00168       0.17  %   10000     
1.614024e+03      64.75           0.69            1.01068     0.00154       0.15  %   10000     
1.614037e+03      66.05           0.85            1.01294     0.00169       0.17  %   10000     
1.614233e+03      86.92           1.51            1.01737     0.00197       0.19  %   10000     
1.614537e+03      116.61          2.08            1.01785     0.00203       0.20  %   10000     
1.614669e+03      124.91          2.05            1.01642     0.00197       0.19  %   10000     
1.614736e+03      129.16          2.83            1.02191     0.00227       0.22  %   10000     
1.614893e+03      132.99          2.74            1.02063     0.00224       0.22  %   10000     
1.614917e+03      133.67          2.72            1.02038     0.00223       0.22  %   10000     
1.614962e+03      133.76          2.64            1.01974     0.00220       0.22  %   10000     
1.615092e+03      130.59          3.06            1.02344     0.00243       0.24  %   10000     
1.615136e+03      129.64          3.32            1.02561     0.00255       0.25  %   10000     
1.615324e+03      118.72          3.54            1.02984     0.00280       0.27  %   10000     
1.615346e+03      116.67          3.51            1.03012     0.00283       0.27  %   10000     
1.615616e+03      91.90           3.23            1.03518     0.00318       0.31  %   10000     
1.615622e+03      91.35           3.49            1.03818     0.00331       0.32  %   10000     
1.615935e+03      58.86           2.70            1.04589     0.00391       0.37  %   10000     
1.616094e+03      44.55           2.33            1.05225     0.00437       0.42  %   10000     
1.616111e+03      42.95           2.27            1.05276     0.00443       0.42  %   10000     
1.616249e+03      32.56           1.96            1.06016     0.00501       0.47  %   10000     
1.616335e+03      27.29           1.85            1.06788     0.00390       0.36  %   20000     
1.616370e+03      25.15           1.97            1.07827     0.00427       0.40  %   20000     
1.616491e+03      19.23           1.66            1.08616     0.00480       0.44  %   20000     
1.616561e+03      16.59           1.48            1.08944     0.00507       0.46  %   20000     
1.616611e+03      14.66           1.53            1.10459     0.00464       0.42  %   30000     
1.616716e+03      11.61           1.38            1.11855     0.00530       0.47  %   30000     
1.616765e+03      10.52           1.37            1.13062     0.00494       0.44  %   40000     
1.616821e+03      9.27            1.29            1.13914     0.00533       0.47  %   40000     
1.616925e+03      7.48            1.25            1.16700     0.00562       0.48  %   50000     
1.617039e+03      6.04            1.15            1.19094     0.00588       0.49  %   60000     
1.617045e+03      5.97            1.16            1.19456     0.00596       0.50  %   60000     
1.617161e+03      4.90            1.14            1.23283     0.00607       0.49  %   80000     
1.617302e+03      3.97            1.14            1.28633     0.00649       0.50  %   100000    
1.617339e+03      3.80            1.03            1.27217     0.00642       0.50  %   100000    
1.617443e+03      3.32            1.11            1.33465     0.00750       0.56  %   100000    
1.617620e+03      2.75            1.03            1.37414     0.00852       0.62  %   100000    
1.617739e+03      2.49            1.00            1.40283     0.00916       0.65  %   100000    
1.617800e+03      2.35            1.00            1.42460     0.00963       0.68  %   100000    
1.618041e+03      1.97            0.96            1.48845     0.01108       0.74  %   100000    
1.618330e+03      1.65            0.91            1.55522     0.01263       0.81  %   100000    
1.618389e+03      1.60            0.93            1.58294     0.01306       0.83  %   100000    
1.618718e+03      1.35            0.87            1.64289     0.01470       0.89  %   100000    
1.619040e+03      1.19            0.84            1.71020     0.01623       0.95  %   100000    
1.619156e+03      1.13            0.88            1.78376     0.01743       0.98  %   100000    
1.619714e+03      0.93            0.85            1.90663     0.02025       1.06  %   100000    
1.620317e+03      0.79            0.82            2.03665     0.02306       1.13  %   100000    
1.620586e+03      0.75            0.79            2.05113     0.02367       1.15  %   100000    
1.621041e+03      0.68            0.80            2.17080     0.02604       1.20  %   100000    
1.621831e+03      0.60            0.77            2.29055     0.02879       1.26  %   100000    
1.623063e+03      0.52            0.73            2.40110     0.03161       1.32  %   100000    
1.623242e+03      0.51            0.74            2.43725     0.03212       1.32  %   100000    
1.624602e+03      0.46            0.72            2.56147     0.03481       1.36  %   100000    
1.626449e+03      0.43            0.53            2.22163     0.03151       1.42  %   100000    
1.628305e+03      0.42            0.43            2.03016     0.02885       1.42  %   100000    
1.630454e+03      0.43            0.42            1.95549     0.02678       1.37  %   100000    
1.631796e+03      0.47            0.41            1.86419     0.02415       1.30  %   100000    
1.632333e+03      0.51            0.39            1.76348     0.02182       1.24  %   100000    
1.632682e+03      0.56            0.40            1.71587     0.02010       1.17  %   100000    
1.632842e+03      0.60            0.39            1.64461     0.01836       1.12  %   100000    
1.633002e+03      0.67            0.38            1.56929     0.01630       1.04  %   100000    
1.633122e+03      0.75            0.39            1.51748     0.01466       0.97  %   100000    
1.633190e+03      0.82            0.38            1.46649     0.01331       0.91  %   100000    
1.633262e+03      0.90            0.38            1.42674     0.01219       0.85  %   100000    
1.633382e+03      1.09            0.38            1.34900     0.01005       0.74  %   100000    
1.633502e+03      1.35            0.39            1.28894     0.00823       0.64  %   100000    
1.633622e+03      1.71            0.39            1.22742     0.00651       0.53  %   100000    
1.633742e+03      2.19            0.38            1.17295     0.00564       0.48  %   80000     
1.633882e+03      2.92            0.39            1.13282     0.00546       0.48  %   50000     
1.634032e+03      3.94            0.38            1.09649     0.00524       0.48  %   30000     
1.634237e+03      5.69            0.35            1.06196     0.00438       0.41  %   20000     
1.634242e+03      5.73            0.37            1.06462     0.00446       0.42  %   20000     
1.634677e+03      9.91            0.33            1.03286     0.00364       0.35  %   10000     
1.634891e+03      11.37           0.36            1.03204     0.00342       0.33  %   10000     
1.635076e+03      11.89           0.46            1.03904     0.00372       0.36  %   10000     
1.635101e+03      11.89           0.50            1.04227     0.00387       0.37  %   10000     
1.635290e+03      11.48           0.37            1.03251     0.00345       0.33  %   10000     
1.635510e+03      10.06           0.38            1.03730     0.00389       0.38  %   10000     
1.635600e+03      9.22            0.39            1.04262     0.00431       0.41  %   10000     
1.636069e+03      4.85            0.41            1.08402     0.00450       0.42  %   30000     
1.636249e+03      3.50            0.42            1.11920     0.00534       0.48  %   40000     
1.636399e+03      2.64            0.41            1.15389     0.00562       0.49  %   60000     
1.636533e+03      2.05            0.40            1.19580     0.00579       0.48  %   90000     
1.636653e+03      1.67            0.40            1.23842     0.00666       0.54  %   100000    
1.636788e+03      1.37            0.42            1.30376     0.00825       0.63  %   100000    
1.636932e+03      1.16            0.40            1.34985     0.00956       0.71  %   100000    
1.637097e+03      1.02            0.41            1.39849     0.01080       0.77  %   100000    
1.637262e+03      0.95            0.41            1.42621     0.01149       0.81  %   100000    
1.637396e+03      0.94            0.37            1.39309     0.01109       0.80  %   100000    
1.637464e+03      0.93            0.39            1.41377     0.01139       0.81  %   100000    
1.637756e+03      0.96            0.37            1.38556     0.01072       0.77  %   100000    
1.638085e+03      1.05            0.36            1.34603     0.00962       0.71  %   100000    
1.638414e+03      1.20            0.36            1.30022     0.00832       0.64  %   100000    
1.638682e+03      1.38            0.33            1.23851     0.00687       0.55  %   100000    
1.638878e+03      1.58            0.34            1.21781     0.00611       0.50  %   100000    
1.638929e+03      1.66            0.34            1.20699     0.00581       0.48  %   100000    
1.639049e+03      1.84            0.36            1.19313     0.00595       0.50  %   80000     
1.639195e+03      2.18            0.33            1.15159     0.00560       0.49  %   60000     
1.639318e+03      2.58            0.33            1.12628     0.00515       0.46  %   50000     
1.639432e+03      3.10            0.36            1.11479     0.00503       0.45  %   40000     
1.639547e+03      3.85            0.31            1.08107     0.00442       0.41  %   30000     
1.639645e+03      4.73            0.34            1.07235     0.00466       0.43  %   20000     
1.639731e+03      5.75            0.33            1.05709     0.00381       0.36  %   20000     
1.639744e+03      5.91            0.33            1.05592     0.00373       0.35  %   20000     
1.639842e+03      7.45            0.33            1.04468     0.00432       0.41  %   10000     
1.639953e+03      9.72            0.35            1.03648     0.00354       0.34  %   10000     
1.639957e+03      9.85            0.33            1.03373     0.00339       0.33  %   10000     
1.640066e+03      12.83           0.34            1.02638     0.00277       0.27  %   10000     
1.640180e+03      16.84           0.33            1.01936     0.00220       0.22  %   10000     
1.640184e+03      16.98           0.38            1.02228     0.00235       0.23  %   10000     
1.640306e+03      22.44           0.37            1.01662     0.00191       0.19  %   10000     
1.640371e+03      26.11           0.42            1.01623     0.00183       0.18  %   10000     
1.640453e+03      30.69           0.48            1.01566     0.00175       0.17  %   10000     
1.640532e+03      36.14           0.54            1.01488     0.00167       0.16  %   10000     
1.640638e+03      43.38           0.58            1.01345     0.00156       0.15  %   10000     
1.640749e+03      52.03           0.57            1.01103     0.00139       0.14  %   10000     
1.641141e+03      81.50           1.00            1.01231     0.00144       0.14  %   10000     
1.641346e+03      91.75           1.01            1.01102     0.00136       0.13  %   10000     
1.641454e+03      93.65           1.11            1.01190     0.00143       0.14  %   10000     
1.641548e+03      95.38           1.40            1.01472     0.00159       0.16  %   10000     
1.641554e+03      95.38           1.31            1.01369     0.00153       0.15  %   10000     
1.641691e+03      92.99           1.61            1.01729     0.00175       0.17  %   10000     
1.641737e+03      92.22           1.59            1.01720     0.00175       0.17  %   10000     
1.641807e+03      88.92           1.40            1.01570     0.00169       0.17  %   10000     
1.641938e+03      82.75           1.41            1.01703     0.00178       0.17  %   10000     
1.642038e+03      75.51           1.34            1.01768     0.00185       0.18  %   10000     
1.642267e+03      58.80           1.23            1.02086     0.00209       0.20  %   10000     
1.642361e+03      51.79           1.29            1.02495     0.00233       0.23  %   10000     
1.642542e+03      38.12           1.05            1.02765     0.00261       0.25  %   10000     
1.642700e+03      28.19           1.05            1.03712     0.00322       0.31  %   10000     
1.642835e+03      21.36           0.88            1.04140     0.00362       0.35  %   10000     
1.642846e+03      20.76           0.96            1.04628     0.00386       0.37  %   10000     
1.642970e+03      15.84           0.93            1.05849     0.00466       0.44  %   10000     
1.643082e+03      12.39           0.96            1.07726     0.00405       0.38  %   20000     
1.643145e+03      10.89           0.87            1.08007     0.00427       0.40  %   20000     
1.643194e+03      9.75            0.78            1.07979     0.00442       0.41  %   20000     
1.643305e+03      7.81            0.75            1.09623     0.00521       0.48  %   20000     
1.643405e+03      6.56            0.72            1.11030     0.00481       0.43  %   30000     
1.643439e+03      6.26            0.74            1.11832     0.00505       0.45  %   30000     
1.643504e+03      5.67            0.76            1.13377     0.00554       0.49  %   30000     
1.643629e+03      4.96            0.70            1.14056     0.00513       0.45  %   40000     
1.643742e+03      4.63            0.68            1.14722     0.00533       0.46  %   40000     
1.643836e+03      4.54            0.69            1.15147     0.00537       0.47  %   40000     
1.643880e+03      4.57            0.65            1.14287     0.00517       0.45  %   40000     
1.643931e+03      4.61            0.63            1.13621     0.00501       0.44  %   40000     
1.644057e+03      4.95            0.59            1.11943     0.00519       0.46  %   30000     
1.644183e+03      5.63            0.60            1.10745     0.00460       0.42  %   30000     
1.644310e+03      6.72            0.56            1.08385     0.00458       0.42  %   20000     
1.644320e+03      6.86            0.53            1.07684     0.00434       0.40  %   20000     
1.644420e+03      8.13            0.56            1.06911     0.00384       0.36  %   20000     
1.644469e+03      9.00            0.54            1.05994     0.00486       0.46  %   10000     
1.644530e+03      10.09           0.57            1.05681     0.00454       0.43  %   10000     
1.644641e+03      12.75           0.62            1.04854     0.00388       0.37  %   10000     
1.644692e+03      14.35           0.56            1.03884     0.00335       0.32  %   10000     
1.644744e+03      16.01           0.56            1.03476     0.00308       0.30  %   10000     
1.644840e+03      19.91           0.58            1.02912     0.00267       0.26  %   10000     
1.644856e+03      20.55           0.69            1.03364     0.00284       0.28  %   10000     
1.644969e+03      26.43           0.70            1.02645     0.00240       0.23  %   10000     
1.644987e+03      27.37           0.80            1.02906     0.00250       0.24  %   10000     
1.645123e+03      36.33           0.68            1.01873     0.00193       0.19  %   10000     
1.645132e+03      37.08           0.80            1.02161     0.00207       0.20  %   10000     
1.645284e+03      49.39           1.10            1.02218     0.00204       0.20  %   10000     
1.645297e+03      50.48           1.14            1.02253     0.00205       0.20  %   10000     
1.645457e+03      66.05           1.49            1.02255     0.00202       0.20  %   10000     
1.645558e+03      75.54           1.48            1.01962     0.00189       0.19  %   10000     
1.645726e+03      91.46           1.74            1.01904     0.00186       0.18  %   10000     
1.645866e+03      104.33          1.82            1.01742     0.00178       0.17  %   10000     
1.646096e+03      118.49          2.34            1.01977     0.00192       0.19  %   10000     
1.646104e+03      118.63          2.89            1.02434     0.00213       0.21  %   10000     
1.646294e+03      122.62          3.37            1.02750     0.00229       0.22  %   10000     
1.646306e+03      122.59          3.48            1.02836     0.00233       0.23  %   10000     
1.646334e+03      121.93          3.34            1.02743     0.00230       0.22  %   10000     
1.646489e+03      118.58          3.36            1.02837     0.00237       0.23  %   10000     
1.646540e+03      115.49          3.15            1.02725     0.00235       0.23  %   10000     
1.646702e+03      105.93          3.27            1.03082     0.00254       0.25  %   10000     
1.646750e+03      101.53          3.26            1.03211     0.00262       0.25  %   10000     
1.647037e+03      75.34           2.93            1.03895     0.00305       0.29  %   10000     
1.647309e+03      49.55           2.81            1.05676     0.00398       0.38  %   10000     
1.647482e+03      35.75           2.38            1.06665     0.00463       0.43  %   10000     
1.647536e+03      32.22           2.18            1.06758     0.00477       0.45  %   10000     
1.647618e+03      26.87           1.97            1.07333     0.00521       0.49  %   10000     
1.647751e+03      19.97           1.98            1.09915     0.00464       0.42  %   20000     
1.647826e+03      16.95           1.76            1.10412     0.00497       0.45  %   20000     
1.647869e+03      15.22           1.77            1.11638     0.00544       0.49  %   20000     
1.647976e+03      11.87           1.64            1.13825     0.00525       0.46  %   30000     
1.648080e+03      9.36            1.60            1.17097     0.00546       0.47  %   40000     
1.648108e+03      8.84            1.57            1.17735     0.00566       0.48  %   40000     
1.648184e+03      7.44            1.47            1.19708     0.00570       0.48  %   50000     
1.648288e+03      5.98            1.39            1.23236     0.00613       0.50  %   60000     
1.648407e+03      4.77            1.37            1.28779     0.00642       0.50  %   80000     
1.648462e+03      4.36            1.27            1.29056     0.00628       0.49  %   90000     
1.648529e+03      3.87            1.24            1.32025     0.00658       0.50  %   100000    
1.648664e+03      3.17            1.21            1.38215     0.00780       0.56  %   100000    
1.648800e+03      2.68            1.15            1.42858     0.00884       0.62  %   100000    
1.648954e+03      2.28            1.05            1.46003     0.00976       0.67  %   100000    
1.649022e+03      2.15            1.08            1.50111     0.01039       0.69  %   100000    
1.649129e+03      1.96            0.98            1.49851     0.01080       0.72  %   100000    
1.649363e+03      1.66            0.96            1.57675     0.01244       0.79  %   100000    
1.649641e+03      1.41            0.94            1.66468     0.01424       0.86  %   100000    
1.649655e+03      1.40            0.93            1.66723     0.01432       0.86  %   100000    
1.650006e+03      1.18            0.91            1.77296     0.01656       0.93  %   100000    
1.650441e+03      1.00            0.86            1.86238     0.01877       1.01  %   100000    
1.650927e+03      0.86            0.84            1.98332     0.02128       1.07  %   100000    
1.650963e+03      0.85            0.79            1.93747     0.02091       1.08  %   100000    
1.651568e+03      0.73            0.81            2.11294     0.02431       1.15  %   100000    
1.652421e+03      0.62            0.77            2.24408     0.02749       1.23  %   100000    
1.653107e+03      0.56            0.75            2.32812     0.02941       1.26  %   100000    
1.653444e+03      0.53            0.76            2.42914     0.03115       1.28  %   100000    
1.654472e+03      0.48            0.77            2.59063     0.03423       1.32  %   100000    
1.655859e+03      0.44            0.74            2.65433     0.03591       1.35  %   100000    
1.656553e+03      0.44            0.72            2.64419     0.03583       1.36  %   100000    
1.657120e+03      0.45            0.70            2.58011     0.03470       1.34  %   100000    
1.657449e+03      0.46            0.69            2.49830     0.03304       1.32  %   100000    
1.657669e+03      0.49            0.75            2.51917     0.03220       1.28  %   100000    
1.657834e+03      0.53            0.70            2.31170     0.02872       1.24  %   100000    
1.657999e+03      0.61            0.70            2.15485     0.02525       1.17  %   100000    
1.658136e+03      0.71            0.69            1.97743     0.02153       1.09  %   100000    
1.658274e+03      0.86            0.69            1.80524     0.01773       0.98  %   100000    
1.658398e+03      1.06            0.68            1.64382     0.01430       0.87  %   100000    
1.658521e+03      1.34            0.72            1.53439     0.01162       0.76  %   100000    
1.658645e+03      1.72            0.68            1.39706     0.00890       0.64  %   100000    
1.658775e+03      2.23            0.70            1.31647     0.00701       0.53  %   100000    
1.658924e+03      2.98            0.67            1.22384     0.00576       0.47  %   80000     
1.659122e+03      4.22            0.67            1.15946     0.00524       0.45  %   50000     
1.659215e+03      4.88            0.66            1.13528     0.00506       0.45  %   40000     
1.659595e+03      7.57            0.65            1.08613     0.00477       0.44  %   20000     
1.659810e+03      8.59            0.73            1.08441     0.00449       0.41  %   20000     
1.660000e+03      8.91            0.72            1.08116     0.00435       0.40  %   20000     
1.660197e+03      8.56            0.67            1.07769     0.00434       0.40  %   20000     
1.660392e+03      7.63            0.68            1.08912     0.00487       0.45  %   20000     
1.660634e+03      5.93            0.78            1.13085     0.00536       0.47  %   30000     
1.660753e+03      5.10            0.73            1.14276     0.00518       0.45  %   40000     
1.661007e+03      3.36            0.72            1.21570     0.00578       0.48  %   70000     
1.661178e+03      2.42            0.73            1.30019     0.00663       0.51  %   100000    
1.661318e+03      1.82            0.73            1.40237     0.00876       0.62  %   100000    
1.661444e+03      1.41            0.75            1.52973     0.01135       0.74  %   100000    
1.661566e+03      1.11            0.71            1.63761     0.01398       0.85  %   100000    
1.661674e+03      0.91            0.73            1.80489     0.01729       0.96  %   100000    
1.661782e+03      0.76            0.71            1.93675     0.02035       1.05  %   100000    
1.661917e+03      0.63            0.72            2.15393     0.02475       1.15  %   100000    
1.662053e+03      0.54            0.68            2.25147     0.02770       1.23  %   100000    
1.662215e+03      0.48            0.72            2.50133     0.03222       1.29  %   100000    
1.662431e+03      0.43            0.71            2.65944     0.03561       1.34  %   100000    
1.662648e+03      0.41            0.70            2.71870     0.03727       1.37  %   100000    
1.663081e+03      0.38            0.71            2.85606     0.03981       1.39  %   100000    
1.664110e+03      0.36            0.71            2.97741     0.04210       1.41  %   100000    
1.664559e+03      0.35            0.69            2.95580     0.04195       1.42  %   100000    
1.665826e+03      0.34            0.69            3.02365     0.04310       1.43  %   100000    
1.669509e+03      0.33            0.63            2.87755     0.04130       1.44  %   100000    
1.672660e+03      0.34            0.61            2.78954     0.03947       1.42  %   100000    
1.676744e+03      0.36            0.38            2.06666     0.02920       1.41  %   100000    
1.680481e+03      0.39            0.20            1.51407     0.01897       1.25  %   100000    
1.682852e+03      0.44            0.07            1.16892     0.01008       0.86  %   100000    
1.684631e+03      0.50            0.06            1.11998     0.00783       0.70  %   100000    
1.685947e+03      0.58            0.06            1.10505     0.00676       0.61  %   100000    
1.686671e+03      0.64            0.06            1.08933     0.00587       0.54  %   100000    
1.687033e+03      0.68            0.06            1.08311     0.00549       0.51  %   100000    
1.687937e+03      0.81            0.05            1.06518     0.00523       0.49  %   70000     
1.688578e+03      0.95            0.04            1.04350     0.00516       0.49  %   40000     
1.688853e+03      1.04            0.06            1.05684     0.00502       0.47  %   50000     
1.689129e+03      1.13            0.05            1.04519     0.00476       0.46  %   40000     
1.689588e+03      1.35            0.05            1.03822     0.00456       0.44  %   30000     
1.689955e+03      1.60            0.05            1.03321     0.00474       0.46  %   20000     
1.690128e+03      1.77            0.06            1.03166     0.00439       0.43  %   20000     
1.690260e+03      1.90            0.05            1.02474     0.00373       0.36  %   20000     
1.690504e+03      2.24            0.05            1.02450     0.00480       0.47  %   10000     
1.690733e+03      2.70            0.04            1.01321     0.00320       0.32  %   10000     
1.690922e+03      3.27            0.05            1.01420     0.00302       0.30  %   10000     
1.691069e+03      3.91            0.03            1.00820     0.00212       0.21  %   10000     
1.691216e+03      4.83            0.05            1.00953     0.00208       0.21  %   10000     
1.691274e+03      5.34            0.03            1.00584     0.00156       0.16  %   10000     
1.691341e+03      5.94            0.04            1.00731     0.00168       0.17  %   10000     
1.691375e+03      6.36            0.04            1.00622     0.00151       0.15  %   10000     
1.691460e+03      7.41            0.06            1.00761     0.00159       0.16  %   10000     
1.691578e+03      9.39            0.05            1.00485     0.00117       0.12  %   10000     
1.691579e+03      9.41            0.04            1.00427     0.00110       0.11  %   10000     
1.691698e+03      12.13           0.04            1.00326     0.00090       0.09  %   10000     
1.691731e+03      13.14           0.04            1.00314     0.00087       0.09  %   10000     
1.691819e+03      15.83           0.04            1.00271     0.00078       0.08  %   10000     
1.691884e+03      18.46           0.07            1.00384     0.00090       0.09  %   10000     
1.691943e+03      20.83           0.04            1.00207     0.00066       0.07  %   10000     
1.692024e+03      25.04           0.05            1.00197     0.00062       0.06  %   10000     
1.692065e+03      27.21           0.04            1.00156     0.00055       0.06  %   10000     
1.692163e+03      33.65           0.11            1.00338     0.00080       0.08  %   10000     
1.692205e+03      36.39           0.14            1.00393     0.00086       0.09  %   10000     
1.692303e+03      44.42           0.13            1.00292     0.00073       0.07  %   10000     
1.692370e+03      49.78           0.13            1.00256     0.00068       0.07  %   10000     
1.692468e+03      59.56           0.20            1.00342     0.00078       0.08  %   10000     
1.692591e+03      71.47           0.25            1.00344     0.00079       0.08  %   10000     
1.692664e+03      79.07           0.29            1.00362     0.00081       0.08  %   10000     
1.693033e+03      115.41          0.75            1.00647     0.00109       0.11  %   10000     
1.693215e+03      127.07          0.99            1.00777     0.00121       0.12  %   10000     
1.693235e+03      128.34          0.95            1.00739     0.00118       0.12  %   10000     
1.693418e+03      133.30          0.78            1.00582     0.00106       0.11  %   10000     
1.693452e+03      133.33          0.83            1.00626     0.00110       0.11  %   10000     
1.693465e+03      133.38          1.12            1.00841     0.00128       0.13  %   10000     
1.693651e+03      129.10          1.30            1.01008     0.00142       0.14  %   10000     
1.693663e+03      128.40          1.17            1.00911     0.00136       0.13  %   10000     
1.693853e+03      116.93          1.13            1.00965     0.00142       0.14  %   10000     
1.693875e+03      114.83          1.21            1.01058     0.00149       0.15  %   10000     
1.694155e+03      88.63           0.91            1.01028     0.00153       0.15  %   10000     
1.694177e+03      86.49           1.13            1.01310     0.00173       0.17  %   10000     
1.694467e+03      57.11           1.02            1.01778     0.00215       0.21  %   10000     
1.694649e+03      41.22           0.95            1.02299     0.00258       0.25  %   10000     
1.694667e+03      39.99           1.02            1.02554     0.00273       0.27  %   10000     
1.694796e+03      30.77           0.81            1.02618     0.00292       0.28  %   10000     
1.694911e+03      24.17           0.85            1.03500     0.00354       0.34  %   10000     
1.694918e+03      23.77           0.79            1.03313     0.00346       0.33  %   10000     
1.695037e+03      18.35           0.79            1.04313     0.00421       0.40  %   10000     
1.695148e+03      14.38           0.59            1.04075     0.00435       0.42  %   10000     
1.695157e+03      14.14           0.67            1.04721     0.00470       0.45  %   10000     
1.695260e+03      11.31           0.56            1.04909     0.00512       0.49  %   10000     
1.695371e+03      8.98            0.62            1.06895     0.00459       0.43  %   20000     
1.695396e+03      8.58            0.57            1.06593     0.00455       0.43  %   20000     
1.695487e+03      7.16            0.48            1.06670     0.00487       0.46  %   20000     
1.695601e+03      5.84            0.49            1.08372     0.00476       0.44  %   30000     
1.695658e+03      5.37            0.47            1.08820     0.00502       0.46  %   30000     
1.695734e+03      4.73            0.48            1.10199     0.00490       0.44  %   40000     
1.695848e+03      4.04            0.48            1.11861     0.00559       0.50  %   40000     
1.696000e+03      3.38            0.46            1.13684     0.00522       0.46  %   60000     
1.696076e+03      3.15            0.44            1.13921     0.00538       0.47  %   60000     
1.696172e+03      2.87            0.45            1.15627     0.00548       0.47  %   70000     
1.696395e+03      2.41            0.40            1.16517     0.00562       0.48  %   80000     
1.696651e+03      2.06            0.38            1.18550     0.00593       0.50  %   90000     
1.696817e+03      1.91            0.40            1.20748     0.00608       0.50  %   100000    
1.696970e+03      1.77            0.39            1.22053     0.00646       0.53  %   100000    
1.697379e+03      1.53            0.36            1.23323     0.00699       0.57  %   100000    
1.697800e+03      1.37            0.36            1.26710     0.00773       0.61  %   100000    
1.697919e+03      1.34            0.36            1.27007     0.00781       0.61  %   100000    
1.698221e+03      1.26            0.35            1.27698     0.00804       0.63  %   100000    
1.698783e+03      1.19            0.33            1.28041     0.00816       0.64  %   100000    
1.699344e+03      1.16            0.32            1.27842     0.00803       0.63  %   100000    
1.700051e+03      1.20            0.32            1.26704     0.00753       0.59  %   100000    
1.700757e+03      1.31            0.28            1.21106     0.00623       0.51  %   100000    
1.701286e+03      1.45            0.25            1.17168     0.00551       0.47  %   90000     
1.701816e+03      1.67            0.26            1.15815     0.00546       0.47  %   70000     
1.701909e+03      1.73            0.25            1.14236     0.00549       0.48  %   60000     
1.702299e+03      1.99            0.24            1.11919     0.00502       0.45  %   50000     
1.702688e+03      2.37            0.23            1.09726     0.00526       0.48  %   30000     
1.703012e+03      2.82            0.22            1.07843     0.00522       0.48  %   20000     
1.703259e+03      3.33            0.19            1.05854     0.00413       0.39  %   20000     
1.703292e+03      3.40            0.20            1.05873     0.00409       0.39  %   20000     
1.703505e+03      4.02            0.20            1.04908     0.00486       0.46  %   10000     
1.703718e+03      4.93            0.19            1.03897     0.00394       0.38  %   10000     
1.703793e+03      5.41            0.18            1.03339     0.00350       0.34  %   10000     
1.703888e+03      6.00            0.17            1.02880     0.00313       0.30  %   10000     
1.703897e+03      6.08            0.19            1.03090     0.00322       0.31  %   10000     
1.704045e+03      7.42            0.21            1.02769     0.00287       0.28  %   10000     
1.704106e+03      8.20            0.18            1.02183     0.00248       0.24  %   10000     
1.704175e+03      9.07            0.19            1.02148     0.00241       0.24  %   10000     
1.704231e+03      10.04           0.18            1.01766     0.00213       0.21  %   10000     
1.704306e+03      11.33           0.19            1.01660     0.00204       0.20  %   10000     
1.704371e+03      12.84           0.27            1.02124     0.00225       0.22  %   10000     
1.704422e+03      14.03           0.28            1.01981     0.00217       0.21  %   10000     
1.704487e+03      16.01           0.32            1.01970     0.00213       0.21  %   10000     
1.704538e+03      17.55           0.32            1.01803     0.00203       0.20  %   10000     
1.704603e+03      20.10           0.34            1.01678     0.00194       0.19  %   10000     
1.704654e+03      22.09           0.42            1.01911     0.00208       0.20  %   10000     
1.704707e+03      24.78           0.34            1.01373     0.00175       0.17  %   10000     
1.704782e+03      28.48           0.50            1.01771     0.00200       0.20  %   10000     
1.704812e+03      30.43           0.46            1.01513     0.00184       0.18  %   10000     
1.704917e+03      37.09           0.65            1.01758     0.00200       0.20  %   10000     
1.704928e+03      37.81           0.63            1.01675     0.00195       0.19  %   10000     
1.705048e+03      47.42           0.99            1.02086     0.00219       0.21  %   10000     
1.705090e+03      50.70           1.01            1.02000     0.00216       0.21  %   10000     
1.705194e+03      60.92           1.17            1.01919     0.00212       0.21  %   10000     
1.705279e+03      68.88           1.19            1.01724     0.00204       0.20  %   10000     
1.705361e+03      77.94           1.81            1.02318     0.00237       0.23  %   10000     
1.705618e+03      104.14          2.64            1.02537     0.00254       0.25  %   10000     
1.705841e+03      124.78          3.19            1.02557     0.00258       0.25  %   10000     
1.705989e+03      133.28          4.44            1.03328     0.00300       0.29  %   10000     
1.706071e+03      138.19          4.12            1.02980     0.00284       0.28  %   10000     
1.706224e+03      140.46          4.34            1.03089     0.00294       0.29  %   10000     
1.706286e+03      141.81          4.82            1.03402     0.00309       0.30  %   10000     
1.706294e+03      141.78          4.83            1.03405     0.00309       0.30  %   10000     
1.706437e+03      138.07          4.70            1.03407     0.00315       0.30  %   10000     
1.706450e+03      137.78          4.74            1.03442     0.00316       0.31  %   10000     
1.706484e+03      137.17          5.33            1.03885     0.00336       0.32  %   10000     
1.706647e+03      127.05          5.50            1.04326     0.00362       0.35  %   10000     
1.706721e+03      122.78          5.49            1.04475     0.00369       0.35  %   10000     
1.706870e+03      109.01          5.07            1.04656     0.00385       0.37  %   10000     
1.707333e+03      63.23           3.89            1.06157     0.00480       0.45  %   10000     
1.707476e+03      50.53           3.09            1.06114     0.00494       0.47  %   10000     
1.707511e+03      47.31           3.07            1.06489     0.00515       0.48  %   10000     
1.707660e+03      36.16           3.13            1.08647     0.00441       0.41  %   20000     
1.707691e+03      34.28           3.10            1.09054     0.00454       0.42  %   20000     
1.707794e+03      27.94           2.61            1.09355     0.00482       0.44  %   20000     
1.707873e+03      24.09           2.54            1.10554     0.00526       0.48  %   20000     
1.707911e+03      22.24           2.15            1.09655     0.00515       0.47  %   20000     
1.708027e+03      17.70           2.11            1.11914     0.00492       0.44  %   30000     
1.708059e+03      16.71           1.90            1.11380     0.00486       0.44  %   30000     
1.708143e+03      14.14           1.95            1.13752     0.00560       0.49  %   30000     
1.708259e+03      11.42           1.80            1.15772     0.00549       0.47  %   40000     
1.708292e+03      10.84           1.66            1.15282     0.00546       0.47  %   40000     
1.708375e+03      9.34            1.64            1.17607     0.00549       0.47  %   50000     
1.708515e+03      7.49            1.54            1.20586     0.00577       0.48  %   60000     
1.708530e+03      7.35            1.55            1.21074     0.00586       0.48  %   60000     
1.708667e+03      6.06            1.47            1.24226     0.00580       0.47  %   80000     
1.708792e+03      5.23            1.39            1.26511     0.00597       0.47  %   90000     
1.708820e+03      5.04            1.37            1.27236     0.00613       0.48  %   90000     
1.709011e+03      4.15            1.31            1.31590     0.00669       0.51  %   100000    
1.709211e+03      3.50            1.26            1.36043     0.00752       0.55  %   100000    
1.709225e+03      3.46            1.28            1.37145     0.00767       0.56  %   100000    
1.709473e+03      2.89            1.17            1.40513     0.00853       0.61  %   100000    
1.709772e+03      2.41            1.13            1.46994     0.00974       0.66  %   100000    
1.709858e+03      2.32            1.10            1.47387     0.00990       0.67  %   100000    
1.710146e+03      2.00            1.04            1.52259     0.01099       0.72  %   100000    
1.710597e+03      1.65            1.02            1.61876     0.01275       0.79  %   100000    
1.710808e+03      1.54            0.98            1.63353     0.01317       0.81  %   100000    
1.711122e+03      1.37            1.00            1.72864     0.01473       0.85  %   100000    
1.711775e+03      1.15            0.87            1.76003     0.01603       0.91  %   100000    
1.712032e+03      1.09            0.88            1.81262     0.01681       0.93  %   100000    
1.712558e+03      0.97            0.86            1.88622     0.01833       0.97  %   100000    
1.713410e+03      0.85            0.81            1.95995     0.01991       1.02  %   100000    
1.713897e+03      0.80            0.82            2.02014     0.02076       1.03  %   100000    
1.714404e+03      0.76            0.79            2.04122     0.02135       1.05  %   100000    
1.715597e+03      0.71            0.78            2.09511     0.02210       1.05  %   100000    
1.716392e+03      0.70            0.75            2.06342     0.02150       1.04  %   100000    
1.717093e+03      0.72            0.72            1.99834     0.02025       1.01  %   100000    
1.717793e+03      0.78            0.69            1.88554     0.01811       0.96  %   100000    
1.718230e+03      0.85            0.68            1.79995     0.01631       0.91  %   100000    
1.718493e+03      0.92            0.66            1.71592     0.01471       0.86  %   100000    
1.718636e+03      1.00            0.66            1.66337     0.01360       0.82  %   100000    
1.718755e+03      1.06            0.63            1.59210     0.01245       0.78  %   100000    
1.718930e+03      1.21            0.66            1.54600     0.01112       0.72  %   100000    
1.719084e+03      1.43            0.65            1.45514     0.00932       0.64  %   100000    
1.719215e+03      1.73            0.62            1.35856     0.00755       0.56  %   100000    
1.719322e+03      2.08            0.65            1.31160     0.00643       0.49  %   100000    
1.719429e+03      2.56            0.61            1.23974     0.00611       0.49  %   70000     
1.719536e+03      3.22            0.64            1.19745     0.00589       0.49  %   50000     
1.719644e+03      4.12            0.64            1.15498     0.00522       0.45  %   40000     
1.719751e+03      5.32            0.57            1.10671     0.00549       0.50  %   20000     
1.719869e+03      7.06            0.62            1.08826     0.00444       0.41  %   20000     
1.719968e+03      8.94            0.54            1.06006     0.00473       0.45  %   10000     
1.719993e+03      9.43            0.58            1.06186     0.00470       0.44  %   10000     
1.720129e+03      12.76           0.65            1.05104     0.00386       0.37  %   10000     
1.720272e+03      17.20           0.56            1.03265     0.00282       0.27  %   10000     
1.720287e+03      17.67           0.69            1.03904     0.00306       0.29  %   10000     
1.720501e+03      25.79           0.68            1.02634     0.00230       0.22  %   10000     
1.720609e+03      30.20           0.71            1.02335     0.00210       0.21  %   10000     
1.720927e+03      42.96           0.97            1.02267     0.00197       0.19  %   10000     
1.721138e+03      48.74           0.98            1.02001     0.00183       0.18  %   10000     
1.721336e+03      50.75           0.96            1.01887     0.00179       0.18  %   10000     
1.721346e+03      50.75           0.88            1.01735     0.00172       0.17  %   10000     
1.721425e+03      50.00           0.89            1.01784     0.00176       0.17  %   10000     
1.721537e+03      48.95           0.88            1.01793     0.00178       0.17  %   10000     
1.721748e+03      43.36           1.02            1.02356     0.00210       0.21  %   10000     
1.721767e+03      42.62           1.06            1.02494     0.00217       0.21  %   10000     
1.722103e+03      29.27           0.98            1.03332     0.00275       0.27  %   10000     
1.722166e+03      26.83           1.07            1.03973     0.00307       0.30  %   10000     
1.722358e+03      19.23           1.07            1.05581     0.00398       0.38  %   10000     
1.722527e+03      13.75           0.93            1.06751     0.00485       0.45  %   10000     
1.722670e+03      10.06           0.99            1.09813     0.00458       0.42  %   20000     
1.722789e+03      7.63            0.90            1.11733     0.00553       0.50  %   20000     
1.722903e+03      5.83            0.89            1.15273     0.00569       0.49  %   30000     
1.722955e+03      5.20            0.89            1.17097     0.00544       0.46  %   40000     
1.723017e+03      4.45            0.83            1.18655     0.00542       0.46  %   50000     
1.723121e+03      3.51            0.90            1.25710     0.00593       0.47  %   70000     
1.723224e+03      2.80            0.88            1.31537     0.00637       0.48  %   90000     
1.723328e+03      2.28            0.83            1.36499     0.00711       0.52  %   100000    
1.723449e+03      1.85            0.84            1.45423     0.00868       0.60  %   100000    
1.723572e+03      1.54            0.80            1.51986     0.01001       0.66  %   100000    
1.723586e+03      1.52            0.81            1.53506     0.01022       0.67  %   100000    
1.723712e+03      1.32            0.79            1.59746     0.01153       0.72  %   100000    
1.723852e+03      1.17            0.82            1.70199     0.01315       0.77  %   100000    
1.724062e+03      1.03            0.79            1.76133     0.01443       0.82  %   100000    
1.724273e+03      0.96            0.74            1.77245     0.01500       0.85  %   100000    
1.724553e+03      0.89            0.77            1.85872     0.01616       0.87  %   100000    
1.724897e+03      0.86            0.73            1.85499     0.01624       0.88  %   100000    
1.725114e+03      0.83            0.72            1.86650     0.01646       0.88  %   100000    
1.725675e+03      0.82            0.75            1.91131     0.01674       0.88  %   100000    
1.726441e+03      0.84            0.67            1.80542     0.01522       0.84  %   100000    
1.727399e+03      0.91            0.61            1.67102     0.01291       0.77  %   100000    
1.728166e+03      1.02            0.54            1.52767     0.01057       0.69  %   100000    
1.728688e+03      1.14            0.45            1.39841     0.00858       0.61  %   100000    
1.728944e+03      1.20            0.43            1.35715     0.00782       0.58  %   100000    
1.729555e+03      1.41            0.36            1.25421     0.00624       0.50  %   90000     
1.730065e+03      1.66            0.33            1.19953     0.00563       0.47  %   70000     
1.730130e+03      1.71            0.32            1.18592     0.00577       0.49  %   60000     
1.730501e+03      1.98            0.29            1.14701     0.00510       0.44  %   50000     
1.730891e+03      2.39            0.27            1.11432     0.00517       0.46  %   30000     
1.731217e+03      2.88            0.25            1.08633     0.00493       0.45  %   20000     
1.731496e+03      3.49            0.21            1.05940     0.00522       0.49  %   10000     
1.731707e+03      4.14            0.24            1.05701     0.00468       0.44  %   10000     
1.731746e+03      4.32            0.20            1.04657     0.00416       0.40  %   10000     
1.731917e+03      5.08            0.20            1.03954     0.00359       0.35  %   10000     
1.731974e+03      5.46            0.19            1.03559     0.00331       0.32  %   10000     
1.732085e+03      6.18            0.21            1.03432     0.00314       0.30  %   10000     
1.732161e+03      6.88            0.23            1.03336     0.00300       0.29  %   10000     
1.732234e+03      7.55            0.23            1.03016     0.00281       0.27  %   10000     
1.732293e+03      8.30            0.22            1.02672     0.00259       0.25  %   10000     
1.732358e+03      9.11            0.23            1.02499     0.00249       0.24  %   10000     
1.732418e+03      10.11           0.19            1.01917     0.00215       0.21  %   10000     
1.732482e+03      11.19           0.29            1.02577     0.00248       0.24  %   10000     
1.732517e+03      11.97           0.31            1.02590     0.00247       0.24  %   10000     
1.732606e+03      13.96           0.41            1.02965     0.00264       0.26  %   10000     
1.732616e+03      14.26           0.34            1.02387     0.00236       0.23  %   10000     
1.732721e+03      17.38           0.41            1.02347     0.00235       0.23  %   10000     
1.732743e+03      18.04           0.53            1.02941     0.00264       0.26  %   10000     
1.732820e+03      21.10           0.58            1.02732     0.00254       0.25  %   10000     
1.732880e+03      23.45           0.60            1.02570     0.00249       0.24  %   10000     
1.732919e+03      25.51           0.66            1.02568     0.00249       0.24  %   10000     
1.733019e+03      30.58           0.78            1.02543     0.00252       0.25  %   10000     
1.733027e+03      31.12           1.07            1.03447     0.00293       0.28  %   10000     
1.733151e+03      39.08           1.13            1.02883     0.00272       0.26  %   10000     
1.733158e+03      39.49           1.21            1.03076     0.00281       0.27  %   10000     
1.733287e+03      49.68           1.64            1.03293     0.00295       0.29  %   10000     
1.733334e+03      53.27           1.76            1.03309     0.00299       0.29  %   10000     
1.733440e+03      63.24           2.05            1.03245     0.00298       0.29  %   10000     
1.733555e+03      73.49           2.41            1.03282     0.00306       0.30  %   10000     
1.733639e+03      81.57           3.25            1.03990     0.00339       0.33  %   10000     
1.734020e+03      114.45          5.38            1.04699     0.00380       0.36  %   10000     
1.734167e+03      121.74          6.18            1.05075     0.00402       0.38  %   10000     
1.734266e+03      126.95          6.96            1.05486     0.00418       0.40  %   10000     
1.734390e+03      128.16          6.33            1.04936     0.00404       0.39  %   10000     
1.734489e+03      129.78          6.75            1.05198     0.00416       0.40  %   10000     
1.734571e+03      127.58          7.15            1.05608     0.00437       0.41  %   10000     
1.734628e+03      126.32          8.08            1.06396     0.00469       0.44  %   10000     
1.734692e+03      125.19          7.02            1.05607     0.00440       0.42  %   10000     
1.734803e+03      119.12          7.62            1.06396     0.00476       0.45  %   10000     
1.734890e+03      114.81          8.11            1.07065     0.00502       0.47  %   10000     
1.735025e+03      103.91          6.72            1.06466     0.00492       0.46  %   10000     
1.735232e+03      87.20           6.74            1.07724     0.00388       0.36  %   20000     
1.735550e+03      58.22           5.24            1.08995     0.00446       0.41  %   20000     
1.735707e+03      45.68           4.46            1.09754     0.00480       0.44  %   20000     
1.735726e+03      44.14           4.55            1.10311     0.00497       0.45  %   20000     
1.735890e+03      33.09           3.99            1.12070     0.00461       0.41  %   30000     
1.735937e+03      30.59           3.85            1.12572     0.00475       0.42  %   30000     
1.736029e+03      25.57           3.41            1.13348     0.00510       0.45  %   30000     
1.736153e+03      20.30           3.14            1.15485     0.00572       0.50  %   30000     
1.736168e+03      19.66           3.16            1.16077     0.00509       0.44  %   40000     
1.736292e+03      15.57           2.75            1.17665     0.00563       0.48  %   40000     
1.736327e+03      14.69           2.62            1.17815     0.00571       0.49  %   40000     
1.736416e+03      12.42           2.55            1.20499     0.00573       0.48  %   50000     
1.736526e+03      10.33           2.34            1.22618     0.00574       0.47  %   60000     
1.736541e+03      10.04           2.31            1.23010     0.00584       0.47  %   60000     
1.736665e+03      8.25            2.14            1.25974     0.00607       0.48  %   70000     
1.736774e+03      7.10            2.06            1.28947     0.00622       0.48  %   80000     
1.736814e+03      6.68            1.93            1.28864     0.00634       0.49  %   80000     
1.736971e+03      5.50            1.82            1.33108     0.00643       0.48  %   100000    
1.737060e+03      5.04            1.75            1.34779     0.00673       0.50  %   100000    
1.737165e+03      4.50            1.74            1.38632     0.00737       0.53  %   100000    
1.737380e+03      3.73            1.56            1.41836     0.00810       0.57  %   100000    
1.737415e+03      3.65            1.63            1.44682     0.00841       0.58  %   100000    
1.737622e+03      3.13            1.54            1.49258     0.00928       0.62  %   100000    
1.737900e+03      2.65            1.41            1.53290     0.01013       0.66  %   100000    
1.737927e+03      2.62            1.42            1.54125     0.01024       0.66  %   100000    
1.738248e+03      2.22            1.36            1.61305     0.01150       0.71  %   100000    
1.738665e+03      1.87            1.19            1.63945     0.01235       0.75  %   100000    
1.738718e+03      1.84            1.22            1.66352     0.01262       0.76  %   100000    
1.739194e+03      1.57            1.17            1.74594     0.01410       0.81  %   100000    
1.739830e+03      1.33            1.08            1.81425     0.01539       0.85  %   100000    
1.740002e+03      1.29            1.07            1.82568     0.01558       0.85  %   100000    
1.740541e+03      1.16            0.96            1.82169     0.01604       0.88  %   100000    
1.741447e+03      1.04            0.83            1.79832     0.01615       0.90  %   100000    
1.741937e+03      1.01            0.69            1.68277     0.01490       0.89  %   100000    
1.742535e+03      0.97            0.61            1.62914     0.01433       0.88  %   100000    
1.743260e+03      0.95            0.54            1.57163     0.01346       0.86  %   100000    
1.744411e+03      0.97            0.48            1.49292     0.01190       0.80  %   100000    
1.745561e+03      1.05            0.44            1.42150     0.01018       0.72  %   100000    
1.746711e+03      1.19            0.40            1.33908     0.00820       0.61  %   100000    
1.747552e+03      1.36            0.37            1.27049     0.00661       0.52  %   100000    
1.747718e+03      1.40            0.37            1.26724     0.00643       0.51  %   100000    
1.748556e+03      1.67            0.31            1.18669     0.00559       0.47  %   70000     
1.749243e+03      2.02            0.28            1.13834     0.00557       0.49  %   40000     
1.749251e+03      2.02            0.27            1.13474     0.00549       0.48  %   40000     
1.749850e+03      2.46            0.25            1.10147     0.00473       0.43  %   30000     
1.750330e+03      2.98            0.24            1.08176     0.00453       0.42  %   20000     
1.750333e+03      2.99            0.21            1.06985     0.00419       0.39  %   20000     
1.750740e+03      3.62            0.20            1.05522     0.00458       0.43  %   10000     
1.751077e+03      4.37            0.13            1.03043     0.00301       0.29  %   10000     
1.751346e+03      5.22            0.15            1.02789     0.00260       0.25  %   10000     
1.751530e+03      6.06            0.13            1.02106     0.00210       0.21  %   10000     
1.751587e+03      6.32            0.11            1.01808     0.00191       0.19  %   10000     
1.751711e+03      7.13            0.09            1.01302     0.00155       0.15  %   10000     
1.751777e+03      7.55            0.11            1.01405     0.00158       0.16  %   10000     
1.751842e+03      8.14            0.08            1.01040     0.00134       0.13  %   10000     
1.751940e+03      9.03            0.10            1.01159     0.00139       0.14  %   10000     
1.751972e+03      9.45            0.13            1.01325     0.00148       0.15  %   10000     
1.752070e+03      10.70           0.11            1.01044     0.00130       0.13  %   10000     
1.752103e+03      11.11           0.12            1.01112     0.00134       0.13  %   10000     
1.752152e+03      11.99           0.14            1.01157     0.00137       0.14  %   10000     
1.752234e+03      13.45           0.14            1.01007     0.00129       0.13  %   10000     
1.752253e+03      13.78           0.16            1.01131     0.00137       0.14  %   10000     
1.752310e+03      15.17           0.19            1.01261     0.00145       0.14  %   10000     
1.752383e+03      16.94           0.18            1.01076     0.00136       0.13  %   10000     
1.752398e+03      17.42           0.25            1.01461     0.00159       0.16  %   10000     
1.752484e+03      20.16           0.26            1.01299     0.00153       0.15  %   10000     
1.752519e+03      21.29           0.42            1.01958     0.00189       0.19  %   10000     
1.752576e+03      23.72           0.42            1.01790     0.00183       0.18  %   10000     
1.752663e+03      27.38           0.46            1.01664     0.00181       0.18  %   10000     
1.752674e+03      27.99           0.55            1.01966     0.00197       0.19  %   10000     
1.752775e+03      33.56           0.76            1.02272     0.00216       0.21  %   10000     
1.752815e+03      35.78           0.84            1.02337     0.00223       0.22  %   10000     
1.752875e+03      40.01           0.94            1.02361     0.00226       0.22  %   10000     
1.752969e+03      46.50           1.20            1.02575     0.00242       0.24  %   10000     
1.752995e+03      48.72           1.31            1.02681     0.00247       0.24  %   10000     
1.753121e+03      59.36           1.63            1.02750     0.00257       0.25  %   10000     
1.753138e+03      60.77           1.88            1.03098     0.00274       0.27  %   10000     
1.753265e+03      73.37           2.45            1.03342     0.00290       0.28  %   10000     
1.753369e+03      83.15           3.48            1.04184     0.00331       0.32  %   10000     
1.753460e+03      92.34           3.09            1.03348     0.00300       0.29  %   10000     
1.753861e+03      127.63          6.04            1.04732     0.00372       0.36  %   10000     
1.754013e+03      135.03          5.37            1.03974     0.00349       0.34  %   10000     
1.754091e+03      139.13          6.08            1.04368     0.00367       0.35  %   10000     
1.754267e+03      141.08          7.00            1.04964     0.00400       0.38  %   10000     
1.754322e+03      142.07          7.58            1.05336     0.00415       0.39  %   10000     
1.754470e+03      138.50          8.21            1.05930     0.00446       0.42  %   10000     
1.754550e+03      136.99          8.55            1.06239     0.00460       0.43  %   10000     
1.754574e+03      135.67          7.26            1.05353     0.00428       0.41  %   10000     
1.754865e+03      120.88          8.55            1.07072     0.00508       0.47  %   10000     
1.754939e+03      116.40          8.65            1.07434     0.00373       0.35  %   20000     
1.755232e+03      98.46           8.24            1.08370     0.00417       0.39  %   20000     
1.755305e+03      95.64           9.17            1.09592     0.00450       0.41  %   20000     
1.755462e+03      88.86           8.35            1.09400     0.00462       0.42  %   20000     
1.755531e+03      87.71           8.66            1.09870     0.00477       0.43  %   20000     
1.755700e+03      84.27           9.15            1.10863     0.00517       0.47  %   20000     
1.755741e+03      84.00           10.25           1.12200     0.00550       0.49  %   20000     
1.755812e+03      84.16           9.42            1.11190     0.00531       0.48  %   20000     
1.756281e+03      84.59           11.68           1.13804     0.00504       0.44  %   30000     
1.756290e+03      84.47           11.68           1.13827     0.00505       0.44  %   30000     
1.756476e+03      83.07           12.14           1.14613     0.00526       0.46  %   30000     
1.756483e+03      82.87           12.19           1.14709     0.00529       0.46  %   30000     
1.756680e+03      78.37           12.04           1.15364     0.00550       0.48  %   30000     
1.756759e+03      76.91           11.99           1.15593     0.00554       0.48  %   30000     
1.756969e+03      68.41           10.30           1.15059     0.00560       0.49  %   30000     
1.757087e+03      63.81           9.93            1.15568     0.00572       0.50  %   30000     
1.757552e+03      40.46           7.90            1.19532     0.00597       0.50  %   40000     
1.757696e+03      34.14           6.78            1.19849     0.00550       0.46  %   50000     
1.757782e+03      30.18           6.65            1.22047     0.00594       0.49  %   50000     
1.757959e+03      23.66           5.56            1.23482     0.00582       0.47  %   60000     
1.757962e+03      23.53           5.72            1.24290     0.00593       0.48  %   60000     
1.758142e+03      18.22           4.69            1.25746     0.00595       0.47  %   70000     
1.758188e+03      17.21           4.68            1.27191     0.00616       0.48  %   70000     
1.758306e+03      14.52           4.48            1.30889     0.00640       0.49  %   80000     
1.758423e+03      12.53           3.86            1.30792     0.00620       0.47  %   90000     
1.758472e+03      11.68           3.88            1.33230     0.00657       0.49  %   90000     
1.758645e+03      9.48            3.47            1.36614     0.00687       0.50  %   100000    
1.758688e+03      9.08            3.42            1.37655     0.00702       0.51  %   100000    
1.758818e+03      7.85            3.35            1.42630     0.00778       0.55  %   100000    
1.758991e+03      6.69            2.93            1.43809     0.00820       0.57  %   100000    
1.759032e+03      6.42            2.91            1.45427     0.00846       0.58  %   100000    
1.759278e+03      5.26            2.66            1.50610     0.00943       0.63  %   100000    
1.759319e+03      5.13            2.63            1.51221     0.00953       0.63  %   100000    
1.759564e+03      4.33            2.44            1.56458     0.01055       0.67  %   100000    
1.759810e+03      3.77            2.36            1.62573     0.01151       0.71  %   100000    
1.759892e+03      3.58            2.30            1.64247     0.01187       0.72  %   100000    
1.760302e+03      2.93            2.19            1.74972     0.01364       0.78  %   100000    
1.760497e+03      2.71            2.09            1.77055     0.01411       0.80  %   100000    
1.760753e+03      2.42            2.02            1.83404     0.01527       0.83  %   100000    
1.761279e+03      2.00            1.87            1.93047     0.01712       0.89  %   100000    
1.761472e+03      1.90            1.91            2.00502     0.01803       0.90  %   100000    
1.761939e+03      1.64            1.84            2.12393     0.02010       0.95  %   100000    
1.762699e+03      1.35            1.70            2.26145     0.02268       1.00  %   100000    
1.762897e+03      1.30            1.61            2.23818     0.02272       1.01  %   100000    
1.763562e+03      1.12            1.52            2.35562     0.02507       1.06  %   100000    
1.764524e+03      0.95            1.52            2.59818     0.02878       1.11  %   100000    
1.764811e+03      0.91            1.48            2.62471     0.02932       1.12  %   100000    
1.765805e+03      0.79            1.42            2.80250     0.03259       1.16  %   100000    
1.767306e+03      0.67            1.36            3.03565     0.03659       1.21  %   100000    
1.767450e+03      0.66            1.36            3.06057     0.03692       1.21  %   100000    
1.768806e+03      0.59            1.28            3.19473     0.03983       1.25  %   100000    
1.771160e+03      0.50            0.89            2.76584     0.03766       1.36  %   100000    
1.771634e+03      0.49            0.84            2.70306     0.03717       1.38  %   100000    
1.773869e+03      0.44            0.78            2.76865     0.03930       1.42  %   100000    
1.777685e+03      0.39            0.71            2.79463     0.04080       1.46  %   100000    
1.778729e+03      0.39            0.73            2.89293     0.04191       1.45  %   100000    
1.783031e+03      0.36            0.67            2.88266     0.04262       1.48  %   100000    
1.788937e+03      0.34            0.57            2.65749     0.03988       1.50  %   100000    
1.791959e+03      0.34            0.29            1.85668     0.02848       1.53  %   100000    
1.794475e+03      0.34            0.10            1.29837     0.01655       1.27  %   100000    
1.798341e+03      0.35            0.07            1.19076     0.01288       1.08  %   100000    
1.801705e+03      0.37            0.05            1.13379     0.01028       0.91  %   100000    
1.803722e+03      0.40            0.06            1.13946     0.01000       0.88  %   100000    
1.805027e+03      0.44            0.04            1.09134     0.00771       0.71  %   100000    
1.805079e+03      0.44            0.04            1.10247     0.00815       0.74  %   100000    
1.806114e+03      0.49            0.05            1.09495     0.00736       0.67  %   100000    
1.806984e+03      0.56            0.04            1.06394     0.00560       0.53  %   100000    
1.807653e+03      0.65            0.04            1.05979     0.00500       0.47  %   100000    
1.808103e+03      0.74            0.05            1.06141     0.00526       0.50  %   80000     
1.808340e+03      0.82            0.03            1.04191     0.00477       0.46  %   60000     
1.808464e+03      0.86            0.03            1.03845     0.00488       0.47  %   50000     
1.808752e+03      1.00            0.04            1.04121     0.00466       0.45  %   50000     
1.808967e+03      1.17            0.03            1.02870     0.00465       0.45  %   30000     
1.809155e+03      1.38            0.05            1.03630     0.00480       0.46  %   30000     
1.809314e+03      1.66            0.03            1.01594     0.00504       0.50  %   10000     
1.809316e+03      1.67            0.02            1.01273     0.00450       0.44  %   10000     
1.809450e+03      2.02            0.02            1.01199     0.00399       0.39  %   10000     
1.809573e+03      2.47            0.02            1.00994     0.00331       0.33  %   10000     
1.809693e+03      3.09            0.04            1.01263     0.00337       0.33  %   10000     
1.809693e+03      3.10            0.03            1.01082     0.00312       0.31  %   10000     
1.809796e+03      3.82            0.03            1.00835     0.00252       0.25  %   10000     
1.809900e+03      4.78            0.03            1.00699     0.00211       0.21  %   10000     
1.810003e+03      6.02            0.03            1.00425     0.00150       0.15  %   10000     
1.810037e+03      6.56            0.03            1.00498     0.00157       0.16  %   10000     
1.810125e+03      7.94            0.05            1.00572     0.00159       0.16  %   10000     
1.810242e+03      10.34           0.07            1.00633     0.00153       0.15  %   10000     
1.810243e+03      10.38           0.04            1.00372     0.00118       0.12  %   10000     
1.810370e+03      13.70           0.08            1.00614     0.00141       0.14  %   10000     
1.810466e+03      16.86           0.07            1.00438     0.00113       0.11  %   10000     
1.810517e+03      18.52           0.07            1.00396     0.00106       0.11  %   10000     
1.810691e+03      25.66           0.08            1.00327     0.00091       0.09  %   10000     
1.810699e+03      26.01           0.10            1.00376     0.00097       0.10  %   10000     
1.810964e+03      39.06           0.08            1.00205     0.00068       0.07  %   10000     
1.811009e+03      41.22           0.20            1.00474     0.00103       0.10  %   10000     
1.811318e+03      55.76           0.16            1.00283     0.00078       0.08  %   10000     
1.811470e+03      60.35           0.34            1.00571     0.00112       0.11  %   10000     
1.811541e+03      62.53           0.29            1.00459     0.00100       0.10  %   10000     
1.811734e+03      64.43           0.39            1.00601     0.00116       0.11  %   10000     
1.811739e+03      64.38           0.42            1.00647     0.00120       0.12  %   10000     
1.811909e+03      62.58           0.24            1.00389     0.00094       0.09  %   10000     
1.811918e+03      62.50           0.34            1.00549     0.00112       0.11  %   10000     
1.812132e+03      56.08           0.44            1.00790     0.00137       0.14  %   10000     
1.812431e+03      42.17           0.28            1.00664     0.00133       0.13  %   10000     
1.812465e+03      40.57           0.44            1.01077     0.00170       0.17  %   10000     
1.812770e+03      25.74           0.31            1.01200     0.00197       0.19  %   10000     
1.812951e+03      18.40           0.37            1.02037     0.00276       0.27  %   10000     
1.812953e+03      18.31           0.33            1.01777     0.00259       0.25  %   10000     
1.813101e+03      13.51           0.27            1.02013     0.00299       0.29  %   10000     
1.813228e+03      10.24           0.27            1.02674     0.00373       0.36  %   10000     
1.813255e+03      9.70            0.24            1.02485     0.00366       0.36  %   10000     
1.813355e+03      7.70            0.32            1.04107     0.00359       0.34  %   20000     
1.813471e+03      5.93            0.26            1.04385     0.00406       0.39  %   20000     
1.813527e+03      5.28            0.27            1.05073     0.00454       0.43  %   20000     
1.813584e+03      4.61            0.22            1.04686     0.00461       0.44  %   20000     
1.813698e+03      3.63            0.26            1.07149     0.00510       0.48  %   30000     
1.813811e+03      2.90            0.25            1.08696     0.00532       0.49  %   40000     
1.813908e+03      2.45            0.22            1.09156     0.00522       0.48  %   50000     
1.813936e+03      2.32            0.23            1.09987     0.00509       0.46  %   60000     
1.814048e+03      1.95            0.20            1.10519     0.00522       0.47  %   70000     
1.814188e+03      1.62            0.22            1.13321     0.00560       0.49  %   90000     
1.814355e+03      1.35            0.21            1.15259     0.00612       0.53  %   100000    
1.814523e+03      1.18            0.22            1.19082     0.00728       0.61  %   100000    
1.814746e+03      1.02            0.19            1.18829     0.00768       0.65  %   100000    
1.814802e+03      0.99            0.20            1.20328     0.00806       0.67  %   100000    
1.815058e+03      0.88            0.20            1.22321     0.00892       0.73  %   100000    
1.815443e+03      0.77            0.20            1.25632     0.01012       0.81  %   100000    
1.815827e+03      0.70            0.19            1.26964     0.01079       0.85  %   100000    
1.816340e+03      0.64            0.19            1.28897     0.01153       0.89  %   100000    
1.816852e+03      0.61            0.18            1.29755     0.01182       0.91  %   100000    
1.817162e+03      0.60            0.19            1.32006     0.01234       0.93  %   100000    
1.817471e+03      0.59            0.18            1.30084     0.01193       0.92  %   100000    
1.818179e+03      0.62            0.17            1.27258     0.01099       0.86  %   100000    
1.818533e+03      0.66            0.17            1.26090     0.01037       0.82  %   100000    
1.818769e+03      0.70            0.16            1.23245     0.00941       0.76  %   100000    
1.818946e+03      0.77            0.15            1.19869     0.00831       0.69  %   100000    
1.819123e+03      0.87            0.17            1.18959     0.00760       0.64  %   100000    
1.819271e+03      1.02            0.16            1.15967     0.00645       0.56  %   100000    
1.819406e+03      1.23            0.16            1.12933     0.00558       0.49  %   90000     
1.819523e+03      1.50            0.17            1.11254     0.00536       0.48  %   70000     
1.819640e+03      1.88            0.17            1.09229     0.00515       0.47  %   50000     
1.819693e+03      2.12            0.15            1.07166     0.00480       0.45  %   40000     
1.819745e+03      2.35            0.16            1.06750     0.00512       0.48  %   30000     
1.819850e+03      2.98            0.16            1.05405     0.00503       0.48  %   20000     
1.819967e+03      3.91            0.17            1.04347     0.00399       0.38  %   20000     
1.820084e+03      5.13            0.12            1.02331     0.00368       0.36  %   10000     
1.820218e+03      6.94            0.17            1.02497     0.00336       0.33  %   10000     
1.820266e+03      7.77            0.13            1.01661     0.00262       0.26  %   10000     
1.820366e+03      9.51            0.15            1.01618     0.00241       0.24  %   10000     
1.820548e+03      13.47           0.15            1.01112     0.00178       0.18  %   10000     
1.820691e+03      17.24           0.17            1.00983     0.00155       0.15  %   10000     
1.820889e+03      22.45           0.21            1.00954     0.00144       0.14  %   10000     
1.821163e+03      29.23           0.18            1.00605     0.00109       0.11  %   10000     
1.821380e+03      32.67           0.15            1.00455     0.00093       0.09  %   10000     
1.821550e+03      33.53           0.24            1.00707     0.00116       0.12  %   10000     
1.821755e+03      32.23           0.22            1.00678     0.00116       0.12  %   10000     
1.821771e+03      31.94           0.25            1.00782     0.00125       0.12  %   10000     
1.821957e+03      28.73           0.28            1.00961     0.00143       0.14  %   10000     
1.822103e+03      24.98           0.28            1.01115     0.00161       0.16  %   10000     
1.822312e+03      19.62           0.26            1.01305     0.00186       0.18  %   10000     
1.822540e+03      13.75           0.29            1.02107     0.00265       0.26  %   10000     
1.822571e+03      12.96           0.27            1.02053     0.00266       0.26  %   10000     
1.822751e+03      9.14            0.32            1.03510     0.00393       0.38  %   10000     
1.822899e+03      6.65            0.30            1.04516     0.00503       0.48  %   10000     
1.823020e+03      5.06            0.24            1.04668     0.00403       0.39  %   20000     
1.823132e+03      3.91            0.25            1.06423     0.00429       0.40  %   30000     
1.823249e+03      2.98            0.27            1.09064     0.00495       0.45  %   40000     
1.823250e+03      2.97            0.24            1.07914     0.00535       0.50  %   30000     
1.823351e+03      2.36            0.26            1.11183     0.00545       0.49  %   50000     
1.823454e+03      1.90            0.26            1.13816     0.00565       0.50  %   70000     
1.823571e+03      1.51            0.26            1.17158     0.00585       0.50  %   100000    
1.823674e+03      1.27            0.25            1.19868     0.00682       0.57  %   100000    
1.823791e+03      1.07            0.25            1.23512     0.00802       0.65  %   100000    
1.823937e+03      0.90            0.25            1.28168     0.00946       0.74  %   100000    
1.823998e+03      0.86            0.26            1.30315     0.01003       0.77  %   100000    
1.824082e+03      0.80            0.26            1.33148     0.01085       0.81  %   100000    
1.824253e+03      0.72            0.26            1.35809     0.01181       0.87  %   100000    
1.824480e+03      0.66            0.26            1.38890     0.01279       0.92  %   100000    
1.824822e+03      0.62            0.23            1.37778     0.01301       0.94  %   100000    
1.825391e+03      0.58            0.25            1.43064     0.01416       0.99  %   100000    
1.825847e+03      0.57            0.24            1.41109     0.01384       0.98  %   100000    
1.826533e+03      0.58            0.24            1.40462     0.01349       0.96  %   100000    
1.827391e+03      0.63            0.23            1.36142     0.01214       0.89  %   100000    
1.828077e+03      0.70            0.22            1.31168     0.01053       0.80  %   100000    
1.828506e+03      0.79            0.23            1.28908     0.00953       0.74  %   100000    
1.828873e+03      0.91            0.22            1.23850     0.00805       0.65  %   100000    
1.829083e+03      1.01            0.21            1.20757     0.00710       0.59  %   100000    
1.829294e+03      1.18            0.21            1.17684     0.00608       0.52  %   100000    
1.829469e+03      1.39            0.21            1.15243     0.00548       0.48  %   90000     
1.829610e+03      1.65            0.22            1.13000     0.00528       0.47  %   70000     
1.829734e+03      1.99            0.22            1.11101     0.00528       0.48  %   50000     
1.829772e+03      2.13            0.21            1.09682     0.00534       0.49  %   40000     
1.829850e+03      2.43            0.19            1.07823     0.00523       0.49  %   30000     
1.829966e+03      3.04            0.20            1.06470     0.00528       0.50  %   20000     
1.830056e+03      3.70            0.27            1.07197     0.00512       0.48  %   20000     
1.830081e+03      3.88            0.18            1.04738     0.00408       0.39  %   20000     
1.830197e+03      5.01            0.22            1.04290     0.00497       0.48  %   10000     
1.830313e+03      6.52            0.25            1.03810     0.00424       0.41  %   10000     
1.830346e+03      7.09            0.22            1.03091     0.00371       0.36  %   10000     
1.830434e+03      8.57            0.20            1.02349     0.00305       0.30  %   10000     
1.830569e+03      11.56           0.25            1.02163     0.00267       0.26  %   10000     
1.830601e+03      12.48           0.29            1.02292     0.00269       0.26  %   10000     
1.830720e+03      15.84           0.28            1.01768     0.00224       0.22  %   10000     
1.830829e+03      19.72           0.30            1.01524     0.00198       0.19  %   10000     
1.830896e+03      22.07           0.24            1.01097     0.00165       0.16  %   10000     
1.831081e+03      30.01           0.36            1.01216     0.00165       0.16  %   10000     
1.831179e+03      34.18           0.42            1.01225     0.00163       0.16  %   10000     
1.831523e+03      48.71           0.48            1.00982     0.00141       0.14  %   10000     
1.831676e+03      53.01           0.52            1.00982     0.00141       0.14  %   10000     
1.831736e+03      54.72           0.69            1.01260     0.00160       0.16  %   10000     
1.831946e+03      56.79           0.61            1.01071     0.00148       0.15  %   10000     
1.831955e+03      56.70           0.64            1.01135     0.00153       0.15  %   10000     
1.832088e+03      55.36           0.80            1.01451     0.00174       0.17  %   10000     
1.832148e+03      54.77           0.73            1.01327     0.00167       0.16  %   10000     
1.832329e+03      49.71           0.64            1.01295     0.00168       0.17  %   10000     
1.832361e+03      48.82           0.63            1.01300     0.00169       0.17  %   10000     
1.832654e+03      36.53           0.55            1.01517     0.00192       0.19  %   10000     
1.832724e+03      33.55           0.69            1.02068     0.00227       0.22  %   10000     
1.832995e+03      22.01           0.54            1.02465     0.00271       0.26  %   10000     
1.833140e+03      16.89           0.56            1.03287     0.00332       0.32  %   10000     
1.833168e+03      15.92           0.55            1.03431     0.00345       0.33  %   10000     
1.833320e+03      11.61           0.46            1.04005     0.00407       0.39  %   10000     
1.833418e+03      9.44            0.49            1.05162     0.00489       0.47  %   10000     
1.833451e+03      8.72            0.43            1.04903     0.00490       0.47  %   10000     
1.833569e+03      6.69            0.43            1.06458     0.00435       0.41  %   20000     
1.833680e+03      5.20            0.46            1.08812     0.00452       0.42  %   30000     
1.833704e+03      4.96            0.36            1.07350     0.00515       0.48  %   20000     
1.833791e+03      4.07            0.44            1.10894     0.00552       0.50  %   30000     
1.833903e+03      3.22            0.41            1.12900     0.00511       0.45  %   50000     
1.834014e+03      2.59            0.40            1.15310     0.00554       0.48  %   60000     
1.834113e+03      2.18            0.38            1.17492     0.00549       0.47  %   80000     
1.834136e+03      2.09            0.38            1.18088     0.00569       0.48  %   80000     
1.834249e+03      1.76            0.40            1.22680     0.00613       0.50  %   100000    
1.834377e+03      1.50            0.38            1.25072     0.00692       0.55  %   100000    
1.834538e+03      1.27            0.37            1.29090     0.00798       0.62  %   100000    
1.834647e+03      1.17            0.37            1.31665     0.00860       0.65  %   100000    
1.834731e+03      1.10            0.37            1.33431     0.00910       0.68  %   100000    
1.834988e+03      0.96            0.38            1.39160     0.01046       0.75  %   100000    
1.835345e+03      0.84            0.36            1.42373     0.01148       0.81  %   100000    
1.835803e+03      0.75            0.34            1.44968     0.01233       0.85  %   100000    
1.835880e+03      0.75            0.36            1.48406     0.01283       0.86  %   100000    
1.836489e+03      0.68            0.34            1.49467     0.01346       0.90  %   100000    
1.837404e+03      0.64            0.33            1.51740     0.01407       0.93  %   100000    
1.838777e+03      0.62            0.32            1.51909     0.01401       0.92  %   100000    
1.840761e+03      0.65            0.31            1.47970     0.01280       0.87  %   100000    
1.841422e+03      0.68            0.31            1.45472     0.01212       0.83  %   100000    
1.842744e+03      0.73            0.30            1.40474     0.01087       0.77  %   100000    
1.844498e+03      0.85            0.26            1.30964     0.00867       0.66  %   100000    
1.845794e+03      0.98            0.25            1.25869     0.00726       0.58  %   100000    
1.846010e+03      1.00            0.27            1.26611     0.00727       0.57  %   100000    
1.847306e+03      1.21            0.26            1.21505     0.00593       0.49  %   100000    
1.848180e+03      1.41            0.26            1.18093     0.00562       0.48  %   80000     
1.848344e+03      1.45            0.24            1.16842     0.00573       0.49  %   70000     
1.849057e+03      1.69            0.23            1.13300     0.00565       0.50  %   50000     
1.849204e+03      1.74            0.23            1.13352     0.00560       0.49  %   50000     
1.850026e+03      2.13            0.20            1.09335     0.00486       0.44  %   40000     
1.850081e+03      2.17            0.18            1.08377     0.00529       0.49  %   30000     
1.850712e+03      2.60            0.20            1.07542     0.00477       0.44  %   30000     
1.850812e+03      2.70            0.19            1.06983     0.00454       0.42  %   30000     
1.851288e+03      3.16            0.19            1.05920     0.00497       0.47  %   20000     
1.851445e+03      3.37            0.23            1.06785     0.00523       0.49  %   20000     
1.851818e+03      3.87            0.25            1.06512     0.00505       0.47  %   20000     
1.851979e+03      4.18            0.24            1.05712     0.00466       0.44  %   20000     
1.852270e+03      4.72            0.29            1.06150     0.00481       0.45  %   20000     
1.852392e+03      5.04            0.30            1.05925     0.00468       0.44  %   20000     
1.852641e+03      5.67            0.36            1.06386     0.00486       0.46  %   20000     
1.852758e+03      6.09            0.33            1.05477     0.00447       0.42  %   20000     
1.853006e+03      6.96            0.42            1.06079     0.00473       0.45  %   20000     
1.853035e+03      7.10            0.40            1.05611     0.00453       0.43  %   20000     
1.853307e+03      8.43            0.56            1.06628     0.00495       0.46  %   20000     
1.853335e+03      8.56            0.53            1.06185     0.00480       0.45  %   20000     
1.853552e+03      10.04           0.60            1.05946     0.00471       0.44  %   20000     
1.853642e+03      10.64           0.72            1.06771     0.00508       0.48  %   20000     
1.853800e+03      12.11           0.78            1.06429     0.00495       0.47  %   20000     
1.853898e+03      12.99           0.97            1.07475     0.00441       0.41  %   30000     
1.854030e+03      14.62           1.04            1.07145     0.00529       0.49  %   20000     
1.854151e+03      16.06           1.08            1.06752     0.00522       0.49  %   20000     
1.854235e+03      17.42           1.20            1.06862     0.00526       0.49  %   20000     
1.854381e+03      19.68           1.63            1.08269     0.00479       0.44  %   30000     
1.854461e+03      21.35           1.78            1.08321     0.00480       0.44  %   30000     
1.854644e+03      24.91           1.97            1.07902     0.00477       0.44  %   30000     
1.854692e+03      26.14           2.04            1.07818     0.00474       0.44  %   30000     
1.854926e+03      31.71           2.92            1.09213     0.00524       0.48  %   30000     
1.854929e+03      31.82           2.72            1.08548     0.00505       0.47  %   30000     
1.855207e+03      39.45           3.47            1.08795     0.00520       0.48  %   30000     
1.855317e+03      42.09           3.91            1.09297     0.00468       0.43  %   40000     
1.855843e+03      53.56           6.20            1.11580     0.00537       0.48  %   40000     
1.855902e+03      54.12           6.54            1.12091     0.00552       0.49  %   40000     
1.856107e+03      56.56           6.37            1.11269     0.00536       0.48  %   40000     
1.856197e+03      56.51           6.76            1.11968     0.00559       0.50  %   40000     
1.856382e+03      57.23           6.47            1.11312     0.00544       0.49  %   40000     
1.856470e+03      56.42           7.25            1.12858     0.00524       0.46  %   50000     
1.856497e+03      56.24           6.77            1.12032     0.00508       0.45  %   50000     
1.856633e+03      55.73           6.93            1.12440     0.00517       0.46  %   50000     
1.856772e+03      53.49           7.07            1.13211     0.00540       0.48  %   50000     
1.856940e+03      51.42           7.06            1.13735     0.00551       0.48  %   50000     
1.857087e+03      48.21           7.20            1.14933     0.00532       0.46  %   60000     
1.857745e+03      32.86           5.22            1.15882     0.00569       0.49  %   60000     
1.857898e+03      29.74           5.10            1.17154     0.00546       0.47  %   70000     
1.858001e+03      27.43           4.39            1.16023     0.00576       0.50  %   60000     
1.858184e+03      24.40           4.18            1.17140     0.00549       0.47  %   70000     
1.858227e+03      23.96           4.06            1.16940     0.00585       0.50  %   60000     
1.858381e+03      22.24           3.63            1.16304     0.00567       0.49  %   60000     
1.858486e+03      21.81           3.46            1.15845     0.00545       0.47  %   60000     
1.858513e+03      21.67           3.41            1.15731     0.00541       0.47  %   60000     
1.858578e+03      21.68           3.32            1.15316     0.00574       0.50  %   50000     
1.858710e+03      22.43           2.83            1.12620     0.00553       0.49  %   40000     
1.858744e+03      22.95           2.93            1.12766     0.00544       0.48  %   40000     
1.858874e+03      24.90           2.38            1.09553     0.00509       0.46  %   30000     
1.858949e+03      26.93           2.78            1.10308     0.00501       0.45  %   30000     
1.859039e+03      29.36           2.34            1.07969     0.00513       0.48  %   20000     
1.859203e+03      35.99           2.34            1.06511     0.00415       0.39  %   20000     
1.859230e+03      37.44           2.41            1.06429     0.00404       0.38  %   20000     
1.859395e+03      46.32           2.29            1.04942     0.00456       0.43  %   10000     
1.859501e+03      53.51           2.08            1.03884     0.00381       0.37  %   10000     
1.859544e+03      56.42           2.04            1.03623     0.00361       0.35  %   10000     
1.859739e+03      69.26           2.42            1.03488     0.00331       0.32  %   10000     
1.859924e+03      80.58           2.40            1.02980     0.00292       0.28  %   10000     
1.860053e+03      88.37           1.92            1.02172     0.00243       0.24  %   10000     
1.860262e+03      95.78           2.90            1.03024     0.00282       0.27  %   10000     
1.860400e+03      97.12           2.97            1.03056     0.00283       0.27  %   10000     
1.860416e+03      97.29           2.79            1.02867     0.00274       0.27  %   10000     
1.860446e+03      96.81           2.86            1.02958     0.00279       0.27  %   10000     
1.860611e+03      94.30           2.46            1.02604     0.00263       0.26  %   10000     
1.860749e+03      88.20           3.29            1.03729     0.00320       0.31  %   10000     
1.860827e+03      84.86           2.46            1.02900     0.00284       0.28  %   10000     
1.861053e+03      69.73           2.98            1.04280     0.00361       0.35  %   10000     
1.861191e+03      60.25           2.71            1.04493     0.00381       0.36  %   10000     
1.861462e+03      41.05           2.46            1.05998     0.00484       0.46  %   10000     
1.861655e+03      29.52           2.21            1.07471     0.00418       0.39  %   20000     
1.861741e+03      25.42           1.99            1.07811     0.00445       0.41  %   20000     
1.861815e+03      21.85           2.15            1.09838     0.00524       0.48  %   20000     
1.861951e+03      16.72           1.74            1.10382     0.00479       0.43  %   30000     
1.862077e+03      13.07           1.82            1.13900     0.00520       0.46  %   40000     
1.862087e+03      12.78           1.73            1.13532     0.00517       0.46  %   40000     
1.862206e+03      10.15           1.75            1.17281     0.00568       0.48  %   50000     
1.862324e+03      8.16            1.62            1.19797     0.00557       0.46  %   70000     
1.862415e+03      7.05            1.62            1.22948     0.00590       0.48  %   80000     
1.862454e+03      6.57            1.61            1.24511     0.00591       0.47  %   90000     
1.862594e+03      5.35            1.49            1.27796     0.00647       0.51  %   100000    
1.862734e+03      4.49            1.41            1.31424     0.00734       0.56  %   100000    
1.862822e+03      4.13            1.43            1.34749     0.00794       0.59  %   100000    
1.862902e+03      3.79            1.43            1.37794     0.00856       0.62  %   100000    
1.863070e+03      3.32            1.43            1.43007     0.00959       0.67  %   100000    
1.863320e+03      2.85            1.27            1.44669     0.01030       0.71  %   100000    
1.863434e+03      2.71            1.25            1.45990     0.01059       0.73  %   100000    
1.863648e+03      2.45            1.27            1.51853     0.01166       0.77  %   100000    
1.864140e+03      2.06            1.17            1.56772     0.01289       0.82  %   100000    
1.864594e+03      1.81            1.11            1.61161     0.01381       0.86  %   100000    
1.864694e+03      1.76            1.08            1.61699     0.01402       0.87  %   100000    
1.865413e+03      1.49            1.05            1.70468     0.01574       0.92  %   100000    
1.866099e+03      1.31            0.92            1.69961     0.01617       0.95  %   100000    
1.866276e+03      1.27            0.98            1.77267     0.01718       0.97  %   100000    
1.867389e+03      1.07            0.85            1.79744     0.01828       1.02  %   100000    
1.868216e+03      0.98            0.82            1.83350     0.01899       1.04  %   100000    
1.868731e+03      0.92            0.81            1.87606     0.01984       1.06  %   100000    
1.870073e+03      0.82            0.70            1.85586     0.02010       1.08  %   100000    
1.871626e+03      0.75            0.56            1.74645     0.01886       1.08  %   100000    
1.871999e+03      0.74            0.54            1.72709     0.01868       1.08  %   100000    
1.873703e+03      0.70            0.52            1.73455     0.01857       1.07  %   100000    
1.874555e+03      0.70            0.51            1.72455     0.01816       1.05  %   100000    
1.875964e+03      0.72            0.47            1.65091     0.01647       1.00  %   100000    
1.877373e+03      0.79            0.45            1.57373     0.01434       0.91  %   100000    
1.878205e+03      0.87            0.43            1.49113     0.01238       0.83  %   100000    
1.878313e+03      0.88            0.43            1.48873     0.01223       0.82  %   100000    
1.879007e+03      1.00            0.40            1.39929     0.01012       0.72  %   100000    
1.879586e+03      1.17            0.36            1.30756     0.00807       0.62  %   100000    
1.879839e+03      1.29            0.37            1.28517     0.00736       0.57  %   100000    
1.879992e+03      1.36            0.37            1.27334     0.00696       0.55  %   100000    
1.880340e+03      1.60            0.35            1.21895     0.00595       0.49  %   90000     
1.880572e+03      1.85            0.33            1.17569     0.00557       0.47  %   70000     
1.880776e+03      2.18            0.33            1.15001     0.00558       0.49  %   50000     
1.880950e+03      2.60            0.31            1.11757     0.00504       0.45  %   40000     
1.881096e+03      3.13            0.30            1.09615     0.00482       0.44  %   30000     
1.881232e+03      3.83            0.30            1.07888     0.00486       0.45  %   20000     
1.881321e+03      4.48            0.30            1.06617     0.00415       0.39  %   20000     
1.881351e+03      4.70            0.25            1.05376     0.00519       0.49  %   10000     
1.881400e+03      5.19            0.27            1.05243     0.00493       0.47  %   10000     
1.881470e+03      5.89            0.30            1.05127     0.00465       0.44  %   10000     
1.881590e+03      7.52            0.27            1.03640     0.00360       0.35  %   10000     
1.881636e+03      8.37            0.38            1.04524     0.00387       0.37  %   10000     
1.881704e+03      9.62            0.29            1.02986     0.00303       0.29  %   10000     
1.881794e+03      11.76           0.33            1.02793     0.00278       0.27  %   10000     
1.881819e+03      12.37           0.30            1.02410     0.00256       0.25  %   10000     
1.881935e+03      15.99           0.35            1.02194     0.00232       0.23  %   10000     
1.881947e+03      16.37           0.38            1.02328     0.00238       0.23  %   10000     
1.882076e+03      21.56           0.44            1.02030     0.00213       0.21  %   10000     
1.882079e+03      21.70           0.44            1.02029     0.00213       0.21  %   10000     
1.882230e+03      29.42           0.61            1.02078     0.00209       0.20  %   10000     
1.882381e+03      39.06           0.55            1.01412     0.00169       0.17  %   10000     
1.882411e+03      40.95           0.79            1.01925     0.00198       0.19  %   10000     
1.882562e+03      52.60           1.05            1.01989     0.00199       0.20  %   10000     
1.882676e+03      61.20           1.14            1.01863     0.00193       0.19  %   10000     
1.882806e+03      71.20           1.33            1.01869     0.00194       0.19  %   10000     
1.883051e+03      89.27           1.50            1.01685     0.00185       0.18  %   10000     
1.883256e+03      99.17           2.10            1.02122     0.00211       0.21  %   10000     
1.883292e+03      100.95          2.25            1.02227     0.00216       0.21  %   10000     
1.883508e+03      104.20          2.29            1.02197     0.00219       0.21  %   10000     
1.883509e+03      104.21          2.61            1.02505     0.00233       0.23  %   10000     
1.883709e+03      100.61          2.70            1.02688     0.00246       0.24  %   10000     
1.883724e+03      99.92           2.88            1.02886     0.00255       0.25  %   10000     
1.883902e+03      91.72           2.63            1.02872     0.00260       0.25  %   10000     
1.883960e+03      87.65           2.75            1.03132     0.00274       0.27  %   10000     
1.884206e+03      70.41           2.74            1.03888     0.00316       0.30  %   10000     
1.884240e+03      67.85           2.57            1.03784     0.00314       0.30  %   10000     
1.884541e+03      44.61           2.31            1.05168     0.00395       0.38  %   10000     
1.884737e+03      31.69           2.01            1.06351     0.00468       0.44  %   10000     
1.884794e+03      28.64           1.72            1.06003     0.00464       0.44  %   10000     
1.884888e+03      23.60           1.66            1.07040     0.00526       0.49  %   10000     
1.885028e+03      17.61           1.60            1.09095     0.00453       0.42  %   20000     
1.885059e+03      16.58           1.54            1.09270     0.00464       0.42  %   20000     
1.885153e+03      13.42           1.40            1.10405     0.00522       0.47  %   20000     
1.885279e+03      10.21           1.22            1.11966     0.00495       0.44  %   30000     
1.885311e+03      9.59            1.20            1.12552     0.00516       0.46  %   30000     
1.885391e+03      8.01            1.10            1.13793     0.00498       0.44  %   40000     
1.885514e+03      6.22            1.09            1.17454     0.00544       0.46  %   50000     
1.885562e+03      5.70            1.11            1.19398     0.00589       0.49  %   50000     
1.885636e+03      4.91            1.08            1.22025     0.00606       0.50  %   60000     
1.885759e+03      3.96            1.01            1.25417     0.00610       0.49  %   80000     
1.885856e+03      3.43            0.99            1.28865     0.00644       0.50  %   90000     
1.885894e+03      3.22            0.98            1.30533     0.00645       0.49  %   100000    
1.886045e+03      2.65            0.93            1.35011     0.00745       0.55  %   100000    
1.886197e+03      2.26            0.91            1.40386     0.00849       0.60  %   100000    
1.886275e+03      2.12            0.92            1.43460     0.00898       0.63  %   100000    
1.886408e+03      1.89            0.86            1.45626     0.00965       0.66  %   100000    
1.886650e+03      1.62            0.87            1.53874     0.01112       0.72  %   100000    
1.886951e+03      1.39            0.81            1.58283     0.01218       0.77  %   100000    
1.886973e+03      1.38            0.81            1.58180     0.01220       0.77  %   100000    
1.887310e+03      1.21            0.81            1.66483     0.01371       0.82  %   100000    
1.887788e+03      1.06            0.78            1.73379     0.01514       0.87  %   100000    
1.888266e+03      0.95            0.75            1.78823     0.01620       0.91  %   100000    
1.888437e+03      0.93            0.72            1.77212     0.01613       0.91  %   100000    
1.889054e+03      0.84            0.69            1.82104     0.01719       0.94  %   100000    
1.889983e+03      0.77            0.69            1.88565     0.01820       0.97  %   100000    
1.890795e+03      0.75            0.67            1.89108     0.01816       0.96  %   100000    
1.890928e+03      0.76            0.63            1.83879     0.01752       0.95  %   100000    
1.891221e+03      0.77            0.61            1.79735     0.01689       0.94  %   100000    
1.891528e+03      0.82            0.64            1.77934     0.01606       0.90  %   100000    
1.891733e+03      0.91            0.61            1.67215     0.01419       0.85  %   100000    
1.891887e+03      1.01            0.62            1.61692     0.01286       0.80  %   100000    
1.892066e+03      1.20            0.61            1.50655     0.01071       0.71  %   100000    
1.892245e+03      1.48            0.61            1.41218     0.00872       0.62  %   100000    
1.892424e+03      1.86            0.60            1.32423     0.00693       0.52  %   100000    
1.892655e+03      2.50            0.59            1.23525     0.00613       0.50  %   70000     
1.893169e+03      4.15            0.54            1.13031     0.00553       0.49  %   30000     
1.893403e+03      4.66            0.60            1.12975     0.00523       0.46  %   30000     
1.893488e+03      4.72            0.55            1.11590     0.00491       0.44  %   30000     
1.893601e+03      4.80            0.51            1.10559     0.00465       0.42  %   30000     
1.893813e+03      4.64            0.54            1.11576     0.00493       0.44  %   30000     
1.894070e+03      4.05            0.53            1.13136     0.00554       0.49  %   30000     
1.894639e+03      2.24            0.49            1.21814     0.00605       0.50  %   70000     
1.894838e+03      1.73            0.48            1.27808     0.00642       0.50  %   100000    
1.895017e+03      1.39            0.48            1.34365     0.00790       0.59  %   100000    
1.895177e+03      1.17            0.50            1.42412     0.00950       0.67  %   100000    
1.895336e+03      1.01            0.50            1.49326     0.01094       0.73  %   100000    
1.895495e+03      0.91            0.46            1.49905     0.01155       0.77  %   100000    
1.895734e+03      0.83            0.45            1.54415     0.01260       0.82  %   100000    
1.896069e+03      0.78            0.45            1.57004     0.01318       0.84  %   100000    
1.896324e+03      0.78            0.45            1.58263     0.01335       0.84  %   100000    
1.897346e+03      0.79            0.39            1.49541     0.01201       0.80  %   100000    
1.898907e+03      0.87            0.33            1.37326     0.00975       0.71  %   100000    
1.899390e+03      0.90            0.28            1.31203     0.00878       0.67  %   100000    
1.901019e+03      1.03            0.24            1.23744     0.00709       0.57  %   100000    
1.902137e+03      1.17            0.23            1.19593     0.00603       0.50  %   100000    
1.902417e+03      1.20            0.24            1.19693     0.00597       0.50  %   100000    
1.903629e+03      1.42            0.22            1.15554     0.00553       0.48  %   80000     
1.903815e+03      1.45            0.22            1.14808     0.00574       0.50  %   70000     
1.904691e+03      1.68            0.23            1.13564     0.00565       0.50  %   60000     
1.904902e+03      1.74            0.27            1.15337     0.00553       0.48  %   70000     
1.905822e+03      2.08            0.25            1.12091     0.00557       0.50  %   50000     
1.905826e+03      2.08            0.26            1.12648     0.00520       0.46  %   60000     
1.906611e+03      2.48            0.31            1.12402     0.00550       0.49  %   50000     
1.906710e+03      2.54            0.31            1.12204     0.00546       0.49  %   50000     
1.907282e+03      2.96            0.34            1.11587     0.00524       0.47  %   50000     
1.907506e+03      3.12            0.38            1.12280     0.00542       0.48  %   50000     
1.907903e+03      3.53            0.40            1.11389     0.00517       0.46  %   50000     
1.908127e+03      3.76            0.46            1.12345     0.00542       0.48  %   50000     
1.908400e+03      4.15            0.48            1.11670     0.00525       0.47  %   50000     
1.908748e+03      4.63            0.54            1.11665     0.00532       0.48  %   50000     
1.908897e+03      4.93            0.59            1.11868     0.00534       0.48  %   50000     
1.909307e+03      5.74            0.74            1.12852     0.00515       0.46  %   60000     
1.909326e+03      5.79            0.73            1.12676     0.00560       0.50  %   50000     
1.909717e+03      6.86            0.90            1.13142     0.00527       0.47  %   60000     
1.909804e+03      7.09            0.94            1.13239     0.00534       0.47  %   60000     
1.910109e+03      8.24            1.11            1.13476     0.00543       0.48  %   60000     
1.910239e+03      8.71            1.25            1.14321     0.00568       0.50  %   60000     
1.910469e+03      9.87            1.51            1.15317     0.00546       0.47  %   70000     
1.910612e+03      10.55           1.69            1.16030     0.00567       0.49  %   70000     
1.910774e+03      11.61           1.74            1.15022     0.00550       0.48  %   70000     
1.910960e+03      12.76           1.96            1.15323     0.00566       0.49  %   70000     
1.911084e+03      13.81           2.15            1.15550     0.00570       0.49  %   70000     
1.911333e+03      15.77           2.65            1.16802     0.00567       0.49  %   80000     
1.911383e+03      16.31           2.97            1.18208     0.00555       0.47  %   90000     
1.911706e+03      19.49           3.58            1.18356     0.00570       0.48  %   90000     
1.911724e+03      19.65           3.53            1.17976     0.00566       0.48  %   90000     
1.912047e+03      23.40           4.69            1.20063     0.00576       0.48  %   100000    
1.912153e+03      24.43           4.57            1.18706     0.00564       0.48  %   100000    
1.912514e+03      28.30           6.12            1.21625     0.00618       0.51  %   100000    
1.913048e+03      32.81           7.49            1.22838     0.00650       0.53  %   100000    
1.913202e+03      33.28           7.63            1.22924     0.00661       0.54  %   100000    
1.913344e+03      33.93           8.31            1.24505     0.00685       0.55  %   100000    
1.913456e+03      33.81           8.55            1.25283     0.00704       0.56  %   100000    
1.913697e+03      34.11           8.92            1.26159     0.00719       0.57  %   100000    
1.913817e+03      33.45           8.88            1.26558     0.00734       0.58  %   100000    
1.913870e+03      33.25           9.22            1.27742     0.00753       0.59  %   100000    
1.914067e+03      32.85           8.47            1.25792     0.00727       0.58  %   100000    
1.914240e+03      31.40           9.14            1.29098     0.00785       0.61  %   100000    
1.914502e+03      29.77           8.80            1.29580     0.00797       0.61  %   100000    
1.914663e+03      28.18           8.68            1.30803     0.00823       0.63  %   100000    
1.915396e+03      20.53           7.10            1.34605     0.00915       0.68  %   100000    
1.915608e+03      18.59           6.82            1.36671     0.00947       0.69  %   100000    
1.915806e+03      16.50           6.22            1.37729     0.00982       0.71  %   100000    
1.916055e+03      14.51           5.86            1.40382     0.01024       0.73  %   100000    
1.916173e+03      13.47           5.41            1.40193     0.01037       0.74  %   100000    
1.916465e+03      11.54           4.89            1.42354     0.01080       0.76  %   100000    
1.916521e+03      11.14           4.80            1.43067     0.01098       0.77  %   100000    
1.916875e+03      9.26            4.10            1.44250     0.01138       0.79  %   100000    
1.916900e+03      9.17            4.02            1.43817     0.01132       0.79  %   100000    
1.917267e+03      7.65            3.73            1.48721     0.01227       0.83  %   100000    
1.917397e+03      7.27            3.40            1.46766     0.01204       0.82  %   100000    
1.917733e+03      6.22            3.03            1.48654     0.01261       0.85  %   100000    
1.917894e+03      5.87            2.90            1.49374     0.01274       0.85  %   100000    
1.918230e+03      5.10            2.87            1.56278     0.01395       0.89  %   100000    
1.918478e+03      4.69            2.58            1.54985     0.01388       0.90  %   100000    
1.918764e+03      4.21            2.44            1.57843     0.01455       0.92  %   100000    
1.919162e+03      3.73            2.26            1.60683     0.01510       0.94  %   100000    
1.919323e+03      3.52            2.33            1.66185     0.01597       0.96  %   100000    
1.920032e+03      2.89            1.97            1.68195     0.01668       0.99  %   100000    
1.920056e+03      2.87            1.90            1.66187     0.01647       0.99  %   100000    
1.920780e+03      2.40            1.65            1.68798     0.01732       1.03  %   100000    
1.921026e+03      2.29            1.51            1.65686     0.01698       1.02  %   100000    
1.921658e+03      2.00            1.37            1.68480     0.01782       1.06  %   100000    
1.922175e+03      1.83            1.21            1.65874     0.01762       1.06  %   100000    
1.922672e+03      1.67            0.99            1.59225     0.01707       1.07  %   100000    
1.923604e+03      1.46            0.74            1.50567     0.01602       1.06  %   100000    
1.923791e+03      1.42            0.68            1.47857     0.01570       1.06  %   100000    
1.925002e+03      1.23            0.59            1.47660     0.01596       1.08  %   100000    
1.925561e+03      1.18            0.53            1.45283     0.01551       1.07  %   100000    
1.926555e+03      1.08            0.52            1.48244     0.01619       1.09  %   100000    
1.928233e+03      0.98            0.47            1.47504     0.01583       1.07  %   100000    
1.928379e+03      0.98            0.46            1.46771     0.01563       1.07  %   100000    
1.930210e+03      0.95            0.40            1.41867     0.01422       1.00  %   100000    
1.931832e+03      0.99            0.38            1.38553     0.01265       0.91  %   100000    
1.932914e+03      1.07            0.31            1.29061     0.01017       0.79  %   100000    
1.933725e+03      1.17            0.31            1.26491     0.00898       0.71  %   100000    
1.934536e+03      1.33            0.28            1.20878     0.00723       0.60  %   100000    
1.935139e+03      1.53            0.26            1.16701     0.00588       0.50  %   100000    
1.935243e+03      1.56            0.26            1.16486     0.00575       0.49  %   100000    
1.935748e+03      1.82            0.25            1.13645     0.00564       0.50  %   70000     
1.936251e+03      2.19            0.24            1.10891     0.00527       0.48  %   50000     
1.936648e+03      2.65            0.20            1.07683     0.00510       0.47  %   30000     
1.936945e+03      3.15            0.20            1.06342     0.00514       0.48  %   20000     
1.937064e+03      3.44            0.19            1.05578     0.00460       0.44  %   20000     
1.937205e+03      3.78            0.21            1.05638     0.00441       0.42  %   20000     
1.937428e+03      4.56            0.19            1.04259     0.00497       0.48  %   10000     
1.937473e+03      4.79            0.16            1.03354     0.00432       0.42  %   10000     
1.937614e+03      5.49            0.22            1.04061     0.00452       0.43  %   10000     
1.937733e+03      6.33            0.20            1.03122     0.00377       0.37  %   10000     
1.937800e+03      6.80            0.20            1.02929     0.00359       0.35  %   10000     
1.937881e+03      7.60            0.23            1.03048     0.00355       0.34  %   10000     
1.937967e+03      8.44            0.22            1.02588     0.00323       0.31  %   10000     
1.938055e+03      9.65            0.21            1.02184     0.00288       0.28  %   10000     
1.938134e+03      10.71           0.25            1.02380     0.00299       0.29  %   10000     
1.938204e+03      12.01           0.29            1.02451     0.00298       0.29  %   10000     
1.938293e+03      13.61           0.33            1.02438     0.00297       0.29  %   10000     
1.938329e+03      14.50           0.31            1.02155     0.00277       0.27  %   10000     
1.938451e+03      17.42           0.44            1.02517     0.00300       0.29  %   10000     
1.938461e+03      17.72           0.44            1.02510     0.00299       0.29  %   10000     
1.938597e+03      21.92           0.46            1.02096     0.00274       0.27  %   10000     
1.938615e+03      22.46           0.48            1.02147     0.00279       0.27  %   10000     
1.938746e+03      27.47           0.60            1.02170     0.00282       0.28  %   10000     
1.938794e+03      29.24           0.71            1.02434     0.00301       0.29  %   10000     
1.938909e+03      34.67           0.85            1.02456     0.00304       0.30  %   10000     
1.939031e+03      40.12           1.15            1.02862     0.00334       0.32  %   10000     
1.939097e+03      43.50           1.39            1.03195     0.00354       0.34  %   10000     
1.939382e+03      57.19           2.10            1.03672     0.00392       0.38  %   10000     
1.939638e+03      68.38           2.07            1.03034     0.00364       0.35  %   10000     
1.939804e+03      72.62           2.78            1.03824     0.00418       0.40  %   10000     
1.939887e+03      74.87           3.54            1.04727     0.00466       0.44  %   10000     
1.940041e+03      75.68           3.70            1.04891     0.00484       0.46  %   10000     
1.940117e+03      76.34           3.30            1.04327     0.00457       0.44  %   10000     
1.940272e+03      74.22           3.89            1.05241     0.00514       0.49  %   10000     
1.940326e+03      73.61           3.63            1.04925     0.00500       0.48  %   10000     
1.940333e+03      73.55           3.40            1.04617     0.00485       0.46  %   10000     
1.940547e+03      67.46           3.83            1.05672     0.00389       0.37  %   20000     
1.940571e+03      66.39           3.57            1.05380     0.00381       0.36  %   20000     
1.940868e+03      53.57           3.57            1.06671     0.00444       0.42  %   20000     
1.940927e+03      50.97           3.38            1.06628     0.00446       0.42  %   20000     
1.941272e+03      34.59           2.59            1.07503     0.00513       0.48  %   20000     
1.941480e+03      26.06           2.67            1.10253     0.00514       0.47  %   30000     
1.941492e+03      25.67           2.19            1.08535     0.00471       0.43  %   30000     
1.941659e+03      20.00           2.25            1.11250     0.00494       0.44  %   40000     
1.941759e+03      17.30           2.12            1.12282     0.00530       0.47  %   40000     
1.941822e+03      15.58           1.97            1.12645     0.00554       0.49  %   40000     
1.941989e+03      12.09           1.73            1.14305     0.00558       0.49  %   50000     
1.941992e+03      12.05           1.60            1.13284     0.00539       0.48  %   50000     
1.942146e+03      9.60            1.69            1.17545     0.00555       0.47  %   70000     
1.942205e+03      8.90            1.54            1.17298     0.00560       0.48  %   70000     
1.942303e+03      7.74            1.57            1.20303     0.00592       0.49  %   80000     
1.942465e+03      6.32            1.41            1.22366     0.00587       0.48  %   100000    
1.942503e+03      6.09            1.31            1.21570     0.00581       0.48  %   100000    
1.942651e+03      5.15            1.21            1.23514     0.00640       0.52  %   100000    
1.942837e+03      4.32            1.18            1.27345     0.00724       0.57  %   100000    
1.942874e+03      4.20            1.17            1.27881     0.00736       0.58  %   100000    
1.943056e+03      3.62            1.09            1.30015     0.00801       0.62  %   100000    
1.943290e+03      3.08            1.07            1.34530     0.00898       0.67  %   100000    
1.943320e+03      3.04            1.05            1.34643     0.00903       0.67  %   100000    
1.943557e+03      2.65            0.98            1.37188     0.00978       0.71  %   100000    
1.943926e+03      2.23            0.96            1.43014     0.01105       0.77  %   100000    
1.944060e+03      2.12            0.89            1.41690     0.01098       0.78  %   100000    
1.944386e+03      1.87            0.84            1.45147     0.01191       0.82  %   100000    
1.944939e+03      1.59            0.79            1.49648     0.01303       0.87  %   100000    
1.945109e+03      1.54            0.78            1.50865     0.01327       0.88  %   100000    
1.945498e+03      1.41            0.75            1.53178     0.01392       0.91  %   100000    
1.946199e+03      1.26            0.70            1.55334     0.01452       0.93  %   100000    
1.946509e+03      1.21            0.65            1.53347     0.01428       0.93  %   100000    
1.946899e+03      1.16            0.65            1.56064     0.01476       0.95  %   100000    
1.947834e+03      1.10            0.59            1.53628     0.01437       0.94  %   100000    
1.948768e+03      1.08            0.60            1.55403     0.01421       0.91  %   100000    
1.949198e+03      1.09            0.54            1.49870     0.01319       0.88  %   100000    
1.949758e+03      1.11            0.52            1.46623     0.01243       0.85  %   100000    
1.950996e+03      1.20            0.45            1.37826     0.01026       0.74  %   100000    
1.951987e+03      1.34            0.40            1.29561     0.00825       0.64  %   100000    
1.952970e+03      1.57            0.35            1.22137     0.00634       0.52  %   100000    
1.953650e+03      1.82            0.31            1.17231     0.00566       0.48  %   80000     
1.953811e+03      1.87            0.29            1.15554     0.00561       0.49  %   70000     
1.954532e+03      2.27            0.26            1.11273     0.00554       0.50  %   40000     
1.955147e+03      2.77            0.22            1.07831     0.00468       0.43  %   30000     
1.955642e+03      3.35            0.22            1.06572     0.00467       0.44  %   20000     
1.956076e+03      4.07            0.17            1.04118     0.00467       0.45  %   10000     
1.956088e+03      4.10            0.18            1.04352     0.00479       0.46  %   10000     
1.956447e+03      4.95            0.17            1.03378     0.00386       0.37  %   10000     
1.956599e+03      5.46            0.18            1.03386     0.00370       0.36  %   10000     
1.956652e+03      5.63            0.16            1.02867     0.00337       0.33  %   10000     
1.956758e+03      5.98            0.14            1.02264     0.00294       0.29  %   10000     
1.956967e+03      6.95            0.18            1.02616     0.00301       0.29  %   10000     
1.957048e+03      7.33            0.15            1.02058     0.00265       0.26  %   10000     
1.957218e+03      8.43            0.21            1.02459     0.00281       0.27  %   10000     
1.957297e+03      8.95            0.19            1.02092     0.00259       0.25  %   10000     
1.957416e+03      10.02           0.22            1.02223     0.00263       0.26  %   10000     
1.957520e+03      10.95           0.21            1.01921     0.00245       0.24  %   10000     
1.957589e+03      11.81           0.22            1.01900     0.00243       0.24  %   10000     
1.957738e+03      13.65           0.29            1.02161     0.00261       0.26  %   10000     
1.957748e+03      13.82           0.33            1.02380     0.00274       0.27  %   10000     
1.957904e+03      16.44           0.40            1.02446     0.00281       0.27  %   10000     
1.957938e+03      17.01           0.43            1.02519     0.00288       0.28  %   10000     
1.958045e+03      19.42           0.44            1.02260     0.00275       0.27  %   10000     
1.958149e+03      21.73           0.52            1.02397     0.00290       0.28  %   10000     
1.958194e+03      23.05           0.60            1.02621     0.00304       0.30  %   10000     
1.958342e+03      27.35           0.74            1.02693     0.00316       0.31  %   10000     
1.958347e+03      27.49           0.56            1.02026     0.00275       0.27  %   10000     
1.958506e+03      33.34           1.09            1.03266     0.00357       0.35  %   10000     
1.958580e+03      35.96           1.22            1.03396     0.00371       0.36  %   10000     
1.958689e+03      40.86           1.42            1.03473     0.00380       0.37  %   10000     
1.958837e+03      47.14           1.25            1.02659     0.00342       0.33  %   10000     
1.958882e+03      49.33           1.81            1.03662     0.00403       0.39  %   10000     
1.959169e+03      62.18           2.93            1.04717     0.00477       0.46  %   10000     
1.959516e+03      75.54           3.84            1.05078     0.00513       0.49  %   10000     
1.959694e+03      79.17           4.60            1.05817     0.00398       0.38  %   20000     
1.959787e+03      81.27           5.49            1.06751     0.00430       0.40  %   20000     
1.959952e+03      81.65           5.94            1.07274     0.00457       0.43  %   20000     
1.960053e+03      82.34           4.56            1.05537     0.00401       0.38  %   20000     
1.960175e+03      80.58           5.67            1.07042     0.00460       0.43  %   20000     
1.960267e+03      79.59           5.56            1.06986     0.00461       0.43  %   20000     
1.960319e+03      79.20           5.83            1.07357     0.00473       0.44  %   20000     
1.960515e+03      74.12           5.91            1.07968     0.00503       0.47  %   20000     
1.960735e+03      69.21           5.84            1.08442     0.00519       0.48  %   20000     
1.960852e+03      66.48           5.89            1.08866     0.00533       0.49  %   20000     
1.961071e+03      61.52           4.64            1.07548     0.00488       0.45  %   20000     
1.961283e+03      59.61           4.99            1.08375     0.00497       0.46  %   20000     
1.961353e+03      59.71           4.70            1.07874     0.00473       0.44  %   20000     
1.961495e+03      61.57           4.54            1.07373     0.00435       0.41  %   20000     
1.961583e+03      62.59           3.89            1.06208     0.00389       0.37  %   20000     
1.961785e+03      68.08           3.81            1.05594     0.00482       0.46  %   10000     
1.962095e+03      76.18           2.81            1.03695     0.00355       0.34  %   10000     
1.962256e+03      80.15           2.90            1.03620     0.00339       0.33  %   10000     
1.962398e+03      81.48           3.04            1.03731     0.00336       0.32  %   10000     
1.962494e+03      80.59           3.10            1.03849     0.00338       0.33  %   10000     
1.962644e+03      79.05           2.79            1.03532     0.00322       0.31  %   10000     
1.962899e+03      70.27           2.76            1.03930     0.00345       0.33  %   10000     
1.963327e+03      47.04           2.26            1.04813     0.00421       0.40  %   10000     
1.963527e+03      36.14           2.38            1.06574     0.00374       0.35  %   20000     
1.963592e+03      32.55           2.13            1.06553     0.00387       0.36  %   20000     
1.963778e+03      24.03           2.07            1.08620     0.00491       0.45  %   20000     
1.963937e+03      18.25           2.22            1.12177     0.00523       0.47  %   30000     
1.964077e+03      14.24           2.13            1.14968     0.00549       0.48  %   40000     
1.964091e+03      13.92           2.03            1.14622     0.00547       0.48  %   40000     
1.964223e+03      11.00           2.00            1.18155     0.00545       0.46  %   60000     
1.964369e+03      8.61            2.01            1.23281     0.00589       0.48  %   80000     
1.964515e+03      6.89            1.95            1.28369     0.00635       0.49  %   100000    
1.964662e+03      5.65            1.77            1.31323     0.00720       0.55  %   100000    
1.964724e+03      5.28            1.85            1.35000     0.00780       0.58  %   100000    
1.964820e+03      4.72            1.84            1.39080     0.00864       0.62  %   100000    
1.965010e+03      3.95            1.78            1.44989     0.00995       0.69  %   100000    
1.965232e+03      3.36            1.73            1.51422     0.01131       0.75  %   100000    
1.965460e+03      2.98            1.63            1.54889     0.01218       0.79  %   100000    
1.965550e+03      2.82            1.65            1.58435     0.01283       0.81  %   100000    
1.965935e+03      2.39            1.62            1.67624     0.01468       0.88  %   100000    
1.966421e+03      2.01            1.52            1.75625     0.01645       0.94  %   100000    
1.966686e+03      1.87            1.41            1.75504     0.01679       0.96  %   100000    
1.967102e+03      1.65            1.46            1.88772     0.01907       1.01  %   100000    
1.967844e+03      1.38            1.36            1.98780     0.02137       1.08  %   100000    
1.968213e+03      1.29            1.29            2.00028     0.02194       1.10  %   100000    
1.968801e+03      1.14            1.30            2.13725     0.02447       1.14  %   100000    
1.969987e+03      0.95            1.20            2.26429     0.02747       1.21  %   100000    
1.970398e+03      0.90            1.15            2.27212     0.02793       1.23  %   100000    
1.971240e+03      0.81            1.12            2.38949     0.03038       1.27  %   100000    
1.972996e+03      0.68            1.03            2.50546     0.03342       1.33  %   100000    
1.973689e+03      0.65            1.04            2.60005     0.03485       1.34  %   100000    
1.974786e+03      0.60            1.06            2.77327     0.03779       1.36  %   100000    
1.977363e+03      0.52            0.97            2.86488     0.04039       1.41  %   100000    
1.979386e+03      0.48            0.89            2.83384     0.04055       1.43  %   100000    
1.980950e+03      0.46            0.71            2.55270     0.03808       1.49  %   100000    
1.984780e+03      0.42            0.60            2.43529     0.03725       1.53  %   100000    
1.989653e+03      0.40            0.55            2.38689     0.03632       1.52  %   100000    
1.991277e+03      0.39            0.54            2.38343     0.03630       1.52  %   100000    
1.996554e+03      0.38            0.49            2.29065     0.03426       1.50  %   100000    
1.997469e+03      0.38            0.48            2.24619     0.03356       1.49  %   100000    
1.998735e+03      0.38            0.47            2.23959     0.03322       1.48  %   100000    
2.000000e+03      0.38            0.37            1.97977     0.02935       1.48  %   100000    
2.097765e+03      9.83            0.88            1.08914     0.00459       0.42  %   30000     
2.125000e+03      9.73            1.00            1.10272     0.00494       0.45  %   30000     
2.200309e+03      9.48            1.07            1.11318     0.00522       0.47  %   30000     
2.228875e+03      9.38            1.06            1.11339     0.00524       0.47  %   30000     
2.250000e+03      9.31            1.03            1.11096     0.00520       0.47  %   30000     
2.359986e+03      8.97            1.03            1.11485     0.00535       0.48  %   30000     
2.375000e+03      8.93            0.99            1.11066     0.00526       0.47  %   30000     
2.475348e+03      8.65            0.92            1.10640     0.00521       0.47  %   30000     
2.491096e+03      8.61            0.86            1.09946     0.00505       0.46  %   30000     
2.500000e+03      8.58            0.90            1.10433     0.00517       0.47  %   30000     
2.596349e+03      8.34            0.90            1.10777     0.00531       0.48  %   30000     
2.622206e+03      8.27            0.88            1.10670     0.00529       0.48  %   30000     
2.625000e+03      8.26            0.86            1.10436     0.00524       0.47  %   30000     
2.700000e+03      8.09            0.84            1.10353     0.00525       0.48  %   30000     
2.750000e+03      8.07            0.81            1.10041     0.00517       0.47  %   30000     
2.831983e+03      8.03            0.85            1.10626     0.00530       0.48  %   30000     
2.884427e+03      8.00            0.83            1.10363     0.00523       0.47  %   30000     
2.970417e+03      7.96            0.83            1.10407     0.00524       0.47  %   30000     
3.000000e+03      7.95            0.82            1.10367     0.00522       0.47  %   30000     
3.146648e+03      7.71            0.73            1.09521     0.00505       0.46  %   30000     
3.250000e+03      7.55            0.70            1.09314     0.00503       0.46  %   30000     
3.300463e+03      7.48            0.77            1.10275     0.00529       0.48  %   30000     
3.408868e+03      7.32            0.72            1.09892     0.00523       0.48  %   30000     
3.461798e+03      7.25            0.71            1.09753     0.00521       0.47  %   30000     
3.500000e+03      7.19            0.76            1.10584     0.00543       0.49  %   30000     
3.575502e+03      7.09            0.73            1.10286     0.00538       0.49  %   30000     
3.671089e+03      6.95            0.70            1.10066     0.00536       0.49  %   30000     
3.730617e+03      6.87            0.70            1.10232     0.00542       0.49  %   30000     
3.850541e+03      6.77            0.74            1.10967     0.00487       0.44  %   40000     
3.912979e+03      6.72            0.70            1.10386     0.00549       0.50  %   30000     
4.038765e+03      6.62            0.67            1.10100     0.00543       0.49  %   30000     
4.104255e+03      6.57            0.67            1.10224     0.00547       0.50  %   30000     
4.236190e+03      6.47            0.63            1.09790     0.00538       0.49  %   30000     
4.265271e+03      6.44            0.64            1.09866     0.00540       0.49  %   30000     
4.304881e+03      6.41            0.56            1.08782     0.00511       0.47  %   30000     
4.319163e+03      6.40            0.59            1.09271     0.00525       0.48  %   30000     
4.473768e+03      6.29            0.56            1.08962     0.00518       0.48  %   30000     
4.500000e+03      6.27            0.57            1.09097     0.00523       0.48  %   30000     
4.529730e+03      6.22            0.56            1.08931     0.00519       0.48  %   30000     
4.719971e+03      5.93            0.61            1.10230     0.00490       0.44  %   40000     
4.751154e+03      5.88            0.52            1.08854     0.00529       0.49  %   30000     
4.778418e+03      5.84            0.57            1.09752     0.00482       0.44  %   40000     
4.983403e+03      5.55            0.49            1.08794     0.00539       0.50  %   30000     
5.000000e+03      5.53            0.53            1.09525     0.00486       0.44  %   40000     
5.084593e+03      5.48            0.53            1.09622     0.00490       0.45  %   40000     
5.244413e+03      5.40            0.46            1.08467     0.00533       0.49  %   30000     
5.333141e+03      5.35            0.51            1.09443     0.00489       0.45  %   40000     
5.416041e+03      5.30            0.46            1.08665     0.00469       0.43  %   40000     
5.528788e+03      5.25            0.48            1.09143     0.00483       0.44  %   40000     
5.593838e+03      5.23            0.47            1.09021     0.00480       0.44  %   40000     
5.799049e+03      5.18            0.49            1.09429     0.00491       0.45  %   40000     
5.867279e+03      5.16            0.48            1.09333     0.00489       0.45  %   40000     
6.001837e+03      5.12            0.45            1.08856     0.00477       0.44  %   40000     
6.060069e+03      5.09            0.45            1.08800     0.00476       0.44  %   40000     
6.295222e+03      4.98            0.41            1.08308     0.00466       0.43  %   40000     
6.356300e+03      4.96            0.40            1.08161     0.00534       0.49  %   30000     
6.557479e+03      4.86            0.45            1.09179     0.00493       0.45  %   40000     
6.667012e+03      4.82            0.42            1.08746     0.00482       0.44  %   40000     
6.878025e+03      4.73            0.41            1.08758     0.00485       0.45  %   40000     
6.992912e+03      4.68            0.37            1.07820     0.00531       0.49  %   30000     
7.019312e+03      4.67            0.39            1.08277     0.00474       0.44  %   40000     
7.101633e+03      4.64            0.42            1.09057     0.00497       0.46  %   40000     
7.362434e+03      4.54            0.40            1.08760     0.00492       0.45  %   40000     
7.448779e+03      4.51            0.41            1.09162     0.00504       0.46  %   40000     
7.500000e+03      4.49            0.38            1.08542     0.00487       0.45  %   40000     
7.557977e+03      4.43            0.38            1.08512     0.00489       0.45  %   40000     
7.866619e+03      4.15            0.38            1.09252     0.00524       0.48  %   40000     
7.927430e+03      4.09            0.33            1.08120     0.00494       0.46  %   40000     
7.940307e+03      4.08            0.36            1.08930     0.00519       0.48  %   40000     
8.006071e+03      4.02            0.34            1.08362     0.00505       0.47  %   40000     
8.314942e+03      3.82            0.34            1.08959     0.00478       0.44  %   50000     
8.397428e+03      3.76            0.33            1.08865     0.00535       0.49  %   40000     
8.500000e+03      3.70            0.31            1.08275     0.00521       0.48  %   40000     
8.721398e+03      3.59            0.29            1.07970     0.00517       0.48  %   40000     
8.764790e+03      3.57            0.31            1.08619     0.00539       0.50  %   40000     
8.915501e+03      3.50            0.33            1.09385     0.00507       0.46  %   50000     
9.031357e+03      3.44            0.32            1.09172     0.00505       0.46  %   50000     
9.193235e+03      3.37            0.28            1.08351     0.00486       0.45  %   50000     
9.472832e+03      3.26            0.25            1.07741     0.00530       0.49  %   40000     
9.500000e+03      3.25            0.28            1.08495     0.00497       0.46  %   50000     
9.642623e+03      3.23            0.27            1.08405     0.00496       0.46  %   50000     
9.834319e+03      3.20            0.28            1.08618     0.00503       0.46  %   50000     
9.964384e+03      3.18            0.24            1.07696     0.00532       0.49  %   40000     
1.015378e+04      3.16            0.30            1.09364     0.00526       0.48  %   50000     
1.031505e+04      3.14            0.25            1.08074     0.00489       0.45  %   50000     
1.065012e+04      3.10            0.26            1.08263     0.00496       0.46  %   50000     
1.081927e+04      3.08            0.27            1.08614     0.00507       0.47  %   50000     
1.112836e+04      3.05            0.27            1.08865     0.00515       0.47  %   50000     
1.134814e+04      3.03            0.24            1.07765     0.00483       0.45  %   50000     
1.157619e+04      3.01            0.23            1.07683     0.00538       0.50  %   40000     
1.167234e+04      3.00            0.25            1.08397     0.00503       0.46  %   50000     
1.200000e+04      2.97            0.22            1.07421     0.00530       0.49  %   40000     
1.214206e+04      2.95            0.22            1.07349     0.00529       0.49  %   40000     
1.250000e+04      2.88            0.22            1.07674     0.00487       0.45  %   50000     
1.300000e+04      2.80            0.23            1.08278     0.00511       0.47  %   50000     
1.311103e+04      2.79            0.25            1.09013     0.00534       0.49  %   50000     
1.363547e+04      2.71            0.22            1.08024     0.00509       0.47  %   50000     
1.375193e+04      2.69            0.23            1.08517     0.00526       0.48  %   50000     
1.400000e+04      2.66            0.22            1.08337     0.00523       0.48  %   50000     
1.442416e+04      2.60            0.20            1.07588     0.00503       0.47  %   50000     
1.468435e+04      2.57            0.19            1.07218     0.00492       0.46  %   50000     
1.500000e+04      2.53            0.21            1.08356     0.00533       0.49  %   50000     
1.573324e+04      2.44            0.18            1.07305     0.00504       0.47  %   50000     
1.600000e+04      2.41            0.19            1.07795     0.00523       0.49  %   50000     
1.650232e+04      2.36            0.17            1.07306     0.00510       0.48  %   50000     
1.678212e+04      2.33            0.17            1.07334     0.00514       0.48  %   50000     
1.700000e+04      2.31            0.17            1.07384     0.00517       0.48  %   50000     
1.730899e+04      2.28            0.16            1.07081     0.00509       0.48  %   50000     
1.783100e+04      2.23            0.16            1.07074     0.00512       0.48  %   50000     
1.800000e+04      2.22            0.19            1.08512     0.00514       0.47  %   60000     
1.887988e+04      2.12            0.17            1.08186     0.00514       0.47  %   60000     
1.900000e+04      2.10            0.17            1.08294     0.00518       0.48  %   60000     
1.980278e+04      2.02            0.15            1.07559     0.00503       0.47  %   60000     
1.992877e+04      2.01            0.15            1.07498     0.00502       0.47  %   60000     
2.000000e+04      2.00            0.15            1.07622     0.00507       0.47  %   60000     
2.001000e+04      1.99            0.15            1.07401     0.00500       0.47  %   60000     
2.077079e+04      1.95            0.13            1.06896     0.00533       0.50  %   50000     
2.098814e+04      1.94            0.13            1.06467     0.00517       0.49  %   50000     
2.178612e+04      1.90            0.13            1.06977     0.00494       0.46  %   60000     
2.190890e+04      1.89            0.13            1.07028     0.00496       0.46  %   60000     
2.285108e+04      1.85            0.13            1.07024     0.00500       0.47  %   60000     
2.297986e+04      1.84            0.13            1.06967     0.00498       0.47  %   60000     
2.300000e+04      1.84            0.13            1.07255     0.00508       0.47  %   60000     
2.400000e+04      1.80            0.14            1.07564     0.00524       0.49  %   60000     
2.412430e+04      1.79            0.14            1.07570     0.00524       0.49  %   60000     
2.517318e+04      1.77            0.11            1.06238     0.00523       0.49  %   50000     
2.530355e+04      1.77            0.13            1.07327     0.00517       0.48  %   60000     
2.640371e+04      1.74            0.13            1.07584     0.00489       0.45  %   70000     
2.654045e+04      1.74            0.14            1.08190     0.00508       0.47  %   70000     
2.683282e+04      1.73            0.14            1.07856     0.00498       0.46  %   70000     
2.783782e+04      1.71            0.13            1.07888     0.00500       0.46  %   70000     
2.800000e+04      1.71            0.12            1.07018     0.00510       0.48  %   60000     
2.814447e+04      1.70            0.11            1.06503     0.00491       0.46  %   60000     
2.936871e+04      1.68            0.14            1.08307     0.00515       0.48  %   70000     
2.952025e+04      1.68            0.12            1.07378     0.00525       0.49  %   60000     
3.000000e+04      1.67            0.11            1.06347     0.00488       0.46  %   60000     
3.080433e+04      1.64            0.11            1.06869     0.00510       0.48  %   60000     
3.146647e+04      1.62            0.11            1.06815     0.00510       0.48  %   60000     
3.155969e+04      1.61            0.09            1.05704     0.00512       0.48  %   50000     
3.200000e+04      1.60            0.11            1.06935     0.00516       0.48  %   60000     
3.310241e+04      1.57            0.10            1.06565     0.00506       0.47  %   60000     
3.356424e+04      1.56            0.10            1.06723     0.00513       0.48  %   60000     
3.448678e+04      1.53            0.11            1.06926     0.00524       0.49  %   60000     
3.520494e+04      1.51            0.10            1.06582     0.00513       0.48  %   60000     
3.617258e+04      1.49            0.10            1.06900     0.00528       0.49  %   60000     
3.685892e+04      1.47            0.08            1.05548     0.00521       0.49  %   50000     
3.692585e+04      1.47            0.11            1.07441     0.00510       0.47  %   70000     
3.866068e+04      1.43            0.10            1.07079     0.00502       0.47  %   70000     
3.873088e+04      1.42            0.10            1.06720     0.00529       0.50  %   60000     
3.874450e+04      1.42            0.10            1.07050     0.00502       0.47  %   70000     
4.063843e+04      1.38            0.07            1.05417     0.00526       0.50  %   50000     
4.175527e+04      1.36            0.09            1.06724     0.00498       0.47  %   70000     
4.262494e+04      1.34            0.09            1.06704     0.00499       0.47  %   70000     
4.379637e+04      1.32            0.08            1.06064     0.00516       0.49  %   60000     
4.470855e+04      1.31            0.08            1.06162     0.00522       0.49  %   60000     
4.500000e+04      1.30            0.08            1.06224     0.00525       0.49  %   60000     
4.689401e+04      1.28            0.09            1.06717     0.00507       0.48  %   70000     
4.719971e+04      1.28            0.08            1.06610     0.00503       0.47  %   70000     
4.800000e+04      1.27            0.08            1.06477     0.00499       0.47  %   70000     
4.950695e+04      1.25            0.08            1.06562     0.00504       0.47  %   70000     
4.974937e+04      1.25            0.08            1.06337     0.00496       0.47  %   70000     
5.034636e+04      1.24            0.07            1.05318     0.00491       0.47  %   60000     
5.218124e+04      1.23            0.08            1.06395     0.00500       0.47  %   70000     
5.280742e+04      1.22            0.07            1.05964     0.00523       0.49  %   60000     
5.473199e+04      1.20            0.07            1.05917     0.00522       0.49  %   60000     
5.500000e+04      1.20            0.07            1.06015     0.00527       0.50  %   60000     
5.538877e+04      1.20            0.08            1.06476     0.00507       0.48  %   70000     
5.750000e+04      1.18            0.07            1.05942     0.00527       0.50  %   60000     
5.768854e+04      1.17            0.07            1.06101     0.00494       0.47  %   70000     
5.979131e+04      1.15            0.07            1.05925     0.00490       0.46  %   70000     
6.031074e+04      1.15            0.07            1.05789     0.00524       0.49  %   60000     
6.271406e+04      1.13            0.07            1.05851     0.00529       0.50  %   60000     
6.325888e+04      1.12            0.07            1.06304     0.00509       0.48  %   70000     
6.500001e+04      1.11            0.07            1.06188     0.00506       0.48  %   70000     
6.635114e+04      1.10            0.07            1.06296     0.00512       0.48  %   70000     
6.817737e+04      1.09            0.07            1.06078     0.00504       0.48  %   70000     
6.959454e+04      1.08            0.06            1.05403     0.00515       0.49  %   60000     
6.982120e+04      1.08            0.06            1.05259     0.00508       0.48  %   60000     
7.000000e+04      1.07            0.06            1.05458     0.00518       0.49  %   60000     
7.323424e+04      1.06            0.06            1.05743     0.00494       0.47  %   70000     
7.342177e+04      1.05            0.06            1.05562     0.00525       0.50  %   60000     
7.500000e+04      1.04            0.06            1.05538     0.00525       0.50  %   60000     
7.701082e+04      1.02            0.05            1.05043     0.00506       0.48  %   60000     
7.738391e+04      1.01            0.06            1.06048     0.00514       0.49  %   70000     
7.781000e+04      1.01            0.05            1.05391     0.00526       0.50  %   60000     
7.835000e+04      1.00            0.05            1.05198     0.00517       0.49  %   60000     
8.110260e+04      0.96            0.06            1.05745     0.00509       0.48  %   70000     
8.200000e+04      0.95            0.06            1.06062     0.00525       0.50  %   70000     
8.500000e+04      0.92            0.05            1.05907     0.00526       0.50  %   70000     
8.915501e+04      0.91            0.06            1.06641     0.00521       0.49  %   80000     
9.351313e+04      0.90            0.05            1.05336     0.00499       0.47  %   70000     
9.500002e+04      0.90            0.05            1.05569     0.00510       0.48  %   70000     
1.000000e+05      0.92            0.05            1.05628     0.00503       0.48  %   70000     
1.229329e+05      0.83            0.03            1.03991     0.00515       0.50  %   50000     
1.690565e+05      0.77            0.04            1.04664     0.00506       0.48  %   60000     
1.908966e+05      0.74            0.04            1.04862     0.00512       0.49  %   60000     
2.150000e+05      0.71            0.03            1.04798     0.00508       0.48  %   60000     
2.350000e+05      0.69            0.02            1.03225     0.00510       0.49  %   40000     
2.400000e+05      0.66            0.03            1.04612     0.00506       0.48  %   60000     
2.450000e+05      0.69            0.03            1.03801     0.00490       0.47  %   50000     
2.500000e+05      0.67            0.03            1.04075     0.00470       0.45  %   60000     
2.600000e+05      0.67            0.03            1.04499     0.00488       0.47  %   60000     
2.700000e+05      0.66            0.03            1.04120     0.00511       0.49  %   50000     
2.941381e+05      0.57            0.02            1.04240     0.00499       0.48  %   60000     
3.000000e+05      0.54            0.02            1.03528     0.00463       0.45  %   60000     
3.250001e+05      0.55            0.02            1.03638     0.00504       0.49  %   50000     
3.671090e+05      0.49            0.02            1.03558     0.00467       0.45  %   60000     
4.000000e+05      0.46            0.01            1.02396     0.00470       0.46  %   40000     
4.750000e+05      0.40            0.00            1.00393     0.00393       0.39  %   10000     
5.000000e+05      0.40            0.01            1.02531     0.00487       0.47  %   40000     
5.200000e+05      0.36            0.01            1.02850     0.00482       0.47  %   50000     
5.700000e+05      0.34            0.01            1.01826     0.00430       0.42  %   40000     
6.000000e+05      0.31            0.01            1.02868     0.00499       0.49  %   50000     
6.500001e+05      0.29            0.01            1.02492     0.00479       0.47  %   50000     
7.171089e+05      0.27            0.01            1.02663     0.00494       0.48  %   50000     
7.342178e+05      0.27            0.01            1.02999     0.00480       0.47  %   60000     
8.195530e+05      0.25            0.00            1.01813     0.00468       0.46  %   40000     
9.000002e+05      0.24            0.01            1.02581     0.00506       0.49  %   50000     
9.400002e+05      0.25            0.01            1.02270     0.00463       0.45  %   50000     
9.477254e+05      0.25            0.01            1.02673     0.00458       0.45  %   60000     
9.800000e+05      0.25            0.01            1.02121     0.00500       0.49  %   40000     
1.000000e+06      0.23            0.00            1.01652     0.00458       0.45  %   40000     
1.126885e+06      0.22            0.01            1.02895     0.00496       0.48  %   60000     
1.150000e+06      0.22            0.00            1.00000     0.00000       0.00  %   10000     
1.155900e+06      0.22            0.01            1.02490     0.00462       0.45  %   60000     
1.200000e+06      0.22            0.01            1.02508     0.00512       0.50  %   50000     
1.223600e+06      0.21            0.00            1.02215     0.00483       0.47  %   50000     
1.250000e+06      0.21            0.00            1.01595     0.00461       0.45  %   40000     
1.311103e+06      0.21            0.00            1.01282     0.00484       0.48  %   30000     
1.600000e+06      0.19            0.00            1.01957     0.00489       0.48  %   50000     
1.650232e+06      0.19            0.01            1.02717     0.00496       0.48  %   70000     
2.048227e+06      0.14            0.00            1.02771     0.00490       0.48  %   100000    
2.361477e+06      0.11            0.00            1.02157     0.00508       0.50  %   100000    
2.549000e+06      0.09            0.00            1.03915     0.00740       0.71  %   100000    
2.561103e+06      0.09            0.00            1.02687     0.00616       0.60  %   100000    
2.648620e+06      0.09            0.00            1.00000     0.00000       0.00  %   10000     
2.800000e+06      0.07            0.00            1.02716     0.00701       0.68  %   100000    
3.000000e+06      0.07            0.00            1.03241     0.00786       0.76  %   100000    
3.404072e+06      0.05            0.00            1.00000     0.00000       0.00  %   10000     
3.693416e+06      0.04            0.00            1.03958     0.01098       1.06  %   100000    
4.000000e+06      0.03            0.00            1.03333     0.01111       1.08  %   100000    
4.873397e+06      0.02            0.00            1.00000     0.00000       0.00  %   10000     
5.060284e+06      0.02            0.00            1.02703     0.01209       1.18  %   100000    
5.500000e+06      0.02            0.00            1.00000     0.00000       0.00  %   10000     
5.634427e+06      0.02            0.00            1.00000     0.00000       0.00  %   10000     
5.921531e+06      0.01            0.00            1.02796     0.01398       1.36  %   100000    
6.355307e+06      0.01            0.00            1.00845     0.00845       0.84  %   100000    
6.560492e+06      0.01            0.00            1.00000     0.00000       0.00  %   10000     
6.875576e+06      0.01            0.00            1.00000     0.00000       0.00  %   10000     
7.000000e+06      0.01            0.00            1.00000     0.00000       0.00  %   10000     
7.134514e+06      0.01            0.00            1.00000     0.00000       0.00  %   10000     
7.283538e+06      0.00            0.00            1.00000     0.00000       0.00  %   10000     
7.399769e+06      0.00            0.00            1.00000     0.00000       0.00  %   10000     
7.424742e+06      0.00            0.00            1.00000     0.00000       0.00  %   10000     
7.500000e+06      0.00            0.00            1.00000     0.00000       0.00  %   10000     
8.000000e+06      0.00            0.00            1.00000     0.00000       0.00  %   10000     
8.750000e+06      0.00            0.00            1.02428     0.02428       2.37  %   100000    
8.873214e+06      0.00            0.00            1.00000     0.00000       0.00  %   10000     
8.900001e+06      0.00            0.00            1.00000     0.00000       0.00  %   10000     
9.600001e+06      0.00            0.00            1.00000     0.00000       0.00  %   10000     
9.700001e+06      0.00            0.00            1.00000     0.00000       0.00  %   10000     
1.000000e+07      0.00            0.00            1.00000     0.00000       0.00  %   10000     
1.038395e+07      0.00            0.00            1.00000     0.00000       0.00  %   10000     
1.040000e+07      0.00            0.00            1.00000     0.00000       0.00  %   10000     
1.048882e+07      0.00            0.00            1.04656     0.02688       2.57  %   100000    
1.050000e+07      0.00            0.00            1.00000     0.00000       0.00  %   10000     
1.090000e+07      0.00            0.00            1.00000     0.00000       0.00  %   10000     
1.100000e+07      0.00            0.00            1.00000     0.00000       0.00  %   10000     
1.140000e+07      0.01            0.00            1.00000     0.00000       0.00  %   10000     
1.150000e+07      0.01            0.00            1.00000     0.00000       0.00  %   10000     
1.175000e+07      0.01            0.00            1.00000     0.00000       0.00  %   10000     
1.200000e+07      0.01            0.00            1.00000     0.00000       0.00  %   10000     
1.250000e+07      0.01            0.00            1.00000     0.00000       0.00  %   10000     
1.258659e+07      0.01            0.00            1.00000     0.00000       0.00  %   10000     
1.270000e+07      0.01            0.00            1.00000     0.00000       0.00  %   10000     
1.300000e+07      0.00            0.00            1.00000     0.00000       0.00  %   10000     
1.324764e+07      0.00            0.00            1.00000     0.00000       0.00  %   10000     
1.330000e+07      0.00            0.00            1.00000     0.00000       0.00  %   10000     
1.350000e+07      0.00            0.00            1.00000     0.00000       0.00  %   10000     
1.370000e+07      0.00            0.00            1.00000     0.00000       0.00  %   10000     
1.374773e+07      0.00            0.00            1.00000     0.00000       0.00  %   10000     
1.390000e+07      0.00            0.00            1.00000     0.00000       0.00  %   10000     
1.400000e+07      0.00            0.00            1.00000     0.00000       0.00  %   10000     
1.424781e+07      0.00            0.00            1.00000     0.00000       0.00  %   10000     
1.425000e+07      0.00            0.00            1.00000     0.00000       0.00  %   10000     
1.450000e+07      0.00            0.00            1.00000     0.00000       0.00  %   10000     
1.462342e+07      0.00            0.00            1.00000     0.00000       0.00  %   10000     
1.481051e+07      0.00            0.00            1.00000     0.00000       0.00  %   10000     
1.494658e+07      0.00            0.00            1.00000     0.00000       0.00  %   10000     
1.500000e+07      0.00            0.00            1.00000     0.00000       0.00  %   10000     
1.512347e+07      0.00            0.00            1.00000     0.00000       0.00  %   10000     
1.521673e+07      0.00            0.00            1.00000     0.00000       0.00  %   10000     
1.535771e+07      0.00            0.00            1.00000     0.00000       0.00  %   10000     
1.550000e+07      0.00            0.00            1.00000     0.00000       0.00  %   10000     
1.562352e+07      0.00            0.00            1.00000     0.00000       0.00  %   10000     
1.567720e+07      0.00            0.00            1.00000     0.00000       0.00  %   10000     
1.571680e+07      0.00            0.00            1.00000     0.00000       0.00  %   10000     
1.580000e+07      0.00            0.00            1.00000     0.00000       0.00  %   10000     
1.585777e+07      0.00            0.00            1.00000     0.00000       0.00  %   10000     
1.612356e+07      0.00            0.00            1.00000     0.00000       0.00  %   10000     
1.621686e+07      0.00            0.00            1.00000     0.00000       0.00  %   10000     
1.628718e+07      0.00            0.00            1.00000     0.00000       0.00  %   10000     
1.630000e+07      0.00            0.00            1.00000     0.00000       0.00  %   10000     
1.639325e+07      0.00            0.00            1.00000     0.00000       0.00  %   10000     
1.650000e+07      0.00            0.00            1.00000     0.00000       0.00  %   10000     
1.662360e+07      0.00            0.00            1.00000     0.00000       0.00  %   10000     
1.671691e+07      0.00            0.00            1.00000     0.00000       0.00  %   10000     
1.685786e+07      0.00            0.00            1.00000     0.00000       0.00  %   10000     
1.700000e+07      0.00            0.00            1.00000     0.00000       0.00  %   10000     
1.712364e+07      0.00            0.00            1.00000     0.00000       0.00  %   10000     
1.731080e+07      0.00            0.00            1.00000     0.00000       0.00  %   10000     
1.740000e+07      0.00            0.00            1.00000     0.00000       0.00  %   10000     
1.750000e+07      0.00            0.00            1.00000     0.00000       0.00  %   10000     
1.762368e+07      0.00            0.00            1.00000     0.00000       0.00  %   10000     
1.781085e+07      0.00            0.00            1.00000     0.00000       0.00  %   10000     
1.800000e+07      0.00            0.00            1.00000     0.00000       0.00  %   10000     
1.812206e+07      0.00            0.00            1.00000     0.00000       0.00  %   10000     
1.822955e+07      0.00            0.00            1.00000     0.00000       0.00  %   10000     
1.825056e+07      0.00            0.00            1.00000     0.00000       0.00  %   10000     
1.841918e+07      0.00            0.00            1.00000     0.00000       0.00  %   10000     
1.856270e+07      0.00            0.00            1.00000     0.00000       0.00  %   10000     
1.867107e+07      0.00            0.00            1.00000     0.00000       0.00  %   10000     
1.883482e+07      0.00            0.00            1.00000     0.00000       0.00  %   10000     
1.900000e+07      0.00            0.00            1.00000     0.00000       0.00  %   10000     
1.912221e+07      0.00            0.00            1.00000     0.00000       0.00  %   10000     
1.933798e+07      0.00            0.00            1.00000     0.00000       0.00  %   10000     
1.940000e+07      0.00            0.00            1.00000     0.00000       0.00  %   10000     
1.950140e+07      0.00            0.00            1.00000     0.00000       0.00  %   10000     
1.962487e+07      0.00            0.00            1.00000     0.00000       0.00  %   10000     
1.980000e+07      0.00            0.00            1.00000     0.00000       0.00  %   10000     
1.981155e+07      0.00            0.00            1.00000     0.00000       0.00  %   10000     
2.000000e+07      0.00            0.00            1.00000     0.00000       0.00  %   10000     
2.024544e+07      0.00            0.00            1.00000     0.00000       0.00  %   10000     
2.030000e+07      0.00            0.00            1.00000     0.00000       0.00  %   10000     
2.043150e+07      0.00            0.00            1.00000     0.00000       0.00  %   10000     
2.057217e+07      0.00            0.00            1.00000     0.00000       0.00  %   10000     
2.078498e+07      0.00            0.00            1.00000     0.00000       0.00  %   10000     
2.110000e+07      0.00            0.00            1.00000     0.00000       0.00  %   10000     
2.124566e+07      0.00            0.00            1.00000     0.00000       0.00  %   10000     
2.143178e+07      0.00            0.00            1.00000     0.00000       0.00  %   10000     
2.157245e+07      0.00            0.00            1.00000     0.00000       0.00  %   10000     
2.178517e+07      0.00            0.00            1.00000     0.00000       0.00  %   10000     
2.200000e+07      0.00            0.00            1.00000     0.00000       0.00  %   10000     
2.213142e+07      0.00            0.00            1.00000     0.00000       0.00  %   10000     
2.220000e+07      0.00            0.00            1.00000     0.00000       0.00  %   10000     
2.224585e+07      0.00            0.00            1.00000     0.00000       0.00  %   10000     
2.243204e+07      0.00            0.00            1.00000     0.00000       0.00  %   10000     
2.271424e+07      0.00            0.00            1.00000     0.00000       0.00  %   10000     
2.300000e+07      0.00            0.00            1.00000     0.00000       0.00  %   10000     
2.324602e+07      0.00            0.00            1.00000     0.00000       0.00  %   10000     
2.328519e+07      0.00            0.00            1.00000     0.00000       0.00  %   10000     
2.343227e+07      0.00            0.00            1.00000     0.00000       0.00  %   10000     
2.371444e+07      0.00            0.00            1.00000     0.00000       0.00  %   10000     
2.400000e+07      0.00            0.00            1.00000     0.00000       0.00  %   10000     
2.424619e+07      0.00            0.00            1.00000     0.00000       0.00  %   10000     
2.462021e+07      0.00            0.00            1.00000     0.00000       0.00  %   10000     
2.487366e+07      0.00            0.00            1.00000     0.00000       0.00  %   10000     
2.500000e+07      0.00            0.00            1.00000     0.00000       0.00  %   10000     
2.524634e+07      0.00            0.00            1.00000     0.00000       0.00  %   10000     
2.543268e+07      0.00            0.00            1.00000     0.00000       0.00  %   10000     
2.571477e+07      0.00            0.00            1.00000     0.00000       0.00  %   10000     
2.580000e+07      0.00            0.00            1.00000     0.00000       0.00  %   10000     
2.600000e+07      0.00            0.00            1.00000     0.00000       0.00  %   10000     
2.624647e+07      0.00            0.00            1.00000     0.00000       0.00  %   10000     
2.662057e+07      0.00            0.00            1.00000     0.00000       0.00  %   10000     
2.700000e+07      0.00            0.00            1.00000     0.00000       0.00  %   10000     
2.724660e+07      0.00            0.00            1.00000     0.00000       0.00  %   10000     
2.762073e+07      0.00            0.00            1.00000     0.00000       0.00  %   10000     
2.800000e+07      0.00            0.00            1.00000     0.00000       0.00  %   10000     
2.824672e+07      0.00            0.00            1.00000     0.00000       0.00  %   10000     
2.862088e+07      0.00            0.00            1.00000     0.00000       0.00  %   10000     
2.900000e+07      0.00            0.00            1.00000     0.00000       0.00  %   10000     
2.920000e+07      0.00            0.00            1.00000     0.00000       0.00  %   10000     
2.949576e+07      0.00            0.00            1.00000     0.00000       0.00  %   10000     
2.980000e+07      0.00            0.00            1.00000     0.00000       0.00  %   10000     
3.000000e+07      0.00            0.00            1.00000     0.00000       0.00  %   10000     
